fila_datos,grado,n_titulos,n_tokens_aislados,tiene_eliminaciones,titulos_eliminados,tokens_eliminados,texto_original,texto_enmascarado,universidad,carrera,url
1,Ejecución,1,3,True,"[""ingeniería informática""]","[""Ejecución"", ""Informática"", ""ejecución""]","El/la Ingeniero/a de Ejecución en Computación e Informática es un/a profesional capaz de diagnosticar y resolver problemas de ingeniería informática, colaborando en la ejecución de proyectos y en la gestión de equipos de trabajo. Por lo tanto, tiene la capacidad para modelar procesos y datos, diseñar e implementar sistemas de información y administrar proyectos de software. Aplica criterios de calidad, eficiencia, innovación, responsabilidad y ética en su quehacer profesional.","El/la Ingeniero/a de en Computación e es un/a profesional capaz de diagnosticar y resolver problemas de , colaborando en la de proyectos y en la gestión de equipos de trabajo. Por lo tanto, tiene la capacidad para modelar procesos y datos, diseñar e implementar sistemas de información y administrar proyectos de software. Aplica criterios de calidad, eficiencia, innovación, responsabilidad y ética en su quehacer profesional.",Universidad de Santiago de Chile,Ingeniería de Ejecución en Computación e Informática,https://admision.usach.cl/carreras/ingenieria-de-ejecucion-en-computacion-e-informatica
2,Civil,4,1,True,"[""Ingeniería Civil Informática"", ""Ingeniería Civil en Informática y Computación"", ""Ingeniería Civil en Informática"", ""Ingeniería Civil en Informática""]","[""informática""]","Es la puerta de entrada para la formación en Ingeniería Civil Informática y sus tres carreras de especialización. A través de una sólida formación en ciencias, tecnología e ingeniería, se constituyen los pilares fundamentales de esta disciplina y se desarrollan competencias para enfrentar los desafíos de un entorno tecnológico en permanente transformación, junto con habilidades de innovación, emprendimiento y liderazgo. Esta formación inicial permite explorar distintas áreas de la informática y, posteriormente, postular a una de las tres carreras de especialización: Ingeniería Civil en Informática y Computación, Ingeniería Civil en Informática y Ciberseguridad o Ingeniería Civil en Informática e Inteligencia Artificial, construyendo así una trayectoria profesional acorde con los intereses y los desafíos del futuro.","Es la puerta de entrada para la formación en y sus tres carreras de especialización. A través de una sólida formación en ciencias, tecnología e ingeniería, se constituyen los pilares fundamentales de esta disciplina y se desarrollan competencias para enfrentar los desafíos de un entorno tecnológico en permanente transformación, junto con habilidades de innovación, emprendimiento y liderazgo. Esta formación inicial permite explorar distintas áreas de la y, posteriormente, postular a una de las tres carreras de especialización: , y Ciberseguridad o e Inteligencia Artificial, construyendo así una trayectoria profesional acorde con los intereses y los desafíos del futuro.",Universidad de Santiago de Chile,Ingeniería Civil en Informática,https://admision.usach.cl/carreras/ingenieria-civil-en-informatica-plan-comun
3,Informática,0,3,True,[],"[""Informática"", ""informática"", ""informáticos""]","Profesional integrador de tecnologías de la información y comunicación. Protagonistas de la revolución tecnológica. El/la Ingeniero/a en Informática de la Universidad de Valparaíso posee conocimientos en ciencias básicas, de la ingeniería y de la informática, caracterizándose como un profesional integrador de soluciones tecnológicas. Entre sus competencias se encuentran modelar y analizar grandes volúmenes de datos; gestionar, desarrollar e implantar soluciones eficientes de software; y diseñar e implementar sistemas de redes y telecomunicaciones. Esto le permite generar soluciones que integran información, software y hardware en diversos niveles organizacionales. Además, tiene conocimientos en la formulación de proyectos informáticos y la generación de emprendimientos basados en tecnología. Posee la capacidad de trabajar en equipos, resolver problemas con énfasis en la eficiencia, y generar soluciones innovadoras. También es capaz de pensar de manera crítica, comunicarse efectivamente en forma oral y escrita, aprender de forma autónoma y continua, y desempeñarse profesionalmente en forma ética y valórica.","Profesional integrador de tecnologías de la información y comunicación. Protagonistas de la revolución tecnológica. El/la Ingeniero/a en de la Universidad de Valparaíso posee conocimientos en ciencias básicas, de la ingeniería y de la , caracterizándose como un profesional integrador de soluciones tecnológicas. Entre sus competencias se encuentran modelar y analizar grandes volúmenes de datos; gestionar, desarrollar e implantar soluciones eficientes de software; y diseñar e implementar sistemas de redes y telecomunicaciones. Esto le permite generar soluciones que integran información, software y hardware en diversos niveles organizacionales. Además, tiene conocimientos en la formulación de proyectos y la generación de emprendimientos basados en tecnología. Posee la capacidad de trabajar en equipos, resolver problemas con énfasis en la eficiencia, y generar soluciones innovadoras. También es capaz de pensar de manera crítica, comunicarse efectivamente en forma oral y escrita, aprender de forma autónoma y continua, y desempeñarse profesionalmente en forma ética y valórica.",Universidad de Valparaíso,Ingeniería en Informática,https://admision.uv.cl/carreras/ingenieria-en-informatica
4,Civil,1,3,True,"[""Ingeniero Civil""]","[""Informático"", ""informática"", ""informáticos""]","El Ingeniero Civil Informático de la Universidad de Valparaíso posee sólidos conocimientos en ciencias básicas, de la ingeniería y de la informática, caracterizándose como un profesional integrador de Tecnologías de la Información y Comunicación (TIC), con una perspectiva sistémica amplia. Entre sus competencias se encuentran analizar, modelar y extraer conocimientos de grandes volúmenes de datos; evaluar, gestionar, desarrollar e implantar soluciones eficientes de software; y diseñar e implementar sistemas de redes y telecomunicaciones. Esto le permite generar soluciones que integran información, software y hardware en diversos niveles organizacionales. Además, tiene conocimientos en economía y evaluación de proyectos, facilitándole la formulación de proyectos informáticos y la generación de emprendimientos basados en innovación tecnológica. Posee la capacidad de trabajar en equipos multidisciplinarios, resolver problemas con énfasis en la eficiencia y optimización, y generar soluciones innovadoras. También es capaz de pensar de manera crítica, comunicarse efectivamente en forma oral y escrita, aprender de forma autónoma y continua, y desempeñarse profesionalmente en forma ética y valórica. Deciles 7-9: $4.609.882 Decil 10: $5.289.000 Se parte de la revolución tecnológica","El de la Universidad de Valparaíso posee sólidos conocimientos en ciencias básicas, de la ingeniería y de la , caracterizándose como un profesional integrador de Tecnologías de la Información y Comunicación (TIC), con una perspectiva sistémica amplia. Entre sus competencias se encuentran analizar, modelar y extraer conocimientos de grandes volúmenes de datos; evaluar, gestionar, desarrollar e implantar soluciones eficientes de software; y diseñar e implementar sistemas de redes y telecomunicaciones. Esto le permite generar soluciones que integran información, software y hardware en diversos niveles organizacionales. Además, tiene conocimientos en economía y evaluación de proyectos, facilitándole la formulación de proyectos y la generación de emprendimientos basados en innovación tecnológica. Posee la capacidad de trabajar en equipos multidisciplinarios, resolver problemas con énfasis en la eficiencia y optimización, y generar soluciones innovadoras. También es capaz de pensar de manera crítica, comunicarse efectivamente en forma oral y escrita, aprender de forma autónoma y continua, y desempeñarse profesionalmente en forma ética y valórica. Deciles 7-9: $4.609.882 Decil 10: $5.289.000 Se parte de la revolución tecnológica",Universidad de Valparaíso,Ingeniería Civil en Informática,https://admision.uv.cl/carreras/ingenieria-civil-informatica
5,Civil,0,0,False,[],[],"Admisión regular Admisión especial Malla curricular Acreditación y aranceles Campus Admisión regular Código Demre 11045 Vacantes ingreso regular 710 Puntajes de corte 2026 Último/a seleccionado/a: 833,85 Último/a matriculado/a: 832,4 Puntaje ponderado mínimo de postulación 458 Duración de la carrera 11 semestres académicos Admisión especial Nombre ingreso Cantidad de vacantes SIPEE 25 Beca de Excelencia Académica (BEA) 55 Deportistas Destacados/as 15 Estudios Medios en el Extranjero 5 Cupos PACE 2 Estudiantes de Pueblos Indígenas 30 Estudiantes en Situación de Discapacidad 2 Más Mujeres Científicas 85 Liderazgo y Trayectoria Escolar 5 Cupos Explora-UNESCO 3 Programa de Ingreso Prioritario de Establecimientos Públicos (PIPEP) 20 Malla curricular Descargar Malla Acreditación y aranceles Valor de aranceles 2026 para estudiantes nuevos Matrícula $217.600 Arancel anual 2026 $8.695.300 Campus Dirección Av. Beauchef 850, Santiago Contacto (+56) 2 2978 4417 Correo [email protected] Sitio web www.dcc.uchile.cl Powered by how to embed google maps generator and Garo Entity","Admisión regular Admisión especial Malla curricular Acreditación y aranceles Campus Admisión regular Código Demre 11045 Vacantes ingreso regular 710 Puntajes de corte 2026 Último/a seleccionado/a: 833,85 Último/a matriculado/a: 832,4 Puntaje ponderado mínimo de postulación 458 Duración de la carrera 11 semestres académicos Admisión especial Nombre ingreso Cantidad de vacantes SIPEE 25 Beca de Excelencia Académica (BEA) 55 Deportistas Destacados/as 15 Estudios Medios en el Extranjero 5 Cupos PACE 2 Estudiantes de Pueblos Indígenas 30 Estudiantes en Situación de Discapacidad 2 Más Mujeres Científicas 85 Liderazgo y Trayectoria Escolar 5 Cupos Explora-UNESCO 3 Programa de Ingreso Prioritario de Establecimientos Públicos (PIPEP) 20 Malla curricular Descargar Malla Acreditación y aranceles Valor de aranceles 2026 para estudiantes nuevos Matrícula $217.600 Arancel anual 2026 $8.695.300 Campus Dirección Av. Beauchef 850, Santiago Contacto (+56) 2 2978 4417 Correo [email protected] Sitio web www.dcc.uchile.cl Powered by how to embed google maps generator and Garo Entity",Universidad de Chile,Ingeniería Civil en Computación,https://admisionuchile.cl/career/ingenieria-civil-en-computacion/
6,Civil,2,5,True,"[""Ingeniería Civil en Computación e Informática"", ""Ingeniería Civil en Computación e Informática""]","[""informática"", ""Civil"", ""Informática"", ""informáticos"", ""informática""]","Ingeniería Civil en Computación e Informática es una carrera que a través del desarrollo de las ciencias de la computación cultiva, fomenta y mejora el avance de todas las actividades humanas para el desarrollo individual, social, productivo y económico de la sociedad. Esta carrera, se fundamenta en la misión de la Universidad de Atacama a través del cultivo, generación, desarrollo y transferencia del conocimiento en ciencia y tecnología, por medio de la investigación, innovación y formación de capital humano, altamente competentes y responsables en satisfacer las necesidades e intereses generales de la sociedad, comprometida con los procesos de inclusión y respetuosa del medio ambiente, aportando de esta manera al desarrollo sostenible de la región de Atacama y el país. Además, promueve el desarrollo de valores institucionales tales como un espíritu crítico, reflexivo y tolerante, que contribuya a forjar una cultura ciudadana inspirada en valores éticos, democráticos, cívicos y de responsabilidad social. En este contexto, el propósito de nuestra carrera es formar ingenieras e ingenieros líderes del cambio tecnológico, capaces de aplicar herramientas y conocimientos de la informática a problemáticas y necesidades de la sociedad. La carrera de Ingeniería Civil en Computación e Informática de la Universidad de Atacama se destaca por entregar una formación orientada al uso de la ciencia para la innovación tecnológica, con el fin de contribuir a la mejora de calidad de vida de nuestra sociedad a través de la transformación digital. El Ingeniero/a Civil en Computación e Informática de la Universidad de Atacama es un profesional con alto compromiso con la calidad, y una disposición permanente por mantener vigentes sus conocimientos en tecnologías y gestión. Demuestra capacidad para aplicar el conocimiento innovadoramente en su formación y reconoce el emprendimiento. Para ello durante su formación, la ingeniera/o debe desarrollar competencias en distintos ámbitos de las ciencias, lo que le otorga el grado de Licenciado en Ciencias de la Ingeniería, dando cuenta que ha recibido una formación integral en Ciencias Básicas, en Ciencias de la Ingeniería, que le permite desarrollar pensamiento lógico-deductivo, capacidad analítica e innovadora, resolver problemas de ingeniería e integrar equipos, contribuyen a completar una formación profesional integral, la cual permite que el profesional comprenda los desafíos que le impone un mundo globalizado. Finalmente, nuestras ingenieras e ingenieros se destacan por ser un profesional responsable, proactivo y formado bajo los fundamentos éticos que sustentan la disciplina. La formación entrega al profesional las competencias para gestionar y desarrollar proyectos que involucran productos de software, inteligencia artificial, sistemas de información y análisis de datos que cumplen con los estándares de calidad para satisfacer los requerimientos del entorno. Entre otras cosas, este profesional estará capacitado para comunicarse a través del idioma inglés. Esta formación integral le proporciona la preparación suficiente para actualizar y profundizar sus conocimientos y continuar estudios conducentes a un título profesional y/o de postgrado en la misma disciplina u otra afín. Las áreas de desempeño que desarrollan nuestros profesionales en su proceso de enseñanza aprendizaje son: – Capacidad de aprender y actualizarse permanentemente – Capacidad de aplicar innovadoramente el conocimiento a la práctica – Capacidad de comunicación en un segundo idioma. – Compromiso con el desarrollo Sostenible El campo de acción profesional de nuestros profesionales es amplio y diverso, brindando oportunidades en áreas de ingeniería de software encargándose de desarrollar aplicaciones y sistemas informáticos, asegurando su eficiencia y calidad. Por otra parte, en el área de ciencia de datos tendrán habilidades de analizar grandes volúmenes de información para extraer conocimientos valiosos y tomar decisiones informadas. Y por último en el área de gestión informática se enfocan en administrar y optimizar los recursos tecnológicos de una organización. En conclusión estas áreas están en constante evolución ofreciendo un amplio abanico de oportunidades y desafíos para aquellos que se dedican a las Ciencias de la Computación.","es una carrera que a través del desarrollo de las ciencias de la computación cultiva, fomenta y mejora el avance de todas las actividades humanas para el desarrollo individual, social, productivo y económico de la sociedad. Esta carrera, se fundamenta en la misión de la Universidad de Atacama a través del cultivo, generación, desarrollo y transferencia del conocimiento en ciencia y tecnología, por medio de la investigación, innovación y formación de capital humano, altamente competentes y responsables en satisfacer las necesidades e intereses generales de la sociedad, comprometida con los procesos de inclusión y respetuosa del medio ambiente, aportando de esta manera al desarrollo sostenible de la región de Atacama y el país. Además, promueve el desarrollo de valores institucionales tales como un espíritu crítico, reflexivo y tolerante, que contribuya a forjar una cultura ciudadana inspirada en valores éticos, democráticos, cívicos y de responsabilidad social. En este contexto, el propósito de nuestra carrera es formar ingenieras e ingenieros líderes del cambio tecnológico, capaces de aplicar herramientas y conocimientos de la a problemáticas y necesidades de la sociedad. La carrera de de la Universidad de Atacama se destaca por entregar una formación orientada al uso de la ciencia para la innovación tecnológica, con el fin de contribuir a la mejora de calidad de vida de nuestra sociedad a través de la transformación digital. El Ingeniero/a en Computación e de la Universidad de Atacama es un profesional con alto compromiso con la calidad, y una disposición permanente por mantener vigentes sus conocimientos en tecnologías y gestión. Demuestra capacidad para aplicar el conocimiento innovadoramente en su formación y reconoce el emprendimiento. Para ello durante su formación, la ingeniera/o debe desarrollar competencias en distintos ámbitos de las ciencias, lo que le otorga el grado de Licenciado en Ciencias de la Ingeniería, dando cuenta que ha recibido una formación integral en Ciencias Básicas, en Ciencias de la Ingeniería, que le permite desarrollar pensamiento lógico-deductivo, capacidad analítica e innovadora, resolver problemas de ingeniería e integrar equipos, contribuyen a completar una formación profesional integral, la cual permite que el profesional comprenda los desafíos que le impone un mundo globalizado. Finalmente, nuestras ingenieras e ingenieros se destacan por ser un profesional responsable, proactivo y formado bajo los fundamentos éticos que sustentan la disciplina. La formación entrega al profesional las competencias para gestionar y desarrollar proyectos que involucran productos de software, inteligencia artificial, sistemas de información y análisis de datos que cumplen con los estándares de calidad para satisfacer los requerimientos del entorno. Entre otras cosas, este profesional estará capacitado para comunicarse a través del idioma inglés. Esta formación integral le proporciona la preparación suficiente para actualizar y profundizar sus conocimientos y continuar estudios conducentes a un título profesional y/o de postgrado en la misma disciplina u otra afín. Las áreas de desempeño que desarrollan nuestros profesionales en su proceso de enseñanza aprendizaje son: – Capacidad de aprender y actualizarse permanentemente – Capacidad de aplicar innovadoramente el conocimiento a la práctica – Capacidad de comunicación en un segundo idioma. – Compromiso con el desarrollo Sostenible El campo de acción profesional de nuestros profesionales es amplio y diverso, brindando oportunidades en áreas de ingeniería de software encargándose de desarrollar aplicaciones y sistemas , asegurando su eficiencia y calidad. Por otra parte, en el área de ciencia de datos tendrán habilidades de analizar grandes volúmenes de información para extraer conocimientos valiosos y tomar decisiones informadas. Y por último en el área de gestión se enfocan en administrar y optimizar los recursos tecnológicos de una organización. En conclusión estas áreas están en constante evolución ofreciendo un amplio abanico de oportunidades y desafíos para aquellos que se dedican a las Ciencias de la Computación.",Universidad de Atacama,Ingeniería Civil en Computación e Informática,https://admision.uda.cl/index.php/ingenieria-civil-en-computacion-e-informatica/
7,Civil,0,6,True,[],"[""Civil"", ""Informática"", ""informática"", ""informáticos"", ""informáticos"", ""informática""]","Perfil de Egreso: El Ingeniero(a) Civil en Computación e Informática de la Universidad de la Serena es un profesional proactivo y consciente del impacto de su quehacer profesional en las personas, la sociedad y el medio ambiente, y cuenta con una sólida formación en ciencias de la ingeniería, y computación e informática, con énfasis en la producción de software y la aplicación de las técnicas de la inteligencia artificial. Competencias del Perfil de Egreso 1. Aplica tecnologías digitales y de la información para la gestión, desarrollo y toma de decisiones en proyectos de ingeniería en su especialidad. 2. Desarrolla su quehacer profesional de manera ética, responsable e inclusiva, conforme a principios democráticos, respetando la diversidad y la reciprocidad en el contexto social, cultural y ambiental. 3. Se comunica de manera efectiva en el idioma español, en forma simbólica en el lenguaje técnico y comprende el idioma inglés, en el contexto de su especialidad. 4. Autogestiona su aprendizaje implementando estrategias que le permitan acceder a una formación continua en un contexto de actualización en el ámbito de las ingenierías. 5. Soluciona problemas complejos de la ingeniería aplicando conocimientos científicos y tecnológicos desarrollados en base a una sólida formación en ciencias básicas, ciencias de la ingeniería y de la especialidad. 6. Utiliza metodologías de investigación en el ámbito de su disciplina, permitiendo su incorporación a equipos de trabajo interdisciplinarios de forma colaborativa. 7. Concibe y diseña sistemas computacionales e informáticos con énfasis en la innovación, emprendimiento y transferencia tecnológica, que incorpore Inteligencia Artificial y gestión de datos. 8. Implementa y opera sistemas computacionales e informáticos, con un fuerte componente científico y tecnológico aplicado, considerando las normas y la normativa legal vigente y los principios de desarrollo sustentable y sostenible. 9. Evalúa la evolución de las tecnologías de computación e informática para su adopción y/o desarrollo de soluciones con énfasis en el modelo de negocios en el ámbito de su quehacer. 10. Desarrolla y utiliza técnicas computacionales, recursos y herramientas de Ingeniería de Software e Inteligencia Artificial, con un enfoque orientado a la gestión y análisis de datos aplicados.","Perfil de Egreso: El Ingeniero(a) en Computación e de la Universidad de la Serena es un profesional proactivo y consciente del impacto de su quehacer profesional en las personas, la sociedad y el medio ambiente, y cuenta con una sólida formación en ciencias de la ingeniería, y computación e , con énfasis en la producción de software y la aplicación de las técnicas de la inteligencia artificial. Competencias del Perfil de Egreso 1. Aplica tecnologías digitales y de la información para la gestión, desarrollo y toma de decisiones en proyectos de ingeniería en su especialidad. 2. Desarrolla su quehacer profesional de manera ética, responsable e inclusiva, conforme a principios democráticos, respetando la diversidad y la reciprocidad en el contexto social, cultural y ambiental. 3. Se comunica de manera efectiva en el idioma español, en forma simbólica en el lenguaje técnico y comprende el idioma inglés, en el contexto de su especialidad. 4. Autogestiona su aprendizaje implementando estrategias que le permitan acceder a una formación continua en un contexto de actualización en el ámbito de las ingenierías. 5. Soluciona problemas complejos de la ingeniería aplicando conocimientos científicos y tecnológicos desarrollados en base a una sólida formación en ciencias básicas, ciencias de la ingeniería y de la especialidad. 6. Utiliza metodologías de investigación en el ámbito de su disciplina, permitiendo su incorporación a equipos de trabajo interdisciplinarios de forma colaborativa. 7. Concibe y diseña sistemas computacionales e con énfasis en la innovación, emprendimiento y transferencia tecnológica, que incorpore Inteligencia Artificial y gestión de datos. 8. Implementa y opera sistemas computacionales e , con un fuerte componente científico y tecnológico aplicado, considerando las normas y la normativa legal vigente y los principios de desarrollo sustentable y sostenible. 9. Evalúa la evolución de las tecnologías de computación e para su adopción y/o desarrollo de soluciones con énfasis en el modelo de negocios en el ámbito de su quehacer. 10. Desarrolla y utiliza técnicas computacionales, recursos y herramientas de Ingeniería de Software e Inteligencia Artificial, con un enfoque orientado a la gestión y análisis de datos aplicados.",Universidad de la Serena,Ingeniería Civil en Computación e Informática,https://admision.userena.cl/carreras/ingenieria-civil-en-computacion-e-informatica
8,Civil,1,1,True,"[""Ingeniería Civil en Computación""]","[""informática""]","Quienes egresan de la carrera de Ingeniería Civil en Computación de la Universidad de Talca son profesionales integrales, con enfoque en el área de la informática, capaces de idear, diseñar, desarrollar y desplegar soluciones de software innovadoras, considerando aspectos técnicos, económicos, sociales y/o ambientales. Gracias a su base formativa en ciencias básicas y de la ingeniería, poseen una visión integral de los sistemas computacionales y la capacidad de resolver problemas desafiantes, de manera profesional, con sentido ético y de responsabilidad social. Así mismo, la formación en emprendimiento les permite identificar oportunidades de negocio en el sector tecnológico y desarrollar proyectos propios. Además, cuentan con habilidades de comunicación y liderazgo que le permiten trabajar colaborativamente en equipos multi e interdisciplinarios y adaptarse a entornos profesionales en constante evolución.","Quienes egresan de la carrera de de la Universidad de Talca son profesionales integrales, con enfoque en el área de la , capaces de idear, diseñar, desarrollar y desplegar soluciones de software innovadoras, considerando aspectos técnicos, económicos, sociales y/o ambientales. Gracias a su base formativa en ciencias básicas y de la ingeniería, poseen una visión integral de los sistemas computacionales y la capacidad de resolver problemas desafiantes, de manera profesional, con sentido ético y de responsabilidad social. Así mismo, la formación en emprendimiento les permite identificar oportunidades de negocio en el sector tecnológico y desarrollar proyectos propios. Además, cuentan con habilidades de comunicación y liderazgo que le permiten trabajar colaborativamente en equipos multi e interdisciplinarios y adaptarse a entornos profesionales en constante evolución.",Universidad de Talca,Ingeniería Civil en Computación,https://admision.utalca.cl/carreras/ingenieria-civil-en-computacion/
9,Informática,1,1,True,"[""Ingeniera en Informática""]","[""Informática""]",Título Profesional: Ingeniero / Ingeniera en Informática Empresarial Área de Conocimiento: Ciencias Sociales Grado Académico: Licenciado/Licenciada en Ciencias de la Gestión y Tecnologías de la Información Título Técnico que se otorga: Técnico/a de Nivel Superior en Informática Empresarial Régimen de Estudio: Período de Formación: 5 Años (9 trimestres más 4 semestres) Jornada: Diurna Modalidad: Presencial Campus: Campus Lircay **El campus indicado corresponde a la sede principal de la carrera. Algunas asignaturas o actividades académicas podrán desarrollarse en otros campus o dependencias de la Universidad. Vacantes: 55 NEM: 20% Ranking: 30% Comprensión Lectora: 10% Matemática 1: 25% Historia y Cs. Sociales: – Ciencias: – Historia y Cs Sociales o Ciencias: 10% Matemática 2: 5% Deciles 1 a 6: Gratuidad Decil 7: $5.313.000 Decil 8 y 9: $5.313.000 Decil 10: $5.529.000 Arancel de Matrícula 2026 $272.000 Deciles según situación socioeconómica determinada a través del instrumento de acreditación socioeconómica validado por MINEDUC. ** Los aranceles correspondientes al proceso de Admisión 2027 serán actualizados y publicados durante el mes de noviembre de 2026 .,Título Profesional: Ingeniero / Empresarial Área de Conocimiento: Ciencias Sociales Grado Académico: Licenciado/Licenciada en Ciencias de la Gestión y Tecnologías de la Información Título Técnico que se otorga: Técnico/a de Nivel Superior en Empresarial Régimen de Estudio: Período de Formación: 5 Años (9 trimestres más 4 semestres) Jornada: Diurna Modalidad: Presencial Campus: Campus Lircay **El campus indicado corresponde a la sede principal de la carrera. Algunas asignaturas o actividades académicas podrán desarrollarse en otros campus o dependencias de la Universidad. Vacantes: 55 NEM: 20% Ranking: 30% Comprensión Lectora: 10% Matemática 1: 25% Historia y Cs. Sociales: – Ciencias: – Historia y Cs Sociales o Ciencias: 10% Matemática 2: 5% Deciles 1 a 6: Gratuidad Decil 7: $5.313.000 Decil 8 y 9: $5.313.000 Decil 10: $5.529.000 Arancel de Matrícula 2026 $272.000 Deciles según situación socioeconómica determinada a través del instrumento de acreditación socioeconómica validado por MINEDUC. ** Los aranceles correspondientes al proceso de Admisión 2027 serán actualizados y publicados durante el mes de noviembre de 2026 .,Universidad de Talca,Ingeniería en Informática Empresarial,https://admision.utalca.cl/carreras/ingenieria-en-informatica-empresarial/
10,Civil,0,7,True,[],"[""civil"", ""informático"", ""informática"", ""informáticos"", ""civil"", ""informática"", ""informática""]","El/la ingenier/a civil informático de la Universidad del Bío-Bío es un/a profesional capacitado/a para comprender la problemática organizacional en el ámbito de la informática y, a partir de ello, plantear y desarrollar soluciones pertinentes. Lo anterior se traduce en la formulación, evaluación, e implementación de proyectos de tecnologías de información y comunicación. Este profesional trabaja colaborativamente, lidera equipos multidisciplinarios en forma ética, proactiva, responsable y autónoma, respetando la diversidad de quienes conforman los equipos en que participa. El sello distintivo del o la egresado/a de esta carrera lo constituye su conocimiento de la gestión organizacional y su disposición hacia el logro de metas, optimizando los recursos informáticos disponibles en la organización en la que se desenvuelva. La formación profesional del ingeniero/a civil en informática contempla las áreas de: ciencias básicas, ciencias de la ingeniería, sistemas computacionales, ingeniería de software y base de datos y gestión de informática. Además, se distingue por el compromiso permanente con su aprendizaje, manejo del idioma inglés para apoyar el desarrollo de su trabajo y asumir su quehacer profesional y ciudadano, sirviendo a la sociedad con innovación, excelencia y responsabilidad social.","El/la ingenier/a de la Universidad del Bío-Bío es un/a profesional capacitado/a para comprender la problemática organizacional en el ámbito de la y, a partir de ello, plantear y desarrollar soluciones pertinentes. Lo anterior se traduce en la formulación, evaluación, e implementación de proyectos de tecnologías de información y comunicación. Este profesional trabaja colaborativamente, lidera equipos multidisciplinarios en forma ética, proactiva, responsable y autónoma, respetando la diversidad de quienes conforman los equipos en que participa. El sello distintivo del o la egresado/a de esta carrera lo constituye su conocimiento de la gestión organizacional y su disposición hacia el logro de metas, optimizando los recursos disponibles en la organización en la que se desenvuelva. La formación profesional del ingeniero/a en contempla las áreas de: ciencias básicas, ciencias de la ingeniería, sistemas computacionales, ingeniería de software y base de datos y gestión de . Además, se distingue por el compromiso permanente con su aprendizaje, manejo del idioma inglés para apoyar el desarrollo de su trabajo y asumir su quehacer profesional y ciudadano, sirviendo a la sociedad con innovación, excelencia y responsabilidad social.",Universidad del Biobío,Ingeniería Civil en Informática,https://ubiobio.cl/admision/Todas_las_Carreras/17/Ingenieria_Civil_en_Informatica_Concepcion/
11,Ejecución,0,4,True,[],"[""ejecución"", ""informática"", ""informáticas"", ""informática""]","El/la ingeniero/a de ejecución en computación e informática de la Universidad del Bío-Bío posee una sólida formación en las Tecnologías de Información y Comunicación (TIC) y en gestión organizacional. Lo anterior le permite analizar, diseñar, construir e implementar soluciones informáticas efectivas y eficientes para resolver diversas necesidades de la comunidad. Está capacitado para aplicar conocimientos en las áreas disciplinares de sistemas computacionales y TIC, gestión informática, ingeniería de software y área de las matemáticas. Se distingue por su capacidad de adaptación, autoaprendizaje, responsabilidad social, trabajo en equipo y respeto a la diversidad y es capaz de adaptarse con facilidad a distintos ambientes laborales y a las Tecnologías de Información y Comunicación emergentes, demostrando alta capacidad y motivación por un autoaprendizaje permanente y tenacidad para llevar adelante exitosamente los proyectos en que se involucra.","El/la ingeniero/a de en computación e de la Universidad del Bío-Bío posee una sólida formación en las Tecnologías de Información y Comunicación (TIC) y en gestión organizacional. Lo anterior le permite analizar, diseñar, construir e implementar soluciones efectivas y eficientes para resolver diversas necesidades de la comunidad. Está capacitado para aplicar conocimientos en las áreas disciplinares de sistemas computacionales y TIC, gestión , ingeniería de software y área de las matemáticas. Se distingue por su capacidad de adaptación, autoaprendizaje, responsabilidad social, trabajo en equipo y respeto a la diversidad y es capaz de adaptarse con facilidad a distintos ambientes laborales y a las Tecnologías de Información y Comunicación emergentes, demostrando alta capacidad y motivación por un autoaprendizaje permanente y tenacidad para llevar adelante exitosamente los proyectos en que se involucra.",Universidad del Biobío,Ingenieria de Ejecución en Computación e Informática,https://ubiobio.cl/admision/Ciencias_Empresariales/21/Ingenieria_de_Ejecucion_en_Computacion_e_Informatica/
12,Informática,2,1,True,"[""Ingeniero Informático"", ""ingeniería informática""]","[""informática""]","El Ingeniero Informático de la Universidad de La Frontera podrá desempeñarse en el ámbito empresarial, comercial, industrial y de servicios, como ingeniero de software y de gestión de tecnologías de información, pudiendo desempeñarse como jefe de proyectos de ingeniería informática, consultor empresarial de sistemas de información, planificar estrategias de sistemas computacionales y de gestión informática. También puede desempeñarse en el diseño de soporte de redes de datos, explotación y mantención de sistemas computacionales, vigilancia tecnológica, administración de base de datos y otros relacionados a las tecnologías de información y las comunicaciones.","El de la Universidad de La Frontera podrá desempeñarse en el ámbito empresarial, comercial, industrial y de servicios, como ingeniero de software y de gestión de tecnologías de información, pudiendo desempeñarse como jefe de proyectos de , consultor empresarial de sistemas de información, planificar estrategias de sistemas computacionales y de gestión . También puede desempeñarse en el diseño de soporte de redes de datos, explotación y mantención de sistemas computacionales, vigilancia tecnológica, administración de base de datos y otros relacionados a las tecnologías de información y las comunicaciones.",Universidad de la Frontera,Ingenieria Informática,https://admision.ufro.cl/ingenieria-informatica/
13,Civil,5,4,True,"[""Ingeniería Civil Informática"", ""Ingeniería Civil"", ""Ingeniera Civil"", ""Ingeniería Civil"", ""Ingeniería Civil""]","[""Informático"", ""informáticas"", ""informáticas"", ""informáticos""]","• Soluciones de vanguardia. • Creatividad e innovación. • Soluciones a problemas de gestión de la información centrado en las necesidades de las personas. Portada » Ingeniería Civil Informática *Esta carrera tiene ingreso a través de Plan Común Ingeniería Civil. El Ingeniero o la Ingeniera Civil Informático de la Universidad de La Frontera es un o una profesional del área de las tecnologías de la información y comunicación con capacidades para desempeñarse en los ámbitos de diseño e implementación de soluciones informáticas de vanguardia, ingeniería de software e ingeniería de datos , con la finalidad de contribuir al desarrollo económico y social del país. Su sello profesional es el diseño en ingeniería con innovación y responsabilidad social. Cuenta con formación profesional en ciencias básicas, ciencias de la ingeniería, ciencias de la computación y de especialidad, fundamentalmente integración de tecnologías informáticas, ingeniería de software, diseño de proyectos informáticos, análisis y seguridad de datos. La integración de estos conocimientos permite a este o esta profesional solucionar problemas de gestión de la información centrado en las necesidades de las personas a través de la mejora y automatización de los procesos organizacionales. Posee habilidades para comunicarse de manera global, integrar equipos de trabajo de alto rendimiento y aplicar nuevos conocimientos utilizando estrategias apropiadas de aprendizaje. Asimismo, reconoce las responsabilidades éticas en su quehacer profesional. Su formación le permite desempeñarse en organizaciones del sector público o privado, y ejercer su profesión en forma independiente. Su formación básica y aplicada le permite desempeñarse en la Gerencia de TI en el sector público o privado, ejercer su profesión en forma independiente como consultor o asesor en el ámbito de su disciplina, emprender iniciativas de negocio y continuar estudios, contribuyendo al desarrollo económico y social del país. *Quienes ingresen a estudiar a una de las carreras de Ingeniería Civil o Plan Común Ingeniería Civil UFRO, en el marco del proceso de Admisión 2024, deberán cursar todas las asignaturas correspondientes a primer año, sin opción de homologación o convalidación de estas, para asegurar el cumplimiento del nuevo perfil de egreso, y el sello formativo del curriculum innovado. La Universidad Historia Institucional Acreditación Institucional Acreditación y certificación de Carreras Conoce nuestros Campus y su entorno Agrupaciones y Programas Agrupaciones Estudiantiles Programa PROENTA-UFRO Programa PACE-UFRO Programa Yo Quiero Ser Profesor Programa Yo Quiero Ser Ingeniera División de Vinculación Temprana 800600450 vinculacion.temprana@ufrontera.cl Admisión 2026 | Sitio Perteneciente a la Universidad de La Frontera La Universidad Historia Institucional Acreditación Institucional Acreditación y certificación de Carreras Conoce nuestros Campus y su entorno Agrupaciones y Programas Agrupaciones Estudiantiles Programa PROENTA-UFRO Programa PACE-UFRO Programa Yo Quiero Ser Profesor Programa Yo Quiero Ser Ingeniera División de Vinculación Temprana +569 6760 2167 Admisión 2026 Sitio Perteneciente a la Universidad de La Frontera","• Soluciones de vanguardia. • Creatividad e innovación. • Soluciones a problemas de gestión de la información centrado en las necesidades de las personas. Portada » *Esta carrera tiene ingreso a través de Plan Común . El Ingeniero o la de la Universidad de La Frontera es un o una profesional del área de las tecnologías de la información y comunicación con capacidades para desempeñarse en los ámbitos de diseño e implementación de soluciones de vanguardia, ingeniería de software e ingeniería de datos , con la finalidad de contribuir al desarrollo económico y social del país. Su sello profesional es el diseño en ingeniería con innovación y responsabilidad social. Cuenta con formación profesional en ciencias básicas, ciencias de la ingeniería, ciencias de la computación y de especialidad, fundamentalmente integración de tecnologías , ingeniería de software, diseño de proyectos , análisis y seguridad de datos. La integración de estos conocimientos permite a este o esta profesional solucionar problemas de gestión de la información centrado en las necesidades de las personas a través de la mejora y automatización de los procesos organizacionales. Posee habilidades para comunicarse de manera global, integrar equipos de trabajo de alto rendimiento y aplicar nuevos conocimientos utilizando estrategias apropiadas de aprendizaje. Asimismo, reconoce las responsabilidades éticas en su quehacer profesional. Su formación le permite desempeñarse en organizaciones del sector público o privado, y ejercer su profesión en forma independiente. Su formación básica y aplicada le permite desempeñarse en la Gerencia de TI en el sector público o privado, ejercer su profesión en forma independiente como consultor o asesor en el ámbito de su disciplina, emprender iniciativas de negocio y continuar estudios, contribuyendo al desarrollo económico y social del país. *Quienes ingresen a estudiar a una de las carreras de o Plan Común UFRO, en el marco del proceso de Admisión 2024, deberán cursar todas las asignaturas correspondientes a primer año, sin opción de homologación o convalidación de estas, para asegurar el cumplimiento del nuevo perfil de egreso, y el sello formativo del curriculum innovado. La Universidad Historia Institucional Acreditación Institucional Acreditación y certificación de Carreras Conoce nuestros Campus y su entorno Agrupaciones y Programas Agrupaciones Estudiantiles Programa PROENTA-UFRO Programa PACE-UFRO Programa Yo Quiero Ser Profesor Programa Yo Quiero Ser Ingeniera División de Vinculación Temprana 800600450 vinculacion.temprana@ufrontera.cl Admisión 2026 | Sitio Perteneciente a la Universidad de La Frontera La Universidad Historia Institucional Acreditación Institucional Acreditación y certificación de Carreras Conoce nuestros Campus y su entorno Agrupaciones y Programas Agrupaciones Estudiantiles Programa PROENTA-UFRO Programa PACE-UFRO Programa Yo Quiero Ser Profesor Programa Yo Quiero Ser Ingeniera División de Vinculación Temprana +569 6760 2167 Admisión 2026 Sitio Perteneciente a la Universidad de La Frontera",Universidad de la Frontera,Ingenieria Civil Informatica,https://admision.ufro.cl/ingenieria-civil-informatica/
14,Civil,0,4,True,[],"[""Civil"", ""Informática"", ""informáticas"", ""informáticos""]","El/La Ingeniero/a Civil en Informática de la Universidad de Los Lagos es un/a profesional con una sólida formación en ciencias básicas, de la ingeniería y de la disciplina, alineado a estándares nacionales e internacionales. Capaz de concebir, diseñar, implementar y gestionar aplicaciones informáticas, proyectos informáticos y tecnologías de información en organizaciones nacionales e internacionales. Como profesional integral se relaciona con el medio ambiente y ejerce su ciudadanía en forma responsable. Cuenta con las capacidades pertinentes para emprender e incorporar a equipos de trabajo multidisciplinarios. Además, es capaz de comunicarse adecuadamente en el idioma inglés en diferentes contextos.","El/La Ingeniero/a en de la Universidad de Los Lagos es un/a profesional con una sólida formación en ciencias básicas, de la ingeniería y de la disciplina, alineado a estándares nacionales e internacionales. Capaz de concebir, diseñar, implementar y gestionar aplicaciones , proyectos y tecnologías de información en organizaciones nacionales e internacionales. Como profesional integral se relaciona con el medio ambiente y ejerce su ciudadanía en forma responsable. Cuenta con las capacidades pertinentes para emprender e incorporar a equipos de trabajo multidisciplinarios. Además, es capaz de comunicarse adecuadamente en el idioma inglés en diferentes contextos.",Universidad de los Lagos,Ingenieria Civil en Informatica,https://admision.ulagos.cl/Carreras/ingenieria-civil-en-informatica/
15,Informática,0,0,False,[],[],"El/la Ingeniero/a de la Universidad de Magallanes, en cualquiera de sus cuatro especialidades, es un/a profesional competente con sólidos conocimientos teóricos y prácticos que le permiten desempeñarse en la supervisión, operación, implementación, implantación y mantenimiento de componentes, equipos, procesos y sistemas relacionados a sus respectivas especialidades, en forma eficiente y tomando en consideración factores éticos, sociales y ambientales. Su preparación le permite adaptarse a tecnologías emergentes, así como también a desarrollarse en distintas áreas de su especialidad, constituyéndose en un aporte fundamental a la sociedad.","El/la Ingeniero/a de la Universidad de Magallanes, en cualquiera de sus cuatro especialidades, es un/a profesional competente con sólidos conocimientos teóricos y prácticos que le permiten desempeñarse en la supervisión, operación, implementación, implantación y mantenimiento de componentes, equipos, procesos y sistemas relacionados a sus respectivas especialidades, en forma eficiente y tomando en consideración factores éticos, sociales y ambientales. Su preparación le permite adaptarse a tecnologías emergentes, así como también a desarrollarse en distintas áreas de su especialidad, constituyéndose en un aporte fundamental a la sociedad.",Universidad de Magallanes,Ingenieria en Computacion e Informatica,https://admision.umag.cl/?page_id=35
16,Civil,1,7,True,"[""Ingeniería Civil""]","[""Civil"", ""Informática"", ""informáticos"", ""informáticas"", ""informática"", ""Informáticos"", ""Informáticos""]","Perfil de Egreso Campo Ocupacional El/la Ingeniero/a Civil en Computación e Informática de la Universidad de Magallanes , es un/a profesional competente para realizar acciones de implementación y administración de proyectos relacionados con programas informáticos, redes de computadores o TIC; asumiendo las jefaturas de departamentos o las gerencias informáticas de dichas organizaciones y evidenciando las competencias sello de la Universidad. En lo fundamental, sobre la base de los conocimientos adquiridos y de la experiencia que progresivamente alcance, es capaz de utilizar las Competencias Genéricas y Específicas desarrolladas en su trayectoria formativa para construir otros conocimientos y emplear las nuevas Tecnologías de Información y Comunicación. El campo ocupacional de este/a profesional abarca desde ser parte de un departamento de informática hasta la jefatura de dicho departamento, en las empresas y organizaciones de cualquier tipo. También puede desempeñarse de manera independiente como prestador de servicios especializados a empresas, y en general puede integrar grupos de trabajo dedicados al desarrollo de sistemas de información, y proyectos de ingeniería en software y hardware. (*) El Plan de estudios tiene una duración de 12 semestres, incluyendo el Programa de Ingeniería Civil Plan Común. (**) Esta carrera otorga las siguientes certificaciones junto con el título profesional. Certificación Cisco-UMAG (Estudiantes desde el año 2015 en adelante). Especialista en Configuración y Mantención de Redes de Computadores. Analista de Sistemas Informáticos. Especialista en Gestión de Proyectos Informáticos. Programador en Bases de Datos en la Web.","Perfil de Egreso Campo Ocupacional El/la Ingeniero/a en Computación e de la Universidad de Magallanes , es un/a profesional competente para realizar acciones de implementación y administración de proyectos relacionados con programas , redes de computadores o TIC; asumiendo las jefaturas de departamentos o las gerencias de dichas organizaciones y evidenciando las competencias sello de la Universidad. En lo fundamental, sobre la base de los conocimientos adquiridos y de la experiencia que progresivamente alcance, es capaz de utilizar las Competencias Genéricas y Específicas desarrolladas en su trayectoria formativa para construir otros conocimientos y emplear las nuevas Tecnologías de Información y Comunicación. El campo ocupacional de este/a profesional abarca desde ser parte de un departamento de hasta la jefatura de dicho departamento, en las empresas y organizaciones de cualquier tipo. También puede desempeñarse de manera independiente como prestador de servicios especializados a empresas, y en general puede integrar grupos de trabajo dedicados al desarrollo de sistemas de información, y proyectos de ingeniería en software y hardware. (*) El Plan de estudios tiene una duración de 12 semestres, incluyendo el Programa de Plan Común. (**) Esta carrera otorga las siguientes certificaciones junto con el título profesional. Certificación Cisco-UMAG (Estudiantes desde el año 2015 en adelante). Especialista en Configuración y Mantención de Redes de Computadores. Analista de Sistemas . Especialista en Gestión de Proyectos . Programador en Bases de Datos en la Web.",Universidad de Magallanes,Ingenieria Civil en Computacion e Informatica,https://admision.umag.cl/?page_id=27
17,Informática,0,6,True,[],"[""Informática"", ""informática"", ""Informática"", ""informáticos"", ""informáticas"", ""informática""]","Perfil profesional El(La) Ingeniero(a) en Informática de la Universidad Tecnológica Metropolitana es un(a) profesional con sólida formación en ingeniería aplicada e informática, capacitado(a) para diseñar, desarrollar e integrar soluciones de software y sistemas de información, gestionar redes y recursos computacionales, y administrar tecnologías de la información, considerando criterios de seguridad, confiabilidad, calidad y eficiencia. Puede desempeñarse en organizaciones públicas, privadas y del tercer sector, contribuyendo al desarrollo tecnológico y organizacional mediante el uso de metodologías, herramientas y tecnologías vigentes. Complementa su formación disciplinar con competencias genéricas orientadas al aprendizaje continuo, la comunicación efectiva, el trabajo colaborativo, el emprendimiento, la innovación y el ejercicio profesional con responsabilidad social. Campo de Desarrollo Profesional El(La) Ingeniero(a) en Informática de la Universidad Tecnológica Metropolitana puede desempeñarse en instituciones de educación superior y en organizaciones públicas, privadas y del tercer sector, desarrollando funciones de dirección y gestión de proyectos informáticos, desarrollo de software, administración de sistemas de información, redes de datos y recursos computacionales. Asimismo, está capacitado(a) para planificar e implementar procesos de transformación tecnológica, evaluar proyectos y tecnologías de la información, desarrollar soluciones informáticas, administrar recursos humanos, tecnológicos y de tiempo, construir productos de software y sistemas de comunicación de datos, e implementar y evaluar políticas de seguridad de la información y auditoría informática.","Perfil profesional El(La) Ingeniero(a) en de la Universidad Tecnológica Metropolitana es un(a) profesional con sólida formación en ingeniería aplicada e , capacitado(a) para diseñar, desarrollar e integrar soluciones de software y sistemas de información, gestionar redes y recursos computacionales, y administrar tecnologías de la información, considerando criterios de seguridad, confiabilidad, calidad y eficiencia. Puede desempeñarse en organizaciones públicas, privadas y del tercer sector, contribuyendo al desarrollo tecnológico y organizacional mediante el uso de metodologías, herramientas y tecnologías vigentes. Complementa su formación disciplinar con competencias genéricas orientadas al aprendizaje continuo, la comunicación efectiva, el trabajo colaborativo, el emprendimiento, la innovación y el ejercicio profesional con responsabilidad social. Campo de Desarrollo Profesional El(La) Ingeniero(a) en de la Universidad Tecnológica Metropolitana puede desempeñarse en instituciones de educación superior y en organizaciones públicas, privadas y del tercer sector, desarrollando funciones de dirección y gestión de proyectos , desarrollo de software, administración de sistemas de información, redes de datos y recursos computacionales. Asimismo, está capacitado(a) para planificar e implementar procesos de transformación tecnológica, evaluar proyectos y tecnologías de la información, desarrollar soluciones , administrar recursos humanos, tecnológicos y de tiempo, construir productos de software y sistemas de comunicación de datos, e implementar y evaluar políticas de seguridad de la información y auditoría .",Universidad Tecnologica Metropolitana,Ingenieria en Informatica,https://conocetucarrera.utem.cl/ingenieria-en-informatica/
18,Civil,2,3,True,"[""Ingeniería Civil en Computación"", ""ingeniería informática""]","[""Informática"", ""informáticos"", ""informáticos""]","Perfil profesional La persona titulada de Ingeniería Civil en Computación, mención Informática, de la Universidad Tecnológica Metropolitana posee una sólida formación en ciencias básicas, ciencias de la ingeniería y computación, que le permite formular, planificar, dirigir, evaluar y ejecutar proyectos informáticos en las áreas de sistemas de información, ciencia de la computación y tecnologías de la información. Asimismo, desarrolla competencias para liderar equipos multidisciplinarios en la resolución de problemas complejos y desarrollar proyectos relacionados con las tecnologías de la comunicación y la ingeniería de software. Su formación integral, sustentada en los sellos y valores institucionales, promueve un desempeño profesional ético, socialmente responsable, comprometido con la sustentabilidad y la innovación, permitiéndole liderar procesos de cambio en entornos organizacionales. Campo de Desarrollo Profesional Tiene amplias posibilidades de ocupación en el campo académico universitario y en el empresarial, comercial, industrial y de servicios, pudiendo desempeñarse en cualquier organización como directivo de nivel gerencial, director de proyectos de ingeniería informática, consultor empresarial de sistemas de información, planificador estratégico de sistemas computacionales y ejecutivo de desarrollo y producción de sistemas. Entre sus funciones destacan: dirigir proyectos informáticos y equipos de desarrollo; planificar sistemas de información y procesos de adopción de nuevas tecnologías; implementar planes de seguridad de la información; evaluar proyectos e impacto del cambio tecnológico; diseñar sistemas de software, redes y soluciones algorítmicas; y desarrollar investigación aplicada multidisciplinaria.","Perfil profesional La persona titulada de , mención , de la Universidad Tecnológica Metropolitana posee una sólida formación en ciencias básicas, ciencias de la ingeniería y computación, que le permite formular, planificar, dirigir, evaluar y ejecutar proyectos en las áreas de sistemas de información, ciencia de la computación y tecnologías de la información. Asimismo, desarrolla competencias para liderar equipos multidisciplinarios en la resolución de problemas complejos y desarrollar proyectos relacionados con las tecnologías de la comunicación y la ingeniería de software. Su formación integral, sustentada en los sellos y valores institucionales, promueve un desempeño profesional ético, socialmente responsable, comprometido con la sustentabilidad y la innovación, permitiéndole liderar procesos de cambio en entornos organizacionales. Campo de Desarrollo Profesional Tiene amplias posibilidades de ocupación en el campo académico universitario y en el empresarial, comercial, industrial y de servicios, pudiendo desempeñarse en cualquier organización como directivo de nivel gerencial, director de proyectos de , consultor empresarial de sistemas de información, planificador estratégico de sistemas computacionales y ejecutivo de desarrollo y producción de sistemas. Entre sus funciones destacan: dirigir proyectos y equipos de desarrollo; planificar sistemas de información y procesos de adopción de nuevas tecnologías; implementar planes de seguridad de la información; evaluar proyectos e impacto del cambio tecnológico; diseñar sistemas de software, redes y soluciones algorítmicas; y desarrollar investigación aplicada multidisciplinaria.",Universidad Tecnologica Metropolitana,Ingenieria Civil en Computacion mencion Informatica,https://conocetucarrera.utem.cl/ingenieria-civil-en-computacion-mencion-informatica/
19,Civil,0,1,True,[],"[""Civil""]","El/la Ingeniero/a Civil en Computación es un/a profesional que concibe, diseña, construye, mantiene, opera, evalúa e integra soluciones computacionales. Demuestra capacidad de emprendimiento, de invención e innovación. Tiene habilidades de liderazgo, habilidades de comunicación y un alto compromiso social, entre otras. Los ámbitos que desarrolla la carrera son: Fundamentos de la Computación Ingeniería de Datos Ingeniería de Software Infraestructura de la Computación Ciencia e Ingeniería Computacional","El/la Ingeniero/a en Computación es un/a profesional que concibe, diseña, construye, mantiene, opera, evalúa e integra soluciones computacionales. Demuestra capacidad de emprendimiento, de invención e innovación. Tiene habilidades de liderazgo, habilidades de comunicación y un alto compromiso social, entre otras. Los ámbitos que desarrolla la carrera son: Fundamentos de la Computación Ingeniería de Datos Ingeniería de Software Infraestructura de la Computación Ciencia e Ingeniería Computacional",Universidad de Ohiggins,Ingenieria Civil en Computacion,https://www.uoh.cl/escuela-de-ingenieria/carreras/ingenieria-civil-en-computacion/
20,Informática,6,2,True,"[""Ingeniero Informático"", ""Ingeniería en Informática"", ""Ingeniero Civil"", ""Ingeniero en Informática"", ""Ingeniería en Informática"", ""Ingeniero CIvil""]","[""informáticas"", ""informática""]","El/la Ingeniero Informático de la Universidad Bernardo O’Higgins es un/a profesional que resuelve problemáticas y gestiona desafíos tecnológicos para la industria, organizaciones y emprendimientos, a través del análisis, diseño, desarrollo e implementación de soluciones informáticas eficientes e innovadoras en equipos multi e interdisciplinarios, generando valor en el contexto social y productivo sostenible. Se encuentra habilitado/a en los ámbitos: Gestiona y aplica la Ciberseguridad, Desarrolla Software Multidispositivos, Aplica Ciencia de los Datos e Implementa Proyectos con Componentes en Tecnologías de Información y Comunicaciones Emergentes (TIC’s), como Internet de las Cosas (IoT), robótica e inteligencia artificial. El/la titulado/a de la Universidad Bernardo O’Higgins se distingue por ser un/a profesional crítico/a, reflexivo/a, con sentido de orden y constancia; preparado/a para enfrentarse a escenarios laborales complejos y resolver problemas propios del contexto, haciendo uso de su liderazgo y capacidad para trabajar colaborativamente. Con un marcado espíritu de servicio, observa la realidad circundante y pone a disposición sus conocimientos y habilidades para actuar responsablemente, contribuyendo a la transformación, progreso y desarrollo de la comunidad. Consciente de su libertad, se hace cargo de sus decisiones y enfrenta con compromiso ético los desafíos que se le presentan. Gestiona y aplica la Ciberseguridad: Es el ámbito en que gestiona amenazas y debilidades en los sistemas, las que suponen un riesgo a la información que es procesada, transportada y almacenada por los sistemas de información que se encuentran interconectados (ISACA). La ciberseguridad trabaja, robusteciendo sistemas resilientes, que sean capaces de reaccionar y actuar antes, durante y después de la materialización de una amenaza, para reducir los riesgos de exposición de datos sensibles de usuarios y de los sistemas. Desarrolla software multidispositivos: Es el ámbito orientado al desarrollo de software en los que utiliza un conjunto de herramientas (paquetes de software, entornos de trabajo, plataformas de hardware, sistemas operativos, variados dispositivos, lenguajes de programación) y metodologías adecuadas a cada contexto, aprovechando las características de estos elementos, asegurando rendimiento y nuevas capacidades. Aplica Ciencia de los Datos: Este ámbito se enmarca en involucrar métodos científicos, procesos y sistemas para extraer conocimiento o un mejor entendimiento de datos en sus diferentes formas, ya sea estructurados o no estructurados, lo cual es una continuación de algunos campos de análisis de datos como la estadística, la minería de datos, el aprendizaje automático y la analítica predictiva. Implementa Proyectos en Tecnologías de Información y Comunicaciones Emergentes: Este ámbito se orienta a desarrollar soluciones TIC que permitan crear, optimizar o actualizar procesos de negocio en organizaciones o emprendimientos, incorporando tecnologías emergentes para generar valor, eficiencia e innovación. Carla Angulo Larenas Directora de la Escuela de Ciencias Digitales y Tecnologías Avanzadas y Jefa de Carrera de Ingeniería en Informática, Analista de Sistemas, Magíster en Educación, mención Currículum y Evaluación, Máster Diseño Web Multidispositivo, diplomada en Tecnologías de la Educación para la modalidad no presencial y posee certificaciones internacionales en bases de datos y calidad de software. Actualmente, realiza un doctorado en Dirección de Proyectos de la Universidad UIIX de México. Ha integrado iniciativas en la empresa pública y privada, desempeñándose como ADB, desarrolladora y directora de proyectos de ingeniería de software bajo ambientes de tecnologías ágiles, asesorando en diferentes líneas de I+D+i en tecnologías, educación y como evaluadora de proyectos CORFO por más de 5 años. Ha formado profesionales en la industria de las tecnologías, avalada por una vasta trayectoria con más de 30 años, ocupando cargos de docencia y dirección de carreras de informática en pregrado en distintas instituciones de educación superior, y desempeñando el rol de coordinadora y directora del Magíster de Gestión de Proyectos en postgrado y coordinación de los programas y proyectos de Vinculación con el Medio para el mundo social y productivo en la UBO. Eder Patricio Moran Heredia Ingeniero de Sistemas por la Universidad Cesar Vallejo de Perú e Ingeniería en Tecnologías de la Información y Comunicaciones en la Universidad San Sebastián. Egresado del Magíster de Educación Superior en la Universidad Gabriela Mistral; Magíster en Seguridad de la Información y Ciberseguridad en UNIACC. Profesional con 20 años de experiencia en Tecnología de la información y 10 años de experiencia en la docencia superior. Con una especialización en Gobernanza, Gestión y Auditoría a la Ciberseguridad. Posee certificaciones internacionales de CCNA Instructor Cyber Ops (Cisco), Linux Essentials (LPI), ISO 31000 (PECB), Lead Cloud Security Manager (PECB), ISO 27032 (PECB), Cyber Security Foundation (CSFPC)–Certiprof, Lead Cybersecurity Professional Certificate LCSPC° (Certiprof), Microsoft Azure SC-900, entre otras. Mg. Enrique Gonzalo Pastene Aceituno Ingeniero Civil Electrónico, Universidad Técnica Federico Santa María y Magíster en Inteligencia Artificial, Universidad Adolfo Ibáñez. Cuento con más de 19 años de experiencia en gestión, implementación y consultoría de proyectos y servicios de tecnología de información (TI). Actualmente me desempeño como Delivery Manager en TCS (Tata Consultancy Services) y he trabajado en consultoras DMR Consulting, everis, NTT Data y Transtecnia. Profesor Asociado de pre y posgrado de la Universidad Bernardo O’Higgins; dictando las cátedras de Inteligencia Artificial Aplicada y Machine Learning (para posgrado); Sistemas Inteligentes y Optimización de Sistemas (para pregrado). En los últimos años ha participado en la definición, diseño e implementación de MVP, Demos de GenAI/AI para empresas en banca y ha realizado charlas/webinar (públicas y privadas) sobre IA, NLP y GenIA (Transformers), posicionándose como un referente en la materia. Dr. Luis Ramírez Donoso Ingeniero en Informática, PhD en Ciencias de la Ingeniería en el área de las Ciencias de la Computación, Magister en Ingeniería, MBA, Master Business Administrador Internacional, Doble Titulación, Comercio Internacional. Se ha desempeñado en diversos cargos directivos en instituciones de Educación Superior como Jefe de Departamento de Ciencias de la Ingeniería en la Universidad Católica, Director Académico de Postgrado para el programa de Magister y Diplomado Dirección y Evaluación de Proyectos Universidad Mayor, Sub-Director de Proyectos MOOC (Massive Open Online Course) en TELEDUC, Director de Escuela y Director de Carrera Nacional DUOC UC, entre otros. Con una trayectoria como docente de más de 15 años en donde ha impartido diferentes cátedras de la especialidad de la Ingeniería en Informática, tanto en pre como postgrado y como doctor en Ciencias de la Ingeniería en al área de la Ciencia de la Computación desarrolla la Línea de investigación asociada a la Innovación Tecnológica en la Educación Superior. En el mundo privado se desempeña haciendo asesorías y liderando proyectos como Strategy Account Manager, Strategy Consultant, Technological Account Delivery Manager, Gerente de Consultoría para Chile, México y Perú, Jefede Innovacióny TransformaciónDigital, Gerente de Tecnologías de Integración y Productos. Dr. Eliecer Ramón Peña Ancavil Ingeniero CIvil Telemático e Ingeniero en telecomunicaciones, Dr en Ingeniería Eléctrica, Telecomunicaciones, magíster en Ciencias en Tecnologías, Sistemas y Redes de Comunicaciones de la Universidad de Valparaíso. Se desempeña como docente universitario e investigador postdoctoral con amplia experiencia en análisis de datos, inteligencia artificial y tecnologías educativas. Ha liderado proyectos relacionados con el procesamiento automatizado de datos sísmicos, innovación tecnopedagógica y analítica del aprendizaje. Como docente, ha impartido clases en diversas universidades e Institutos profesionales como Universidad Bernardo O’Higgins, Universidad Santo Tomas, Universidad de Chile, Duoc UC, y Desafio Latam, abarcando áreas desde Estadística hasta SQL y data mining. Como consultor BI, ha implementado soluciones estratégicas para la visualización de datos. Posee un doctorado en ingeniería eléctrica y destaca por su capacidad para transformar conceptos técnicos complejos en soluciones prácticas aplicables en contextos académicos y empresariales.","El/la de la Universidad Bernardo O’Higgins es un/a profesional que resuelve problemáticas y gestiona desafíos tecnológicos para la industria, organizaciones y emprendimientos, a través del análisis, diseño, desarrollo e implementación de soluciones eficientes e innovadoras en equipos multi e interdisciplinarios, generando valor en el contexto social y productivo sostenible. Se encuentra habilitado/a en los ámbitos: Gestiona y aplica la Ciberseguridad, Desarrolla Software Multidispositivos, Aplica Ciencia de los Datos e Implementa Proyectos con Componentes en Tecnologías de Información y Comunicaciones Emergentes (TIC’s), como Internet de las Cosas (IoT), robótica e inteligencia artificial. El/la titulado/a de la Universidad Bernardo O’Higgins se distingue por ser un/a profesional crítico/a, reflexivo/a, con sentido de orden y constancia; preparado/a para enfrentarse a escenarios laborales complejos y resolver problemas propios del contexto, haciendo uso de su liderazgo y capacidad para trabajar colaborativamente. Con un marcado espíritu de servicio, observa la realidad circundante y pone a disposición sus conocimientos y habilidades para actuar responsablemente, contribuyendo a la transformación, progreso y desarrollo de la comunidad. Consciente de su libertad, se hace cargo de sus decisiones y enfrenta con compromiso ético los desafíos que se le presentan. Gestiona y aplica la Ciberseguridad: Es el ámbito en que gestiona amenazas y debilidades en los sistemas, las que suponen un riesgo a la información que es procesada, transportada y almacenada por los sistemas de información que se encuentran interconectados (ISACA). La ciberseguridad trabaja, robusteciendo sistemas resilientes, que sean capaces de reaccionar y actuar antes, durante y después de la materialización de una amenaza, para reducir los riesgos de exposición de datos sensibles de usuarios y de los sistemas. Desarrolla software multidispositivos: Es el ámbito orientado al desarrollo de software en los que utiliza un conjunto de herramientas (paquetes de software, entornos de trabajo, plataformas de hardware, sistemas operativos, variados dispositivos, lenguajes de programación) y metodologías adecuadas a cada contexto, aprovechando las características de estos elementos, asegurando rendimiento y nuevas capacidades. Aplica Ciencia de los Datos: Este ámbito se enmarca en involucrar métodos científicos, procesos y sistemas para extraer conocimiento o un mejor entendimiento de datos en sus diferentes formas, ya sea estructurados o no estructurados, lo cual es una continuación de algunos campos de análisis de datos como la estadística, la minería de datos, el aprendizaje automático y la analítica predictiva. Implementa Proyectos en Tecnologías de Información y Comunicaciones Emergentes: Este ámbito se orienta a desarrollar soluciones TIC que permitan crear, optimizar o actualizar procesos de negocio en organizaciones o emprendimientos, incorporando tecnologías emergentes para generar valor, eficiencia e innovación. Carla Angulo Larenas Directora de la Escuela de Ciencias Digitales y Tecnologías Avanzadas y Jefa de Carrera de , Analista de Sistemas, Magíster en Educación, mención Currículum y Evaluación, Máster Diseño Web Multidispositivo, diplomada en Tecnologías de la Educación para la modalidad no presencial y posee certificaciones internacionales en bases de datos y calidad de software. Actualmente, realiza un doctorado en Dirección de Proyectos de la Universidad UIIX de México. Ha integrado iniciativas en la empresa pública y privada, desempeñándose como ADB, desarrolladora y directora de proyectos de ingeniería de software bajo ambientes de tecnologías ágiles, asesorando en diferentes líneas de I+D+i en tecnologías, educación y como evaluadora de proyectos CORFO por más de 5 años. Ha formado profesionales en la industria de las tecnologías, avalada por una vasta trayectoria con más de 30 años, ocupando cargos de docencia y dirección de carreras de en pregrado en distintas instituciones de educación superior, y desempeñando el rol de coordinadora y directora del Magíster de Gestión de Proyectos en postgrado y coordinación de los programas y proyectos de Vinculación con el Medio para el mundo social y productivo en la UBO. Eder Patricio Moran Heredia Ingeniero de Sistemas por la Universidad Cesar Vallejo de Perú e Ingeniería en Tecnologías de la Información y Comunicaciones en la Universidad San Sebastián. Egresado del Magíster de Educación Superior en la Universidad Gabriela Mistral; Magíster en Seguridad de la Información y Ciberseguridad en UNIACC. Profesional con 20 años de experiencia en Tecnología de la información y 10 años de experiencia en la docencia superior. Con una especialización en Gobernanza, Gestión y Auditoría a la Ciberseguridad. Posee certificaciones internacionales de CCNA Instructor Cyber Ops (Cisco), Linux Essentials (LPI), ISO 31000 (PECB), Lead Cloud Security Manager (PECB), ISO 27032 (PECB), Cyber Security Foundation (CSFPC)–Certiprof, Lead Cybersecurity Professional Certificate LCSPC° (Certiprof), Microsoft Azure SC-900, entre otras. Mg. Enrique Gonzalo Pastene Aceituno Electrónico, Universidad Técnica Federico Santa María y Magíster en Inteligencia Artificial, Universidad Adolfo Ibáñez. Cuento con más de 19 años de experiencia en gestión, implementación y consultoría de proyectos y servicios de tecnología de información (TI). Actualmente me desempeño como Delivery Manager en TCS (Tata Consultancy Services) y he trabajado en consultoras DMR Consulting, everis, NTT Data y Transtecnia. Profesor Asociado de pre y posgrado de la Universidad Bernardo O’Higgins; dictando las cátedras de Inteligencia Artificial Aplicada y Machine Learning (para posgrado); Sistemas Inteligentes y Optimización de Sistemas (para pregrado). En los últimos años ha participado en la definición, diseño e implementación de MVP, Demos de GenAI/AI para empresas en banca y ha realizado charlas/webinar (públicas y privadas) sobre IA, NLP y GenIA (Transformers), posicionándose como un referente en la materia. Dr. Luis Ramírez Donoso , PhD en Ciencias de la Ingeniería en el área de las Ciencias de la Computación, Magister en Ingeniería, MBA, Master Business Administrador Internacional, Doble Titulación, Comercio Internacional. Se ha desempeñado en diversos cargos directivos en instituciones de Educación Superior como Jefe de Departamento de Ciencias de la Ingeniería en la Universidad Católica, Director Académico de Postgrado para el programa de Magister y Diplomado Dirección y Evaluación de Proyectos Universidad Mayor, Sub-Director de Proyectos MOOC (Massive Open Online Course) en TELEDUC, Director de Escuela y Director de Carrera Nacional DUOC UC, entre otros. Con una trayectoria como docente de más de 15 años en donde ha impartido diferentes cátedras de la especialidad de la , tanto en pre como postgrado y como doctor en Ciencias de la Ingeniería en al área de la Ciencia de la Computación desarrolla la Línea de investigación asociada a la Innovación Tecnológica en la Educación Superior. En el mundo privado se desempeña haciendo asesorías y liderando proyectos como Strategy Account Manager, Strategy Consultant, Technological Account Delivery Manager, Gerente de Consultoría para Chile, México y Perú, Jefede Innovacióny TransformaciónDigital, Gerente de Tecnologías de Integración y Productos. Dr. Eliecer Ramón Peña Ancavil Telemático e Ingeniero en telecomunicaciones, Dr en Ingeniería Eléctrica, Telecomunicaciones, magíster en Ciencias en Tecnologías, Sistemas y Redes de Comunicaciones de la Universidad de Valparaíso. Se desempeña como docente universitario e investigador postdoctoral con amplia experiencia en análisis de datos, inteligencia artificial y tecnologías educativas. Ha liderado proyectos relacionados con el procesamiento automatizado de datos sísmicos, innovación tecnopedagógica y analítica del aprendizaje. Como docente, ha impartido clases en diversas universidades e Institutos profesionales como Universidad Bernardo O’Higgins, Universidad Santo Tomas, Universidad de Chile, Duoc UC, y Desafio Latam, abarcando áreas desde Estadística hasta SQL y data mining. Como consultor BI, ha implementado soluciones estratégicas para la visualización de datos. Posee un doctorado en ingeniería eléctrica y destaca por su capacidad para transformar conceptos técnicos complejos en soluciones prácticas aplicables en contextos académicos y empresariales.",Universidad de Bernardo Ohiggins,Ingenieria Informatica,https://www.ubo.cl/facultades/facultad-de-ingenieria-ciencia-y-tecnologia/ingenieria-en-informatica/
21,Civil,2,1,True,"[""Ingeniería Civil Informática"", ""Ingeniería Civil Informática""]","[""informáticos""]","Los titulados y las tituladas de la carrera de Ingeniería Civil Informática de la Universidad de Aysén son profesionales que, a través de las Ciencias Básicas y de la Computación, son capaces de diseñar, implementar, desplegar y operar sistemas informáticos por medio de la aplicación de la Ingeniería de Software, la Ciencia de los Datos y la Gestión de la Información en organizaciones del sector público, del sector privado y del mundo científico. Tienen una formación centrada en el valor estratégico que poseen los datos, la información y el software en las organizaciones, a través de una visión integral del proceso de extracción de información desde datos complejos para resolver diversas necesidades, con pertinencia a los desafíos de acceso a la información que presentan los territorios de la región. Se destacan por su dominio en los fundamentos de la disciplina, los que logran aplicar al desarrollo y evaluación de soluciones computacionales, preocupándose de la eficiencia y la eficacia de las soluciones propuestas. Tienen capacidades de gestión de proyectos de software, liderando los equipos de trabajo involucrados en ellos y generando soluciones creativas basadas en Tecnologías de Información y Comunicaciones. Saben gestionar y aplicar técnicas de minería de datos para extraer información relevante desde datos de diversas características. Por último, su formación les permite proponer mecanismos que integren equipos, procesos, tecnologías y sistemas, orientando su funcionamiento al cumplimiento de los objetivos estratégicos definidos en las organizaciones en que se desenvuelve. Los profesionales de Ingeniería Civil Informática de la Universidad de Aysén se forman en un marco de compromiso con la realidad social, cultural y medioambiental de la región de Aysén. Poseen una sólida formación ética-profesional, orientada a reconocer y resguardar los asuntos de interés público cuyo enfoque sea la contribución y transformación de los territorios, tanto de la región y del país, y la capacidad de participar en proyectos multidisciplinarios, interactuando en forma efectiva y constructiva.","Los titulados y las tituladas de la carrera de de la Universidad de Aysén son profesionales que, a través de las Ciencias Básicas y de la Computación, son capaces de diseñar, implementar, desplegar y operar sistemas por medio de la aplicación de la Ingeniería de Software, la Ciencia de los Datos y la Gestión de la Información en organizaciones del sector público, del sector privado y del mundo científico. Tienen una formación centrada en el valor estratégico que poseen los datos, la información y el software en las organizaciones, a través de una visión integral del proceso de extracción de información desde datos complejos para resolver diversas necesidades, con pertinencia a los desafíos de acceso a la información que presentan los territorios de la región. Se destacan por su dominio en los fundamentos de la disciplina, los que logran aplicar al desarrollo y evaluación de soluciones computacionales, preocupándose de la eficiencia y la eficacia de las soluciones propuestas. Tienen capacidades de gestión de proyectos de software, liderando los equipos de trabajo involucrados en ellos y generando soluciones creativas basadas en Tecnologías de Información y Comunicaciones. Saben gestionar y aplicar técnicas de minería de datos para extraer información relevante desde datos de diversas características. Por último, su formación les permite proponer mecanismos que integren equipos, procesos, tecnologías y sistemas, orientando su funcionamiento al cumplimiento de los objetivos estratégicos definidos en las organizaciones en que se desenvuelve. Los profesionales de de la Universidad de Aysén se forman en un marco de compromiso con la realidad social, cultural y medioambiental de la región de Aysén. Poseen una sólida formación ética-profesional, orientada a reconocer y resguardar los asuntos de interés público cuyo enfoque sea la contribución y transformación de los territorios, tanto de la región y del país, y la capacidad de participar en proyectos multidisciplinarios, interactuando en forma efectiva y constructiva.",Universidad de Aysen,Ingenieria Civil Informatica,https://uaysen.cl/departamentos/ciencias-naturales-y-tecnologia/ingenieria-civil-informatica/
22,Informática,0,4,True,[],"[""informática"", ""informáticos"", ""informáticas"", ""informáticos""]","Reseña de la Carrera El/la ingeniero/a en informática de la Pontificia Universidad Católica de Valparaíso, es un/a profesional con un marcado sello valórico dispuesto/a a contribuir al desarrollo y al bienestar social mediante el ejercicio de su profesión. Para garantizar el eficiente e íntegro desempeño de las funciones asociadas a la labor ingenieril posee una significativa formación en ciencias básicas, ciencias de la ingeniería e ingeniería aplicada. Su formación integral basada en un conjunto sistemático de saberes cognitivos, procedimentales y actitudinales, le permite hacer un correcto uso de las nuevas tecnologías y entregar soluciones eficientes y de calidad relacionadas con el desarrollo, operación y mantenimiento de sistemas informáticos. Se caracteriza por su capacidad de aprendizaje autónomo y flexibilidad para trabajar en proyectos con equipos interdisciplinarios, con un enfoque centrado en el usuario. Perfil de Egreso Competencias de Formación Fundamental: 1. Reconoce la dimensión trascendente de la existencia humana y la antropología cristiana como respuesta valiosa al sentido de la vida. 2. Actúa éticamente, iluminado/a por la propuesta cristiana, en contextos reales, con autonomía y respeto hacia los/las demás, buscando el bien común, la promoción de los derechos humanos y la realización de la persona humana en un contexto de diversidad. 3. Comunica de manera clara y coherente sus ideas a través del castellano, su lengua materna, en un contexto académico. 4. Usa las tecnologías de la información y comunicación como herramienta del desarrollo académico y profesional. 5. Demuestra capacidad científica; de análisis, abstracción, síntesis y reflexión crítica con el objetivo de resolver problemas, construir conocimiento y desarrollar autoaprendizaje, tanto a nivel individual como en el trabajo en equipos interdisciplinarios. 6. Comunica en forma oral y escrita en idioma Inglés, con el fin de facilitar su inserción y participación en contextos multiculturales e interdisciplinares. 7. Reconoce la lectura, la relación con los demás, la actividad física, la vida sana, el cuidado medioambiental, el arte y la cultura como fuentes de desarrollo personal integral. 8. Reconoce según sus intereses, en instancias universitarias de formación para una ciudadanía responsable. Competencias Disciplinares: 9. Integra conocimientos de ciencias básicas y ciencias de la ingeniería para su aplicación a problemas de la especialidad. 10. Analiza situaciones del entorno, para detectar oportunidades y considerar los riesgos asociados, con visión emprendedora. 11. Utiliza técnicas, recursos y herramientas de ingeniería y tecnología, para aplicarlas en la resolución de problemas de su especialidad. 12. Desarrolla sistemas, procesos y/o productos para generar soluciones innovadoras que respondan a necesidades del entorno. 13. Gestiona proyectos de ingeniería en el ámbito de la especialidad. 14. Incorpora criterios sociales, culturales, ambientales, económicos, legales, éticos, de salud y de riesgos en su quehacer profesional, promoviendo un desarrollo sostenible. Competencias Profesionales: 15. Desarrolla aplicaciones informáticas, eficientes y de calidad para dar soluciones a los problemas del mundo real, con una visión centrada en el usuario. 16. Selecciona componentes que conformen la base tecnológica para implementar, operar y mantener sistemas informáticos. 17. Modela sistemas y procesos organizacionales para entregar soluciones eficientes de su especialidad. 18. Participa en equipos de trabajo, donde se propicie la colaboración, el liderazgo y la inclusión de distintos roles, para planificar y ejecutar actividades que permitan el alcance de objetivos comunes. 19. Adquiere nuevos conocimientos, de manera autónoma, para el mejoramiento continuo en el desarrollo y uso de herramientas tecnológicas. Cuerpo Docente ARAYA ZAMORANO, IGNACIO ALLENDE CID, HÉCTOR BECERRA, MARCELO BERRÍOS VÁSQUEZ, SEBASTIÁN, CABRERA, DANIEL CABRERA GUERRERO, GUILLERMO CANO MAZUERA, SANDRA CRAWFORD LABRIN, BRODERICK CUBILLOS FIGUEROA, CLAUDIO GANA, BADY HERMOSILLA MONCKTON, PAMELA LÖFFLER, CHRISTOFFER MATUS, NICOLÁS MERCADO BERMÚDEZ, IVAN MIGLIARO OSORIO, ALDO PALMA MUÑOZ, WENCESLAO PÉREZ CÁCERES, LESLIE PONCE, FRANCISCO QUIÑONES OTEY, DANIELA RODRÍGUEZ AGURTO, NIBALDO RONCAGLIOLO DE LA HORRA, SILVANA RUSU, CRISTIAN SOTO DE GIORGIS, RICARDO VALLE, CARLOS VASCONCELLOS, CLAUDIA VEGA MENA, EMANUEL","Reseña de la Carrera El/la ingeniero/a en de la Pontificia Universidad Católica de Valparaíso, es un/a profesional con un marcado sello valórico dispuesto/a a contribuir al desarrollo y al bienestar social mediante el ejercicio de su profesión. Para garantizar el eficiente e íntegro desempeño de las funciones asociadas a la labor ingenieril posee una significativa formación en ciencias básicas, ciencias de la ingeniería e ingeniería aplicada. Su formación integral basada en un conjunto sistemático de saberes cognitivos, procedimentales y actitudinales, le permite hacer un correcto uso de las nuevas tecnologías y entregar soluciones eficientes y de calidad relacionadas con el desarrollo, operación y mantenimiento de sistemas . Se caracteriza por su capacidad de aprendizaje autónomo y flexibilidad para trabajar en proyectos con equipos interdisciplinarios, con un enfoque centrado en el usuario. Perfil de Egreso Competencias de Formación Fundamental: 1. Reconoce la dimensión trascendente de la existencia humana y la antropología cristiana como respuesta valiosa al sentido de la vida. 2. Actúa éticamente, iluminado/a por la propuesta cristiana, en contextos reales, con autonomía y respeto hacia los/las demás, buscando el bien común, la promoción de los derechos humanos y la realización de la persona humana en un contexto de diversidad. 3. Comunica de manera clara y coherente sus ideas a través del castellano, su lengua materna, en un contexto académico. 4. Usa las tecnologías de la información y comunicación como herramienta del desarrollo académico y profesional. 5. Demuestra capacidad científica; de análisis, abstracción, síntesis y reflexión crítica con el objetivo de resolver problemas, construir conocimiento y desarrollar autoaprendizaje, tanto a nivel individual como en el trabajo en equipos interdisciplinarios. 6. Comunica en forma oral y escrita en idioma Inglés, con el fin de facilitar su inserción y participación en contextos multiculturales e interdisciplinares. 7. Reconoce la lectura, la relación con los demás, la actividad física, la vida sana, el cuidado medioambiental, el arte y la cultura como fuentes de desarrollo personal integral. 8. Reconoce según sus intereses, en instancias universitarias de formación para una ciudadanía responsable. Competencias Disciplinares: 9. Integra conocimientos de ciencias básicas y ciencias de la ingeniería para su aplicación a problemas de la especialidad. 10. Analiza situaciones del entorno, para detectar oportunidades y considerar los riesgos asociados, con visión emprendedora. 11. Utiliza técnicas, recursos y herramientas de ingeniería y tecnología, para aplicarlas en la resolución de problemas de su especialidad. 12. Desarrolla sistemas, procesos y/o productos para generar soluciones innovadoras que respondan a necesidades del entorno. 13. Gestiona proyectos de ingeniería en el ámbito de la especialidad. 14. Incorpora criterios sociales, culturales, ambientales, económicos, legales, éticos, de salud y de riesgos en su quehacer profesional, promoviendo un desarrollo sostenible. Competencias Profesionales: 15. Desarrolla aplicaciones , eficientes y de calidad para dar soluciones a los problemas del mundo real, con una visión centrada en el usuario. 16. Selecciona componentes que conformen la base tecnológica para implementar, operar y mantener sistemas . 17. Modela sistemas y procesos organizacionales para entregar soluciones eficientes de su especialidad. 18. Participa en equipos de trabajo, donde se propicie la colaboración, el liderazgo y la inclusión de distintos roles, para planificar y ejecutar actividades que permitan el alcance de objetivos comunes. 19. Adquiere nuevos conocimientos, de manera autónoma, para el mejoramiento continuo en el desarrollo y uso de herramientas tecnológicas. Cuerpo Docente ARAYA ZAMORANO, IGNACIO ALLENDE CID, HÉCTOR BECERRA, MARCELO BERRÍOS VÁSQUEZ, SEBASTIÁN, CABRERA, DANIEL CABRERA GUERRERO, GUILLERMO CANO MAZUERA, SANDRA CRAWFORD LABRIN, BRODERICK CUBILLOS FIGUEROA, CLAUDIO GANA, BADY HERMOSILLA MONCKTON, PAMELA LÖFFLER, CHRISTOFFER MATUS, NICOLÁS MERCADO BERMÚDEZ, IVAN MIGLIARO OSORIO, ALDO PALMA MUÑOZ, WENCESLAO PÉREZ CÁCERES, LESLIE PONCE, FRANCISCO QUIÑONES OTEY, DANIELA RODRÍGUEZ AGURTO, NIBALDO RONCAGLIOLO DE LA HORRA, SILVANA RUSU, CRISTIAN SOTO DE GIORGIS, RICARDO VALLE, CARLOS VASCONCELLOS, CLAUDIA VEGA MENA, EMANUEL",Pontificia Universidad Catolica de Valparaiso,Ingenieria en Informatica,https://www.pucv.cl/pucv/pregrado/ingenieria-en-informatica
23,Civil,1,4,True,"[""Ingeniería Civil Informática""]","[""Civiles"", ""Informáticos"", ""informáticas"", ""informáticos""]","Facultad de Ingeniería Ingeniería Civil Informática Las/los Ingenieros/as Civiles Informáticos/as de la Universidad de Concepción son profesionales calificados para identificar, abordar y solucionar problemas que requieren procesamiento automático de información. Han sido formados para aplicar principios de matemáticas, ciencias de la ingeniería y de la computación. Están capacitados/as para identificar necesidades de usuarios, a partir de las cuales formulan y diseñan soluciones informáticas que las satisfagan. Pueden analizar e interpretar grandes volúmenes de datos que describen sistemas, así como también, diseñar experimentos para evaluar, caracterizar y modelar sistemas informáticos complejos. Están preparados/as para trabajar en equipo, para comunicarse y desenvolverse con responsabilidad profesional y ética en un contexto global, económico y social. Son profesionales capaces de adaptarse a la dinámica que caracteriza la evolución teórica y tecnológica de la disciplina, estimulados por un proceso de auto-aprendizaje continuo.","Facultad de Ingeniería Las/los Ingenieros/as /as de la Universidad de Concepción son profesionales calificados para identificar, abordar y solucionar problemas que requieren procesamiento automático de información. Han sido formados para aplicar principios de matemáticas, ciencias de la ingeniería y de la computación. Están capacitados/as para identificar necesidades de usuarios, a partir de las cuales formulan y diseñan soluciones que las satisfagan. Pueden analizar e interpretar grandes volúmenes de datos que describen sistemas, así como también, diseñar experimentos para evaluar, caracterizar y modelar sistemas complejos. Están preparados/as para trabajar en equipo, para comunicarse y desenvolverse con responsabilidad profesional y ética en un contexto global, económico y social. Son profesionales capaces de adaptarse a la dinámica que caracteriza la evolución teórica y tecnológica de la disciplina, estimulados por un proceso de auto-aprendizaje continuo.",Universidad de Concepcion,Ingenieria Civil Informatica,https://admision.udec.cl/ingenieria-civil-informatica/
24,Civil,0,2,True,[],"[""Civil"", ""Informático""]","El/La Ingeniero/a Civil Informático/a de la Universidad Técnica Federico Santa María se forma para apoyar estratégicamente la mejora continua de las organizaciones, integrando eficientemente a las personas y tecnologías de información. Domina la evaluación y toma de decisiones basadas en técnicas cuantitativas en contextos de incertidumbre, diseñando soluciones de software sostenibles y escalables, reflejando así, su compromiso con la calidad y la innovación. Es capaz de realizar el análisis de sistemas computacionales a nivel de rendimiento, conectividad y seguridad, y diseña soluciones computacionales robustas, aplicando algoritmos y fundamentos teóricos para resolver problemas en ingeniería. Gestiona recursos y promueve mejoras continuas en el ámbito personal y profesional. Tiene la habilidad de liderar equipos colaborativos y comunicarse efectivamente tanto en español como en inglés. Adicionalmente, promueve el autocuidado, el autodesarrollo y la autogestión a través de un estilo de vida saludable, actuando siempre con una responsabilidad social y ética acorde a los principios inherentes a su profesión y en coherencia con el legado testamentario de Don Federico Santa María.","El/La Ingeniero/a /a de la Universidad Técnica Federico Santa María se forma para apoyar estratégicamente la mejora continua de las organizaciones, integrando eficientemente a las personas y tecnologías de información. Domina la evaluación y toma de decisiones basadas en técnicas cuantitativas en contextos de incertidumbre, diseñando soluciones de software sostenibles y escalables, reflejando así, su compromiso con la calidad y la innovación. Es capaz de realizar el análisis de sistemas computacionales a nivel de rendimiento, conectividad y seguridad, y diseña soluciones computacionales robustas, aplicando algoritmos y fundamentos teóricos para resolver problemas en ingeniería. Gestiona recursos y promueve mejoras continuas en el ámbito personal y profesional. Tiene la habilidad de liderar equipos colaborativos y comunicarse efectivamente tanto en español como en inglés. Adicionalmente, promueve el autocuidado, el autodesarrollo y la autogestión a través de un estilo de vida saludable, actuando siempre con una responsabilidad social y ética acorde a los principios inherentes a su profesión y en coherencia con el legado testamentario de Don Federico Santa María.",Universidad Tecnica Federico Santa Maria,Ingenieria Civil Informatica,https://usm.cl/admision/carreras/ingenieria-civil-informatica/
25,Informática,1,0,True,"[""Ingeniería en Informática""]",[],"La carrera de Ingeniería en Informática de la USM forma profesionales con competencias que les faculta para aplicar un cuerpo distintivo de conocimientos científicos, computacionales, matemáticos y de ingeniería a diversos problemas organizacionales, sociales, industriales. Facultado para el desarrollo de productos y servicios tecnológicos sobre plataformas heterogéneas. Adicionalmente posee conocimientos para aplicar soluciones de análisis de datos avanzado sobre distintos dominios del quehacer de organizaciones públicas o privadas del ámbito nacional e internacional, demostrando capacidad para integrar equipos multidisciplinarios y multiculturales, tomando en consideración las restricciones impuestas por la legislación, la ética, las finanzas y las personas.","La carrera de de la USM forma profesionales con competencias que les faculta para aplicar un cuerpo distintivo de conocimientos científicos, computacionales, matemáticos y de ingeniería a diversos problemas organizacionales, sociales, industriales. Facultado para el desarrollo de productos y servicios tecnológicos sobre plataformas heterogéneas. Adicionalmente posee conocimientos para aplicar soluciones de análisis de datos avanzado sobre distintos dominios del quehacer de organizaciones públicas o privadas del ámbito nacional e internacional, demostrando capacidad para integrar equipos multidisciplinarios y multiculturales, tomando en consideración las restricciones impuestas por la legislación, la ética, las finanzas y las personas.",Universidad Tecnica Federico Santa Maria,Ingenieria Informatica,https://usm.cl/admision/carreras/ingenieria-en-informatica/
26,Informática,0,3,True,[],"[""Informática"", ""Informática"", ""Informática""]","El/la egresado/a de Ingeniería en Computación e Informática de la Universidad Católica del Norte tiene el siguiente perfil: 1 Profesional integral e innovador/a en el ámbito de la ingeniería, con principios éticos y con un sentido amplio de responsabilidad social, comprometido/a con el desarrollo permanente de la región y el país. 2 Su formación implica la adquisición y aplicación de conocimientos y herramientas que le permitan estar en constante actualización y adaptarse activa y flexiblemente a las demandas del entorno 3 Cabe señalar que el/la Ingeniero/a en Computación e Informática de la UCN posee competencias genéricas tales como: comunicación efectiva, permeabilidad al cambio, actitud de liderazgo y proactividad; además de ser un/a profesional innovador, emprendedor, con capacidad de trabajar en equipos multidisciplinarios, siendo capaz de resolver las diferencias que surgen entre personas y/o grupos en cualquier tipo de organización. 4 Desde su rol de ingeniero/a es capaz de concebir, diseñar, implementar y operar productos, procesos y sistemas de ingeniería, además de planificar, evaluar y gestionar proyectos, considerando el impacto de estas acciones en un contexto global, social, económico y ambiental. 5 Desde su rol de Ingeniero/a en Computación e Informática, es capaz de concebir, diseñar e implementar soluciones TIC requeridas por las organizaciones. Estas soluciones consideran las arquitecturas TI junto a sus modelos de servicios y modelos operativos; los sistemas de software; y las plataformas de cómputo y comunicaciones junto a sus servicios asociados. 6 Para lograrlo, posee una rigurosa base en Algoritmia, Tecnologías de la Información, Comunicaciones y Automatización, además de planificar, evaluar y gestionar proyectos, considerando el impacto de estas acciones en un contexto global, social, económico y ambiental. Enlaces institucionales Facultad de Ingeniería y Ciencias Geológicas Jefe de Carrera","El/la egresado/a de Ingeniería en Computación e de la Universidad Católica del Norte tiene el siguiente perfil: 1 Profesional integral e innovador/a en el ámbito de la ingeniería, con principios éticos y con un sentido amplio de responsabilidad social, comprometido/a con el desarrollo permanente de la región y el país. 2 Su formación implica la adquisición y aplicación de conocimientos y herramientas que le permitan estar en constante actualización y adaptarse activa y flexiblemente a las demandas del entorno 3 Cabe señalar que el/la Ingeniero/a en Computación e de la UCN posee competencias genéricas tales como: comunicación efectiva, permeabilidad al cambio, actitud de liderazgo y proactividad; además de ser un/a profesional innovador, emprendedor, con capacidad de trabajar en equipos multidisciplinarios, siendo capaz de resolver las diferencias que surgen entre personas y/o grupos en cualquier tipo de organización. 4 Desde su rol de ingeniero/a es capaz de concebir, diseñar, implementar y operar productos, procesos y sistemas de ingeniería, además de planificar, evaluar y gestionar proyectos, considerando el impacto de estas acciones en un contexto global, social, económico y ambiental. 5 Desde su rol de Ingeniero/a en Computación e , es capaz de concebir, diseñar e implementar soluciones TIC requeridas por las organizaciones. Estas soluciones consideran las arquitecturas TI junto a sus modelos de servicios y modelos operativos; los sistemas de software; y las plataformas de cómputo y comunicaciones junto a sus servicios asociados. 6 Para lograrlo, posee una rigurosa base en Algoritmia, Tecnologías de la Información, Comunicaciones y Automatización, además de planificar, evaluar y gestionar proyectos, considerando el impacto de estas acciones en un contexto global, social, económico y ambiental. Enlaces institucionales Facultad de Ingeniería y Ciencias Geológicas Jefe de Carrera",Universidad Catolica del Norte,Ingenieria en Computacion e Informatica,https://admision.ucn.cl/carreras/tecnologia-computacion/ingenieria-en-computacion-e-informatica/
27,Civil,0,6,True,[],"[""Civil"", ""Informática"", ""Civil"", ""Informática"", ""Civil"", ""Informática""]","El/la Ingeniero/a Civil en Computación e Informática de la Universidad Católica del Norte tiene el siguiente perfil: 1 Profesional integral e innovador/a en el ámbito de la ingeniería, con principios éticos y con un sentido amplio de responsabilidad social, comprometido/a con el desarrollo permanente de la región y el país. 2 Su formación implica la adquisición y aplicación de conocimientos y herramientas que le permitan estar en constante actualización y adaptarse activa y flexiblemente a las demandas del entorno. 3 El/la Ingeniero/a Civil en Computación e Informática de la UCN posee competencias genéricas tales como: comunicación efectiva, permeabilidad al cambio, actitud de liderazgo y proactividad; además de ser un/a profesional innovador/a, emprendedor/a, con capacidad de trabajar en equipos multidisciplinarios, siendo capaz de resolver las diferencias que surgen entre personas y/o grupos en cualquier tipo de organización. 4 Desde su rol de ingeniero/a es capaz de concebir, diseñar, implementar y operar productos, procesos y sistemas de ingeniería, además de planificar, evaluar y gestionar proyectos, considerando el impacto de estas acciones en un contexto global, social, económico y ambiental 5 Desde su rol de Ingeniero/a Civil en Computación e Informática, es capaz de concebir, diseñar e implementar soluciones TIC requeridas por las organizaciones. Estas soluciones consideran las arquitecturas TI junto a sus modelos de servicios y modelos operativos; los sistemas de software; y las plataformas de cómputo y comunicaciones junto a sus servicios asociados. 6 Para lograrlo, posee una rigurosa base en Algoritmos, Tecnologías de la información, Comunicaciones y Automatización, además de planificar, evaluar y gestionar proyectos, considerando el impacto de estas acciones en un contexto global, social, económico y ambiental. Enlaces institucionales Facultad de Ingeniería y Ciencias Geológicas Escuela de Ingeniería UCN Coquimbo Jefe de Carrera Antofagasta Jefe de Carrera Coquimbo","El/la Ingeniero/a en Computación e de la Universidad Católica del Norte tiene el siguiente perfil: 1 Profesional integral e innovador/a en el ámbito de la ingeniería, con principios éticos y con un sentido amplio de responsabilidad social, comprometido/a con el desarrollo permanente de la región y el país. 2 Su formación implica la adquisición y aplicación de conocimientos y herramientas que le permitan estar en constante actualización y adaptarse activa y flexiblemente a las demandas del entorno. 3 El/la Ingeniero/a en Computación e de la UCN posee competencias genéricas tales como: comunicación efectiva, permeabilidad al cambio, actitud de liderazgo y proactividad; además de ser un/a profesional innovador/a, emprendedor/a, con capacidad de trabajar en equipos multidisciplinarios, siendo capaz de resolver las diferencias que surgen entre personas y/o grupos en cualquier tipo de organización. 4 Desde su rol de ingeniero/a es capaz de concebir, diseñar, implementar y operar productos, procesos y sistemas de ingeniería, además de planificar, evaluar y gestionar proyectos, considerando el impacto de estas acciones en un contexto global, social, económico y ambiental 5 Desde su rol de Ingeniero/a en Computación e , es capaz de concebir, diseñar e implementar soluciones TIC requeridas por las organizaciones. Estas soluciones consideran las arquitecturas TI junto a sus modelos de servicios y modelos operativos; los sistemas de software; y las plataformas de cómputo y comunicaciones junto a sus servicios asociados. 6 Para lograrlo, posee una rigurosa base en Algoritmos, Tecnologías de la información, Comunicaciones y Automatización, además de planificar, evaluar y gestionar proyectos, considerando el impacto de estas acciones en un contexto global, social, económico y ambiental. Enlaces institucionales Facultad de Ingeniería y Ciencias Geológicas Escuela de Ingeniería UCN Coquimbo Jefe de Carrera Antofagasta Jefe de Carrera Coquimbo",Universidad Catolica del Norte,Ingenieria Civil en Computacion e Informatica,https://admision.ucn.cl/carreras/tecnologia-computacion/ingenieria-civil-en-computacion-e-informatica/
28,Civil,1,3,True,"[""Ingeniería Civil Informática""]","[""informáticos"", ""Civil"", ""Informático""]","El/la titulado/a de Ingeniería Civil Informática de la Universidad Católica de la Santísima Concepción (UCSC) demuestra conocimientos sólidos a nivel teórico-práctico en las áreas de desarrollo de software, infraestructura de tecnologías de la información e inteligencia artificial a través del diseño, la implementación y operación de sistemas informáticos. Su formación le permite proponer soluciones tecnológicas que responden a los requerimientos de la industria y la sociedad, mediante la aplicación de ciencia y tecnología, criterios de desarrollo sostenible, la innovación y el emprendimiento. Además, se caracteriza por su proactividad, pensamiento crítico, y autonomía en la toma de decisiones. Se adapta a situaciones emergentes, cambios tecnológicos y promueve el trabajo en equipo interdisciplinario. El/la Ingeniero/a Civil Informático/a de la UCSC es un/a profesional comprometido/a con el respeto de la dignidad de la persona humana y con la promoción del bien común, a partir de una visión cristiana del mundo y de la vida según los principios de identidad católica de la institución.","El/la titulado/a de de la Universidad Católica de la Santísima Concepción (UCSC) demuestra conocimientos sólidos a nivel teórico-práctico en las áreas de desarrollo de software, infraestructura de tecnologías de la información e inteligencia artificial a través del diseño, la implementación y operación de sistemas . Su formación le permite proponer soluciones tecnológicas que responden a los requerimientos de la industria y la sociedad, mediante la aplicación de ciencia y tecnología, criterios de desarrollo sostenible, la innovación y el emprendimiento. Además, se caracteriza por su proactividad, pensamiento crítico, y autonomía en la toma de decisiones. Se adapta a situaciones emergentes, cambios tecnológicos y promueve el trabajo en equipo interdisciplinario. El/la Ingeniero/a /a de la UCSC es un/a profesional comprometido/a con el respeto de la dignidad de la persona humana y con la promoción del bien común, a partir de una visión cristiana del mundo y de la vida según los principios de identidad católica de la institución.",Universidad de la Santisima Concepcion,Ingenieria Civil Informatica,https://ingenieria.ucsc.cl/carreras/ingenieria-civil-informatica/
29,Ejecución,0,6,True,[],"[""informáticos"", ""Ejecución"", ""Informática"", ""Ejecución"", ""Informática"", ""informáticos""]","Técnico(a) Universitario(a) Analista de Sistemas y Programador(a) de Computadores El/la Técnico(a) Universitario(a) Analista de Sistemas y Programador(a) de Computadores egresado/a del Instituto Tecnológico de la Universidad Católica de la Santísima Concepción, es un/a Técnico/a Universitario/a de Nivel Superior comprometido/a con el respeto de la dignidad de la persona humana y con la promoción del bien común a partir de una visión cristiana del mundo y de la vida según los principios del sello identitario de la Institución. Este/a Técnico/a Universitario/a, se encuentra capacitado/a para el desarrollo de software, la automatización de procesos y la gestión de bases de datos, empleando diversos lenguajes de programación y herramientas de creación y mantención, siendo capaz de disponer de la información de forma estructurada, íntegra y funcional a los sistemas informáticos, usuarios u operadores que lo demanden. Se desempeña en instituciones públicas y privadas. Ingeniero/a de Ejecución en Informática El/la Ingeniero/a de Ejecución en Informática egresado/a del Instituto Tecnológico de la Universidad Católica de la Santísima Concepción, es un/a profesional comprometido/a con el respeto de la dignidad de la persona humana y con la promoción del bien común a partir de una visión cristiana del mundo y de la vida según los principios del sello identitario de la Institución. Este/a profesional se encuentra capacitado/a para el desarrollo de software y tecnologías de la información, con conocimientos en lenguajes de programación, recursos digitales e inteligencia de negocios, lo que le permite desenvolverse en los ámbitos del diseño, mantención y monitoreo tanto de bases de datos, como de sistemas informáticos, automatizando procesos. Se desempeña en instituciones públicas y privadas.","Técnico(a) Universitario(a) Analista de Sistemas y Programador(a) de Computadores El/la Técnico(a) Universitario(a) Analista de Sistemas y Programador(a) de Computadores egresado/a del Instituto Tecnológico de la Universidad Católica de la Santísima Concepción, es un/a Técnico/a Universitario/a de Nivel Superior comprometido/a con el respeto de la dignidad de la persona humana y con la promoción del bien común a partir de una visión cristiana del mundo y de la vida según los principios del sello identitario de la Institución. Este/a Técnico/a Universitario/a, se encuentra capacitado/a para el desarrollo de software, la automatización de procesos y la gestión de bases de datos, empleando diversos lenguajes de programación y herramientas de creación y mantención, siendo capaz de disponer de la información de forma estructurada, íntegra y funcional a los sistemas , usuarios u operadores que lo demanden. Se desempeña en instituciones públicas y privadas. Ingeniero/a de en El/la Ingeniero/a de en egresado/a del Instituto Tecnológico de la Universidad Católica de la Santísima Concepción, es un/a profesional comprometido/a con el respeto de la dignidad de la persona humana y con la promoción del bien común a partir de una visión cristiana del mundo y de la vida según los principios del sello identitario de la Institución. Este/a profesional se encuentra capacitado/a para el desarrollo de software y tecnologías de la información, con conocimientos en lenguajes de programación, recursos digitales e inteligencia de negocios, lo que le permite desenvolverse en los ámbitos del diseño, mantención y monitoreo tanto de bases de datos, como de sistemas , automatizando procesos. Se desempeña en instituciones públicas y privadas.",Universidad de la Santisima Concepcion,Ingenieria de Ejecucion en Informatica,https://it.ucsc.cl/carreras/ingenieria-de-ejecucion-en-informatica/
30,Civil,0,3,True,[],"[""Civil"", ""Informática"", ""informáticos""]","El/la Ingeniero/a Civil en Informática egresado/a de la Universidad Católica de Temuco es una persona profesional formada en Ciencias de la Ingeniería, con habilidades de análisis, diseño, implementación, mejora y gestión en proyectos públicos y privados de desarrollo de Software, de Infraestructura de servicios informáticos y de sistemas inteligentes. Su formación integral le permite abordar estos proyectos colaborativa y autónomamente mediante soluciones creativas, innovadoras, eficientes y sostenibles, con un actuar ético, respetuoso y que valora la diversidad, de acuerdo a los principios humanistas y cristianos.","El/la Ingeniero/a en egresado/a de la Universidad Católica de Temuco es una persona profesional formada en Ciencias de la Ingeniería, con habilidades de análisis, diseño, implementación, mejora y gestión en proyectos públicos y privados de desarrollo de Software, de Infraestructura de servicios y de sistemas inteligentes. Su formación integral le permite abordar estos proyectos colaborativa y autónomamente mediante soluciones creativas, innovadoras, eficientes y sostenibles, con un actuar ético, respetuoso y que valora la diversidad, de acuerdo a los principios humanistas y cristianos.",Universidad Catolica de Temuco,Ingenieria Civil en Informatica,https://admision.uct.cl/ing-civil-informatica/
31,Informática,1,2,True,"[""Ingeniería de Ejecución en Informática""]","[""informáticas"", ""informática""]","El titulado de la carrera de Ingeniería de Ejecución en Informática de Universidad de Las Américas es un profesional capaz de aplicar su conocimiento disciplinar de modo pertinente en el contexto laboral. Está enfocado en generar valor e innovación a través de las tecnologías informáticas aplicadas a ámbitos de negocios e industria, siendo capaz de entregar soluciones tecnológicas considerando aspectos de gestión de proyectos tecnológicos, análisis de datos e inteligencia de negocios, ingeniería de software, procesos y seguridad informática, según estándares y normas establecidas. Su actuar está fundamentado en los principios éticos de la profesión, demostrando un compromiso social y ciudadano al interior de las comunidades con las que se relaciona. Además, gracias a su formación integral, es capaz de utilizar herramientas digitales y de investigación que le permiten perfeccionarse y desenvolverse en el actual mundo laboral. Asimismo, será un profesional para el siglo XXI que responda a las necesidades que demanda un entorno cambiante, enfocado al logro de resultados, con habilidades de autoaprendizaje y autogestión, quien se identificará por su desempeño con orientación a sus clientes, trabajo en equipo y capacidad de comunicarse efectivamente. Finalmente, se espera que en el ejercicio laboral utilice sus conocimientos y capital intelectual con respeto a principios éticos, comprometido con el trabajo bien hecho, eficiente y sustentable, atendiendo al cuidado de las personas y el medio ambiente, de forma que contribuya a la construcción de una sociedad más justa y equitativa. Finalmente, por su amplio conocimiento de la industria de las comunicaciones y los medios de comunicación tradicionales y digitales, se espera que pueda gestionar, desarrollar e implementar proyectos periodísticos de diversa índole.","El titulado de la carrera de de Universidad de Las Américas es un profesional capaz de aplicar su conocimiento disciplinar de modo pertinente en el contexto laboral. Está enfocado en generar valor e innovación a través de las tecnologías aplicadas a ámbitos de negocios e industria, siendo capaz de entregar soluciones tecnológicas considerando aspectos de gestión de proyectos tecnológicos, análisis de datos e inteligencia de negocios, ingeniería de software, procesos y seguridad , según estándares y normas establecidas. Su actuar está fundamentado en los principios éticos de la profesión, demostrando un compromiso social y ciudadano al interior de las comunidades con las que se relaciona. Además, gracias a su formación integral, es capaz de utilizar herramientas digitales y de investigación que le permiten perfeccionarse y desenvolverse en el actual mundo laboral. Asimismo, será un profesional para el siglo XXI que responda a las necesidades que demanda un entorno cambiante, enfocado al logro de resultados, con habilidades de autoaprendizaje y autogestión, quien se identificará por su desempeño con orientación a sus clientes, trabajo en equipo y capacidad de comunicarse efectivamente. Finalmente, se espera que en el ejercicio laboral utilice sus conocimientos y capital intelectual con respeto a principios éticos, comprometido con el trabajo bien hecho, eficiente y sustentable, atendiendo al cuidado de las personas y el medio ambiente, de forma que contribuya a la construcción de una sociedad más justa y equitativa. Finalmente, por su amplio conocimiento de la industria de las comunicaciones y los medios de comunicación tradicionales y digitales, se espera que pueda gestionar, desarrollar e implementar proyectos periodísticos de diversa índole.",Universidad de las Américas,Ingenieria en Informatica,https://ingenieria.udla.cl/carreras/ingenieria-en-informatica/
32,Informática,0,1,True,[],"[""informática""]","Formar profesionales capaces de aplicar de manera metódica, integrada y contextualizada los conocimientos de la ciencia y tecnologías para la gestión, administración y diseño de sistemas de información. Formar profesionales capaces de gestionar para dar respuesta a demandas del escenario productivo. Formar profesionales capaces de aplicar sistemáticamente conocimientos técnicos y científicos propios de la ingeniería en computación e informática, entregando solución a los requerimientos de la industria y mercado laboral.","Formar profesionales capaces de aplicar de manera metódica, integrada y contextualizada los conocimientos de la ciencia y tecnologías para la gestión, administración y diseño de sistemas de información. Formar profesionales capaces de gestionar para dar respuesta a demandas del escenario productivo. Formar profesionales capaces de aplicar sistemáticamente conocimientos técnicos y científicos propios de la ingeniería en computación e , entregando solución a los requerimientos de la industria y mercado laboral.",Universidad Andres Bello,Ingenieria en Computacion e Informatica,https://admision.unab.cl/carreras/ingenieria-en-computacion-e-informatica/
33,Civil,3,2,True,"[""Ingeniería Civil Informática"", ""Ingeniería Civil Informática"", ""Ingeniero Civil""]","[""informáticos"", ""Informático""]","¿Cómo es el perfil del egresado de Ingeniería Civil Informática? Quien egrese de la carrera de Ingeniería Civil Informática de la Universidad Autónoma de Chile, es un profesional con formación científica y tecnológica en ciencias básicas, ciencias de la ingeniería y de la ingeniería aplicada para resolver problemas fundamentales y propios de las organizaciones. Es capaz de desempeñarse en el diagnóstico, diseño y gestión, en estructurar y recomendar evaluación de planes para la mejora de resultados de procesos informáticos, tanto en organizaciones de producción de bienes como de servicios, o en sus propios emprendimientos. Considerando los recursos humanos, financieros y tecnológicos, así como también, los aspectos legales, normativos y los distintos agentes que influyen en los procesos de mejora, comunicándolo de manera efectiva mediante el uso de tecnologías disponibles acorde a su profesión. El Ingeniero Civil Informático, posee como sello diferenciador la capacidad de trabajo en equipos multidisciplinarios, bajo un marco de comportamiento ético, responsabilidad social, visión sistemática y de evaluación de riesgos.","¿Cómo es el perfil del egresado de ? Quien egrese de la carrera de de la Universidad Autónoma de Chile, es un profesional con formación científica y tecnológica en ciencias básicas, ciencias de la ingeniería y de la ingeniería aplicada para resolver problemas fundamentales y propios de las organizaciones. Es capaz de desempeñarse en el diagnóstico, diseño y gestión, en estructurar y recomendar evaluación de planes para la mejora de resultados de procesos , tanto en organizaciones de producción de bienes como de servicios, o en sus propios emprendimientos. Considerando los recursos humanos, financieros y tecnológicos, así como también, los aspectos legales, normativos y los distintos agentes que influyen en los procesos de mejora, comunicándolo de manera efectiva mediante el uso de tecnologías disponibles acorde a su profesión. El , posee como sello diferenciador la capacidad de trabajo en equipos multidisciplinarios, bajo un marco de comportamiento ético, responsabilidad social, visión sistemática y de evaluación de riesgos.",Universidad Autonoma de Chile,Ingenieria Civil Informatica,https://admision.uautonoma.cl/carreras/ingenieria-civil-informatica/
34,Informática,0,1,True,[],"[""informáticas""]","El egresado de la Universidad Autónoma de Chile es un profesional que está capacitado para supervisar y gestionar proyectos de tecnologías de información, así como también para diseñar y desarrollar soluciones informáticas integrales, basadas en lenguajes de programación y analítica de datos, que cumplan con los estándares de calidad y seguridad de la información de alcance global, a través de metodologías ágiles de innovación y control de calidad de proyectos TI; contribuyendo a los procesos de transformación digital de las distintas industrias y/u organizaciones de servicio.","El egresado de la Universidad Autónoma de Chile es un profesional que está capacitado para supervisar y gestionar proyectos de tecnologías de información, así como también para diseñar y desarrollar soluciones integrales, basadas en lenguajes de programación y analítica de datos, que cumplan con los estándares de calidad y seguridad de la información de alcance global, a través de metodologías ágiles de innovación y control de calidad de proyectos TI; contribuyendo a los procesos de transformación digital de las distintas industrias y/u organizaciones de servicio.",Universidad Autonoma de Chile,Ingenieria en Informatica,https://admision.uautonoma.cl/carreras/ingenieria-en-informatica-online-regular/
35,Civil,1,2,True,"[""Ingeniería Civil en Computación e Informática""]","[""civil"", ""informática""]","El/la ingeniero/a civil en computación e informática puede desempeñarse en empresas u organizaciones del sector privado y público, ya sea en el rubro tecnológico, financiero, minero y médico, entre otros. También puede ejercer como consultor/a analista, jefe de proyectos, ingeniero/a de desarrollo, gestor de calidad y en el ejercicio independiente de la profesión El/la titulado/a de la carrera de Ingeniería Civil en Computación e Informática de la U. Central es un/a profesional capaz para analizar, diseñar, gestionar y desarrollar proyectos de software, computación aplicada y/o ciencias de datos, y así fortalecer los procesos de toma de decisiones estratégicas. Cuenta con las competencias para elaborar propuestas innovadoras y sostenibles, con el fin de afrontar los desafíos locales y globales. Es un/a profesional capacitado/a para formar equipos multidisciplinarios con una mirada ética y ajustándose a las normas de la ingeniería. Ver perfiles de egreso Ver perfiles de egreso Según el portal nacional de MiFuturo (datos 2024), el primer año de egreso cuenta con un 91% de empleabilidad, cifra que aumenta al 93,9% durante el segundo año de egreso. Edificio Gonzalo Hernández Uribe (GHU), Lord Cochrane 417, Santiago. Estudia con un cuerpo docente de excelencia, en instalaciones especializadas para poner a prueba los conocimientos adquiridos en simulacros reales y en un horario que se acomoda a tus necesidades. Contarás con las pasantías a la Fiscalía Metropolitana Sur y el Conservador de Bienes Raíces de San Miguel, que enriquecerán tu perfil profesional. UCEN Región de Coquimbo, Avda. Fco de Aguirre 0405, La Serena. Capacítate junto a docentes de alto nivel académico y en salas especializadas para la práctica profesional de tus conocimientos. Contarás con pasantías en la Corte de Apelaciones de La Serena, el Conservador de Bienes Raíces de Coquimbo, Servicio Nacional del Consumidor y Notarías, que permitirán enriquecer tus competencias profesionales.","El/la ingeniero/a en computación e puede desempeñarse en empresas u organizaciones del sector privado y público, ya sea en el rubro tecnológico, financiero, minero y médico, entre otros. También puede ejercer como consultor/a analista, jefe de proyectos, ingeniero/a de desarrollo, gestor de calidad y en el ejercicio independiente de la profesión El/la titulado/a de la carrera de de la U. Central es un/a profesional capaz para analizar, diseñar, gestionar y desarrollar proyectos de software, computación aplicada y/o ciencias de datos, y así fortalecer los procesos de toma de decisiones estratégicas. Cuenta con las competencias para elaborar propuestas innovadoras y sostenibles, con el fin de afrontar los desafíos locales y globales. Es un/a profesional capacitado/a para formar equipos multidisciplinarios con una mirada ética y ajustándose a las normas de la ingeniería. Ver perfiles de egreso Ver perfiles de egreso Según el portal nacional de MiFuturo (datos 2024), el primer año de egreso cuenta con un 91% de empleabilidad, cifra que aumenta al 93,9% durante el segundo año de egreso. Edificio Gonzalo Hernández Uribe (GHU), Lord Cochrane 417, Santiago. Estudia con un cuerpo docente de excelencia, en instalaciones especializadas para poner a prueba los conocimientos adquiridos en simulacros reales y en un horario que se acomoda a tus necesidades. Contarás con las pasantías a la Fiscalía Metropolitana Sur y el Conservador de Bienes Raíces de San Miguel, que enriquecerán tu perfil profesional. UCEN Región de Coquimbo, Avda. Fco de Aguirre 0405, La Serena. Capacítate junto a docentes de alto nivel académico y en salas especializadas para la práctica profesional de tus conocimientos. Contarás con pasantías en la Corte de Apelaciones de La Serena, el Conservador de Bienes Raíces de Coquimbo, Servicio Nacional del Consumidor y Notarías, que permitirán enriquecer tus competencias profesionales.",Universidad Central de Chile,Ingenieria Civil en Computacion e Informatica,https://admision.ucentral.cl/carrera/ingenieria-civil-en-computacion-e-informatica/
36,Informática,0,1,True,[],"[""informática""]","Perfil de egreso El/la Ingeniero/a en informática y sistemas inteligentes de la Universidad Central de Chile es un/a profesional que diseña, desarrolla implementa y gestiona soluciones tecnológicas innovadoras, aplicando conocimientos y habilidades en desarrollo e ingeniería de software, proyectos de ciencia de datos y aplicación de inteligencia artificial. Actúa en contextos organizacionales diversos, tanto públicos como privados, contribuyendo a la transformación digital, la eficiencia operativa y la mejora continua, con pensamiento crítico y sustentabilidad, centrada en el usuario. Su formación le permite liderar proyectos tecnológicos, adaptarse a escenarios de rápida evolución digital, trabajar colaborativamente en equipos multidisciplinarios y comunicar efectivamente sus propuestas en ambientes locales y globales con enfoque de género y diversidad.","Perfil de egreso El/la Ingeniero/a en y sistemas inteligentes de la Universidad Central de Chile es un/a profesional que diseña, desarrolla implementa y gestiona soluciones tecnológicas innovadoras, aplicando conocimientos y habilidades en desarrollo e ingeniería de software, proyectos de ciencia de datos y aplicación de inteligencia artificial. Actúa en contextos organizacionales diversos, tanto públicos como privados, contribuyendo a la transformación digital, la eficiencia operativa y la mejora continua, con pensamiento crítico y sustentabilidad, centrada en el usuario. Su formación le permite liderar proyectos tecnológicos, adaptarse a escenarios de rápida evolución digital, trabajar colaborativamente en equipos multidisciplinarios y comunicar efectivamente sus propuestas en ambientes locales y globales con enfoque de género y diversidad.",Universidad Central de Chile,Ingenieria en Informatica y Sistemas Inteligentes,https://advance.ucentral.cl/programas/ingenieria-en-informatica-y-sistemas-inteligentes/
37,Informática,1,4,True,"[""Ingeniería en Informática""]","[""informática"", ""informática"", ""Informática"", ""informática""]","Los titulados de la carrera de Ingeniería en Informática de la Universidad Mayor, se caracterizan por ser profesionales capaces de reflexionar de forma crítica y desempeñar tareas de diversa complejidad. Evidencian capacidad para generar modelos abstractos de una situación particular, que le permitan diseñar e implementar una solución informática adecuada y óptima . Los titulados revelan una capacidad de autoaprendizaje e investigación sobre los avances en las distintas líneas de especialización de la informática, lo que les permite mantenerse actualizados en forma permanente. Esto, sumado a la capacidad de innovar y emprender, les permite diseñar nuevas y mejores formas de realizar tareas profesionales. Capaces de diseñar y desarrollar iniciativas a través de proyectos que requieren liderazgo, trabajo en equipo multidisciplinares, comunicando de forma efectiva sus propósitos para tomar decisiones y asumir riesgos. Son calificados como ejecutivos idóneos para desempeñarse como Jefe de Unidades de Informática en organismos públicos y privados, asesor o consultor en el área de informática para empresas industriales y de servicios .","Los titulados de la carrera de de la Universidad Mayor, se caracterizan por ser profesionales capaces de reflexionar de forma crítica y desempeñar tareas de diversa complejidad. Evidencian capacidad para generar modelos abstractos de una situación particular, que le permitan diseñar e implementar una solución adecuada y óptima . Los titulados revelan una capacidad de autoaprendizaje e investigación sobre los avances en las distintas líneas de especialización de la , lo que les permite mantenerse actualizados en forma permanente. Esto, sumado a la capacidad de innovar y emprender, les permite diseñar nuevas y mejores formas de realizar tareas profesionales. Capaces de diseñar y desarrollar iniciativas a través de proyectos que requieren liderazgo, trabajo en equipo multidisciplinares, comunicando de forma efectiva sus propósitos para tomar decisiones y asumir riesgos. Son calificados como ejecutivos idóneos para desempeñarse como Jefe de Unidades de en organismos públicos y privados, asesor o consultor en el área de para empresas industriales y de servicios .",Universidad Mayor,Ingenieria en Informatica,https://advance.umayor.cl/educacion-online/ingenieria-informatica-plan-regular?utm_source=google&utm_medium=cpa&utm_campaign=SNB_AD_00807156_ON_20267&utm_content=RSA1_ex&utm_term=&gad_source=1&gad_campaignid=23076000607&gbraid=0AAAAADtiOMI1iMfo5ZY2WadRR71Q1zVIJ&gclid=CjwKCAjwhqfPBhBWEiwAZo196q-QOm6zr2L98M0Gp4yAELJa9zXl4ci5MQzLJJrfvV5vChRPKrEUeBoCY6wQAvD_BwE
38,Civil,3,0,True,"[""Ingeniería Civil en Computación e Informática"", ""Ingeniería Civil en Computación e Informática"", ""Ingeniero Civil en Computación e Informática""]",[],"El/la titulado/a de la carrera de Ingeniería Civil en Computación e Informática de la Universidad Mayor es un/a profesional que evidencia competencias con un alto nivel de abstracción en ciencias de la computación, tecnologías de la información y de las organizaciones, para contribuir a nivel local o global en el desarrollo de la sociedad, de organizaciones públicas o privadas, o de sus propios emprendimientos de base tecnológica. Es capaz de: • Construir y gestionar soluciones tecnológicas en sistemas de información, redes de datos y telecomunicaciones; garantizando una adecuada seguridad de la información a nivel técnico, cumpliendo las normas y legislación vigente. • Liderar equipos multidisciplinarios para desarrollar iniciativas transformadoras e innovadoras que requieren análisis de datos relevantes, toma de decisiones y comunicación efectiva, empleando sólidos principios de las ciencias de la ingeniería, ética profesional y responsabilidad social. • Generar proyectos propios de innovación y emprendimiento, relacionados con las tecnologías de la información y comunicaciones para establecer nuevas vías de desarrollo tecnológico-disciplinar. SELLO DE LA CARRERA El sello de la carrera de Ingeniería Civil en Computación e Informática se destaca en la formación de profesionales capaces de generar soluciones integrales, óptimas e innovadoras a necesidades emergentes del medio; respetando aspectos socioculturales, medioambientales y éticos. El/la Ingeniero Civil en Computación e Informática es un(a) profesional capaz de desempeñarse en las áreas de tecnología de información y comunicaciones, en instituciones públicas o privadas tanto nacionales como extranjeras, ejerciendo cargos desde niveles operativos hasta gerenciales, entre los que se destacan programador, analista y desarrollador de aplicaciones, administrador de sistemas y redes, arquitecto de tecnologías de la información, consultor tecnológico y líder de proyectos de TI.","El/la titulado/a de la carrera de de la Universidad Mayor es un/a profesional que evidencia competencias con un alto nivel de abstracción en ciencias de la computación, tecnologías de la información y de las organizaciones, para contribuir a nivel local o global en el desarrollo de la sociedad, de organizaciones públicas o privadas, o de sus propios emprendimientos de base tecnológica. Es capaz de: • Construir y gestionar soluciones tecnológicas en sistemas de información, redes de datos y telecomunicaciones; garantizando una adecuada seguridad de la información a nivel técnico, cumpliendo las normas y legislación vigente. • Liderar equipos multidisciplinarios para desarrollar iniciativas transformadoras e innovadoras que requieren análisis de datos relevantes, toma de decisiones y comunicación efectiva, empleando sólidos principios de las ciencias de la ingeniería, ética profesional y responsabilidad social. • Generar proyectos propios de innovación y emprendimiento, relacionados con las tecnologías de la información y comunicaciones para establecer nuevas vías de desarrollo tecnológico-disciplinar. SELLO DE LA CARRERA El sello de la carrera de se destaca en la formación de profesionales capaces de generar soluciones integrales, óptimas e innovadoras a necesidades emergentes del medio; respetando aspectos socioculturales, medioambientales y éticos. El/la es un(a) profesional capaz de desempeñarse en las áreas de tecnología de información y comunicaciones, en instituciones públicas o privadas tanto nacionales como extranjeras, ejerciendo cargos desde niveles operativos hasta gerenciales, entre los que se destacan programador, analista y desarrollador de aplicaciones, administrador de sistemas y redes, arquitecto de tecnologías de la información, consultor tecnológico y líder de proyectos de TI.",Universidad Mayor,Ingenieria Civil en Computacion e Informatica,https://www.umayor.cl/um/carreras/ingenieria-civil-en-computacion-e-informatica-santiago
39,Civil,1,2,True,"[""Ingeniera Civil en Informática""]","[""Informática"", ""informáticos""]","El Ingeniero o Ingeniera Civil en Informática y Telecomunicaciones es un profesional con liderazgo, actitud emprendedora, creatividad, innovación, pensamiento crítico, visión pluralista y compromiso con los problemas públicos. Posee una sólida formación en Ciencias Básicas, Ciencias de la Ingeniería, Informática, Telecomunicaciones, Planificación y Gestión, considerando siempre el impacto social de las soluciones tecnológicas. Su formación se centra en la creación y gestión integral de productos y sistemas basados en Tecnologías de la Información y Comunicaciones, que incluyen software, bases de datos, redes de comunicación e inteligencia artificial, evaluando su impacto en seguridad y privacidad. Este perfil mixto le permite analizar, diseñar, implementar y operar sistemas informáticos y de telecomunicaciones, así como gestionar proyectos, ocupar cargos ejecutivos en empresas o servicios afines, o emprender sus propios negocios.","El Ingeniero o y Telecomunicaciones es un profesional con liderazgo, actitud emprendedora, creatividad, innovación, pensamiento crítico, visión pluralista y compromiso con los problemas públicos. Posee una sólida formación en Ciencias Básicas, Ciencias de la Ingeniería, , Telecomunicaciones, Planificación y Gestión, considerando siempre el impacto social de las soluciones tecnológicas. Su formación se centra en la creación y gestión integral de productos y sistemas basados en Tecnologías de la Información y Comunicaciones, que incluyen software, bases de datos, redes de comunicación e inteligencia artificial, evaluando su impacto en seguridad y privacidad. Este perfil mixto le permite analizar, diseñar, implementar y operar sistemas y de telecomunicaciones, así como gestionar proyectos, ocupar cargos ejecutivos en empresas o servicios afines, o emprender sus propios negocios.",Universidad Diego Portales,Ingenieria Civil en Informatica y Telecomunicaciones,https://admision.udp.cl/carrera/ingenieria-civil-en-informatica-y-telecomunicaciones/
40,Informática,1,3,True,"[""Ingeniería en Informática""]","[""informáticas"", ""informática"", ""informáticas""]","Quienes egresan de Ingeniería en Informática y Gestión de la Universidad Diego Portales son profesionales con formación para gestionar proyectos y soluciones tecnológicas con una visión sistémica y en función de los objetivos organizacionales, destacándose por una actitud reflexiva, crítica, inclusiva y comprometida con los problemas de la esfera pública, contribuyendo a la viabilidad y sustentabilidad de la organización. Su formación les permite relacionar datos empresariales para apoyar la toma de decisiones con un enfoque de calidad, ética y responsabilidad social empresarial, con el fin de resolver problemas y/o necesidades de la organización, adaptándose a la innovación tecnológica y atendiendo a las oportunidades de negocio. A su vez, lideran equipos de trabajo interdisciplinarios para desarrollar y administrar soluciones informáticas, así como gestionar los recursos con el fin de hacer un uso eficiente de ellos, contribuyendo al cumplimiento de los objetivos organizacionales mediante soluciones tecnológicas. Resultados de Aprendizaje Ámbito de Desempeño: Proyectos Tecnológicos Gestionar tecnologías de la información y comunicaciones en función de los objetivos organizacionales, con visión sistémica y énfasis en la mejora de procesos, la transformación digital y el buen uso de la infraestructura tecnológica operativa de la organización, tanto de redes, como de software y hardware. Gestionar proyectos tecnológicos en un contexto de innovación, considerando la normativa legal vigente, la responsabilidad social y ambiental activa, la seguridad informática y de la información, enmarcándose la aplicación de buenas prácticas. Resultados de Aprendizaje Ámbito de Desempeño: Soluciones Tecnológicas Empresariales Gestionar soluciones tecnológicas para la resolución de problemáticas y/o necesidades de las organizaciones, considerando las oportunidades de negocio, la cultura organizativa, cambios en los procesos, desafíos de la organización y la mejora continua. Relacionar datos empresariales para apoyar la toma de decisiones y la estrategia empresarial, considerando procedimientos y protocolos de protección y resguardo de la información y los datos. Resultados de Aprendizaje Ámbito de Desempeño: Gestión de Recursos Liderar equipos de trabajo multidisciplinarios para el desarrollo y administración de soluciones informáticas en diversos tipos de organizaciones, considerando la mejora continua y el reconocimiento del talento de las personas. Gestionar recursos empresariales, a través de soluciones tecnológicas, buenas prácticas y el uso adecuado del tiempo y del presupuesto, con el fin de utilizarlos de manera eficiente y contribuir al logro de los objetivos organizacionales.","Quienes egresan de y Gestión de la Universidad Diego Portales son profesionales con formación para gestionar proyectos y soluciones tecnológicas con una visión sistémica y en función de los objetivos organizacionales, destacándose por una actitud reflexiva, crítica, inclusiva y comprometida con los problemas de la esfera pública, contribuyendo a la viabilidad y sustentabilidad de la organización. Su formación les permite relacionar datos empresariales para apoyar la toma de decisiones con un enfoque de calidad, ética y responsabilidad social empresarial, con el fin de resolver problemas y/o necesidades de la organización, adaptándose a la innovación tecnológica y atendiendo a las oportunidades de negocio. A su vez, lideran equipos de trabajo interdisciplinarios para desarrollar y administrar soluciones , así como gestionar los recursos con el fin de hacer un uso eficiente de ellos, contribuyendo al cumplimiento de los objetivos organizacionales mediante soluciones tecnológicas. Resultados de Aprendizaje Ámbito de Desempeño: Proyectos Tecnológicos Gestionar tecnologías de la información y comunicaciones en función de los objetivos organizacionales, con visión sistémica y énfasis en la mejora de procesos, la transformación digital y el buen uso de la infraestructura tecnológica operativa de la organización, tanto de redes, como de software y hardware. Gestionar proyectos tecnológicos en un contexto de innovación, considerando la normativa legal vigente, la responsabilidad social y ambiental activa, la seguridad y de la información, enmarcándose la aplicación de buenas prácticas. Resultados de Aprendizaje Ámbito de Desempeño: Soluciones Tecnológicas Empresariales Gestionar soluciones tecnológicas para la resolución de problemáticas y/o necesidades de las organizaciones, considerando las oportunidades de negocio, la cultura organizativa, cambios en los procesos, desafíos de la organización y la mejora continua. Relacionar datos empresariales para apoyar la toma de decisiones y la estrategia empresarial, considerando procedimientos y protocolos de protección y resguardo de la información y los datos. Resultados de Aprendizaje Ámbito de Desempeño: Gestión de Recursos Liderar equipos de trabajo multidisciplinarios para el desarrollo y administración de soluciones en diversos tipos de organizaciones, considerando la mejora continua y el reconocimiento del talento de las personas. Gestionar recursos empresariales, a través de soluciones tecnológicas, buenas prácticas y el uso adecuado del tiempo y del presupuesto, con el fin de utilizarlos de manera eficiente y contribuir al logro de los objetivos organizacionales.",Universidad Diego Portales,Ingenieria en Informatica y Gestion,https://admision.udp.cl/carrera/ingenieria-en-informatica-y-gestion/
41,Civil,2,1,True,"[""Ingeniería Civil en Informática"", ""ingeniería informática""]","[""informáticos""]","Los Objetivos Educacionales del Programa de Ingeniería Civil en Informática buscan formar: Profesionales con altas competencias técnicas y conocimientos en el área de la ingeniería informática, que se destacan por su capacidad para gestionar sistemas y procesos informáticos con el fin de alinearlos con la estrategia de la organización, así como para emprender e innovar en el campo de las tecnologías de la información. Ingenieros e ingenieras con múltiples habilidades esenciales, incluyendo la comunicación efectiva, el liderazgo y el trabajo colaborativo, para satisfacer las necesidades actuales de la sociedad. Graduados y graduadas capaces de desempeñarse como ejecutivos de negocios, emprendedores o funcionarios de instituciones públicas o privadas, con una búsqueda constante de nuevos aprendizajes. Profesionales resilientes comprometidos con la búsqueda de nuevos conocimientos y competencias técnicas para la implementación de soluciones innovadoras.","Los Objetivos Educacionales del Programa de buscan formar: Profesionales con altas competencias técnicas y conocimientos en el área de la , que se destacan por su capacidad para gestionar sistemas y procesos con el fin de alinearlos con la estrategia de la organización, así como para emprender e innovar en el campo de las tecnologías de la información. Ingenieros e ingenieras con múltiples habilidades esenciales, incluyendo la comunicación efectiva, el liderazgo y el trabajo colaborativo, para satisfacer las necesidades actuales de la sociedad. Graduados y graduadas capaces de desempeñarse como ejecutivos de negocios, emprendedores o funcionarios de instituciones públicas o privadas, con una búsqueda constante de nuevos aprendizajes. Profesionales resilientes comprometidos con la búsqueda de nuevos conocimientos y competencias técnicas para la implementación de soluciones innovadoras.",Universidad Adolfo Ibanez,Ingenieria Civil Informatica,https://www.uai.cl/admision/carreras/ingenieria-civil-informatica
42,Civil,1,2,True,"[""Ingeniero Civil en Informática""]","[""informática"", ""informática""]","Perfil de Egreso La carrera se imparte en la sede Santiago y Concepción, tiene una duración de 10 semestres, con un programa formativo que desarrolla habilidades para identificar y resolver problemas complejos mediante el uso avanzado y combinado de las tecnologías de la información e inteligencia artificial, siendo capaz de aplicar dichos conocimientos a la planificación, diseño y gestión de proyectos de informática e innovación en todas las etapas del ciclo de vida de estos. El perfil de egreso incluye: El Ingeniero Civil en Informática e Innovación Tecnológica de la Universidad del Desarrollo, es un profesional que posee sólidos conocimientos de las ciencias básicas, fundamentos de la ingeniería, tecnologías de la información y emergentes como inteligencia artificial . A la capacidad teórica desarrollada, se le suma un entrenamiento altamente experiencial y práctico , desarrollados durante el trabajo en las empresas socias del programa. Este profesional podrá resolver problemas complejos con el apoyo del manejo de tecnologías de punta , para mejorar la calidad de vida de las personas, incrementar y crear valor de los negocios , como también aumentar la productividad y eficiencia de las organizaciones en general. Puede así realizar un aporte concreto a un mundo más sustentable y sostenible , desde una perspectiva innovadora, emprendedora, global y ética . Se caracterizan por su capacidad de concebir y liderar procesos creativos de impacto concreto y medible, de forma colaborativa, interdisciplinaria y ágil . Junto a las competencias técnicas y profesionales obtenidas durante sus estudios, es capaz de aplicar dichos conocimientos a la planificación, diseño y gestión de proyectos de informática e innovación en todas las etapas del ciclo de vida de estos.","Perfil de Egreso La carrera se imparte en la sede Santiago y Concepción, tiene una duración de 10 semestres, con un programa formativo que desarrolla habilidades para identificar y resolver problemas complejos mediante el uso avanzado y combinado de las tecnologías de la información e inteligencia artificial, siendo capaz de aplicar dichos conocimientos a la planificación, diseño y gestión de proyectos de e innovación en todas las etapas del ciclo de vida de estos. El perfil de egreso incluye: El e Innovación Tecnológica de la Universidad del Desarrollo, es un profesional que posee sólidos conocimientos de las ciencias básicas, fundamentos de la ingeniería, tecnologías de la información y emergentes como inteligencia artificial . A la capacidad teórica desarrollada, se le suma un entrenamiento altamente experiencial y práctico , desarrollados durante el trabajo en las empresas socias del programa. Este profesional podrá resolver problemas complejos con el apoyo del manejo de tecnologías de punta , para mejorar la calidad de vida de las personas, incrementar y crear valor de los negocios , como también aumentar la productividad y eficiencia de las organizaciones en general. Puede así realizar un aporte concreto a un mundo más sustentable y sostenible , desde una perspectiva innovadora, emprendedora, global y ética . Se caracterizan por su capacidad de concebir y liderar procesos creativos de impacto concreto y medible, de forma colaborativa, interdisciplinaria y ágil . Junto a las competencias técnicas y profesionales obtenidas durante sus estudios, es capaz de aplicar dichos conocimientos a la planificación, diseño y gestión de proyectos de e innovación en todas las etapas del ciclo de vida de estos.",Universidad del Desarrollo,Ingenieria Civil en Informatica e Innovacion Tecnologica,https://ingenieria.udd.cl/carrera/ingenieria-civil-en-informatica-e-innovacion-tecnologica/perfil-del-alumno/
43,Civil,1,1,True,"[""Ingeniero Civil en Informática""]","[""informática""]","El modelo educativo de nuestra carrera, posee una línea – única en el país – de aprendizaje experiencial trabajando en la empresa . La carrera se imparte en la sede Santiago, tiene una duración de 10 semestres, con un programa formativo que desarrolla habilidades para identificar y resolver problemas complejos mediante el uso avanzado y combinado de las tecnologías de la información e inteligencia artificial , siendo capaz de aplicar dichos conocimientos a la planificación, diseño y gestión de proyectos de informática e innovación en todas las etapas del ciclo de vida de estos. La carrera, otorga el Grado Académico de Licenciado(a) en Ciencias al completar el 4° año, y el Título de Ingeniero Civil en Informática e Inteligencia Artificial al término del 5° año, una vez cumplidos los requisitos del Plan de Estudios. Ver malla","El modelo educativo de nuestra carrera, posee una línea – única en el país – de aprendizaje experiencial trabajando en la empresa . La carrera se imparte en la sede Santiago, tiene una duración de 10 semestres, con un programa formativo que desarrolla habilidades para identificar y resolver problemas complejos mediante el uso avanzado y combinado de las tecnologías de la información e inteligencia artificial , siendo capaz de aplicar dichos conocimientos a la planificación, diseño y gestión de proyectos de e innovación en todas las etapas del ciclo de vida de estos. La carrera, otorga el Grado Académico de Licenciado(a) en Ciencias al completar el 4° año, y el Título de e Inteligencia Artificial al término del 5° año, una vez cumplidos los requisitos del Plan de Estudios. Ver malla",Universidad del Desarrollo,Ingenieria Civil en Informatica e Inteligencia Artificial,https://ingenieria.udd.cl/carrera/ingenieria-civil-en-informatica-e-inteligencia-artificial/malla/
44,Civil,2,0,True,"[""Ingeniera Civil en Informática"", ""ingeniería informática""]",[],"El Ingeniero o Ingeniera Civil en Informática y Telecomunicaciones de la U. Finis Terrae demuestra una sólida formación ética, competencias para liderar equipos de trabajo multidisciplinarios y resolver problemas complejos en los ámbitos de ciencias de datos, sistemas de información, ingeniería de software, robótica, redes y sistemas digitales, con el propósito de alinearlos a la estrategia de la organización desarrollando soluciones en el contexto de las tecnologías de información y telecomunicaciones, transformación digital, y desarrollo sostenible. Se reconoce por ser una persona formada en la búsqueda de la verdad, la promoción del bien común y el reconocimiento de la trascendencia. Comprende los principios de un comportamiento ético y socialmente responsable, centrado en las personas y orientado al servicio de la sociedad desde su profesión. Las competencias alcanzadas en el perfil de egreso de título profesional son: Diseña soluciones aplicando conocimientos de ciencia de datos y sistemas de información, siguiendo un método sistemático en el contexto de una organización, aplicando conocimientos de matemática, ciencias de la ingeniería e ingeniería informática. Diseña, configura y opera sistemas de redes de computadores y servicios de telecomunicaciones, en el contexto de generación de valor en una organización. Lidera proyectos en forma colaborativa en contextos organizacionales, fomentando el trabajo en equipo, orientado a un alto desempeño, siguiendo métodos sistemáticos teóricos y prácticos, con compromiso social, ético y ambiental. Colabora en proyectos de investigación básica y aplicada, utilizando herramientas metodológicas de la ingeniería para la contribución de generación de conocimientos.","El Ingeniero o y Telecomunicaciones de la U. Finis Terrae demuestra una sólida formación ética, competencias para liderar equipos de trabajo multidisciplinarios y resolver problemas complejos en los ámbitos de ciencias de datos, sistemas de información, ingeniería de software, robótica, redes y sistemas digitales, con el propósito de alinearlos a la estrategia de la organización desarrollando soluciones en el contexto de las tecnologías de información y telecomunicaciones, transformación digital, y desarrollo sostenible. Se reconoce por ser una persona formada en la búsqueda de la verdad, la promoción del bien común y el reconocimiento de la trascendencia. Comprende los principios de un comportamiento ético y socialmente responsable, centrado en las personas y orientado al servicio de la sociedad desde su profesión. Las competencias alcanzadas en el perfil de egreso de título profesional son: Diseña soluciones aplicando conocimientos de ciencia de datos y sistemas de información, siguiendo un método sistemático en el contexto de una organización, aplicando conocimientos de matemática, ciencias de la ingeniería e . Diseña, configura y opera sistemas de redes de computadores y servicios de telecomunicaciones, en el contexto de generación de valor en una organización. Lidera proyectos en forma colaborativa en contextos organizacionales, fomentando el trabajo en equipo, orientado a un alto desempeño, siguiendo métodos sistemáticos teóricos y prácticos, con compromiso social, ético y ambiental. Colabora en proyectos de investigación básica y aplicada, utilizando herramientas metodológicas de la ingeniería para la contribución de generación de conocimientos.",Universidad Finis Terrae,Ingenieria Civil en Informatica y Telecomunicaciones,https://admision.finis.cl/carrera/ingenieria-civil-informatica-y-telecomunicaciones/
45,Civil,1,0,True,"[""Ingeniería Civil""]",[],"Descripción de la Carrera La sociedad necesita ingenieros e ingenieras con una sólida base disciplinar y técnica que posean una fuerte formación social y humanista para responder a los desafíos del desarrollo sostenible en un mundo complejo y dinámico. Ingeniería Civil Industrial centra su mirada en la ciencia de la ingeniería incorporando, de manera integral, una cultura empresarial y emprendedora con altos valores éticos, sentido de responsabilidad y bien común. La carrera combina la formación clásica de base científico-tecnológica con las nuevas tecnologías relacionadas al mundo digital, lo que permite que sus estudiantes adquieran conocimiento técnico al mismo tiempo que habilidades sociales y de gestión para resolver los problemas que demanda la sociedad en términos de sostenibilidad económica, social y medioambiental. La formación a través de prácticas, proyectos, casos de estudio, colaboraciones con empresas y trabajo en equipo, permitirá que las y los estudiantes puedan enfrentarse a situaciones reales que viven las organizaciones, las y los usuarios/as y la sociedad. El programa se enfoca en formar personas que puedan participar activamente en la resolución de problemas complejos, poco frecuentes, que requieren conocimientos profundos de Ingeniería Industrial. Esta carrera otorga una visión de la transformación digital, permitiendo así el diseño, análisis y mejoras de sistemas integrados que producen o proveen productos y/o servicios técnicos, económicos y ambientalmente sostenibles.Aprenderás a integrar las tecnologías digitales en los procesos de la empresa y a construir nuevos modelos de negocio. Experiencia de aprendizaje • La carrera dura 5 años y se adapta a la nueva forma del trabajo. • Las ingenierías UAH permiten desarrollar una metodología ágil que incorpora experiencias prácticas. • La estructura curricular cuenta con cursos de formación en todas las áreas de la ingeniería: ciencias básicas, ciencias de la ingeniería, ingeniería aplicada y formación general. • Cursos de Proyectos: para promover la movilización, articulación, e integración del conocimiento de los y las estudiantes, facilitando el desarrollo de las habilidades necesarias para el ejercicio profesional. • Talleres: que favorecen la formación específica de habilidades personales e interpersonales, tales como, ética, comunicación o inglés.","Descripción de la Carrera La sociedad necesita ingenieros e ingenieras con una sólida base disciplinar y técnica que posean una fuerte formación social y humanista para responder a los desafíos del desarrollo sostenible en un mundo complejo y dinámico. Industrial centra su mirada en la ciencia de la ingeniería incorporando, de manera integral, una cultura empresarial y emprendedora con altos valores éticos, sentido de responsabilidad y bien común. La carrera combina la formación clásica de base científico-tecnológica con las nuevas tecnologías relacionadas al mundo digital, lo que permite que sus estudiantes adquieran conocimiento técnico al mismo tiempo que habilidades sociales y de gestión para resolver los problemas que demanda la sociedad en términos de sostenibilidad económica, social y medioambiental. La formación a través de prácticas, proyectos, casos de estudio, colaboraciones con empresas y trabajo en equipo, permitirá que las y los estudiantes puedan enfrentarse a situaciones reales que viven las organizaciones, las y los usuarios/as y la sociedad. El programa se enfoca en formar personas que puedan participar activamente en la resolución de problemas complejos, poco frecuentes, que requieren conocimientos profundos de Ingeniería Industrial. Esta carrera otorga una visión de la transformación digital, permitiendo así el diseño, análisis y mejoras de sistemas integrados que producen o proveen productos y/o servicios técnicos, económicos y ambientalmente sostenibles.Aprenderás a integrar las tecnologías digitales en los procesos de la empresa y a construir nuevos modelos de negocio. Experiencia de aprendizaje • La carrera dura 5 años y se adapta a la nueva forma del trabajo. • Las ingenierías UAH permiten desarrollar una metodología ágil que incorpora experiencias prácticas. • La estructura curricular cuenta con cursos de formación en todas las áreas de la ingeniería: ciencias básicas, ciencias de la ingeniería, ingeniería aplicada y formación general. • Cursos de Proyectos: para promover la movilización, articulación, e integración del conocimiento de los y las estudiantes, facilitando el desarrollo de las habilidades necesarias para el ejercicio profesional. • Talleres: que favorecen la formación específica de habilidades personales e interpersonales, tales como, ética, comunicación o inglés.",Universidad Alberto Hurtado,Ingenieria Civil en Informatica,https://admision.uahurtado.cl/carreras/ingenieria-civil-plan-comun-informatica/
46,Civil,0,0,False,[],[],"Buscamos formar ingenieros de excelencia, capaces de liderar proyectos que ayuden en el desarrollo del país, por medio del conocimiento profundo de la ingeniería, la perseverancia y esfuerzo en su trabajo. Con capacidad de identificar problemas, y con curiosidad por aprender y adquirir conocimientos y herramientas para proveer mejores soluciones. Nuestros alumnos se identifican por su capacidad de inserción en diferentes entornos, por su orden y eficiencia, por su capacidad de comunicación, y por su multidisciplinariedad. Nuestro objetivo como facultad, es contribuir a la formación de profesionales que quieran colaborar y vincularse con la industria y sus necesidades.","Buscamos formar ingenieros de excelencia, capaces de liderar proyectos que ayuden en el desarrollo del país, por medio del conocimiento profundo de la ingeniería, la perseverancia y esfuerzo en su trabajo. Con capacidad de identificar problemas, y con curiosidad por aprender y adquirir conocimientos y herramientas para proveer mejores soluciones. Nuestros alumnos se identifican por su capacidad de inserción en diferentes entornos, por su orden y eficiencia, por su capacidad de comunicación, y por su multidisciplinariedad. Nuestro objetivo como facultad, es contribuir a la formación de profesionales que quieran colaborar y vincularse con la industria y sus necesidades.",Universidad de los Andes,Ingenieria Civil en Ciencias de la Computacion,https://admision.uandes.cl/carreras/area-ingenieria-y-administracion/ingenieria-civil-en-ciencias-de-la-computacion
47,Civil,0,0,False,[],[],"La Escuela de Negocios y Tecnología ofrece este programa en modalidad presencial formando al estudiante en las ciencias básicas de la ingeniería, comprendiendo las áreas numéricas, tecnológicas y física, incorporando el desarrollo de la capacidad analítica y metodológica de proyectos tecnológicos, el dominio del idioma inglés y un componente administrativo gerencial que le permitirá desempeñarse como líder de cualquier departamento. Además permitirá que el nuevo profesional tenga las herramientas necesarias para la creación de productos de innovación y uso de nuevas tecnologías en BigData, Machine Learning, Cloud Computing, Inteligencia Artificial, Ciber Seguridad, Smart Cities, entre otros; siendo validado a través de alianzas estratégicas con empresas de certificación internacional incluidas dentro del plan de estudio.","La Escuela de Negocios y Tecnología ofrece este programa en modalidad presencial formando al estudiante en las ciencias básicas de la ingeniería, comprendiendo las áreas numéricas, tecnológicas y física, incorporando el desarrollo de la capacidad analítica y metodológica de proyectos tecnológicos, el dominio del idioma inglés y un componente administrativo gerencial que le permitirá desempeñarse como líder de cualquier departamento. Además permitirá que el nuevo profesional tenga las herramientas necesarias para la creación de productos de innovación y uso de nuevas tecnologías en BigData, Machine Learning, Cloud Computing, Inteligencia Artificial, Ciber Seguridad, Smart Cities, entre otros; siendo validado a través de alianzas estratégicas con empresas de certificación internacional incluidas dentro del plan de estudio.",Universidad Gabriela Mistral,Ingenieria Civil en Informatica,https://admision.ugm.cl/carreras/ingenieria-civil-informatica/
48,Informática,2,2,True,"[""Ingeniero en Informática"", ""Ingeniero en Informática""]","[""informáticos"", ""informáticos""]","Perfil de Egreso El Ingeniero en Informática del Instituto Profesional INACAP desarrolla e implementa soluciones integrales basadas en metodologías de la ingeniería de software, gestiona recursos técnicos, económicos, humanos, y marcos de desarrollo seguro. Además, lidera proyectos informáticos definidos en la planificación estratégica, brindando soluciones tecnológicas de diversa índole y siguiendo las metodologías de gestión de las Tecnologías de la Información, en función de las necesidades del sector productivo. Mediante su trabajo aporta al desarrollo del país, incorporando tecnologías de vanguardia para facilitar la transformación digital, promoviendo la eficiencia y la innovación en los procesos de distintas organizaciones. Las competencias de un Ingeniero en Informática del Instituto Profesional INACAP al egresar son: - Implementa soluciones integrales basadas en metodologías de la ingeniería de software y marcos de desarrollos seguro en función a las necesidades del sector productivo. - Lidera proyectos informáticos definidos en la planificación estratégica para dar soluciones tecnológicas de diversa índole, de acuerdo a las metodologías de desarrollo. - Realiza gestión de datos y entrenamiento en sistemas automatizados e inteligencia artificial, considerando distintas plataformas y el estándar de la industria. Las competencias transversales de INACAP te distinguirán en el mundo del trabajo y, sumadas a las competencias específicas de la carrera, servirán para integrarte al mercado laboral y desarrollarte profesionalmente. Las competencias transversales que desarrollarás en este programa de estudio son: - Resolución de Problemas, innovación y emprendimiento, enfocada a identificar y abordar problemas, oportunidades, para desarrollar soluciones tecnológicas innovadoras y emprendedoras. - Ética y Ciudadanía, enfocada en las implicaciones sociales y ambientales de la toma de decisiones y gestión de proyectos tecnológicos. - Aprendizaje Continuo, enfocado en la actualización continua de los profesionales para responder a la evolución constante de la Industria y de las tecnologías. - Trabajo Colaborativo y Comunicación, enfocado en la colaboración y comunicación efectiva con el equipo interno y los clientes, en diferentes contextos para la gestión de soluciones tecnológicas pertinentes. El egresado podrá continuar su Trayectoria Formativa articulando con cursos y/o diplomados de educación continua asociados a las tendencias del sector productivo. Este programa se alinea a las necesidades del sector productivo y de servicios, considerando la contextualización de cualificaciones sectoriales del marco Español a la realidad nacional.","Perfil de Egreso El del Instituto Profesional INACAP desarrolla e implementa soluciones integrales basadas en metodologías de la ingeniería de software, gestiona recursos técnicos, económicos, humanos, y marcos de desarrollo seguro. Además, lidera proyectos definidos en la planificación estratégica, brindando soluciones tecnológicas de diversa índole y siguiendo las metodologías de gestión de las Tecnologías de la Información, en función de las necesidades del sector productivo. Mediante su trabajo aporta al desarrollo del país, incorporando tecnologías de vanguardia para facilitar la transformación digital, promoviendo la eficiencia y la innovación en los procesos de distintas organizaciones. Las competencias de un del Instituto Profesional INACAP al egresar son: - Implementa soluciones integrales basadas en metodologías de la ingeniería de software y marcos de desarrollos seguro en función a las necesidades del sector productivo. - Lidera proyectos definidos en la planificación estratégica para dar soluciones tecnológicas de diversa índole, de acuerdo a las metodologías de desarrollo. - Realiza gestión de datos y entrenamiento en sistemas automatizados e inteligencia artificial, considerando distintas plataformas y el estándar de la industria. Las competencias transversales de INACAP te distinguirán en el mundo del trabajo y, sumadas a las competencias específicas de la carrera, servirán para integrarte al mercado laboral y desarrollarte profesionalmente. Las competencias transversales que desarrollarás en este programa de estudio son: - Resolución de Problemas, innovación y emprendimiento, enfocada a identificar y abordar problemas, oportunidades, para desarrollar soluciones tecnológicas innovadoras y emprendedoras. - Ética y Ciudadanía, enfocada en las implicaciones sociales y ambientales de la toma de decisiones y gestión de proyectos tecnológicos. - Aprendizaje Continuo, enfocado en la actualización continua de los profesionales para responder a la evolución constante de la Industria y de las tecnologías. - Trabajo Colaborativo y Comunicación, enfocado en la colaboración y comunicación efectiva con el equipo interno y los clientes, en diferentes contextos para la gestión de soluciones tecnológicas pertinentes. El egresado podrá continuar su Trayectoria Formativa articulando con cursos y/o diplomados de educación continua asociados a las tendencias del sector productivo. Este programa se alinea a las necesidades del sector productivo y de servicios, considerando la contextualización de cualificaciones sectoriales del marco Español a la realidad nacional.",INACAP,Ingenieria en Informatica,https://portal.inacap.cl/carreras/area-informatica-ciberseguridad-y-telecomunicaciones/ingenieria-en-informatica
49,Informática,1,3,True,"[""Ingeniería en Informática""]","[""Informática"", ""informáticas"", ""informáticos""]","Descripción del Perfil de Egreso El(la) Ingeniero(a) en Informática de Duoc UC diseña, desarrolla, implementa y despliega soluciones informáticas, resolviendo problemas complejos en su área de especialización profesional. En este contexto, evalúa y aplica estándares, marcos de trabajo y regulatorios, tecnologías y metodologías. Cuenta con una cultura de innovación y trabaja colaborativamente para evaluar y gestionar proyectos informáticos interdisciplinarios, integrando la capacidad analítica y pensamiento crítico, que le permite comprender y resolver las necesidades de las organizaciones. Integra en su que hacer la ética profesional y el aprendizaje permanente. Se comunica a través de distintos medios en diversos contextos en un entorno global. Posee una formación centrada en las personas, con una mirada trascendente, desde la visión cristiana, que da sentido a la vida y contribuye al bien común de la sociedad. Descripción del Campo Ocupacional El campo laboral de Ingeniería en Informática mención en Desarrollo de Software, considera organizaciones de todo tipo, en donde la transformación digital esté presente. Él o la profesional podrá desenvolverse en áreas como la ingeniería de requisitos, calidad de software, bases de datos, Desarrollo Front End, Desarrollo Back End, Desarrollo FullStack, Project Manager o Scrum Master. En su desempeño interactúa con equipos multidisciplinarios en diversas industrias, startups o de forma independiente, realizando proyectos o asesorías de consultoría en el área de desarrollo de software. Competencias del Perfil de Egreso Competencias de la Carrera Diseñar y generar soluciones de software innovadoras y de calidad, aplicando el ciclo de vida de éste, según las características del proyecto, las mejores prácticas de la industria y sus estándares de calidad. Diseñar y generar soluciones que permitan resolver los requerimientos de información en el contexto de las organizaciones, considerando bases de datos relacionales y no relacionales. Diseñar y adaptar los procesos de ingeniería de requisitos, a través del uso de metodologías de vanguardia y estándares de la industria, para el desarrollo de soluciones TI complejas, innovadoras y de calidad. Evaluar y gestionar proyectos en su área de especialización profesional, durante todo el ciclo de vida, de acuerdo a buenas prácticas y utilizando metodologías y herramientas de software, para cumplir con los requerimientos de la organización en contextos tradicionales y ágiles. Diseñar soluciones de software, abarcando todo el ciclo de vida de éste, de acuerdo a estándares, marcos de trabajo y regulatorios, tecnologías y metodologías que promueven la innovación, con foco en la calidad, seguridad y sostenibilidad del proyecto. Desarrollar proyectos de software innovadores para plataformas y dispositivos móviles, por medio de marcos de trabajo, herramientas de desarrollo, lenguajes de programación y buenas prácticas de la industria del desarrollo de software.","Descripción del Perfil de Egreso El(la) Ingeniero(a) en de Duoc UC diseña, desarrolla, implementa y despliega soluciones , resolviendo problemas complejos en su área de especialización profesional. En este contexto, evalúa y aplica estándares, marcos de trabajo y regulatorios, tecnologías y metodologías. Cuenta con una cultura de innovación y trabaja colaborativamente para evaluar y gestionar proyectos interdisciplinarios, integrando la capacidad analítica y pensamiento crítico, que le permite comprender y resolver las necesidades de las organizaciones. Integra en su que hacer la ética profesional y el aprendizaje permanente. Se comunica a través de distintos medios en diversos contextos en un entorno global. Posee una formación centrada en las personas, con una mirada trascendente, desde la visión cristiana, que da sentido a la vida y contribuye al bien común de la sociedad. Descripción del Campo Ocupacional El campo laboral de mención en Desarrollo de Software, considera organizaciones de todo tipo, en donde la transformación digital esté presente. Él o la profesional podrá desenvolverse en áreas como la ingeniería de requisitos, calidad de software, bases de datos, Desarrollo Front End, Desarrollo Back End, Desarrollo FullStack, Project Manager o Scrum Master. En su desempeño interactúa con equipos multidisciplinarios en diversas industrias, startups o de forma independiente, realizando proyectos o asesorías de consultoría en el área de desarrollo de software. Competencias del Perfil de Egreso Competencias de la Carrera Diseñar y generar soluciones de software innovadoras y de calidad, aplicando el ciclo de vida de éste, según las características del proyecto, las mejores prácticas de la industria y sus estándares de calidad. Diseñar y generar soluciones que permitan resolver los requerimientos de información en el contexto de las organizaciones, considerando bases de datos relacionales y no relacionales. Diseñar y adaptar los procesos de ingeniería de requisitos, a través del uso de metodologías de vanguardia y estándares de la industria, para el desarrollo de soluciones TI complejas, innovadoras y de calidad. Evaluar y gestionar proyectos en su área de especialización profesional, durante todo el ciclo de vida, de acuerdo a buenas prácticas y utilizando metodologías y herramientas de software, para cumplir con los requerimientos de la organización en contextos tradicionales y ágiles. Diseñar soluciones de software, abarcando todo el ciclo de vida de éste, de acuerdo a estándares, marcos de trabajo y regulatorios, tecnologías y metodologías que promueven la innovación, con foco en la calidad, seguridad y sostenibilidad del proyecto. Desarrollar proyectos de software innovadores para plataformas y dispositivos móviles, por medio de marcos de trabajo, herramientas de desarrollo, lenguajes de programación y buenas prácticas de la industria del desarrollo de software.",Duoc UC,Ingenieria en Informatica,https://www.duoc.cl/carreras/ingenieria-en-informatica/
50,Informática,1,3,True,"[""Ingeniería en Informática""]","[""informáticas"", ""informática"", ""informáticos""]","El/la profesional de Ingeniería en Informática está preparado/a para diseñar, desarrollar e implementar sistemas y soluciones informáticas que respondan a las necesidades tecnológicas de las organizaciones. Su formación le permite abordar el ciclo completo del desarrollo de software , incorporando la programación informática , metodologías de trabajo, pruebas, aseguramiento de la calidad y criterios de seguridad de la información. Asimismo, está capacitado/a para analizar y diseñar sistemas, integrando componentes tecnológicos, bases de datos y plataformas digitales con una visión orientada al usuario y al cumplimiento de estándares técnicos. Puede formular, evaluar y gestionar proyectos informáticos, colaborar en equipos multidisciplinarios y apoyar la toma de decisiones tecnológicas de acuerdo con los requerimientos del cliente y los objetivos de la organización. Su labor se desarrolla en un contexto de constante evolución tecnológica, aportando a la mejora de procesos, la eficiencia operativa y la transformación digital de las organizaciones. Para ello, actúa conforme a principios éticos, criterios de calidad técnica y una actualización permanente de sus conocimientos.","El/la profesional de está preparado/a para diseñar, desarrollar e implementar sistemas y soluciones que respondan a las necesidades tecnológicas de las organizaciones. Su formación le permite abordar el ciclo completo del desarrollo de software , incorporando la programación , metodologías de trabajo, pruebas, aseguramiento de la calidad y criterios de seguridad de la información. Asimismo, está capacitado/a para analizar y diseñar sistemas, integrando componentes tecnológicos, bases de datos y plataformas digitales con una visión orientada al usuario y al cumplimiento de estándares técnicos. Puede formular, evaluar y gestionar proyectos , colaborar en equipos multidisciplinarios y apoyar la toma de decisiones tecnológicas de acuerdo con los requerimientos del cliente y los objetivos de la organización. Su labor se desarrolla en un contexto de constante evolución tecnológica, aportando a la mejora de procesos, la eficiencia operativa y la transformación digital de las organizaciones. Para ello, actúa conforme a principios éticos, criterios de calidad técnica y una actualización permanente de sus conocimientos.",AIEP,Ingenieria en Informatica,https://www.aiep.cl/admision/carrera/ingenieria-en-informatica/
51,Informática,0,1,True,[],"[""informáticos""]","Las y los titulados de Santo Tomás son profesionales preparados para desarrollar soluciones de software a problemáticas contextualizadas de la industria y/o sociedad, utilizando, difundiendo y evaluando tecnologías emergentes, gestionar proyectos informáticos de mediana envergadura de acuerdo a las definiciones y requerimientos de la organización en función de buenas prácticas de la industria, utilizando estándares y metodologías pertinentes, y realizar analítica de datos con la finalidad de la visualización y presentación de éstos para la toma de decisiones y mejora continua en las organizaciones. Adicionalmente, son capaces de colaborar con equipos de trabajo, generando espacios de reflexión y aprendizaje según objetivos establecidos. Pueden resolver problemas o situaciones de diversa índole, actuando de forma comprometida con otros, el grupo y el entorno. Ver perfil de egreso","Las y los titulados de Santo Tomás son profesionales preparados para desarrollar soluciones de software a problemáticas contextualizadas de la industria y/o sociedad, utilizando, difundiendo y evaluando tecnologías emergentes, gestionar proyectos de mediana envergadura de acuerdo a las definiciones y requerimientos de la organización en función de buenas prácticas de la industria, utilizando estándares y metodologías pertinentes, y realizar analítica de datos con la finalidad de la visualización y presentación de éstos para la toma de decisiones y mejora continua en las organizaciones. Adicionalmente, son capaces de colaborar con equipos de trabajo, generando espacios de reflexión y aprendizaje según objetivos establecidos. Pueden resolver problemas o situaciones de diversa índole, actuando de forma comprometida con otros, el grupo y el entorno. Ver perfil de egreso",Santo Tomas,Ingenieria en Informatica,https://www.tupuedes.cl/carreras/instituto-profesional/ingenieria-en-informatica/
52,Informática,1,3,True,"[""Ingeniería en Informática""]","[""informáticos"", ""informáticos"", ""informáticos""]","El egresado de la carrera de Ingeniería en Informática del Instituto Profesional IACC será un profesional que podrá generar y evaluar soluciones integrales, gestionar personas y recursos, liderar equipos de trabajo en diversos contextos, definir y planificar estrategias para innovar en procesos propios de su área profesional. Demostrará sólidos conocimientos ligados al área de la arquitectura de software, sistemas informáticos, aplicaciones y bases de datos, elementos asociados al soporte técnico de software, al desarrollo de proyectos tecnológicos, a la industria 4.0 , la normativa legal vigente, buenas prácticas de la industria, además de estándares de calidad y seguridad en ambientes dinámicos y globalizados. También poseerá conocimientos especializados propios de su campo disciplinar, a fin de aportar soluciones a los requerimientos del mercado laboral. Este profesional podrá generar soluciones a diversas problemáticas de los sectores productivos y de servicios, a través del levantamiento de información relevante para el diseño, determinación, programación, configuración y evaluación de sistemas informáticos y arquitecturas de software , bases de datos, aplicaciones e integración de sistemas de información, estableciendo niveles de seguridad adecuados para satisfacer los requerimientos de las organizaciones, la creación de valor y la innovación; a través de la utilización de herramientas tecnológicas aplicadas a su área de desempeño. También evaluará el soporte técnico de software , utilizando herramientas y técnicas específicas para la generación de soluciones innovadoras a diversas problemáticas asociadas a la continuidad operacional, mantención y gestión de incidencias según parámetros establecidos, requerimientos del cliente, buenas prácticas de la industria, normativa legal vigente , estándares de calidad y seguridad. Asimismo, podrá gestionar proyectos de tecnologías de información de acuerdo con las necesidades de la organización, evaluando su diseño y desarrollo , liderando e implementando estrategias de innovación y mejora de procesos de negocios, a partir de los requerimientos, buenas prácticas de la industria, normativa legal vigente, estándares de calidad y seguridad, metodologías, herramientas de gobierno y gestión TI. Por ello, podrá integrar o liderar equipos multidisciplinarios , tanto del sector público como privado, desarrollar la resolución de problemas de forma autónoma, gestionar la información con conocimiento y pensamiento crítico, adaptación al cambio, innovación y comunicación efectiva. Debido al sello distintivo de IACC , contará con la capacidad de autogestión y actualización disciplinar permanente lo que le permitirá revisar de manera integral, su desempeño y evolución de su ejercicio profesional, en el marco del compromiso ético – social, lo que favorece el manejo de las tecnologías relacionadas con la industria 4.0 y la transformación digital como elementos distintivos de la formación. Capacidades del Perfil de egreso Capacidades sello y de empleabilidad: Autogestión, competente para el mundo del trabajo, compromiso ético social, comunicación efectiva, resolución de problemas, trabajo colaborativo, gestión de la información y el conocimiento, manejo de tecnologías de la información y comunicación (TIC), pensamiento crítico. Capacidades disciplinares: Gestionar soluciones de hardware y software , utilizando herramientas tecnológicas, a partir de los requerimientos, buenas prácticas de la industria, normativa legal vigente, estándares de calidad y seguridad. Desarrollar modelos de arquitectura de software, diseño, evaluación e implementación de sistemas informáticos, bases de datos y aplicaciones para la optimación e innovación en distintos procesos a partir del levantamiento de información realizado, liderando equipos de trabajo, estableciendo estrategias de integración de componentes y sistemas, de acuerdo con las especificaciones técnicas, requerimientos del cliente, buenas prácticas de la industria, normativa legal vigente , estándares de calidad, seguridad y el impacto de sus actividades sobre la calidad de la prestación de servicios. Evaluar el soporte técnico de software, utilizando herramientas y técnicas específicas para la generación de soluciones innovadoras a diversas problemáticas asociadas a la continuidad operacional, mantención y gestión de incidencias, liderando equipos de trabajo según requerimientos del cliente, buenas prácticas de la industria, normativa legal vigente, estándares de calidad y seguridad. Gestionar proyectos de tecnologías de información de acuerdo con las necesidades de la organización, evaluando su desarrollo, liderando e implementando estrategias de innovación y mejora de procesos de negocios; a partir de los requerimientos, buenas prácticas de la industria, normativa legal vigente, estándares de calidad y seguridad, metodologías, herramientas de gobierno y gestión TI. Más información","El egresado de la carrera de del Instituto Profesional IACC será un profesional que podrá generar y evaluar soluciones integrales, gestionar personas y recursos, liderar equipos de trabajo en diversos contextos, definir y planificar estrategias para innovar en procesos propios de su área profesional. Demostrará sólidos conocimientos ligados al área de la arquitectura de software, sistemas , aplicaciones y bases de datos, elementos asociados al soporte técnico de software, al desarrollo de proyectos tecnológicos, a la industria 4.0 , la normativa legal vigente, buenas prácticas de la industria, además de estándares de calidad y seguridad en ambientes dinámicos y globalizados. También poseerá conocimientos especializados propios de su campo disciplinar, a fin de aportar soluciones a los requerimientos del mercado laboral. Este profesional podrá generar soluciones a diversas problemáticas de los sectores productivos y de servicios, a través del levantamiento de información relevante para el diseño, determinación, programación, configuración y evaluación de sistemas y arquitecturas de software , bases de datos, aplicaciones e integración de sistemas de información, estableciendo niveles de seguridad adecuados para satisfacer los requerimientos de las organizaciones, la creación de valor y la innovación; a través de la utilización de herramientas tecnológicas aplicadas a su área de desempeño. También evaluará el soporte técnico de software , utilizando herramientas y técnicas específicas para la generación de soluciones innovadoras a diversas problemáticas asociadas a la continuidad operacional, mantención y gestión de incidencias según parámetros establecidos, requerimientos del cliente, buenas prácticas de la industria, normativa legal vigente , estándares de calidad y seguridad. Asimismo, podrá gestionar proyectos de tecnologías de información de acuerdo con las necesidades de la organización, evaluando su diseño y desarrollo , liderando e implementando estrategias de innovación y mejora de procesos de negocios, a partir de los requerimientos, buenas prácticas de la industria, normativa legal vigente, estándares de calidad y seguridad, metodologías, herramientas de gobierno y gestión TI. Por ello, podrá integrar o liderar equipos multidisciplinarios , tanto del sector público como privado, desarrollar la resolución de problemas de forma autónoma, gestionar la información con conocimiento y pensamiento crítico, adaptación al cambio, innovación y comunicación efectiva. Debido al sello distintivo de IACC , contará con la capacidad de autogestión y actualización disciplinar permanente lo que le permitirá revisar de manera integral, su desempeño y evolución de su ejercicio profesional, en el marco del compromiso ético – social, lo que favorece el manejo de las tecnologías relacionadas con la industria 4.0 y la transformación digital como elementos distintivos de la formación. Capacidades del Perfil de egreso Capacidades sello y de empleabilidad: Autogestión, competente para el mundo del trabajo, compromiso ético social, comunicación efectiva, resolución de problemas, trabajo colaborativo, gestión de la información y el conocimiento, manejo de tecnologías de la información y comunicación (TIC), pensamiento crítico. Capacidades disciplinares: Gestionar soluciones de hardware y software , utilizando herramientas tecnológicas, a partir de los requerimientos, buenas prácticas de la industria, normativa legal vigente, estándares de calidad y seguridad. Desarrollar modelos de arquitectura de software, diseño, evaluación e implementación de sistemas , bases de datos y aplicaciones para la optimación e innovación en distintos procesos a partir del levantamiento de información realizado, liderando equipos de trabajo, estableciendo estrategias de integración de componentes y sistemas, de acuerdo con las especificaciones técnicas, requerimientos del cliente, buenas prácticas de la industria, normativa legal vigente , estándares de calidad, seguridad y el impacto de sus actividades sobre la calidad de la prestación de servicios. Evaluar el soporte técnico de software, utilizando herramientas y técnicas específicas para la generación de soluciones innovadoras a diversas problemáticas asociadas a la continuidad operacional, mantención y gestión de incidencias, liderando equipos de trabajo según requerimientos del cliente, buenas prácticas de la industria, normativa legal vigente, estándares de calidad y seguridad. Gestionar proyectos de tecnologías de información de acuerdo con las necesidades de la organización, evaluando su desarrollo, liderando e implementando estrategias de innovación y mejora de procesos de negocios; a partir de los requerimientos, buenas prácticas de la industria, normativa legal vigente, estándares de calidad y seguridad, metodologías, herramientas de gobierno y gestión TI. Más información",IACC,Ingenieria en Informatica,https://www.iacc.cl/carrera/ingenieria-en-informatica/?origen=google_ads_carreras&utm_campaign=39844489-_Search_CARRERA_ING_INFORMATICA&utm_source=ppc&utm_medium=google&utm_term=cpl&utm_content=ingenieria-en-informatica&utm_term=ingenier%C3%ADa%20en%20sistemas%20universidades&utm_campaign=IACC_Search_Carrera_Ingenieria_Inform%C3%A1tica&utm_source=adwords&utm_medium=ppc&hsa_acc=3643935547&hsa_cam=21457092417&hsa_grp=167767224914&hsa_ad=705590150535&hsa_src=g&hsa_tgt=kwd-589776510461&hsa_kw=ingenier%C3%ADa%20en%20sistemas%20universidades&hsa_mt=b&hsa_net=adwords&hsa_ver=3&gad_source=1&gad_campaignid=21457092417&gbraid=0AAAAAqi2tcnc4mlF6prfKC1hCFytIsM7a&gclid=CjwKCAjw46HPBhAMEiwASZpLRHfuoZDNIblNry7ovo2v8t2FkJLsAKlMxZYtNTqT4XptYu05OZwVSxoCjDsQAvD_BwE
53,Informática,1,1,True,"[""Ingeniería en Informática""]","[""informáticas""]","El egresado de Ingeniería en Informática de Iplacex es un profesional capaz de analizar requerimientos, diseñar, desarrollar e implementar soluciones informáticas para responder a las necesidades de organizaciones en distintos contextos, aplicando criterios de calidad, mejora continua y buenas prácticas durante el ciclo de vida del desarrollo de software. Integra conocimientos de programación, arquitectura de software, modelamiento de datos, desarrollo de aplicaciones multiplataforma e integración de servicios para desarrollar soluciones tecnológicas acordes a los requerimientos de cada proyecto, utilizando herramientas y lenguajes propios de la disciplina. Asimismo, aplica conocimientos de ciencia de datos, ingeniería de datos, inteligencia de negocios, inteligencia artificial y metodologías ágiles para analizar información, contribuir a la toma de decisiones y apoyar la gestión de proyectos tecnológicos, adaptándose a la evolución permanente de las tecnologías y a los desafíos de la industria. Complementa su formación con pensamiento analítico, capacidad de aprendizaje continuo, compromiso ético y una visión orientada a la innovación y la mejora continua, contribuyendo al desarrollo de soluciones tecnológicas que aporten valor a las organizaciones y a su entorno.","El egresado de de Iplacex es un profesional capaz de analizar requerimientos, diseñar, desarrollar e implementar soluciones para responder a las necesidades de organizaciones en distintos contextos, aplicando criterios de calidad, mejora continua y buenas prácticas durante el ciclo de vida del desarrollo de software. Integra conocimientos de programación, arquitectura de software, modelamiento de datos, desarrollo de aplicaciones multiplataforma e integración de servicios para desarrollar soluciones tecnológicas acordes a los requerimientos de cada proyecto, utilizando herramientas y lenguajes propios de la disciplina. Asimismo, aplica conocimientos de ciencia de datos, ingeniería de datos, inteligencia de negocios, inteligencia artificial y metodologías ágiles para analizar información, contribuir a la toma de decisiones y apoyar la gestión de proyectos tecnológicos, adaptándose a la evolución permanente de las tecnologías y a los desafíos de la industria. Complementa su formación con pensamiento analítico, capacidad de aprendizaje continuo, compromiso ético y una visión orientada a la innovación y la mejora continua, contribuyendo al desarrollo de soluciones tecnológicas que aporten valor a las organizaciones y a su entorno.",Iplacex,Ingenieria en Informatica,https://www.iplacex.cl/carreras/carreras-100-online/ingenieria-en-informatica/
54,Informática,1,1,True,"[""Ingeniería en Informática""]","[""informáticos""]","El programa de Ingeniería en Informática y Ciberseguridad forma profesionales que protegen la información y sistemas informáticos de una organización, evaluando riesgos, implementando medidas de seguridad y respondiendo a incidentes, además de liderar equipos multidisciplinarios que permitan garantizar la confidencialidad, integridad y disponibilidad de los datos digitales críticos de distintas organizaciones del sector público y privado, cumpliendo la normativa y legislación vigente a nivel nacional y bajo estándares internacionales en el área de la ciberseguridad.","El programa de y Ciberseguridad forma profesionales que protegen la información y sistemas de una organización, evaluando riesgos, implementando medidas de seguridad y respondiendo a incidentes, además de liderar equipos multidisciplinarios que permitan garantizar la confidencialidad, integridad y disponibilidad de los datos digitales críticos de distintas organizaciones del sector público y privado, cumpliendo la normativa y legislación vigente a nivel nacional y bajo estándares internacionales en el área de la ciberseguridad.",IP Los Leones,Ingenieria en Informatica y Ciberseguridad,https://ipleones.cl/carreras/ingenieria-en-informatica-y-ciberseguridad/
55,Ejecución,2,4,True,"[""Ingeniería Ejecución en Computación e Informática"", ""ingeniería informática""]","[""Ejecución"", ""Informática"", ""informáticos"", ""informáticos""]","Perfil de egreso Ingeniero/a Ejecución en Computación e Informática El egresado/a de Ingeniería Ejecución en Computación e Informática de la Universidad Católica del Maule, es un profesional con un marcado sello valórico cristiano y compromiso social; además de visión integradora, capaz de entender un problema, planificar estrategias tecnológicas de solución y resolver problemas basándose en la aplicación del diseño de software y tecnologías de la información. Su sólida formación tecnológica, lo capacita para concebir, diseñar, implementar y operar proyectos informáticos en contextos profesionales de diversa índole, tanto a nivel regional como nacional. Capacidades Adquiridas Competencias Profesionales 1. Resolver problemas en el ámbito de la ingeniería informática, aplicando conocimientos disciplinares; con pensamiento crítico y capacidad analítica. 2. Ejecutar proyectos de software, aplicando estándares y metodologías en el desarrollo, operación y mantenimiento de software de calidad que satisfacen necesidades organizacionales. 3. Implementar soluciones tecnológicas que involucren la integración de software y hardware para la interconectividad entre sistemas informáticos. 4. Implementar herramientas tecnológicas que apoyen la toma de decisiones en las organizaciones. Competencias Genéricas 5. Demostrar coherencia ética entre sus postulados valóricos y sus acciones, respetando los derechos humanos y participando activamente en las organizaciones comunitarias, haciendo primar la responsabilidad social desde una perspectiva cristiana. 6. Desarrollar la identidad regional, generando instancias de integración recíproca entre la Universidad y la comunidad. 7. Comunicar ideas, tanto en la lengua materna como en el idioma inglés, haciendo uso de las tecnologías de la información para desenvolverse en diversos escenarios, dando soluciones a diversas problemáticas de la especialidad.","Perfil de egreso Ingeniero/a en Computación e El egresado/a de de la Universidad Católica del Maule, es un profesional con un marcado sello valórico cristiano y compromiso social; además de visión integradora, capaz de entender un problema, planificar estrategias tecnológicas de solución y resolver problemas basándose en la aplicación del diseño de software y tecnologías de la información. Su sólida formación tecnológica, lo capacita para concebir, diseñar, implementar y operar proyectos en contextos profesionales de diversa índole, tanto a nivel regional como nacional. Capacidades Adquiridas Competencias Profesionales 1. Resolver problemas en el ámbito de la , aplicando conocimientos disciplinares; con pensamiento crítico y capacidad analítica. 2. Ejecutar proyectos de software, aplicando estándares y metodologías en el desarrollo, operación y mantenimiento de software de calidad que satisfacen necesidades organizacionales. 3. Implementar soluciones tecnológicas que involucren la integración de software y hardware para la interconectividad entre sistemas . 4. Implementar herramientas tecnológicas que apoyen la toma de decisiones en las organizaciones. Competencias Genéricas 5. Demostrar coherencia ética entre sus postulados valóricos y sus acciones, respetando los derechos humanos y participando activamente en las organizaciones comunitarias, haciendo primar la responsabilidad social desde una perspectiva cristiana. 6. Desarrollar la identidad regional, generando instancias de integración recíproca entre la Universidad y la comunidad. 7. Comunicar ideas, tanto en la lengua materna como en el idioma inglés, haciendo uso de las tecnologías de la información para desenvolverse en diversos escenarios, dando soluciones a diversas problemáticas de la especialidad.",Universidad Catolica del Maule,Ingenieria Ejecucion en Computacion e Informatica,https://files.griddo.ucm.cl/ingenieria-de-ejecucion-en-computacion-e-informatica.pdf
56,Ejecución,0,3,True,[],"[""Ejecución"", ""Informática"", ""informáticos""]","El/la Ingeniero/a de Ejecución en Informática egresado/a del Instituto Tecnológico de la Universidad Católica de la Santísima Concepción, es un profesional comprometido con el respeto de la dignidad de la persona humana y con la promoción del bien común a partir de una visión cristiana del mundo y de la vida según los principios del sello identitario de la institución. Este/a profesional se encuentra preparado/a para el desarrollo de software y tecnologías de la información, con conocimientos en lenguajes de programación, recursos digitales e Inteligencia de Negocios, lo que le permite desenvolverse en los ámbitos del diseño, mantención y monitoreo tanto de bases de datos como de sistemas informáticos, automatizando procesos. Este/a Ingeniero/a se desempeña en instituciones públicas y privadas.","El/la Ingeniero/a de en egresado/a del Instituto Tecnológico de la Universidad Católica de la Santísima Concepción, es un profesional comprometido con el respeto de la dignidad de la persona humana y con la promoción del bien común a partir de una visión cristiana del mundo y de la vida según los principios del sello identitario de la institución. Este/a profesional se encuentra preparado/a para el desarrollo de software y tecnologías de la información, con conocimientos en lenguajes de programación, recursos digitales e Inteligencia de Negocios, lo que le permite desenvolverse en los ámbitos del diseño, mantención y monitoreo tanto de bases de datos como de sistemas , automatizando procesos. Este/a Ingeniero/a se desempeña en instituciones públicas y privadas.",Universidad Catolica de la Santisima Concepción,Ingenieria de Ejecucion en Informatica,https://advance.ucsc.cl/carreras/ingenieria-de-ejecucion-en-informatica/
57,Informática,2,2,True,"[""Ingeniero en Informática"", ""Ingeniero en Informática""]","[""Informática"", ""informáticos""]","Descripción de la Carrera La carrera de Informática tiene como propósito formar Ingenieros en competencias que les permitan diseñar, desarrollar y mantener sistemas de información y tecnologías de la computación, cumpliendo con normas y estándares de calidad establecidos por los proveedores de los recursos tecnológicos. Con ello, el futuro profesional, estará capacitado para resolver problemas complejos utilizando tecnologías de la información y la comunicación (TIC) y aplicando principios de la ingeniería para crear soluciones eficientes y efectivas. Campo Laboral La o el Ingeniero en Informática puede encontrar oportunidades laborales en diversas industrias, como tecnología de la información, servicios financieros, atención médica, manufactura, educación y gobierno. Se desempeñan en una variedad de roles como desarrolladores de software, analistas de sistemas, ingenieros de redes, administradores de bases de datos, consultores de tecnología, entre otros. Además, se especializa en áreas clave como redes y comunicaciones, liderazgo de proyectos informáticos, ingeniería de software, ingeniería de sistemas, inteligencia artificial y ciberseguridad. Perfil de Egreso La o el profesional Ingeniero en Informática del Instituto Profesional de Chile, orienta su quehacer en las áreas de desarrollo e implementación de soluciones tecnológicas, que potencien la seguridad y protección de datos mediante técnicas de ciberseguridad, con enfoque en la creación de soluciones tecnológicas basadas en herramientas de vanguardia que den un valor diferenciador en diversos contextos. Cuenta con habilidades y destrezas en el desarrollo y optimización de sistemas y aplicaciones, asegurando la integridad y seguridad de la información en entornos digitales. Posee competencias para proponer soluciones innovadoras basadas en tecnologías de vanguardia, integrándolas de manera efectiva en la estrategia global de una organización para resguardar su información, optimizar sus procesos y mejorar su eficiencia. Además, integra habilidades de razonamiento lógico, comunicación efectiva y uso de herramientas tecnológicas para resolver problemas complejos en el contexto de ingeniería, promoviendo un entorno inclusivo al fomentar la participación equitativa de individuos con diversas habilidades y perspectivas. Se caracteriza por demostrar compromiso y permanente consciencia social con su entorno, por la capacidad de establecer relaciones sanas de cooperación mutua con equipos multidisciplinarios, fomentando la equidad de género, la diversidad e inclusión, adaptándose con responsabilidad a las exigencias que implica el desempeño laboral y profesional, confiando en sus habilidades técnicas para participar activamente en la creación de propuestas innovadoras, demostrando vocación de servicio y un alto sentido ético profesional en sus labores.","Descripción de la Carrera La carrera de tiene como propósito formar Ingenieros en competencias que les permitan diseñar, desarrollar y mantener sistemas de información y tecnologías de la computación, cumpliendo con normas y estándares de calidad establecidos por los proveedores de los recursos tecnológicos. Con ello, el futuro profesional, estará capacitado para resolver problemas complejos utilizando tecnologías de la información y la comunicación (TIC) y aplicando principios de la ingeniería para crear soluciones eficientes y efectivas. Campo Laboral La o el puede encontrar oportunidades laborales en diversas industrias, como tecnología de la información, servicios financieros, atención médica, manufactura, educación y gobierno. Se desempeñan en una variedad de roles como desarrolladores de software, analistas de sistemas, ingenieros de redes, administradores de bases de datos, consultores de tecnología, entre otros. Además, se especializa en áreas clave como redes y comunicaciones, liderazgo de proyectos , ingeniería de software, ingeniería de sistemas, inteligencia artificial y ciberseguridad. Perfil de Egreso La o el profesional del Instituto Profesional de Chile, orienta su quehacer en las áreas de desarrollo e implementación de soluciones tecnológicas, que potencien la seguridad y protección de datos mediante técnicas de ciberseguridad, con enfoque en la creación de soluciones tecnológicas basadas en herramientas de vanguardia que den un valor diferenciador en diversos contextos. Cuenta con habilidades y destrezas en el desarrollo y optimización de sistemas y aplicaciones, asegurando la integridad y seguridad de la información en entornos digitales. Posee competencias para proponer soluciones innovadoras basadas en tecnologías de vanguardia, integrándolas de manera efectiva en la estrategia global de una organización para resguardar su información, optimizar sus procesos y mejorar su eficiencia. Además, integra habilidades de razonamiento lógico, comunicación efectiva y uso de herramientas tecnológicas para resolver problemas complejos en el contexto de ingeniería, promoviendo un entorno inclusivo al fomentar la participación equitativa de individuos con diversas habilidades y perspectivas. Se caracteriza por demostrar compromiso y permanente consciencia social con su entorno, por la capacidad de establecer relaciones sanas de cooperación mutua con equipos multidisciplinarios, fomentando la equidad de género, la diversidad e inclusión, adaptándose con responsabilidad a las exigencias que implica el desempeño laboral y profesional, confiando en sus habilidades técnicas para participar activamente en la creación de propuestas innovadoras, demostrando vocación de servicio y un alto sentido ético profesional en sus labores.",IP Chile,Ingenieria en Informatica,https://www.ipchile.cl/carreras/ingenieria-en-informatica/
58,Civil,1,0,True,"[""Ingeniería Civil en Informática""]",[],"Quien egresa de la carrera de Ingeniería Civil en Informática de la Universidad Austral de Chile será capaz de diagnosticar necesidades y resolver problemas complejos que requieran soluciones computacionales, diseñar e implementar productos de software y soluciones tecnológicas de calidad, integrar plataformas tecnológicas y gestionar tecnologías de información de manera eficiente y sostenible, considerando criterios de seguridad de la información, privacidad y gestión de riesgos, tomando decisiones estratégicas en contextos organizacionales y de proyectos, desde un enfoque multidisciplinario.","Quien egresa de la carrera de de la Universidad Austral de Chile será capaz de diagnosticar necesidades y resolver problemas complejos que requieran soluciones computacionales, diseñar e implementar productos de software y soluciones tecnológicas de calidad, integrar plataformas tecnológicas y gestionar tecnologías de información de manera eficiente y sostenible, considerando criterios de seguridad de la información, privacidad y gestión de riesgos, tomando decisiones estratégicas en contextos organizacionales y de proyectos, desde un enfoque multidisciplinario.",Universidad Austral de Chile,Ingenieria Civil en Informatica,https://www.uach.cl/admision/valdivia/ingenieria-civil-en-informatica
59,Informática,1,1,True,"[""Ingeniero en Informática""]","[""Informáticos""]","Perfil de Egreso La persona titulada como Ingeniera o Ingeniero en Informática del Instituto Profesional Virginio Gómez son profesionales capaces de implantar Sistemas Informáticos en diferentes ambientes de operación, cautelando la confidencialidad de la información y estándares disciplinarios de calidad y seguridad. Evidencian una actitud flexible, perseverante y entusiasta, buscando el logro de sus objetivos con espíritu crítico, capacidad de trabajar en contextos colaborativos, globalizados y multidisciplinarios respetando la diversidad humana y el desarrollo sustentable. Descargar Malla","Perfil de Egreso La persona titulada como Ingeniera o del Instituto Profesional Virginio Gómez son profesionales capaces de implantar Sistemas en diferentes ambientes de operación, cautelando la confidencialidad de la información y estándares disciplinarios de calidad y seguridad. Evidencian una actitud flexible, perseverante y entusiasta, buscando el logro de sus objetivos con espíritu crítico, capacidad de trabajar en contextos colaborativos, globalizados y multidisciplinarios respetando la diversidad humana y el desarrollo sustentable. Descargar Malla",Instituto profesional Virginio Gomez,Ingenieria en Informatica,https://admision.virginiogomez.cl/carreras/ingenieria-en-informatica/
60,Civil,1,2,True,"[""Ingeniería Informática""]","[""informáticas"", ""informáticos""]","La sólida formación en las Ciencias de la Ingeniería Informática te permitirá resolver problemas complejos vinculados al diseño, desarrollo, integración y evaluación de soluciones informáticas avanzadas, respondiendo con pertinencia y eficiencia a los desafíos tecnológicos, organizacionales y sociales que emergen en contextos dinámicos, tanto a nivel nacional como internacional. Adquirirás competencias para crear y liderar soluciones digitales innovadoras, formular y gestionar proyectos informáticos, aplicar tecnologías emergentes y proponer procesos de investigación aplicada orientados al desarrollo disciplinar y a la transformación digital sostenible, aportando valor estratégico a las organizaciones en las que se desempeña con un marcado compromiso ético-social y con valores asociados a la inclusión, sostenibilidad y pensamiento crítico.","La sólida formación en las Ciencias de la te permitirá resolver problemas complejos vinculados al diseño, desarrollo, integración y evaluación de soluciones avanzadas, respondiendo con pertinencia y eficiencia a los desafíos tecnológicos, organizacionales y sociales que emergen en contextos dinámicos, tanto a nivel nacional como internacional. Adquirirás competencias para crear y liderar soluciones digitales innovadoras, formular y gestionar proyectos , aplicar tecnologías emergentes y proponer procesos de investigación aplicada orientados al desarrollo disciplinar y a la transformación digital sostenible, aportando valor estratégico a las organizaciones en las que se desempeña con un marcado compromiso ético-social y con valores asociados a la inclusión, sostenibilidad y pensamiento crítico.",Universidad de Playa Ancha,Ingenieria Civil en Informatica,https://www.upla.cl/admision/carreras-profesionales/facultad-de-ingenieria/ingenieria-civil-informatica/
61,Informática,4,2,True,"[""Ingeniería en Informática"", ""Ingeniería en Informática"", ""Ingeniero Informático"", ""Ingeniería en Informática""]","[""Informática"", ""Informática""]","Ingeniería en Informática para Técnicos de Nivel Superior El egresado (a) de la carrera de Ingeniería en Informática de la Universidad de Los Lagos posee las competencias que lo habilitan para identificar, analizar e implementar soluciones relacionadas con el manejo de información aplicando las tecnologías de información emergente. Este profesional es capaz de integrar y liderar equipos de trabajo interdisciplinarios, para formular, monitorear y evaluar pruebas de calidad; para aplicar las ciencias básicas y utilización de sistemas de información así como como tecnología de la información en el diseño de alternativas de solución. El Ingeniero Informático contará con un sólido compromiso ético y moral, enmarcado en el bien común, en el respeto al medio ambiente y la responsabilidad social, bases del espíritu innovador del desarrollo sustentable. Título Profesional Ingeniero(a) en Informática Campus Osorno, Puerto Montt, Sede Chiloé Duración 5 Semestres Vacantes No disponible Admisión 2025 Osorno / 25 Puerto Montt / 25 Chiloé Nivel formativo Carrera Profesional sin Licenciatura (PSL) Jornada Vespertina - Presencial Aranceles Matrícula Gratis (Valor Año 2026) Arancel Anual Osorno $2.841.000 Arancel Anual Puerto Montt $2.841.000 Arancel Anual Chiloé $2.841.000 Malla Curricular Ingeniería en Informática para Técnicos de Nivel Superior Título Profesional Ingeniero(a) en Informática Campus Osorno, Puerto Montt, Sede Chiloé Duración 5 Semestres Vacantes No disponible Admisión 2025 Osorno / 25 Puerto Montt / 25 Chiloé Nivel formativo Carrera Profesional sin Licenciatura (PSL) Jornada Vespertina - Presencial Aranceles Matrícula Gratis (Valor Año 2026) Arancel Anual Osorno $2.841.000 Arancel Anual Puerto Montt $2.841.000 Arancel Anual Chiloé $2.841.000 Malla Curricular CAMPUS Y SEDES Campus Osorno Avda. Fuchslocher 1305, Osorno. Campus Puerto Montt Camino a Chinquihue km.6, Puerto Montt. Sede Chiloé Ubaldo Mansilla Barrientos 131, Castro. Sede Santiago República 517, Santiago. Déjanos tu teléfono y te llamamos","para Técnicos de Nivel Superior El egresado (a) de la carrera de de la Universidad de Los Lagos posee las competencias que lo habilitan para identificar, analizar e implementar soluciones relacionadas con el manejo de información aplicando las tecnologías de información emergente. Este profesional es capaz de integrar y liderar equipos de trabajo interdisciplinarios, para formular, monitorear y evaluar pruebas de calidad; para aplicar las ciencias básicas y utilización de sistemas de información así como como tecnología de la información en el diseño de alternativas de solución. El contará con un sólido compromiso ético y moral, enmarcado en el bien común, en el respeto al medio ambiente y la responsabilidad social, bases del espíritu innovador del desarrollo sustentable. Título Profesional Ingeniero(a) en Campus Osorno, Puerto Montt, Sede Chiloé Duración 5 Semestres Vacantes No disponible Admisión 2025 Osorno / 25 Puerto Montt / 25 Chiloé Nivel formativo Carrera Profesional sin Licenciatura (PSL) Jornada Vespertina - Presencial Aranceles Matrícula Gratis (Valor Año 2026) Arancel Anual Osorno $2.841.000 Arancel Anual Puerto Montt $2.841.000 Arancel Anual Chiloé $2.841.000 Malla Curricular para Técnicos de Nivel Superior Título Profesional Ingeniero(a) en Campus Osorno, Puerto Montt, Sede Chiloé Duración 5 Semestres Vacantes No disponible Admisión 2025 Osorno / 25 Puerto Montt / 25 Chiloé Nivel formativo Carrera Profesional sin Licenciatura (PSL) Jornada Vespertina - Presencial Aranceles Matrícula Gratis (Valor Año 2026) Arancel Anual Osorno $2.841.000 Arancel Anual Puerto Montt $2.841.000 Arancel Anual Chiloé $2.841.000 Malla Curricular CAMPUS Y SEDES Campus Osorno Avda. Fuchslocher 1305, Osorno. Campus Puerto Montt Camino a Chinquihue km.6, Puerto Montt. Sede Chiloé Ubaldo Mansilla Barrientos 131, Castro. Sede Santiago República 517, Santiago. Déjanos tu teléfono y te llamamos",Universidad de Los Lagos,Ingeniería en Informática para Técnicos de Nivel Superior,https://admision.ulagos.cl/sin-licenciatura/ingenieria-en-informatica-para-tecnicos-de-nivel-superior/
62,Informática,0,3,True,[],"[""Informática"", ""informáticos"", ""informático""]","El Ingeniero en Computación e Informática de la Universidad Gabriela Mistral es un profesional integral, capaz de analizar situaciones y problemáticas de empresas y organizaciones para el buen uso de recursos tecnológicos en la gestión estratégica. Además de habilidades para crear y administrar proyectos informáticos a través de la mantención del funcionamiento óptimo de hardware y software relativos al procesamiento informático. Tiene las habilidades para la gestión administrativa, emprendimiento y negociación, todo ello en el contexto del plan estratégico de la organización en que se desempeñe, bajo una perspectiva de excelencia y optimización, aplicando para ello su capacidad de toma de decisiones y de liderar equipos de trabajo multidisciplinarios. Además, posee aptitudes y habilidades para la generación de emprendimientos y negociación, además de lograr una comunicación efectiva de forma oral y escrita.","El Ingeniero en Computación e de la Universidad Gabriela Mistral es un profesional integral, capaz de analizar situaciones y problemáticas de empresas y organizaciones para el buen uso de recursos tecnológicos en la gestión estratégica. Además de habilidades para crear y administrar proyectos a través de la mantención del funcionamiento óptimo de hardware y software relativos al procesamiento . Tiene las habilidades para la gestión administrativa, emprendimiento y negociación, todo ello en el contexto del plan estratégico de la organización en que se desempeñe, bajo una perspectiva de excelencia y optimización, aplicando para ello su capacidad de toma de decisiones y de liderar equipos de trabajo multidisciplinarios. Además, posee aptitudes y habilidades para la generación de emprendimientos y negociación, además de lograr una comunicación efectiva de forma oral y escrita.",Universidad Gabriela Mistral,Ingenieria en Computacion e Informatica,https://advance.ugm.cl/carrera/ingenieria-en-computacion/
63,Civil,1,1,True,"[""Ingeniería Civil Informática""]","[""informáticos""]","El/la egresado/a de Ingeniería Civil Informática de la USS es un profesional íntegro, ético y humanista, con sólida formación en ciencias básicas, ingeniería y tecnologías de la información. Está capacitado para diseñar, evaluar e implementar proyectos informáticos, soluciones de sistemas de información y gestionar áreas TI, generando valor organizacional con calidad, seguridad e innovación. Posee habilidades de abstracción, comunicación, trabajo interdisciplinario, manejo de inglés a nivel intermedio, sentido de responsabilidad social, ambiental y liderazgo emprendedor, pudiendo desempeñarse en instituciones públicas y privadas o crear empresas tecnológicas.","El/la egresado/a de de la USS es un profesional íntegro, ético y humanista, con sólida formación en ciencias básicas, ingeniería y tecnologías de la información. Está capacitado para diseñar, evaluar e implementar proyectos , soluciones de sistemas de información y gestionar áreas TI, generando valor organizacional con calidad, seguridad e innovación. Posee habilidades de abstracción, comunicación, trabajo interdisciplinario, manejo de inglés a nivel intermedio, sentido de responsabilidad social, ambiental y liderazgo emprendedor, pudiendo desempeñarse en instituciones públicas y privadas o crear empresas tecnológicas.",Universidad San Sebastian,Ingeniería Civil Informática,https://admision.uss.cl/carreras/ingenieria-civil-informatica
