permutacion,delta_unidades
1,0.00073499106622682
2,0.00756990617949968
3,0.005668676587244237
4,0.001913073542357091
5,0.0052310273143388875
6,0.004558537083522746
7,-0.0024437606787423294
8,0.0053464399964673615
9,-0.00015771288066124267
10,0.0006981209787770837
11,0.0018551172565834106
12,0.005210448466992396
13,-0.0005923728063806366
14,0.006849596458345486
15,0.0036569525250502444
16,-0.0029909857284557417
17,-0.0008096910372556443
18,-0.0015661025331466516
19,0.002630043859396136
20,-0.0004503510439352043
21,0.00017891985844026292
22,-0.005413377253936036
23,0.007086893616259998
24,-0.002196956357880614
25,-0.004053792215581942
26,0.004892303670434223
27,0.0036056538205305466
28,0.0017311459761833181
29,-0.009557052956535167
30,-0.014828623587860384
31,0.008203076453650066
32,0.0013219467278843544
33,0.0059688046431256025
34,0.011624116961283154
35,-0.007941416311797955
36,0.004369516226468695
37,-0.0007432162037483425
38,0.008136229722031929
39,-0.0018947208178976827
40,0.002802295288569373
41,-0.008001952642900573
42,0.00025445458737449744
43,-0.0067145809823057345
44,0.005106732779043527
45,0.003789107196180058
46,-0.0004422085250207486
47,-0.0030142293484482774
48,0.00513017247969591
49,0.004561338910795881
50,-0.00510458952554077
51,0.0021385590133699284
52,-0.0012552047289027812
53,-0.00660772051009989
54,0.006658887769086852
55,0.013942263234030333
56,-0.005542630786976699
57,0.00244731411439697
58,-0.0036998691160840536
59,0.006295394094441048
60,-0.004963090029988848
61,-0.004339829340764906
62,-0.0031833347205729445
63,-0.0078035347041936765
64,-0.0008147480971509857
65,0.004152311883577758
66,-0.0005342794967143072
67,0.00364049646563952
68,-0.005523217593487562
69,-0.007466965217604343
70,-0.016787908344439523
71,-0.002990837672128016
72,-0.0032266133843849576
73,-0.0006002254514773653
74,0.003061784246184862
75,-0.0027498362275233945
76,0.0015135834941699955
77,-0.0056190854965405546
78,-0.007481019335881106
79,-0.008510772747779338
80,-0.004770540696123371
81,0.0005551756145180942
82,-0.005481693913131608
83,0.004747654595977313
84,-0.001677535726065632
85,-0.0009472983692166703
86,-0.009380756834738602
87,0.007012311284928324
88,-0.0052026478089576
89,0.009271645060189543
90,0.004917148283630407
91,0.0011376793716992573
92,-0.002302116074645033
93,0.004406386570791482
94,0.006390084003533358
95,0.00779344949381075
96,-0.004375086320648064
97,-0.0076926378191126965
98,0.004959630467390619
99,-0.012679049414254434
100,-0.0056629820522710594
101,-0.005270059354701623
102,0.0018525021080254833
103,-0.008053707278154909
104,-0.005388890901168647
105,-0.001190960707040889
106,0.00013061933087812894
107,0.01268220522167271
108,0.014029254333368157
109,-0.005830967923902697
110,0.00042375193303575975
111,0.001418341388330635
112,-0.004024648366941136
113,-0.01043099579891646
114,-0.007949455103058306
115,-0.013890297839973614
116,-0.005210085482121762
117,-0.0017399863634324775
118,-0.0014445943088041424
119,-0.005960165379549187
120,8.19508159701221e-05
121,-0.010274592505172903
122,0.005811039881770286
123,-0.006761316542023332
124,-0.0014389616297128816
125,-0.0034534772564470684
126,0.0005820522429778041
127,0.0010882820439742646
128,-0.005509573709165078
129,-0.00018434169506609255
130,0.005055635221218074
131,-0.003938410204493037
132,-0.0006843758594234362
133,-0.0023737476608811647
134,0.007082485494995516
135,0.0028459936878646175
136,-0.012433137770214847
137,-0.014775412234138308
138,-0.0008965376138071746
139,-0.0008372716017189807
140,-0.0010069671164363025
141,-0.002308555293816017
142,0.0055478709219349
143,0.008714876397575816
144,0.009674561804521725
145,0.0031219252036833456
146,-0.005690898194294275
147,-0.0070171135827218345
148,0.004188216479270507
149,-0.007164488955419462
150,-0.0011847220980485407
151,-0.004896428409341014
152,-0.00839845016031826
153,-0.002584795872641432
154,-0.004216398922267051
155,-0.00921664950089221
156,0.00186477378784633
157,-0.0015069540957269312
158,-0.010211239856958737
159,0.006300803998543214
160,-0.012239446041980212
161,-0.002286638981019107
162,-0.0008232757105537114
163,-0.0098419678128632
164,0.015113675097297052
165,0.001900880345029693
166,0.00029678778695294006
167,-0.002595169613454129
168,0.005614703625545531
169,0.0011337169740144315
170,0.006963010706944994
171,-0.005334098800499759
172,-0.005549148775611468
173,-0.002779576875029832
174,0.0005746809254744967
175,-0.007134876735192142
176,0.006584976745358323
177,0.005816091959200992
178,-0.0013019621189325759
179,-0.0009852437487402887
180,-0.004231429888945509
181,0.002179956986501169
182,0.0007434214556015228
183,0.004825708618923313
184,0.0013411817902584111
185,-0.004100876746383708
186,-0.0016226239437148737
187,0.0013791945867702993
188,-0.0044888012978231695
189,-0.003612752895561455
190,-0.0059526424941512834
191,-0.007379588693075367
192,-0.008287365885931847
193,0.002543232668433676
194,-0.0038210277666402837
195,-0.0068973851841728495
196,-0.003497996802594633
197,0.007587264632100632
198,0.0036366881031755227
199,-7.956727711250222e-05
200,-3.895049451246857e-05
201,0.001199334241532568
202,-0.006545033890722196
203,-0.00559927104502872
204,-0.0003253389244661786
205,-0.004844039667778632
206,0.0035281340794902916
207,0.007209546472576822
208,-0.0023564330306702075
209,-0.0008354072410373392
210,0.003087432976368404
211,-0.003244797866180704
212,0.0036313546487698467
213,0.002998444341147516
214,-0.0013896121834967023
215,-0.001227416567422951
216,-0.003368219110524956
217,-0.0001599190442172771
218,0.009310432972970989
219,-0.004613617495403066
220,-0.0010776283269599563
221,0.000794697350343071
222,-0.007437983017621885
223,0.001861527499128962
224,-0.0017259554978097669
225,0.01434576608200977
226,-0.0006581108608740005
227,-0.0016411540981880746
228,0.001869129565670119
229,0.004478436691826043
230,-0.0017578432294300395
231,0.0019969518700826416
232,0.014131499384902435
233,-0.0024930249425638984
234,-0.002094175900038381
235,0.0005844691627988063
236,0.0002523710775250154
237,-0.007423645934917067
238,0.0033661185958094586
239,-0.0012747976890275237
240,0.0008407653998992182
241,0.013717497034968745
242,0.006318302655930558
243,0.010906114748863854
244,-0.013144456773738683
245,-0.0058460837522700815
246,0.0014150689155739693
247,-0.008452044735599656
248,-0.010458665937177147
249,0.006565373580025846
250,-0.009546546830176944
251,0.0011181959887682225
252,2.1669257286832666e-05
253,-0.005128744419383713
254,0.00960335797959952
255,-0.004825183192231464
256,0.0011940025856103098
257,0.0050083082318285455
258,-0.0067877800082357664
259,-0.0018268135761081439
260,0.0014345668570643344
261,0.003531319771380853
262,-0.002004472783432548
263,-0.0028452997378495826
264,-0.004790815334840326
265,-0.0028367236904277005
266,0.007669713357026986
267,-0.00393906434035321
268,0.0025479102616210447
269,0.0004763282354260656
270,-0.013094943285643035
271,-0.0027793860709816043
272,0.0010665579625137311
273,1.4148539015851336e-05
274,-0.002330189078947803
275,-0.003536290613046167
276,0.004963313850877338
277,0.005660506351381878
278,0.00035675805189289145
279,0.0009644532836476094
280,0.004248267295798996
281,-0.009546358559667123
282,0.008257835131941255
283,-6.432554476518137e-05
284,-0.005878432175959347
285,-0.002470929192292304
286,0.005401990642120991
287,-0.002805742768694941
288,-0.005370863526722031
289,-0.0005792990343650439
290,0.0013386244515243562
291,0.0006692151246948941
292,0.004073009315368081
293,0.0133848631218067
294,0.0004810638876534823
295,-0.004124796593939023
296,0.00408657103937321
297,0.00300776995142768
298,-0.003304049764286082
299,-0.006722718557241214
300,0.006927292802190899
301,-0.0031025554757726503
302,-0.0022163976307985334
303,0.0014871759415903685
304,-0.005240219435710791
305,0.0022689611873874527
306,-0.007374276997253626
307,-0.0037429826391681964
308,0.013048689104479677
309,-0.00486190832827485
310,-0.004566923407333973
311,0.002733081391211284
312,-0.013183641284010839
313,0.0005809311813167739
314,-0.006716074927984955
315,-0.00011588851578714365
316,0.004096551396062936
317,0.005622320879233922
318,-0.0011617868565461653
319,0.0022573018840256753
320,-0.008301322242097009
321,0.0025663100022056407
322,0.0004794285083817851
323,-0.0010943853087946043
324,-0.007942563446890594
325,-0.00628043342882148
326,0.011364589480220483
327,-0.0025133029069528967
328,0.006645032713763849
329,-0.0039748523497776245
330,-0.006198675451676072
331,-0.0013804981733051835
332,0.006527504005952228
333,0.0014825470973453825
334,0.0027120402745920424
335,0.015195008720906372
336,0.014714116920016285
337,-0.007207611089697974
338,0.001403775314785749
339,0.0035762608549217423
340,-0.0028565919525768146
341,-0.007535877352032705
342,0.00045368619370603214
343,-0.002534160092652671
344,-0.00776300686217235
345,0.0023609609739225212
346,-0.001646170260785923
347,0.0032290296459284717
348,-0.006207367800603353
349,0.0035758318630461916
350,-0.00290111697010223
351,-0.01086201727266467
352,0.01276112684107436
353,0.005971894457939664
354,-0.0008100131542739253
355,0.0044213344399342824
356,-8.294508553607916e-07
357,-0.0046521360627239106
358,0.009005628942551719
359,-0.002099088949433864
360,-0.0011338886005646809
361,-0.0062373055184264115
362,-0.013390244887799219
363,-0.010718836032581697
364,0.009773820592680976
365,0.0017649374092568448
366,0.0013972891561418455
367,-0.00492163122320205
368,-0.006927980041964432
369,0.002299541868515803
370,0.007602951074311082
371,-0.0034204197877612252
372,-0.0046207636950579
373,-0.001510187816183478
374,0.0019586190566093786
375,0.009686709961983536
376,0.0017497563638134983
377,-0.0025041845790127193
378,-0.004325542476945693
379,0.009744987148689543
380,-0.005472939097567103
381,-0.005456457532713704
382,0.00045442697246347863
383,0.009602688365513729
384,0.001163923063641631
385,-0.016204383716172527
386,0.004317715816216372
387,0.007200637324464243
388,-0.004664352363127816
389,-0.0013832800419747993
390,0.0003807726715105708
391,-0.0012072893904138404
392,0.009790585091234899
393,0.006583460010255893
394,0.004745592362888629
395,0.012328415031099133
396,-0.004482859771626296
397,-0.0009617644476602738
398,-0.006973648617957379
399,0.006949395995653446
400,-0.004295503967755243
401,0.0014426635935060605
402,-0.006897292627788931
403,-0.004581640672008752
404,-0.005814153907769348
405,0.010325143853942537
406,-0.001209532189277801
407,0.003854223305473775
408,-0.0003999006969205021
409,-0.007015945736915746
410,-0.007244243590166316
411,0.001214543514871047
412,0.005327486644896184
413,-0.006815861135357565
414,-0.006762840153226646
415,0.0034807816991212492
416,0.012956967695424926
417,-0.008003502066019186
418,-0.004387033911655069
419,-0.005214317594230633
420,0.003645291234805892
421,-0.0007404808429097576
422,-0.006652703300504964
423,-0.0008290085862435459
424,-0.013774876175225603
425,-0.0021474412403355847
426,0.00029843223307579603
427,0.0026975922679428888
428,0.008380456646147366
429,0.001470574156906851
430,0.0003178345352182199
431,-0.0012411818214835557
432,0.004792028339410115
433,0.00033242000246569425
434,-0.011289219737989215
435,-0.003943694284519628
436,0.002360262214720854
437,-0.006961270592484137
438,0.002185207902099473
439,-0.002523380166714967
440,-0.007148620338568862
441,-1.9565562792089874e-05
442,-0.0029398914235971574
443,-0.006995175051282165
444,-0.003595526396633547
445,0.0030584043966867813
446,-0.004235348520152921
447,-0.00042675742730219346
448,0.004059999148201654
449,0.004788996151104008
450,0.011082481131688998
451,-0.007303498756775911
452,0.009388666430092285
453,-0.0006515294767625857
454,-0.0019003577717075226
455,-0.0027151027114241943
456,0.007974942182991024
457,-0.005087006809648464
458,-0.005032746935367816
459,0.0031351202902705766
460,-0.010127536966484607
461,-0.007490051038481382
462,-0.006064654051499474
463,-0.005852545547560095
464,-0.0005070168418827847
465,0.002959493804820884
466,0.007478823233693088
467,-0.0015037904394568924
468,-0.009269153392057111
469,-0.002454347372511073
470,0.0029128722818297648
471,-0.004382672212387778
472,-0.006274853979366141
473,-0.0013725171801040048
474,-0.003726867493121816
475,0.010809932953824986
476,0.002955340810913365
477,0.0034989434847436107
478,0.003210811570057287
479,0.015124857420499876
480,-0.0024852590391125917
481,-0.008110941574023145
482,0.00285055817845542
483,0.007394911690661948
484,-0.003650656528489171
485,0.008287506984789028
486,0.007073078216001338
487,-0.003954011280633218
488,0.018556854785200028
489,0.0024044904376879506
490,0.013663598008807232
491,-0.005475865476654657
492,0.00024110324945827988
493,-0.005112324399088819
494,-0.0005621053753918637
495,0.007342093168661773
496,0.0014193971492880153
497,-0.0020787001104415337
498,-0.004141543990627966
499,-0.005558952989117932
500,0.008869455073218069
501,-0.0034992237867436105
502,0.00660028929168624
503,-0.0021628202119958473
504,-0.00413014732043282
505,0.001536906799299853
506,-0.014549821638456029
507,0.003795226318170225
508,-0.00624912892893667
509,0.0036945056056173764
510,0.0038123517361354775
511,0.0023194419270707034
512,-0.00323235654576004
513,-0.00200712900927677
514,0.0015205699656767047
515,-0.01100729233607603
516,0.0025502693316267477
517,-0.004065901334912442
518,0.002217120419720886
519,0.0039714169541806565
520,0.006798417549620461
521,-0.0002558787292238074
522,0.002652816300454469
523,-0.006074345037406226
524,-0.009254129084431129
525,-0.004807545465745383
526,0.007522607065923809
527,0.014435405129837098
528,-0.011918220999327406
529,0.01338468414012553
530,-0.008207049186169713
531,-0.001167739550492708
532,0.0033542178438460968
533,0.00013871787701366656
534,0.004944617726364259
535,0.0038298765932190393
536,-0.007033404901883256
537,-0.009315782497210129
538,0.011934621894943681
539,-0.005323477525981751
540,0.002618099024675996
541,0.0035918631354099617
542,0.00911720303355043
543,-0.002749613957265362
544,0.0034576536012254355
545,0.007383773297200802
546,0.0058564383190029545
547,0.006816910286975564
548,0.0053779404887343285
549,-0.0019932805014656607
550,0.008713559988563435
551,-0.0024747933290357738
552,0.0009022024547420959
553,-0.003635206359540205
554,-0.0059127325732517555
555,0.002914134406967833
556,0.0038464991976152885
557,-0.0006424459393100657
558,-0.00028079736567782065
559,-0.0011145815240373447
560,0.00021517775933815875
561,0.001982805606887239
562,0.013948143559810194
563,0.0015508751679088884
564,0.0023194147665057674
565,0.01155108208267075
566,-0.0034043575124420578
567,0.0014044286886957802
568,0.016663907980306425
569,-0.006366436239031825
570,0.003266449384532466
571,-0.0040941122434651755
572,-0.007765474602119127
573,0.005757429002841069
574,-0.004694257520927475
575,-0.0007247968478377997
576,-0.009114903406164998
577,0.0010839962009058235
578,-0.0007726775108471418
579,0.0022832498832058012
580,-7.020481692182612e-06
581,-0.0014493955943205017
582,0.001977542138706545
583,0.0022570258143468913
584,-0.003459345152845128
585,-0.0031522301220629767
586,0.003385625929718944
587,-0.00875597236328668
588,0.0015793823971464171
589,0.010049794955409697
590,-0.002677187028996275
591,0.014756098112419347
592,0.003300148276796283
593,-0.008413480429815157
594,0.006230947666858472
595,-0.0034817438782831223
596,0.012908802540207931
597,-0.0017937236254455258
598,0.007031452451928655
599,0.006272525905380827
600,0.0007008781281363508
601,-0.004936605885638767
602,0.004875274343768915
603,-0.0019831542408921543
604,-0.00013355855898217195
605,-0.0020518346400211496
606,-0.0022002588398298273
607,-0.007667837186450699
608,0.002009390552492024
609,-0.0022926618711093805
610,-0.005744361821923116
611,-0.004067544266796175
612,0.0058904294718096495
613,0.004968242289953462
614,0.00037440382922190873
615,-0.015502993481571442
616,0.004990947368049087
617,0.0002135314357028517
618,0.002136772282163385
619,-0.0045864015820490656
620,-0.0060068611440260156
621,-0.007878725701069428
622,0.0009897933529734448
623,-0.003736531248897973
624,0.0017903729439804617
625,-0.0031984178068277247
626,0.0030324374597401893
627,-0.0015627152211889483
628,-0.00098200185155764
629,-0.005880991972964822
630,0.005816011859328563
631,-0.006041265935031764
632,-0.003033154500859586
633,-0.005027110898671139
634,-0.002652181902486783
635,0.007446646383350158
636,0.002263449161645781
637,-0.005652336049872864
638,-0.00045812341752615726
639,0.004213204179007418
640,0.008424193801218505
641,0.007459239569303888
642,0.003930830108788502
643,0.001987048844783429
644,0.006575903607460021
645,-0.007237842646013154
646,0.0027064015602017433
647,-0.006982230945641238
648,-0.007830078887738096
649,1.2128704844266425e-05
650,0.004140108271398185
651,-0.001631233555924011
652,0.005249142557028241
653,0.0022948781569324395
654,0.01762068386498572
655,-0.007553775172408128
656,-0.006409081128715188
657,-0.012959786970323794
658,-0.0018144499113125212
659,-0.006244063729663241
660,-0.004959189282668225
661,-0.0013795776073461663
662,0.00536351996284129
663,0.002524861787092103
664,0.002267532059297389
665,0.007096665671731672
666,0.0053882387627031125
667,-0.0007159471715359744
668,-0.0018425208188205533
669,0.006890634857723649
670,0.003342559778665183
671,0.0036292302806536225
672,0.005681085506914985
673,0.0044726904925219135
674,-0.006598343654061062
675,-0.008649750297096442
676,-0.0012042985424254027
677,0.01699720966290183
678,0.00025993952480804494
679,-0.006595366031667771
680,-0.0010590056089231081
681,-0.0064070979639853365
682,0.006646320532679578
683,0.007018669029232039
684,0.005871932660296925
685,0.009724785158751414
686,-0.005754765283690955
687,0.004142840611059767
688,0.0015999171634988318
689,-0.00149808952362121
690,0.01716761491583496
691,0.003282735950323745
692,-0.0023493265152333687
693,-0.004056697137822252
694,0.007949042129391931
695,0.003238293113045132
696,-0.006654368663724236
697,0.011348975434441216
698,0.0016934823673811772
699,0.0009756981992217195
700,-0.005149705433954155
701,-0.0028544292390121906
702,-0.006530062445700507
703,-0.0013844179636130494
704,-6.036536456044406e-05
705,0.000409153330105938
706,-0.0035109200297628596
707,0.003757732969909139
708,0.009051801719644398
709,0.0006970826849362621
710,-0.008692264201135197
711,0.006030048294330792
712,-0.004603108006574097
713,0.0016789468194597923
714,0.007063817714842935
715,0.0033950097090063025
716,0.0017719730552182567
717,-0.004276880993672738
718,-0.007198347306759223
719,-0.011375638212493822
720,-0.0029277064464106883
721,0.008238715609513753
722,0.00046021159700498915
723,0.0019298322939300117
724,-0.002966192500387932
725,0.008638450765717842
726,-0.005627151753119286
727,0.008406242019321275
728,0.0006899424388942255
729,-0.00317685853642255
730,-0.002929340325123403
731,-0.004293309078790913
732,-0.009744896565163641
733,0.011004562147718888
734,-0.0017445053255973897
735,-0.00813178183925578
736,-0.00940887164707599
737,0.006695241923661582
738,0.0042669837690632595
739,-0.0007462026055169713
740,-0.0019360725285429703
741,0.013449918787707904
742,0.0013638091845705191
743,0.005610883810021949
744,0.0026530743300477166
745,0.012241076648024762
746,-0.005172460389602507
747,0.0018619640449870634
748,-0.007079068071013717
749,0.005467736289632735
750,-0.0014920307484408424
751,-0.009846361435564971
752,-0.0005621877083955007
753,-0.002419835042333285
754,-0.006876291188850886
755,-0.002580611549598655
756,-0.003221584293138957
757,-0.005502146937354013
758,0.002025327612127009
759,-0.002301396404049
760,0.0008026878950398997
761,-0.0032720843636452612
762,-0.004262880739125369
763,0.0008435870834687109
764,0.006364616383225247
765,-0.004074314894097708
766,-0.008565218265165653
767,-0.0007869108243581668
768,-0.006822450946603886
769,-0.006963921270262297
770,-0.003929788040069715
771,0.011893678685526016
772,-0.0004685204744970528
773,-0.006693061041363496
774,-0.0058808945042229666
775,0.00441165069325733
776,0.007338439151376441
777,0.002743635975346187
778,0.00014615082350419306
779,0.00018192907719860596
780,0.0028350697845510586
781,0.003487712897696199
782,0.0022189129168677657
783,-0.00010110628119325282
784,-0.0022678572009147135
785,0.016008937614483854
786,-0.002618110080806535
787,0.014135567247300418
788,0.004995004647456253
789,0.0012757828501604451
790,-0.00022025675104450637
791,-0.003220666912594705
792,0.008289252838050987
793,-0.008372742380100329
794,-0.012505995735697079
795,0.007509946345909901
796,0.008565861769445265
797,-0.005829915877341718
798,-0.0021888677853753036
799,0.006240551863751637
800,-0.005890762161611718
801,0.014098541129372838
802,-0.007348984442675732
803,0.003517153573784376
804,0.004544903335054945
805,0.0008435374329560652
806,0.00794519666930571
807,0.007950141851513104
808,0.0070632045543941036
809,-0.007789821267593089
810,0.004329770793246646
811,0.0033828337432108
812,-0.006981917157971723
813,0.003008913299295618
814,-0.007366414625669171
815,-0.008178993877825974
816,-0.008973558440105833
817,0.011603926563803685
818,-0.002892917513298815
819,-0.00741193551826666
820,0.004959105677718401
821,0.0003975664596742312
822,-0.010273956479550372
823,0.0012014405918362725
824,-0.005339702960018511
825,-0.007169640406128247
826,0.0018742499915451738
827,0.0030557572574407277
828,0.0020663674845977087
829,0.007208513442494263
830,-0.0013889163519233971
831,0.005572797995016199
832,0.001801000983537443
833,0.002923503707697672
834,0.006353018422455725
835,0.002816062994925428
836,0.007954051388551375
837,-0.010889881507538696
838,-0.0016932346048806335
839,-0.011949722539225827
840,-0.0023999658928571532
841,-0.006950279409303539
842,0.005057506629014524
843,-0.00018125539313454397
844,-0.003044915638207135
845,-0.00019488143186482954
846,-0.003609927005231217
847,0.0016082773975847064
848,-0.0021711307776387523
849,-0.0019383755583936568
850,-0.0002316416730653581
851,-0.0017898683868274312
852,-0.0036934645718321724
853,-0.0002916936140849591
854,0.0038124173874724276
855,0.004520896766407323
856,-0.0013539551700387509
857,0.008812870516586746
858,0.0002289791547043507
859,0.0058962251634352425
860,-0.004046621433542785
861,-0.004160031631967237
862,0.013230514750268818
863,0.005550220984475912
864,0.0012429373949947864
865,0.003699644112975936
866,-0.006768979636468803
867,-0.0020951251824530837
868,0.008434634697694038
869,-0.0015562935333155725
870,0.005811470302751448
871,0.0027994958803960746
872,0.0026112635714561627
873,0.012908850244493758
874,0.0017858417401820093
875,0.0022811792441913004
876,0.002683471608491278
877,-0.005051345946764402
878,0.003605815068605772
879,0.0006902108069162249
880,-0.006726918190790965
881,0.011853886713165729
882,-0.0003349591801992957
883,-0.0045659893155159115
884,-0.0056663544359383256
885,-0.001105262836921972
886,-0.0018009349832567023
887,0.00206335930087842
888,-0.0009656684932268511
889,-0.007341932733875206
890,-0.010497830326785362
891,-0.002346092289781887
892,-0.0009568949574073338
893,0.0029755087624476206
894,0.0037867200811678436
895,-0.0011630436251590104
896,0.010396162047976526
897,0.0006841014250218158
898,0.015190216319243693
899,-0.002358683425942615
900,-0.007494823837114445
901,0.004515686673686181
902,0.011024627676636478
903,0.00678917580871935
904,-0.0022860949958199706
905,-0.006678283538127133
906,0.005159946599981674
907,0.010666940238093808
908,-0.008909475869074451
909,0.007768662581223135
910,-0.0002970543792861491
911,0.0022811234406880376
912,-0.0010159970526233686
913,0.003396348841897323
914,-0.0018454364526099831
915,0.0072109921402480626
916,0.005985685149732661
917,-0.010177859044731535
918,0.0066677927800651016
919,-0.003548917370880894
920,-0.0056030872150588384
921,-0.003501996036966132
922,-0.00912475949144781
923,0.0005993455347682031
924,-0.00651733351324621
925,-0.0006378445856704829
926,-0.00994260305672634
927,-0.0052895221640933965
928,-0.006369130987438076
929,0.0027625345666147383
930,-0.006205180115202075
931,-0.008640984274464858
932,0.007412320545599788
933,-0.00012217394321578645
934,0.0012661448361706018
935,0.0005633378628350227
936,-0.0033898140301856505
937,0.0013358150557248871
938,-0.004758641759844445
939,-4.841709040420694e-05
940,0.0022188364458426424
941,0.0008753606535680802
942,0.00888715222237968
943,0.0061904865924797825
944,0.013559860050332107
945,0.004253359033617787
946,0.006564630068917027
947,-0.004308019954137321
948,0.005016803082024707
949,0.008800835860842876
950,0.003226626465950455
951,0.005864211901856875
952,0.004598163541672806
953,0.006577056171627099
954,-0.01159745482741048
955,-0.001437968441195231
956,-0.0038054436498766164
957,-0.0016083247695807823
958,0.0011744887363690504
959,0.005000781322190756
960,0.007221785532010638
961,0.002461241756961746
962,0.0025400738915684618
963,0.0008871014741110572
964,-0.004390466872620957
965,-0.004467586175968152
966,0.006518019350895299
967,0.013865521094791028
968,0.008101469383937993
969,-0.014355229176275547
970,0.007673996305412489
971,0.0024284613952728906
972,0.004002530316763314
973,0.002883181231185139
974,-0.00836375655634558
975,0.00847240024396545
976,0.003032776718627811
977,-0.011099241811980437
978,-0.0077253419408217505
979,-0.004392084434494792
980,0.00170915679250766
981,-0.007804974767188444
982,0.001757365364891128
983,-0.0009065795239385777
984,-0.003767637373431526
985,-0.007745790138989711
986,-0.005256818200887858
987,-0.0021599296773580634
988,-0.0004988451026840535
989,0.009834500427131465
990,-0.01751572632872689
991,-0.005232281772658942
992,-0.0016273705862153154
993,-0.004026399349383175
994,0.011495646454820707
995,0.0029932774919487204
996,-0.0018802129919924526
997,-0.004673649535573726
998,0.002585543448115374
999,0.00983186896601912
1000,0.006476734816670021
1001,-0.008283438208161548
1002,0.004230341924331582
1003,0.0005356635351960182
1004,0.012144654786151649
1005,0.00033349268612178906
1006,0.00021727890289116591
1007,0.004344899581424422
1008,0.009789015836966813
1009,-0.003988881350731166
1010,-0.004235775627676047
1011,-0.00379897852929853
1012,0.006453965008209023
1013,0.004370078685123013
1014,0.009629413446259477
1015,0.0009157708333978609
1016,0.0009122897444326372
1017,0.010057191349034822
1018,0.0124074289573739
1019,-0.0005177082308697178
1020,0.005038340494421756
1021,-0.003184762100260863
1022,-0.0017735461061111624
1023,0.0024872926312151933
1024,-0.0014429218599711358
1025,-0.0016480232410529816
1026,-0.005725967492059059
1027,-0.0018403090406394762
1028,0.004655571607794756
1029,-0.0024832315278004446
1030,-0.004955802642174684
1031,0.001344369717125482
1032,-0.002381984122371783
1033,-0.0009221889281493256
1034,-0.007401074412347691
1035,-0.006672452671210555
1036,-0.010245609090189955
1037,-0.0005780351568033804
1038,0.007121453178628889
1039,-0.0008204557994415107
1040,0.002562124613530864
1041,0.0007135699032766452
1042,0.012375800345528265
1043,0.015208513153466774
1044,0.006161359505459707
1045,-0.001597680586899769
1046,-0.0048591592843524045
1047,-0.00599870897598509
1048,0.0076871555735454344
1049,-0.005250228853495603
1050,-0.00013950054110559162
1051,-0.0009712160562301286
1052,-0.0041002910351736754
1053,-0.007392957120981758
1054,-0.0019486476860143542
1055,0.00345666914267731
1056,0.0012304234592410423
1057,0.001973128962424825
1058,-0.00509004325451326
1059,-0.0022968161270998932
1060,-0.00924803708713784
1061,0.0036879211516354093
1062,0.008529625042313693
1063,-0.00972818961023783
1064,-0.009590932704734573
1065,0.005925353779834969
1066,0.016194771533426106
1067,-0.006042159941758718
1068,0.005325763653222265
1069,-0.0070590646515096
1070,0.0006558782485444892
1071,-0.0008671368913810151
1072,-0.003419021673529782
1073,-0.003853131129577886
1074,0.0016232513972386509
1075,-0.011075357707480554
1076,-0.005116979528791532
1077,-6.900882028640365e-05
1078,0.004216386939488614
1079,0.007583697592189659
1080,0.004079887261674825
1081,-0.00301164749201549
1082,0.007782169483530971
1083,-0.006150951577355651
1084,0.0020899677817039775
1085,0.0035366692119267185
1086,0.001011258107372015
1087,-0.0016407154011372216
1088,0.00786994029608537
1089,-0.00370430017027229
1090,-0.008889594315424382
1091,-0.003523453591387782
1092,-0.002598212762114166
1093,-0.005219709334042311
1094,-0.001082121575675582
1095,0.0009507002673036224
1096,0.002745648178872212
1097,0.0012325756831332302
1098,0.011201862210063973
1099,-0.002283426836966307
1100,0.006513607678165084
1101,0.013893287107826169
1102,-0.005076459482747514
1103,0.01026309106264181
1104,-0.000931571113719748
1105,0.004265414233904946
1106,-0.0021266002668912376
1107,-0.0038892439220513664
1108,-0.010101036128751323
1109,-0.00047954559759280646
1110,-0.005538495865613696
1111,0.00687215589317372
1112,-0.00684447116028622
1113,0.002048178179698462
1114,0.0023937774988452842
1115,0.0070931540646702596
1116,-0.0004981269803906174
1117,0.004602798317991652
1118,0.005170104610752235
1119,-0.00421100394862875
1120,-0.008550693981454416
1121,0.004539339517290797
1122,0.0028523010212168354
1123,0.0036039097114721474
1124,0.0012652262230976874
1125,-0.01571388050095765
1126,0.0014667037440233566
1127,0.0030233581765518602
1128,-0.00869601955949903
1129,-0.009176593411110961
1130,0.002864792130302496
1131,0.004775465342332086
1132,-0.0004103569442249766
1133,0.003092753376187779
1134,-0.008011122129494536
1135,-0.001971453108284199
1136,-0.0006729124026570443
1137,-0.003981512115454056
1138,0.008950807454094795
1139,-0.003945089151957376
1140,-0.008854494982007272
1141,-0.01097671447150278
1142,0.016762953241834355
1143,0.003273499403135899
1144,0.006265622868066589
1145,-0.003890818419044567
1146,9.90651786697272e-05
1147,0.00045425410526603316
1148,-0.0027578977182254882
1149,0.010877657861204593
1150,0.003331310569962387
1151,0.0003517889831677612
1152,9.923153740346025e-05
1153,-0.0014592524189427358
1154,-0.005543143139371182
1155,-0.0006373069973673318
1156,0.0012735699957564517
1157,-0.0014781975034861283
1158,-0.006500957517444839
1159,-0.00037839475275300294
1160,0.0016973742692155402
1161,-0.008105082944170755
1162,-0.004747180960864239
1163,0.004570092031374873
1164,0.004681415729799909
1165,-0.003859306639055038
1166,-0.0030888512246001476
1167,-0.005928884906733822
1168,-0.009487235268330202
1169,0.002613597563521003
1170,-0.0009031676042203785
1171,0.0032918377653202713
1172,-0.012356374160056388
1173,0.001982072572192739
1174,0.004057003875671816
1175,0.0012465898348602011
1176,-0.004163128053990606
1177,0.013414704923680104
1178,-0.0007532291991692031
1179,-0.005762636065686749
1180,-0.006934839759513534
1181,-0.004204480121292098
1182,0.012349459611044084
1183,-0.0010319733463987624
1184,0.008468799895816087
1185,0.008811697455721912
1186,-0.0020897979767906527
1187,-0.002120399870919276
1188,-0.0010558503013343157
1189,-0.00587588796652877
1190,-0.00355911687582508
1191,0.0010820712330582571
1192,0.007725281735654094
1193,-0.005772310022145011
1194,0.0014465309523498948
1195,0.006124679525418092
1196,0.008135182979416455
1197,0.0014924873166712316
1198,0.001556584956260848
1199,-0.004758145630739341
1200,0.0018491993524109296
1201,0.003594067714271121
1202,0.003448284434439647
1203,-0.0023271405535404133
1204,-0.0025394459083045717
1205,-0.007367138322786376
1206,-0.012410177857406501
1207,0.005316146342965095
1208,-0.003758147906735898
1209,0.0026547933816763736
1210,-0.006348676396890879
1211,0.0015581692706083394
1212,-0.0031993326982621972
1213,-0.0009576782311607746
1214,-0.012063222464356399
1215,-0.0019407048460206855
1216,-0.009954020343820563
1217,-0.008157698161749105
1218,-0.0037408446675900597
1219,-0.00016761437083595565
1220,0.0008363109445277406
1221,-0.001031439650362037
1222,0.0011645091354120785
1223,0.011012044466289866
1224,0.0061352002761011215
1225,-0.003973310731574392
1226,0.010595671081582325
1227,-0.004902852029020799
1228,-0.008103796364877153
1229,-0.01106529783394572
1230,-0.0025665965898184484
1231,0.004945118880690408
1232,0.0017280312438224532
1233,0.005230759242814936
1234,0.0041712286437521895
1235,0.002446098332973684
1236,-0.008858366629970887
1237,-0.0022166260694301276
1238,-0.0038296821392906355
1239,-0.006398636547055386
1240,0.0028182737050153617
1241,-0.006953672522811538
1242,0.00028778579015709127
1243,0.010116186717429004
1244,0.0013700412193668743
1245,-0.0036906962593180603
1246,-0.0003765417453742148
1247,0.012047687545255259
1248,0.0003665658386879933
1249,0.0016428656001111208
1250,0.0007733818529457592
1251,0.0006881975546599306
1252,0.0028153640227225885
1253,-0.0033942234121684123
1254,-0.003010516952325931
1255,0.003586314836716842
1256,-0.005378058694610499
1257,0.004385809323860346
1258,-0.0021469873147309526
1259,0.0017850814349461008
1260,0.004097043795306982
1261,-0.004945140527723824
1262,0.006467647231585855
1263,-0.0007308371292970572
1264,0.006062736321199136
1265,-0.0014581141162858802
1266,-0.00038127650729047335
1267,-0.014226923761114757
1268,0.0028875505963251447
1269,-0.009890444521828468
1270,0.002544107732817269
1271,-0.002237017091976573
1272,0.0012302914024562295
1273,0.0023693043508495604
1274,-0.004707132512513035
1275,-0.002978936002254906
1276,0.0019289302165154953
1277,0.008895384096390818
1278,-0.011139579199129973
1279,0.008482997625005068
1280,0.002307326522112879
1281,-0.0025555547801034695
1282,0.005042370349867625
1283,0.007209477122705227
1284,0.004022794727689877
1285,-0.005877813431038242
1286,0.005176702501199754
1287,0.003874169306435249
1288,-0.0047187212365235875
1289,0.006376703604930284
1290,0.006987625297463024
1291,-0.005174188201695296
1292,0.006811418789127277
1293,-0.0016770100355284479
1294,0.003786563455755676
1295,-0.002183069720416708
1296,-0.009697359155912244
1297,-0.000568631189833857
1298,-0.005885582829190661
1299,-0.0009184136052746983
1300,-0.0024998587176929266
1301,-0.004658446154886364
1302,0.002253862017575492
1303,0.004147241257322298
1304,0.0036157010842517434
1305,0.0004330839178055823
1306,0.011180841352876697
1307,-0.0061563977319838425
1308,-0.001640259590558385
1309,0.0009964114387029377
1310,0.0029743330554700687
1311,0.003012875262281778
1312,0.002630840710628163
1313,-0.002811552670807821
1314,0.007412658481735168
1315,-0.008512915141125788
1316,-0.000972714038377509
1317,-0.0031765212858196057
1318,-0.0029399129949743696
1319,0.002213247509522842
1320,-0.00863242298194239
1321,-0.0003590767935810202
1322,0.003210233937128132
1323,-0.0007030636184880146
1324,-0.003645092463225086
1325,-0.010938509410405362
1326,0.01348298934402542
1327,-0.0036588074989412633
1328,0.008640883039490593
1329,-0.0003397124071154167
1330,0.0027577992986072553
1331,0.005550753079123477
1332,0.00014617093232760503
1333,-0.001057744992867482
1334,0.013761462314785505
1335,-0.005735053812901347
1336,0.006275446941305801
1337,-0.00042417549628986917
1338,-0.0023081739181669003
1339,0.0017444135385828174
1340,-0.002979319975971978
1341,-0.000801384473711586
1342,-0.0003973066896071631
1343,-0.004374976722222451
1344,0.006960143699162813
1345,-0.001074057204506207
1346,-0.008056201553895942
1347,-0.005102932073519417
1348,-0.0028252468304967304
1349,-0.003952877300422958
1350,0.002457445309539674
1351,0.0016594373483158342
1352,0.006984946661717645
1353,0.011733972225258266
1354,-0.0009994518488191662
1355,0.0001213961836706301
1356,0.0021585375912248628
1357,-0.00293364695183701
1358,-0.0008222627080252398
1359,0.005870197693337326
1360,-0.0024834604342590105
1361,0.0019363346618547217
1362,-0.0055436379241182165
1363,-0.007931735388234828
1364,-0.008040155997978915
1365,0.004713328682558998
1366,-0.006910923287300613
1367,0.001830213667249725
1368,0.0004662185923264839
1369,-0.0004212703715454069
1370,0.00427209670624068
1371,-0.0017001638228775207
1372,0.010070958201749497
1373,-0.002043378514457822
1374,-0.006214889933595563
1375,0.013569237688125152
1376,0.004848462870000847
1377,0.002006698996984718
1378,-0.01443781174928066
1379,-0.00368428996448969
1380,0.00011739201598109927
1381,0.006797999001040278
1382,0.0005990359174396498
1383,-0.007611031217764741
1384,-0.0011007242874303547
1385,0.00022384208846379372
1386,-0.0006334808998649522
1387,-0.004275918523805294
1388,-0.00839971740924933
1389,-0.0006949263745716638
1390,0.001275672181099613
1391,-0.002192810812703616
1392,-0.003655993361490334
1393,-0.009128364888282336
1394,0.007633477124729421
1395,-0.010697618492666622
1396,0.011342950765518
1397,0.0011227061360126467
1398,-0.0038172034128317323
1399,-0.005185944565088224
1400,-0.010490522028112459
1401,-0.004175202937278744
1402,-0.0040696370088554035
1403,-0.008691909734633407
1404,0.00381854941679427
1405,0.002871846337646422
1406,0.002836962384564601
1407,0.00580972412456926
1408,0.009519841998225503
1409,-0.007069944128679007
1410,0.0012719025871115452
1411,-0.01036550492655075
1412,0.005838992051993924
1413,0.0048925004584875476
1414,0.0021142233151123513
1415,-0.0033166444814050067
1416,0.002572604047573812
1417,-0.006958346318031439
1418,0.010907270598328661
1419,0.00010512152245928386
1420,-0.007783974074357436
1421,-0.00341706158684954
1422,0.010637681140338529
1423,-0.0012593509616553311
1424,-0.00013040593351448804
1425,-0.004554106258868956
1426,0.00818891383037812
1427,-0.0002032246709156027
1428,-0.006903263431596168
1429,-0.003583940049025902
1430,0.0036842834720452466
1431,-0.0018464131943759787
1432,-0.008108780818740113
1433,0.0036147712575639313
1434,-0.002114608020855002
1435,-0.0017236125795994928
1436,0.004348491219625855
1437,-0.008565345573333799
1438,0.003168825765849176
1439,-0.002106034023007436
1440,0.0013879284127624736
1441,-0.0015168956606487483
1442,-0.001404335420501307
1443,-0.008928671267628946
1444,0.008017617636346813
1445,0.00412507536665821
1446,-0.006388070738898077
1447,0.005265279700432168
1448,0.011372497733700027
1449,-0.0021552068400452207
1450,0.005234322999148
1451,0.0040452069960703885
1452,0.004518123812214614
1453,-0.005176271212251726
1454,0.00025442670699843406
1455,-7.549492412708969e-05
1456,-0.0004026757257297453
1457,-0.004078304366905483
1458,-0.0006802433112989004
1459,0.010482119415769764
1460,0.006289102363241511
1461,0.0031036432976489225
1462,-0.01363325133963908
1463,0.006273316330277945
1464,0.0013857524886254913
1465,-0.007222166967241733
1466,-0.002686038688121062
1467,-0.003705778240565588
1468,-0.006164134040525349
1469,0.003983967340059347
1470,0.00017095211966877688
1471,0.011582169234301276
1472,0.007706325026310357
1473,-0.0037211188486545033
1474,-0.008384242608055092
1475,0.004024420510738508
1476,0.005107139520330262
1477,-0.0021070893363727417
1478,0.007076259503319471
1479,0.006945712802571724
1480,-0.0029210125045555646
1481,-0.00043004269647325954
1482,-0.0032545652930985047
1483,0.001681536218639007
1484,-0.002041916706474134
1485,-0.005846433272603924
1486,-0.007982273611954666
1487,-0.0008175529836442208
1488,-0.012881902499678022
1489,-0.007540224521223576
1490,0.008331239409738123
1491,-0.0045031468997344115
1492,0.0024799987385776823
1493,-0.007016579499189907
1494,-0.007933359132274526
1495,-0.005187684965650613
1496,-0.0009640802933508219
1497,-0.006796926402163811
1498,-0.0041977495022529066
1499,-0.01252855452516996
1500,-0.0018995307024589625
1501,0.008256050009536053
1502,0.005382497881798787
1503,-0.009023448289035313
1504,0.004489655321464975
1505,0.002025944680219105
1506,0.006597530904869392
1507,-0.002149217295356859
1508,-0.0013235045131010925
1509,0.0028366853484992627
1510,-0.001982701723767577
1511,-0.002017995036454473
1512,0.007678077309278858
1513,-0.007271145408528745
1514,0.0069060552330786895
1515,0.00039337321759963517
1516,0.003900014282333747
1517,0.0015654931349248502
1518,0.015320506428336822
1519,-0.0016755231601219278
1520,0.003476750190207434
1521,-0.004466492331190591
1522,0.002980239669570367
1523,-0.003994660829193808
1524,-0.006485247191810012
1525,-0.008708754875253938
1526,-0.003855784395062095
1527,-0.004058783185042852
1528,-0.009711571632231214
1529,0.00030749431913995595
1530,0.00448973827831306
1531,0.0008146860327519212
1532,-0.005486258248205589
1533,0.0016374328496104873
1534,0.010124472322541017
1535,0.0007607921287585695
1536,-0.0027087777580636907
1537,0.0037906404187497966
1538,0.006177600576986242
1539,0.00594410951974253
1540,0.008147251503153985
1541,-0.008224457983404432
1542,-0.009240842073865774
1543,0.0003063775354882614
1544,-0.003971447707303094
1545,-0.0036337755475968625
1546,0.0014605743602406907
1547,0.0036228123133993095
1548,0.0003767760838640499
1549,-0.013018975881933903
1550,0.011992971801593838
1551,0.0043958328401210445
1552,0.00029158907765017283
1553,-0.00556226642621277
1554,-0.01110821609082177
1555,0.0039770115909389114
1556,0.004667231571589103
1557,0.0031203539649169443
1558,-0.002920069527746705
1559,0.000814285971968004
1560,0.0043013415838462354
1561,0.0032814628829009596
1562,0.0016631676511211224
1563,-0.0012182378162335084
1564,0.005473287453510306
1565,-0.0013921742268060422
1566,0.0004910617056513022
1567,-0.0014974332202823404
1568,-0.004462341900880018
1569,0.0014327983280467693
1570,-0.016105321873950362
1571,0.004625363949457978
1572,-0.006227984672256437
1573,-0.01234069726920467
1574,0.003885684436364306
1575,-0.007007818793263704
1576,0.002462506388534763
1577,-0.005508732433008284
1578,0.0028234217601135203
1579,0.005087967274955668
1580,0.009534772197919816
1581,0.00599514933690079
1582,-0.006679916107037748
1583,0.0008841360289451317
1584,-0.0030381365404215377
1585,-0.001457499025710851
1586,-0.006310054161303258
1587,0.0057585212738758
1588,-0.003658113563589027
1589,0.0029155724655872406
1590,-0.0002831083893769515
1591,-0.0045876229214622255
1592,0.00031394144542426505
1593,-0.0006461308195502835
1594,-0.002045368788310714
1595,-0.0043510159932297066
1596,-0.00343426698456753
1597,-0.002736887546458372
1598,-0.00039961300540089506
1599,-0.002128852292896888
1600,-0.0008421784206378291
1601,0.0015518046414955133
1602,0.0018637657536028363
1603,0.0017940257319164488
1604,0.00860158997748886
1605,-0.009144466237984317
1606,0.005314868310955012
1607,-0.002308689404552172
1608,-0.008887954884749805
1609,0.0013747592983643087
1610,-0.0008471076611107353
1611,0.0049004080429851105
1612,0.006253423912588124
1613,0.0041775510529108995
1614,0.0014176788062425505
1615,-0.0013718233307010441
1616,-0.000926030138364814
1617,8.484288982441024e-05
1618,-0.0025074869666613653
1619,0.009271619947555515
1620,-0.007117566142891746
1621,0.005238194442533928
1622,0.0006440435797113453
1623,0.002747598040930166
1624,-0.00464926437542823
1625,-0.008002839153570002
1626,-0.00398027792872252
1627,-0.0036039626121339985
1628,-0.00532423521085898
1629,-0.009822893556243245
1630,-0.0034444132127054716
1631,-0.003249957682932625
1632,0.003447775356039212
1633,-0.007707994371000532
1634,0.0030568537930650286
1635,0.003184892002003198
1636,-0.004292376433934625
1637,0.008748020224309483
1638,0.0049848304922591735
1639,-0.003160619113752011
1640,-0.00014071481017308152
1641,0.0024248505467429626
1642,0.0018225549027834076
1643,-0.008840349414684867
1644,-0.0008573369554045196
1645,-0.0007243112082729042
1646,-0.0016849799686333988
1647,-0.013461625037718694
1648,0.0012331972850169737
1649,0.0007388573643272722
1650,0.0004010226014370122
1651,-0.00153279764315431
1652,0.006782814363537365
1653,-0.006488987124170231
1654,-0.0009453019994898615
1655,-0.0020217368989718376
1656,-0.0005773727070239876
1657,-0.0011315554175315157
1658,0.009117036297439651
1659,-0.00317859663164638
1660,-0.006678144525258695
1661,0.010029672989951027
1662,-0.0002601002299014721
1663,0.0012454492346044566
1664,-0.0064076854141235096
1665,-0.011574009348852998
1666,0.004001089077430131
1667,0.003221862745738935
1668,0.0019599637001371517
1669,0.01258910929554427
1670,0.0036740479903796808
1671,-0.007354078201756958
1672,-0.011918635308201309
1673,-0.00524847199550435
1674,0.0001325848234206839
1675,-0.0021846643248875086
1676,0.004207492009887154
1677,-0.006637261292463892
1678,0.007473436555084617
1679,0.010748549072283453
1680,0.010035648499511246
1681,-0.012246375482995342
1682,0.0004875840341991011
1683,-0.0007702263665343989
1684,-0.005108847908254166
1685,0.0056144342929494995
1686,-0.008356340937402812
1687,-0.0033452998250761423
1688,-0.0013137614962891453
1689,-0.004031454277990648
1690,0.007060711170229578
1691,-0.009797361229971213
1692,0.011134046036485129
1693,-0.005561332136077929
1694,0.008303996290274035
1695,0.0005463817693058814
1696,-0.0035473028394241435
1697,0.01003170454687688
1698,-0.0014756666418421494
1699,-0.0019183989923832745
1700,0.004412356627332359
1701,0.008246229395634574
1702,0.003382797956206912
1703,-0.000789302259697866
1704,0.004611013507064249
1705,-0.00920923451880501
1706,-0.004474661298463495
1707,-0.004175239462355873
1708,-0.0010684379466646132
1709,0.0002880446996776642
1710,-0.0013425648551412261
1711,-0.0026904100413209786
1712,-0.010599334153606088
1713,0.010029508860149916
1714,-4.6924269581943845e-05
1715,-0.0058222567141123505
1716,-0.006924007108153385
1717,-0.0009551584378262035
1718,-0.006115774835315085
1719,-0.004950834548590577
1720,-0.004755557907524605
1721,0.006901413863603489
1722,0.00039183837318032544
1723,0.00974271188451964
1724,0.010965908290403947
1725,-0.005139256449938567
1726,-0.006967491423031186
1727,-0.003565874669119895
1728,0.0034813291055160733
1729,-0.006633646543349275
1730,0.0072695061954120566
1731,0.00045385558291255457
1732,-0.004581162611043549
1733,-0.00010132071907764661
1734,0.004536731005084144
1735,-0.0024960155413289165
1736,-0.004296998729846957
1737,-0.010362318816175692
1738,-0.00014471568103893717
1739,-0.006640786033977941
1740,0.007435816659865535
1741,-0.0009963925577934352
1742,-0.0025584588572754585
1743,-0.006716618130386598
1744,-0.0049130731119905735
1745,-0.007585214658519773
1746,0.006332941702833911
1747,-0.0004135231206192358
1748,0.0027567121089301927
1749,-0.008257564484044577
1750,0.0028835004203399683
1751,0.002145661834067003
1752,0.006024518025177644
1753,-0.009743054320404843
1754,-0.0013220620406106942
1755,-0.008048209671501189
1756,0.01032016790676471
1757,-0.003454098968096314
1758,-0.004869202879876688
1759,-0.0011417557795315725
1760,0.003704515461328578
1761,-0.0065989678584079114
1762,-0.006142096233835992
1763,-0.0020667192188901784
1764,0.005708885282192738
1765,-0.0004959434791507178
1766,0.00126513985798124
1767,-0.004013691608753922
1768,-0.0009008318387145886
1769,0.0025526196085919606
1770,-0.015957101886064834
1771,0.005328616939639208
1772,0.0016705935454677523
1773,0.0032814514821232765
1774,0.010950450073920592
1775,-0.00482256463555808
1776,0.005257061471106328
1777,-0.0019117904363167015
1778,-0.008475049597376716
1779,-0.005215640367789848
1780,-0.00474853427397362
1781,0.012363999906739809
1782,-0.0003303004819901201
1783,-0.0006477288664026304
1784,0.0025237699715376094
1785,-0.005409519168396715
1786,0.0039888481001101594
1787,0.004549547710235746
1788,0.0021456673896412815
1789,0.003266690166041475
1790,0.0034321123398260434
1791,0.003603564242643381
1792,-0.01202992610432857
1793,0.0049250750123036036
1794,0.021581551819344236
1795,0.005304492314422343
1796,0.004230628713394441
1797,-0.013610722115981633
1798,-0.0013909549000688526
1799,-0.003890478486704818
1800,0.0032847270010364638
1801,0.0007347614881498821
1802,0.0003569219343233787
1803,0.0006167471279613368
1804,-0.0032176356577965914
1805,0.003088117940491797
1806,-7.015468393542501e-05
1807,-0.010791356192693669
1808,-0.0011005776636404396
1809,0.000764167667289567
1810,-0.005375064186731088
1811,-0.007961328780880628
1812,-0.004343266681615998
1813,-0.0017507621723609479
1814,-0.005294067787340928
1815,0.004918190697299457
1816,-0.0016642608922376179
1817,0.004239789847438419
1818,-0.008561417290769396
1819,-0.009292408929366475
1820,-0.0029680108523511828
1821,-0.0006226483249114623
1822,-0.005838679888391318
1823,-0.0007212998179005059
1824,0.004691227235066847
1825,-0.00041733890711218025
1826,-0.006164605036310888
1827,-0.006119282925035219
1828,-0.009059554931052427
1829,0.009256028060914245
1830,-0.0047069967059250595
1831,-0.008658177915168569
1832,0.0019727314063219814
1833,0.0032240038408105354
1834,0.012615003066472535
1835,-0.007345562226355795
1836,0.00551641970921482
1837,-0.008476041172936627
1838,0.00436113314810202
1839,-0.007369203559997928
1840,-0.006787991501237378
1841,-0.007377208908170868
1842,0.0015703366865255086
1843,-0.0025924639441758934
1844,-0.0017237943730599725
1845,-0.004953144090689837
1846,0.003951594161995808
1847,-9.399373802351785e-05
1848,0.00031277454407907523
1849,-0.0006216585927537599
1850,0.004349643156984828
1851,0.005545500908182205
1852,-0.007833320290401957
1853,0.007766701327084957
1854,8.004285053855864e-05
1855,0.0015340726787666792
1856,-0.0013403417026545683
1857,0.001867325013250043
1858,-0.007930941239759348
1859,-0.0020281753661381408
1860,-0.007337979248258797
1861,-0.004731484341626319
1862,0.0006713485183881818
1863,0.003856028404106593
1864,-0.0007415047774919081
1865,0.008652401284594241
1866,-0.0023534529617008915
1867,-0.005157827161103717
1868,-0.00148512843668977
1869,-0.00834844645356278
1870,0.003109295622783448
1871,0.008729930891070048
1872,-0.000597951762331711
1873,-0.000746560581156297
1874,0.003145861900989977
1875,0.002184169043839057
1876,0.0032055681929180346
1877,0.007124724024050538
1878,0.0046650763307590215
1879,0.0005316542095594734
1880,-0.0005407269421515704
1881,0.011344926029130814
1882,-0.009304049814502308
1883,-0.0032624735411929673
1884,0.0012655572404657034
1885,0.004410597613203865
1886,-0.002656983692929493
1887,-0.015804270833962825
1888,-0.004275013667703886
1889,0.006208279718596665
1890,0.002946196323975747
1891,0.0007563539346255865
1892,0.002324748611974403
1893,0.0057484830775781925
1894,-0.006751360219738267
1895,0.0013309576149242996
1896,0.014694998263008435
1897,-0.006616459838207356
1898,0.006969658661024558
1899,-0.009335115848125575
1900,0.005294169028691953
1901,-0.005678981077651635
1902,-0.0059187829281757975
1903,0.002780466846776103
1904,5.660318168967948e-05
1905,-0.004321286394320417
1906,-0.005837485967868178
1907,-0.00358653229455555
1908,2.5013020362174565e-06
1909,0.01006587308405163
1910,0.0024902666939053686
1911,-0.005602620220760135
1912,0.000867401612121288
1913,2.4570120483430324e-05
1914,0.004424464678764839
1915,0.005523014439757196
1916,0.007286019208954969
1917,-0.004340432505412689
1918,0.007816540960258939
1919,-0.004322374908754978
1920,-0.00034206146733675724
1921,0.008619317898498235
1922,-0.001982184057195052
1923,-0.00011567485509808573
1924,0.008938755617413169
1925,-0.0002948547195753548
1926,-0.011880019782851275
1927,0.005612556935673224
1928,-0.010854526504565337
1929,0.003092117686725515
1930,0.009075986523466695
1931,-0.0030504109283783776
1932,0.0017537583496395892
1933,-0.0013770183302547478
1934,-0.0004025056538754235
1935,0.005376741801435325
1936,0.0010992455625702946
1937,-0.0008068197458070969
1938,-0.0004894167107196423
1939,0.00237109972358604
1940,0.002175149038472185
1941,-0.00841624696943677
1942,0.002787923843318163
1943,0.003959838047361525
1944,0.0026622893506147993
1945,0.006109787934420741
1946,0.004747790814127156
1947,-0.0023654417504544722
1948,0.0038221838174919143
1949,0.005289978216056368
1950,-0.010457407399322188
1951,0.008662269272373846
1952,-0.004006211275981497
1953,-0.0014356811421271376
1954,0.007026901164032234
1955,-0.0026413245869750246
1956,0.0041168719358621875
1957,-0.005045832118721144
1958,0.0031959928907612234
1959,-0.010826273948733173
1960,0.0021713166961407904
1961,-0.0018453864625781746
1962,-0.007837747571632553
1963,-3.537015488652706e-05
1964,0.004337529660793121
1965,-0.003915261372144235
1966,-0.005485052758014919
1967,0.0014420251383565064
1968,0.009237902684244764
1969,0.017082100778310683
1970,0.0027027053530955247
1971,0.0065289753767015235
1972,-0.002171659234107476
1973,-0.005470400672191678
1974,-0.002288208810191289
1975,0.0036148378069820464
1976,0.005989867001443966
1977,0.0025823317513578026
1978,-0.003114400406086293
1979,0.004970531762504921
1980,-0.0017417030231533237
1981,-0.007121563633451067
1982,-0.0029984271566373677
1983,0.0016730307354111962
1984,0.004101673284251733
1985,-0.002595367676331284
1986,0.0033346086464169367
1987,0.004387302787446756
1988,-0.010511814287598398
1989,-0.0012476466238838246
1990,-0.0022297718670433453
1991,0.010350036452014127
1992,-0.002077244655185023
1993,0.0003559434469020406
1994,-0.0006092609592952825
1995,0.006291459629600066
1996,-0.001188747613838248
1997,-0.0026251394645826764
1998,0.004876737757216365
1999,-0.0029810728049649016
2000,0.004318352295181516
2001,-0.004088226320542759
2002,-0.0007290003065239248
2003,-0.005317278160234806
2004,-0.006936012834444255
2005,-0.0006577455034937618
2006,0.003863968378534921
2007,-0.0002916192761323877
2008,0.000856623764284109
2009,-0.0098469824988911
2010,0.002721239983310031
2011,-0.011521988657159893
2012,-0.0040479985250384265
2013,-0.012067637305196333
2014,0.008162863591307828
2015,-0.0040568053125196735
2016,0.008692077567527656
2017,0.0002326045643973873
2018,-0.0006175663701016576
2019,-0.00582218666368628
2020,-0.0029172105859957
2021,-0.0074270170641359545
2022,0.004471736965971862
2023,-0.009558217181035555
2024,0.004547826085260498
2025,0.003897810350344616
2026,-0.009600016114996529
2027,-0.003576105349286013
2028,-0.006688065767041257
2029,-0.01104562324798855
2030,-0.00579313437812734
2031,-0.00015915013356809782
2032,0.011057377042798994
2033,0.002274920378059486
2034,-0.00949349705909977
2035,-4.47124447303382e-05
2036,0.008168296684309684
2037,0.010200424053414425
2038,0.007479226496469427
2039,0.0067510802320999985
2040,0.016907596442281653
2041,0.004037371937109208
2042,-0.00025280711282540946
2043,-0.010641174667323866
2044,0.0072644921542851515
2045,0.007817830282969673
2046,0.002649856662784833
2047,0.006079275789558025
2048,0.00433819329008453
2049,-0.0057305263267548034
2050,-6.244118319945202e-05
2051,-0.008698341136666343
2052,-0.002902300187770712
2053,-0.00683267298877091
2054,-0.005849431250060655
2055,0.0025898107293574057
2056,0.002141750477536175
2057,-0.002280135036061254
2058,0.007705414567035579
2059,0.0016906354478125607
2060,0.004044497487280835
2061,-0.0009466967580154806
2062,-0.0016487621107215689
2063,-0.004368414241332552
2064,-2.8938759095958888e-05
2065,-0.003942352405313848
2066,-0.017537511481016427
2067,-0.004192997242749713
2068,-0.004960225811548646
2069,-0.0015758126412857842
2070,-0.0061030102378210604
2071,0.0018261125920316368
2072,-0.0047076612931707396
2073,0.005566792411888316
2074,-0.0023670509437320464
2075,-0.0011904008634188445
2076,-0.009360546838319772
2077,0.006831372134677077
2078,-0.004241696273049489
2079,0.0025709945958497515
2080,-0.000652727644885831
2081,-0.0008412516388602853
2082,-0.0025513468394011973
2083,-0.005308045552551349
2084,-0.009424138234761376
2085,-0.0023792262996227553
2086,-0.007266002918983133
2087,0.004667900415054715
2088,-0.013590301520508385
2089,-0.0041095666278925524
2090,0.008894446811776036
2091,-0.0043678037551160565
2092,0.011443260596913751
2093,-0.013119052536889636
2094,-0.005825648767456504
2095,0.002537096118435972
2096,-0.0014460612757206392
2097,-0.007377739925270799
2098,-0.0010289472402033595
2099,0.0012201516610118313
2100,-0.006554052959161866
2101,-0.0045334113287370525
2102,0.0010185904563865533
2103,0.0015528312352185991
2104,0.0004897298425798613
2105,3.360288392958988e-05
2106,0.008907050047113951
2107,0.006364976262743044
2108,0.007197695260439951
2109,-0.003345382959867582
2110,0.005544226525591139
2111,-0.011029819975534455
2112,-0.00013495115904707533
2113,-0.002227237811124355
2114,0.0029994696347941108
2115,-0.0043281218882802175
2116,-0.0051164803727069
2117,-0.001581447008357384
2118,0.012031656777779898
2119,-0.011583343837671511
2120,-0.005554063276423271
2121,0.005129225921027852
2122,0.003371970624472448
2123,-0.002397016319914902
2124,0.0034051224996434204
2125,0.0038116262421721836
2126,-0.0010091805636099072
2127,-0.001427003471169197
2128,0.006701569209268482
2129,0.006220490945313739
2130,0.0016167780176478408
2131,-0.005130355096202327
2132,-0.0036182907662352104
2133,-0.00228358278132057
2134,-0.00385363587511231
2135,-0.001944511498642637
2136,0.001413713244194259
2137,0.006848758259375309
2138,-0.00015430869973256933
2139,-0.005410080748821211
2140,-0.0049393676321184965
2141,-0.006945172583519371
2142,0.013281607157461683
2143,-0.00041188535904040924
2144,-0.0006470368236158319
2145,-0.002746332975380905
2146,0.008178414867589162
2147,-0.0076626582463966975
2148,-0.004142778575964595
2149,-0.0005638625694802668
2150,0.005637352119389372
2151,-0.000133447911717266
2152,0.0074937091368894315
2153,-0.003892723957148042
2154,0.004892714298413231
2155,0.00018628525112562855
2156,-0.004118250703923271
2157,-0.01591683862896165
2158,-0.007462216825633972
2159,0.0006790381564564796
2160,-0.003263802193872678
2161,-0.009742971427307928
2162,0.006349420094810515
2163,-0.0010192392133996087
2164,-0.008628648625107843
2165,-0.004761156490804941
2166,-0.0005472039974682708
2167,0.00161331060945466
2168,-0.016159480855129887
2169,0.0085758557276579
2170,0.00048554822202248604
2171,0.0075058197637609125
2172,0.00825195657586894
2173,-0.0003194443244635137
2174,0.003625131115165825
2175,0.002653491490383436
2176,-0.0025020194263888074
2177,-0.006546338152482567
2178,-0.01382199719579949
2179,-0.0019389408171957834
2180,0.0008346597704814718
2181,0.0009262789770968227
2182,0.012681159997016161
2183,-0.008183056314708337
2184,0.004521785005931894
2185,0.0004715453470282016
2186,-0.006903895393546466
2187,-0.00350612220623453
2188,-0.001751991809075537
2189,0.00042793852104305863
2190,-0.00171432034796129
2191,0.006400381403636413
2192,0.012179496337589718
2193,-0.0016115177618166165
2194,-0.013797526447756253
2195,-0.004841385041350843
2196,-0.002419997402992563
2197,-0.002259633765828828
2198,-0.006602669105629455
2199,-0.009353063614464807
2200,0.0027808410997395283
2201,-0.0038965686303815694
2202,0.006085789958155591
2203,-0.004550412715320001
2204,-0.007051866693536274
2205,0.003452834384223835
2206,-0.002155174010220806
2207,-0.004167106688291677
2208,-0.002428876966576371
2209,-0.0027312571235482697
2210,0.0032832415804846526
2211,0.00025350601758844515
2212,-3.5661628277922075e-05
2213,-0.008472853120297191
2214,0.0025421191421994838
2215,-0.0019469984938173535
2216,0.004997991100699012
2217,0.006445275519817273
2218,0.008158047556360015
2219,-0.01317223838224335
2220,-0.0017823135722683514
2221,-0.005185608161135502
2222,0.0032033144952398618
2223,0.00117678214441716
2224,7.806727243228617e-05
2225,0.0014426783182985847
2226,-0.013000841584997203
2227,-0.00584067554558354
2228,0.0007937728500279906
2229,-0.0006222719169259039
2230,0.0009050820922732183
2231,-0.0058646118251564905
2232,0.003992518798842631
2233,0.0036305041817162875
2234,0.00429501680983313
2235,-0.005459550541140612
2236,0.005016854711682339
2237,-0.001691378662479509
2238,-0.004117267997853752
2239,-0.012176934880553908
2240,-0.0008312751438832866
2241,0.0055396048472304005
2242,-0.008514398958281405
2243,-0.001062037785235087
2244,0.00045047018502172853
2245,-0.005770565407479639
2246,-0.00011823575722830215
2247,-0.0016314925905720479
2248,-0.0002504894729479512
2249,-0.007964925281484764
2250,0.0053914797020389316
2251,-0.006133744304742228
2252,-0.0036324677399041105
2253,0.0032408785249135597
2254,0.006139513802885549
2255,-0.009915054390715466
2256,0.0012815612994863945
2257,-0.005176096398502167
2258,0.0029426257179110404
2259,0.002655359963831788
2260,0.004921672996238524
2261,-0.0009088570305376964
2262,-0.005836891329926014
2263,-0.00394093935496892
2264,-0.003128930116405415
2265,-0.008920328717456572
2266,-0.003035755543513735
2267,-0.0015138132736642884
2268,0.007895076563207759
2269,0.0037870353397648493
2270,-0.005874000803358148
2271,-0.008850508686289088
2272,-0.004092878874551925
2273,-0.007447006018661023
2274,0.008140356406549337
2275,0.0014859050481562108
2276,0.008127288206261102
2277,-0.004419898625829977
2278,-0.005604610394775028
2279,-0.0018879824625568642
2280,-0.011009381662522966
2281,-0.0068701150840129455
2282,-0.0021943095007758984
2283,0.0043112064172481646
2284,-0.003351174147791569
2285,0.0038789375301951923
2286,-0.0018994397348786607
2287,-0.007415089220391247
2288,0.004445905002502359
2289,-0.00428537908927118
2290,0.007072844998627675
2291,-0.003988380793290253
2292,-0.003489883283280204
2293,0.0020946569274306326
2294,-0.0005959872894852336
2295,-0.0005306043014151052
2296,0.006577130843128137
2297,0.001707097196761015
2298,0.0057530900646213246
2299,0.0019531454589744868
2300,0.0001170032413522204
2301,-0.009344637302002107
2302,-0.007864257808509856
2303,0.0052971408674268305
2304,-0.004906492055795575
2305,0.007989850190406794
2306,0.01109310598636637
2307,-0.003624485470176575
2308,0.015504319283574652
2309,0.004745054683487349
2310,0.007759302559423004
2311,-0.0070635074482486016
2312,0.0005557301419738536
2313,0.011246063379621724
2314,-0.0033430115358938084
2315,0.005878670618264886
2316,-0.00850565933693151
2317,0.006015533750070662
2318,0.00486344529637861
2319,-0.00535132379498815
2320,0.004050711081635988
2321,-0.00914906557126366
2322,-0.0039933134396800685
2323,-0.004077460817094702
2324,-0.001503332214895875
2325,-0.0033809803363923363
2326,0.006294238725524759
2327,-0.0036378317236020474
2328,-0.008194523340907756
2329,0.01134469222762674
2330,0.00880139494165319
2331,-0.006757350864468159
2332,-0.005917460616629594
2333,-0.0030273241688188735
2334,0.011634372127591441
2335,-0.0013085576785350495
2336,-0.004822839329532258
2337,0.024055458011488645
2338,0.008229594675455032
2339,-0.010392897000769091
2340,0.0022175849901588107
2341,0.003918137136892874
2342,8.849110776054658e-05
2343,0.002772603732584117
2344,0.015043116572372894
2345,-0.0021210382980915155
2346,0.006040965895429851
2347,-0.0045680752439904715
2348,-0.008768709227802346
2349,-0.001963200798105802
2350,0.006211765847245726
2351,-0.011568068479282406
2352,-0.009075325982115717
2353,0.004289210333347643
2354,-0.014058475825597855
2355,-0.014872168641900718
2356,0.004833485814173338
2357,0.0055238717495974254
2358,-0.0003263445037620938
2359,-0.0009594233541198871
2360,0.0015781224849817088
2361,0.005805274832365065
2362,-0.011596573662290055
2363,0.01115747077355525
2364,0.0009833186042543518
2365,-0.00011032203154312525
2366,-0.0003327144062155729
2367,6.342811464635223e-05
2368,0.00797910284501771
2369,0.00878695310273081
2370,0.0001350363590236492
2371,0.0019325515267125393
2372,0.002303377580139432
2373,-0.0011816851658492111
2374,-0.01591896391861483
2375,0.005078128460673098
2376,-0.0018783552649659363
2377,0.006131211074900916
2378,-0.0038939494921393647
2379,-0.012314812385154611
2380,0.00678378250779324
2381,-0.0010983077577977618
2382,-0.002912897728994557
2383,0.0019768774412471657
2384,-0.004244675729385167
2385,0.0064205468980799985
2386,0.007090773821975566
2387,-0.006148719126176844
2388,-0.001432214016117983
2389,-0.002905929566659332
2390,0.0031760642909010317
2391,0.00034672474538355313
2392,-0.0018458499535486672
2393,-0.001112723131333121
2394,0.00705971296685981
2395,-0.0014187562119434838
2396,0.001980713229934483
2397,-0.011386502500123019
2398,-0.0018243650843905168
2399,-0.00023073309355856053
2400,-0.0027246831509017133
2401,-0.00032431319758269295
2402,0.0032208061960883327
2403,0.003323723430221609
2404,0.007947616459426265
2405,-0.00842051685408618
2406,-0.0014610315965661036
2407,-0.0026461226943458593
2408,-0.0021841228060337226
2409,0.007753231580111458
2410,-0.0026923509470710982
2411,0.006571375746939195
2412,-0.009446965043182487
2413,0.0027801175373647347
2414,0.0016193314810482584
2415,0.004145234106346846
2416,-0.0043028514013475905
2417,-0.0005696834861076416
2418,0.0017345062764704822
2419,-0.012057969444164512
2420,0.0020464178538903977
2421,-0.010984406648057443
2422,-0.0025320828936816198
2423,-0.007030092509268532
2424,4.7096303264104744e-05
2425,-0.0021015199886490754
2426,-0.0052074856384464185
2427,-0.003380572347146088
2428,-0.0013062931197865557
2429,0.002631209787089639
2430,0.0021545617022831753
2431,0.007504656856116176
2432,0.00010967373941248026
2433,0.013429263362540356
2434,0.0021347077344616994
2435,-0.003176688576403408
2436,0.0008692200649398352
2437,0.0020394083699484256
2438,-0.004612500846323642
2439,-0.0059454201005842144
2440,-0.0024297080138562244
2441,0.00045755394277602335
2442,0.000779360781743732
2443,-0.007106305285116493
2444,-0.0006705236797888148
2445,0.006725930758594095
2446,-0.0013881698349616778
2447,-0.007576686456365306
2448,0.008980454448152514
2449,0.002742329818673228
2450,-0.005779180861343658
2451,-0.0032534570524864193
2452,-0.006581873947921063
2453,0.007235281394893572
2454,0.002760083281613007
2455,0.0008158039735613742
2456,0.005103858837053971
2457,0.007608696627177308
2458,-0.008189284123876067
2459,0.023078553459014356
2460,-0.006587906393816345
2461,0.006871941114749258
2462,-0.004925280789840947
2463,-0.00533680773706538
2464,-0.005909000544841253
2465,-0.004497540909950276
2466,-0.006133905634922554
2467,-0.01213870467177336
2468,0.014565549814627043
2469,-0.006331614988328627
2470,0.0015138483878329445
2471,0.014729115945618904
2472,0.0012119713989898195
2473,0.0008107918373234102
2474,0.015168173654299927
2475,-0.003766859440763687
2476,0.0037722672738512986
2477,-0.008978675398739366
2478,-0.00014258516745210836
2479,-0.006649735434256704
2480,-0.0014561485116414696
2481,-0.004888052766355289
2482,0.00937912581806713
2483,-0.007007765364093116
2484,0.003193807342381366
2485,-0.00030438221084699846
2486,-0.0008403716229067326
2487,-0.0061347921272436046
2488,0.0027847164407673874
2489,0.0026399116032933823
2490,0.005385743123326542
2491,0.010490477620001548
2492,0.004823116237336056
2493,0.0017058365393101682
2494,0.002908116704062491
2495,0.0025057370443595794
2496,-0.0007759667547740934
2497,-0.0035941798619825716
2498,-0.006359014378339883
2499,-0.00010960170246496204
2500,-0.0028182417200857124
2501,0.0011900036032277683
2502,0.005172527778075003
2503,0.0030634403502631524
2504,0.0015924820897883218
2505,-0.0014128572239787973
2506,0.00622038604667241
2507,0.0006845089725003861
2508,-0.004701325940197815
2509,-0.003026064819549368
2510,-0.003487645205279555
2511,-0.005352741897355018
2512,-0.009927586305445352
2513,-0.00044556784686092255
2514,-0.012087450554706558
2515,-0.0020913842097992352
2516,-0.007447052187730313
2517,-0.00010818520411737254
2518,0.000796649568863661
2519,-0.006724675768797428
2520,0.0022252558657977484
2521,0.0005968466733004274
2522,0.0007581983816221383
2523,-0.004051071701638487
2524,0.004681206606657218
2525,0.006825488961564291
2526,-0.006650375657700963
2527,-0.006978798424234822
2528,0.002194533635833884
2529,-0.017944351948212423
2530,-0.003545116051209718
2531,0.001940528068688191
2532,-0.011293558624902972
2533,0.007220582539893494
2534,0.004488047636434955
2535,-0.00017756904747737168
2536,-0.009279189765429713
2537,-0.0029544094002252885
2538,0.00607952831331901
2539,-0.008377633033919696
2540,-0.009488501428601553
2541,-0.010864615577205472
2542,-0.007018218235330942
2543,-0.007859602336693555
2544,0.00747897486093968
2545,-0.008188514439916111
2546,-0.0009271535609657322
2547,0.0010581570577251342
2548,-0.003982888283769831
2549,0.006360599528250688
2550,0.008127803531193772
2551,-0.0007161839242147139
2552,-0.002054277227773904
2553,0.0023270517011192426
2554,0.012736661997614918
2555,0.009683064000657382
2556,0.005782435171792888
2557,0.006094991849113468
2558,-0.0016155020759367478
2559,0.007723839808026739
2560,0.01155732489874578
2561,-0.0026416145268072233
2562,0.010411615716006739
2563,0.0017807621684761965
2564,-0.0005049857780757283
2565,0.00028376256395043487
2566,-0.0022554723766747553
2567,0.0004852592813691936
2568,-0.0037009519910688182
2569,0.005636683387523683
2570,-0.001685303688186257
2571,0.010514855846148613
2572,0.00010813897180203536
2573,-0.01186065640957909
2574,0.00023769053210728752
2575,0.007528404269790123
2576,-0.0028672370029701466
2577,-0.006083122572911187
2578,0.000264196778218484
2579,-0.0007571249502613675
2580,0.0022995977503982856
2581,0.0060070910072396455
2582,0.0031843685173723046
2583,0.0076694055887902846
2584,0.001024439780701547
2585,-0.011361461208737322
2586,0.0001706507785605993
2587,0.006484340841543035
2588,-0.0020129025993832483
2589,0.0034545420958323747
2590,-0.00701608976552745
2591,-0.004366847956019132
2592,-0.0074813870437964725
2593,0.00360044778801083
2594,0.00521313572664539
2595,-0.00380463601514075
2596,0.0017432052887387806
2597,-0.01038851640092539
2598,0.0034921329110414456
2599,0.0016372053311146106
2600,0.0026285396637852065
2601,-0.0019582561656248387
2602,-0.01189609332979108
2603,-0.0026518875878422943
2604,-0.009135323434593251
2605,-0.00140903233005929
2606,-0.0005382750604584208
2607,-0.00771121680831402
2608,-0.005183607295637188
2609,-0.0007704750612732014
2610,-0.006499845380084829
2611,-0.004678836058879393
2612,0.006749929244527775
2613,-0.0030875635599727502
2614,0.007775279653957079
2615,-0.008526354045189838
2616,0.0037396927411824377
2617,0.002684891279047308
2618,-0.005511972450574387
2619,-0.0025292510304843474
2620,0.004571791407454229
2621,-0.0003677597428785595
2622,0.0044208799345803185
2623,-0.004695180376365432
2624,0.0058438404439663805
2625,-0.00041576509318633215
2626,0.0021577993439986787
2627,-0.006515100745193125
2628,-0.0007972770392464246
2629,0.004228045115951068
2630,-0.006248057740054963
2631,0.009756935154080437
2632,0.0012952393448219246
2633,0.00243862078106602
2634,-0.002611924282824224
2635,-0.00782024177399826
2636,-0.00804796364470442
2637,0.0008637244664290444
2638,-0.0013442432258243542
2639,0.004210066816428604
2640,0.005126659705028014
2641,-0.0025507642151152143
2642,0.0027270604971901258
2643,-0.01203157166054905
2644,-6.238688082105259e-05
2645,0.004707180868692207
2646,0.0027876725622124066
2647,-0.0015344237642027359
2648,-0.005629443241803839
2649,-0.0001538440720772749
2650,0.014157773578219263
2651,0.007783015277642746
2652,0.002389988560678069
2653,-0.005022782557090738
2654,0.0013170123729990268
2655,0.0040495692935278715
2656,-0.003986482810999253
2657,-0.00604851002978507
2658,0.0009897523585008783
2659,-0.0017307142938270126
2660,-0.005054338780409451
2661,-0.013971029512300337
2662,-0.0028896029369858967
2663,0.01696939617530993
2664,0.00024181081052224163
2665,-0.004069747519808126
2666,-0.0031218556378801443
2667,0.0035991205017769923
2668,-0.0011796421512201005
2669,-0.006971423402266835
2670,0.012227757269882733
2671,-0.009141465738329857
2672,-0.005020769051378993
2673,-0.00014392066314400376
2674,0.007225295058802844
2675,-0.004402662242164707
2676,0.0045307921466443135
2677,0.002315296318062793
2678,-0.0028809189809752556
2679,-0.006692566133515793
2680,0.011490346256055495
2681,-0.005975944581445958
2682,-0.00537980120314091
2683,-0.0030746211703074344
2684,0.011665337442637064
2685,0.0006247947942473742
2686,-0.0022770950855131034
2687,0.009569923052389406
2688,-0.003102489556817828
2689,0.012482548419372214
2690,-0.0015880587131577306
2691,0.0013259466810087717
2692,0.006743677684903054
2693,-0.001708298474422859
2694,0.0016685110910548417
2695,-0.008616987051529218
2696,4.63918249202222e-05
2697,0.002266782499090819
2698,-0.005997878494375469
2699,-0.007341757196747123
2700,-0.0024292013205936547
2701,0.0037889773315712416
2702,-0.0058787321742953536
2703,0.008939881365890301
2704,0.006779538613988584
2705,-0.0018647841518497354
2706,-0.01110960578922865
2707,0.0013727831613104813
2708,0.0010553764234376428
2709,0.0021250308280337527
2710,-0.006007843405685387
2711,0.003287987066455028
2712,-0.0044264005326763445
2713,0.005378041176535259
2714,-0.009903608960903754
2715,0.005575552468702366
2716,0.0024014198400972853
2717,0.0027891217757858577
2718,-0.00458952368396176
2719,-0.0028452600900820135
2720,0.004162158168957375
2721,0.0018661588482664915
2722,0.012684241819370196
2723,0.005732924548976781
2724,-0.005021546140382527
2725,-0.004145939268252019
2726,0.0015694114011577942
2727,0.002800252350571325
2728,0.0021237676021903795
2729,0.002656955559501628
2730,0.0018781736062286891
2731,2.1102720434457156e-05
2732,-0.005917093603318879
2733,0.003759183809501271
2734,-0.006963546443057161
2735,0.0005401695869506618
2736,-0.0027304904989781664
2737,-0.0028611388496917467
2738,0.005349784338837427
2739,0.00492633328355685
2740,-0.008622309544665752
2741,-0.007961444445159005
2742,-0.0037608637701821712
2743,0.012607356980582268
2744,-0.003005761500891241
2745,0.0040226575823509025
2746,0.006234203671196981
2747,-0.005047545485545313
2748,-0.00020182013144434685
2749,0.010640929425535406
2750,0.0035140885234619945
2751,0.00451905122713836
2752,-0.005422565942848623
2753,0.009845096899300215
2754,-0.0017905332519960182
2755,-0.0008831115062714889
2756,-0.007146244549046776
2757,0.006427820793157513
2758,-0.0032495083159025107
2759,0.007407830713173941
2760,0.001227843450981897
2761,0.0007041453339014236
2762,-0.004775478070495942
2763,-0.0017525344848950686
2764,0.007276858726875807
2765,0.0016273176620154317
2766,0.0006114508871345736
2767,-0.002584071189985132
2768,0.00850041612639263
2769,-0.0022183541095151527
2770,0.00012202838910793656
2771,0.004400123668234002
2772,0.00592347700613069
2773,0.0008784678452958827
2774,-0.008435187605680045
2775,-0.007993838180202384
2776,0.0026990834674431863
2777,-0.009899454731133128
2778,0.010968851718611505
2779,-0.005143651423259565
2780,-0.002165987296583932
2781,0.005181496476740877
2782,-0.0016620541985553072
2783,-0.00457687545663496
2784,-0.0022285880980093264
2785,0.004530551175492503
2786,-0.007317291923535141
2787,0.01320999782300425
2788,0.007843341213564697
2789,0.009728803381100548
2790,0.0001733240202947961
2791,-9.969422133210282e-05
2792,0.005254032627581118
2793,-0.007028588540747782
2794,-0.0008156825747688279
2795,0.0071503330543975785
2796,0.0024946810001466035
2797,0.004724226225535366
2798,0.0024336444394982004
2799,-0.005060068335346252
2800,-0.0034146895555061674
2801,0.003663272320520078
2802,-0.004706408932752759
2803,-0.00697863593267789
2804,0.0011688488898751737
2805,0.007816982668717137
2806,0.002005278387820275
2807,0.006343604565762384
2808,0.00012055405457422896
2809,-0.0008347899448846452
2810,-0.003461483377624308
2811,-0.00019590156951931892
2812,-0.007222736152036863
2813,-0.0022240541885671927
2814,0.012102086572323922
2815,0.0011652494092116439
2816,0.0031564599097156643
2817,0.00599691078598058
2818,0.004656315851461923
2819,-0.007725994493276905
2820,-0.0020890404934608142
2821,0.0026538809561169885
2822,0.005716453604798749
2823,-0.0007462321675621997
2824,0.005089227277376318
2825,0.011301730661610915
2826,-0.013376395499167082
2827,-0.015717616069683082
2828,0.003298967608986403
2829,0.0026956947326428615
2830,-0.005835396096444456
2831,0.005013611780924049
2832,0.0003173375876963924
2833,-0.001545357081004839
2834,0.004635198642927246
2835,0.004346356839554061
2836,0.004549279903867998
2837,0.005590422635399467
2838,-0.0010521092354894845
2839,0.0008696064417316463
2840,-0.0018297679015886748
2841,0.0036718221993533307
2842,0.006158780193937369
2843,-0.009163579022603618
2844,-0.010164348669678525
2845,-0.0012820043140657211
2846,0.004589055124156027
2847,0.0065912013137801595
2848,0.0025196267930764626
2849,-0.008701636234816762
2850,-0.009353198126476087
2851,-0.004603740363813946
2852,0.002218238035088471
2853,-0.008251026220606306
2854,-0.009789506446179708
2855,0.007689945549399252
2856,-0.003722618266732841
2857,-0.00938793672916935
2858,-0.0016130305992730354
2859,-0.004366671868523381
2860,0.004287351226655162
2861,-0.003127556478315169
2862,0.007905202971422914
2863,-0.0051834476942971
2864,0.00494221515432644
2865,0.007658852193142995
2866,-0.00214448822796634
2867,-0.002462726894451095
2868,0.001286940368173145
2869,-0.007825201601714099
2870,-0.0065382151505414265
2871,-0.002429724383217008
2872,0.0016208446531855436
2873,0.001994012276910234
2874,0.002375881467021418
2875,-0.00827499509799079
2876,-0.006980098927504508
2877,-0.00430742519312835
2878,-0.006833093576571858
2879,9.030948732915989e-05
2880,-0.00314209571453844
2881,-0.008665078572328344
2882,0.0041691612748854245
2883,0.004118782931735371
2884,0.002282597031619177
2885,-0.004753916830410848
2886,-0.00442635023314622
2887,-0.0025585428009335387
2888,-0.006103219463535953
2889,-0.009375445182315145
2890,-0.0017580226221611817
2891,0.004799650591780252
2892,0.007390165505770957
2893,-0.002484661850017611
2894,0.006105497784794078
2895,-0.011945634896027763
2896,0.0025003007084985762
2897,-0.008326420921568212
2898,-0.00589804840511321
2899,0.005772350853788938
2900,0.0022024261279001145
2901,-0.009453792823361284
2902,0.004697849540968135
2903,0.0015721045403180312
2904,0.001926532860062169
2905,-0.005169312691584049
2906,0.0004354909767170789
2907,-0.007480102837367386
2908,-0.004811380760457451
2909,0.019419788006144384
2910,0.003693979254913715
2911,0.005727222989459602
2912,-0.001629332395498978
2913,0.010866189269581078
2914,0.0022990006410329167
2915,-0.0016651583363052058
2916,-0.0047672051541691185
2917,0.005243832834133821
2918,0.003048282748836312
2919,0.000983913065899622
2920,0.004573070662296591
2921,0.0055837571997088
2922,-0.0006834137370132776
2923,0.00539500644929275
2924,-0.00613177057516634
2925,0.0003219334203871105
2926,0.006600513631475263
2927,-0.008133044375080278
2928,0.0060751099775120665
2929,0.011305796810933272
2930,0.004086203935568439
2931,-0.0014044452081137249
2932,0.004565717022980531
2933,0.004846513381455447
2934,0.004873565656950379
2935,0.0038787051401889816
2936,0.003473385275823665
2937,-0.004419488156218232
2938,0.0021548948182244787
2939,0.0017651749218079715
2940,0.007063365209219796
2941,0.007692381989825137
2942,0.005511219075224394
2943,-0.002415747004841401
2944,0.010281409874513009
2945,0.003205166939091203
2946,0.004353568450861961
2947,0.004118844218749224
2948,0.0016732213688479824
2949,0.0015931088581796482
2950,-0.002596753278753222
2951,-0.011802383546479805
2952,0.00925542171310817
2953,0.00046400340043548094
2954,0.007148415259079111
2955,0.0030453556918915436
2956,0.004195481428997866
2957,0.007605658610407878
2958,-0.002601350110957079
2959,0.002606426715886734
2960,0.016047030418511965
2961,0.001279583542084295
2962,-0.0012666278632220695
2963,0.005010480650164184
2964,-0.004501964496161248
2965,0.0040966419780396335
2966,0.0038766722590922176
2967,-0.00238959581984316
2968,0.009170634269205169
2969,-0.0032291553149967622
2970,-0.004647602564243375
2971,0.0022453631142737573
2972,-0.00586180871401773
2973,0.003596078344541065
2974,0.0017113180690770113
2975,0.0007264940232339645
2976,0.00045750910992578553
2977,0.00021356912066833322
2978,0.00682062385738999
2979,0.006704762889548382
2980,-0.005481047280483403
2981,0.008075173391146828
2982,-0.001392177073610168
2983,0.005502447853766745
2984,0.001129396415851941
2985,-0.002991685491053775
2986,0.0024777933600539093
2987,0.008103628744714403
2988,-0.0012617910545336952
2989,0.0018718138605652856
2990,-0.006021189734537358
2991,0.001899416237545165
2992,-0.0033649065600724892
2993,-0.002587396251818891
2994,0.00096706123731638
2995,-0.003017488896912418
2996,-0.000299342971968819
2997,0.008811784190292049
2998,-0.0005549939092883427
2999,0.001197318499921357
3000,-0.006137648306554583
3001,0.0048262368173334624
3002,0.0026867472021151473
3003,0.005819572020503094
3004,0.0047549456679064905
3005,-0.012361039207312241
3006,0.0023252131357823502
3007,-0.0026474364359663216
3008,-0.00039545384317271615
3009,-0.0024803478553493408
3010,-0.0022227391011514497
3011,-6.073661733027591e-05
3012,-0.006065362106297517
3013,-0.009017406208051026
3014,-0.0011134373165102296
3015,0.0039514109102885275
3016,0.0010321116254514429
3017,0.0045281552480218035
3018,0.0062887317745673466
3019,0.0012154116718990082
3020,-0.0007731096985094665
3021,-0.000592652531613419
3022,-0.008573302481293538
3023,-0.00072508511129174
3024,-0.004990802044062437
3025,-0.0039510050314502665
3026,-0.00160849420841358
3027,-0.0009127942248171872
3028,0.004256576965936731
3029,-0.003787760138084323
3030,-0.005993416347502389
3031,-0.00024502274107154887
3032,-0.007587325855487853
3033,-0.003807435981185131
3034,0.0025978166445120854
3035,0.010179218411071028
3036,0.0022644813965110866
3037,0.0016006425019270965
3038,-0.0023120557276213594
3039,-0.0036359406261439187
3040,1.1823245512715408e-05
3041,0.0020679108619699738
3042,-0.004220753825218165
3043,-0.0011299395507266274
3044,-0.003838079454252602
3045,0.0025266335731213285
3046,0.004766779636296209
3047,0.006766621655196842
3048,-0.002058085884147548
3049,0.006908913766523445
3050,0.01070742803383501
3051,-0.004928227010636138
3052,0.0036734552710615265
3053,0.00797659674405421
3054,0.0065165674020111475
3055,0.0036057799431205573
3056,-0.004506480079451286
3057,0.00314108633800092
3058,-0.010892050966723077
3059,-0.009812705447018538
3060,-0.004742904571765155
3061,-0.006065647062018065
3062,0.007563755798993738
3063,0.0015335699777117018
3064,0.0023829634987301007
3065,-0.0010684591869616622
3066,0.0011499411596014586
3067,-0.0016624120894213057
3068,0.0045706891148881434
3069,0.004755656193191793
3070,-0.004524881331588099
3071,0.007778552404371364
3072,0.00016438754818925982
3073,0.004841298142813283
3074,0.008019004714739236
3075,0.009869955530361574
3076,0.01507948403225351
3077,0.0015735666578833019
3078,0.0027126782358888046
3079,0.0025273273713396494
3080,0.0031860031971277514
3081,-0.011958865456525164
3082,0.0029746886335540734
3083,0.004962422951577589
3084,-0.0015191340180379376
3085,0.004691037369596113
3086,-0.0040363640052366034
3087,0.00029964926114814383
3088,0.003525896329648781
3089,0.006834314020413845
3090,0.00024432252881942396
3091,-0.006891822515429857
3092,0.002110615623293427
3093,-0.007708144815291779
3094,-0.0019792389750002692
3095,0.0006266484464814426
3096,-0.001084361140690021
3097,0.013075541989354983
3098,0.005025647820730117
3099,7.104766661011896e-05
3100,-0.008024184448923166
3101,-0.00262302848044052
3102,-0.008552877710694934
3103,-0.003234594575863642
3104,0.008725790866047495
3105,-0.009295839132081818
3106,-0.0013511105766955689
3107,-0.011308141662764115
3108,-0.006745603370175629
3109,-0.003519763854250485
3110,0.008115370326400223
3111,-0.0017135923035485612
3112,0.005685199114204897
3113,0.003317979409949129
3114,-0.0061917897940164945
3115,-0.003144358040119949
3116,0.003807330830451955
3117,0.00883763470573945
3118,0.004782960478270287
3119,-0.002613402076268534
3120,-0.006515684453039461
3121,0.008562735006772487
3122,-0.010717791886559774
3123,0.0016930311363802242
3124,-0.004187791920648332
3125,-0.0006068243638975013
3126,-0.00044901805818819973
3127,0.0024409995480964564
3128,-0.006369501549889106
3129,-0.003543171000748968
3130,-0.0017767396912886368
3131,-0.00676070258694389
3132,0.008238135556735499
3133,0.009556590163327966
3134,0.0016626127401855317
3135,-0.009078822267968106
3136,-0.00717924116018534
3137,0.004560222786283319
3138,-0.006190490345835964
3139,-0.009706133668114042
3140,-0.008870547630815295
3141,0.0002765750622530372
3142,0.005318760811234752
3143,0.0015870470323785801
3144,-0.008682949165850357
3145,0.002369484551798001
3146,-0.0045307936577388686
3147,0.003457027064833279
3148,-0.006253978779720726
3149,0.0017420466801433832
3150,-0.004420639525934911
3151,-0.012170551897148996
3152,-0.0050237771625969985
3153,-0.009278138718514323
3154,0.0019376442993492837
3155,0.010455332469226974
3156,-0.0026488054332017286
3157,-0.008391062226663693
3158,0.0033336963875090775
3159,0.005111282123352823
3160,0.00374591895317411
3161,-0.0021733512521170117
3162,0.004870206737162153
3163,-0.008281366093506298
3164,-0.005117977600976237
3165,0.00484505074854602
3166,-0.004055906845502194
3167,0.008789210073713999
3168,0.010777096506674688
3169,0.010139036316152983
3170,0.007401605107597936
3171,0.0011675383909525439
3172,-0.007709105390628718
3173,-0.004241116292516084
3174,-0.010551548484746182
3175,-0.003669729960938395
3176,-0.011757809466308972
3177,0.005683996809973418
3178,0.0006126119839843791
3179,-0.006797669872787987
3180,0.008319158049094277
3181,0.001660654866906669
3182,0.0067861054940123455
3183,0.0048741076199903255
3184,-0.0008686420521344662
3185,0.001833230121774998
3186,0.004391413582344406
3187,0.0031761068350139865
3188,0.018605791359171786
3189,0.0024565564862045475
3190,-0.0012142632137162324
3191,-0.007223559612599351
3192,-0.01051879005635084
3193,0.005918206898494094
3194,-0.014190922981308807
3195,-0.0035672165302335357
3196,-0.006507081241570317
3197,-0.004043650452503128
3198,0.015578463342424992
3199,0.0073109623994086215
3200,0.009678398377772207
3201,0.009103636584711527
3202,0.0009557941159684946
3203,-0.006408051812771154
3204,0.001020296451154562
3205,-0.0028122232339437003
3206,-0.00789725783072015
3207,0.0035180049764562404
3208,-0.0006652070578180569
3209,-0.009007218625991048
3210,0.0014392262412367962
3211,0.002476479428534517
3212,-0.00557581563345666
3213,-0.004220741179743803
3214,-0.005486354275866523
3215,0.0019450799060676538
3216,-0.005355316909027935
3217,0.0011187116144354414
3218,0.0029886522372931934
3219,-0.014101509502695175
3220,-0.0015023345152038459
3221,-0.00864005945004781
3222,0.00770367985330081
3223,0.003147142841752132
3224,-0.0035514116994052047
3225,-0.0041673733465590335
3226,0.0010895414013285254
3227,-0.0029580423619811336
3228,-0.0009983785864517702
3229,0.00592558335234894
3230,-0.003465471009586746
3231,-0.0037861001393544036
3232,0.01219587968421848
3233,0.008173208746706767
3234,-0.005058358617465786
3235,0.00713330724946537
3236,-0.005862254597419736
3237,-0.008248756884518593
3238,-0.007125070878334333
3239,0.0015490138591825187
3240,0.0015993758926681756
3241,0.006237976007485574
3242,0.005467520814481208
3243,-0.0037864205618050872
3244,0.0046775914606443925
3245,-0.003156085668648806
3246,-0.010408895515023386
3247,0.010281572743940814
3248,0.006886147308805074
3249,0.005304106773747791
3250,0.004355297858934598
3251,-0.00016595689619677834
3252,0.0027710797755097494
3253,-0.0016219876594776028
3254,0.0006772871894968058
3255,0.011963076038320919
3256,-0.008960186253822888
3257,-0.003737662276775161
3258,-0.0075378309180474945
3259,0.005140813084419105
3260,-0.0016044666430758414
3261,0.005687608339932121
3262,-0.006056738104418313
3263,0.008931488760810263
3264,0.000825086390160712
3265,0.004654106150671966
3266,0.012561936201482632
3267,-0.0008000139376644622
3268,-0.004524919328653398
3269,0.0018411232944379463
3270,0.00862779153468099
3271,-0.004862720329177783
3272,0.0007240764122280474
3273,0.002933689505272119
3274,0.003375037053263058
3275,-0.012402934189130244
3276,0.0043350399523763294
3277,-0.011264103784356022
3278,0.0089706239692173
3279,0.0016327884859864694
3280,0.004217031882730898
3281,0.009117996558082209
3282,0.0021247981450490117
3283,-0.0013694176985330764
3284,0.0036174750843614434
3285,0.01012750955512412
3286,0.0018967458303403295
3287,-0.0011252549014030833
3288,-0.0022565719549304253
3289,-0.0013938275818960455
3290,0.00239205859630498
3291,-0.002730757212303453
3292,0.004611810219337931
3293,0.005145142972650091
3294,0.0014265616452883434
3295,0.009187050220282517
3296,0.0019184504426676408
3297,0.0071794942058490685
3298,-0.0004895238980075767
3299,-0.005811720134837189
3300,0.01039574513526792
3301,0.005183241864097576
3302,-0.006708219879540039
3303,0.00212703708432474
3304,0.0011490090503696038
3305,-0.00275611855726135
3306,0.0027457197397589006
3307,-0.003116323912427915
3308,-0.008660293561897903
3309,0.008715593520392029
3310,-0.002184218645242264
3311,0.00025591619133696897
3312,0.0028284002680734333
3313,0.0012177581390829806
3314,-0.0009085239456838035
3315,-0.0021593982481099283
3316,0.010000354369360476
3317,0.004457655926552367
3318,-0.006425344617240675
3319,0.014104924102754296
3320,0.0026610616426379075
3321,0.010512444121387354
3322,0.0014653397183389538
3323,0.008139418142860982
3324,-0.005028361958343303
3325,0.003915955907720647
3326,-0.0026634423468480106
3327,-0.0054461314415772955
3328,0.007919308280215837
3329,0.00010733181467678654
3330,-0.0009036543269390351
3331,-0.011165931700923365
3332,-0.006137467339699276
3333,0.003313798112340033
3334,-0.00936800782540953
3335,0.007459560286121991
3336,0.006055740789758152
3337,0.0011719424325056516
3338,0.012250852544196805
3339,0.00508962406860583
3340,0.0077038806469408305
3341,0.007463562786989203
3342,-0.008312897724763013
3343,0.0008162258929604871
3344,-0.010442357086242526
3345,-0.0011804177431412044
3346,-0.0011875108852945904
3347,0.012794063974533698
3348,-0.005151567493132947
3349,-0.0004116266350976394
3350,0.006916720577079316
3351,-0.00935276309754457
3352,-0.010273860323046807
3353,-0.015566708794182427
3354,-0.008662283738258253
3355,-0.0009936962148982265
3356,0.0031443158380771163
3357,0.005316485880782429
3358,-0.000801171678366519
3359,-0.0007861293864681873
3360,0.0004494511006620794
3361,0.008518947629804069
3362,0.0025286888117653783
3363,-0.004779337808957701
3364,0.0024987319660603746
3365,-0.0041603505340762625
3366,0.0038929407371434688
3367,-0.0010518842217560331
3368,0.011372352877809078
3369,0.0021427556964884187
3370,-0.008606240500858814
3371,0.00029279251029531994
3372,-0.0044301795476364425
3373,-0.001825437635966265
3374,-0.004784599030298237
3375,-0.008134567990742969
3376,-0.013324454978263955
3377,0.008108877308497603
3378,-0.002628711805949535
3379,-0.0003633360814051245
3380,-0.007900623263758622
3381,-0.0023610049014100576
3382,0.007015003776979362
3383,-0.0007140950859869655
3384,0.0032052159502307664
3385,0.0008713553560310561
3386,0.003786247341781429
3387,-0.00506468247814143
3388,-0.0011118282603863328
3389,0.004136287526142868
3390,-0.008336462787373544
3391,-0.0038281348949550653
3392,0.0062025865595670415
3393,0.002496024454782947
3394,-0.008385373522668937
3395,-0.004034651561769409
3396,-0.010438372838348003
3397,-0.0010699100301448106
3398,-0.006594644111484554
3399,-0.002367065298683413
3400,-0.0021174641916816284
3401,0.0030976068737747775
3402,0.0009207699650488899
3403,-0.0015703617037785556
3404,-0.008666911764011548
3405,-0.0022425529542434985
3406,0.0022593632804865926
3407,0.00815542036403008
3408,-0.011228064872056742
3409,0.007725803813839777
3410,-0.004372708145558235
3411,0.014688224354279827
3412,-0.00190539660247796
3413,0.010306871509977028
3414,-0.003350681218536933
3415,-0.0015484277176313899
3416,-0.0077682396269485865
3417,0.002814723283230486
3418,-0.0019260879814537168
3419,-0.006613233171529037
3420,-0.004649550640269257
3421,0.00365845891620295
3422,-0.012011677985488606
3423,-0.00803413949560608
3424,-0.013464637510884003
3425,0.003879630145911417
3426,0.001715817908968631
3427,-0.010279661274666174
3428,0.003451325630004526
3429,0.015115186458391605
3430,-0.004491174119605257
3431,-0.004369726087534553
3432,-0.008585937733276539
3433,-2.209579889531077e-05
3434,0.0046239235373779775
3435,0.000496463835883254
3436,0.006334647706703445
3437,0.0035853503476359627
3438,0.0027879821490700563
3439,-0.002577494334944197
3440,0.004907729983329112
3441,-0.003770964112682018
3442,0.005194738806306776
3443,0.0014043255245812514
3444,0.003014148571347214
3445,0.007670174610152153
3446,-0.009097938449852766
3447,0.002775244997851173
3448,0.003501137421783096
3449,-0.0009032795805639093
3450,0.0028467964012785785
3451,-0.002103486270454452
3452,-0.00627150489058273
3453,-0.007164828933794498
3454,-0.004725540791460953
3455,0.006780159784412182
3456,0.0038311767867500734
3457,-0.0041071242773407235
3458,0.0033506456153925557
3459,-0.008719944537449509
3460,-0.005805827717551837
3461,-0.008338483209181374
3462,0.005145353392679325
3463,0.004072151766933402
3464,-0.01246172813454402
3465,0.0033574023166482447
3466,-0.0022657577382355354
3467,-0.0008273318375305594
3468,0.005213217724724162
3469,-0.0072496362497839195
3470,-0.0020198285074478073
3471,0.002401231312998492
3472,0.0049592286427421195
3473,-0.006380983297950615
3474,-0.0017355706412884586
3475,-0.008242017448822914
3476,-0.001553278948812603
3477,-0.008798702458505392
3478,-0.006324499493134544
3479,-0.002388313132623693
3480,0.00028132723393650694
3481,-0.004017208179344228
3482,0.003020322632514477
3483,0.017820341313734
3484,0.00013603298279146747
3485,-0.0024409459993377514
3486,0.009609761329856747
3487,0.0037524320354461738
3488,0.001633952031028174
3489,-0.0017764971343381952
3490,-0.0064157782478904135
3491,-0.001783114898310706
3492,0.004824591077757928
3493,-0.006647997675611861
3494,0.009741338760121676
3495,0.0014677189787826728
3496,0.002157889037190386
3497,0.003977095082304094
3498,0.005465382236752109
3499,-0.002548304922939698
3500,-0.0043323471795665425
3501,-0.006381607197288447
3502,-0.005673011030419173
3503,-0.006505388611462853
3504,-0.002320773674860138
3505,0.010492556957316407
3506,-0.006924250051106334
3507,-0.003211086250248768
3508,0.002513701785556044
3509,0.004766834498100475
3510,0.011147029526503927
3511,-0.003062032010089366
3512,-0.006746165142540089
3513,0.00449875456321
3514,-0.004920244267872104
3515,-0.014709568302816584
3516,-0.0068367730631666845
3517,-0.0018667138704352437
3518,-0.011544551130463349
3519,0.006735681568544621
3520,0.001074351230860221
3521,4.1376890115213394e-05
3522,-0.0045427099297162266
3523,0.008933586261674509
3524,0.0029517710394556806
3525,0.0018443483760855472
3526,-0.004344160792433688
3527,9.042206595222257e-05
3528,0.00035968810530048745
3529,-0.002183396790921749
3530,0.007745862603373649
3531,0.007833370093218717
3532,-0.004531296883531044
3533,0.001862540813689556
3534,0.005784690514970686
3535,-0.012176861920632859
3536,0.006061997265617763
3537,-0.007600205463264398
3538,-0.006245573649635322
3539,-0.015955336783837815
3540,-0.005666961566763357
3541,0.016896465085837115
3542,-0.010586477484898826
3543,-0.005569249036063151
3544,0.004028927318094316
3545,-0.00651284952204953
3546,-0.008521690331041304
3547,-0.010122189906143247
3548,0.005436230101874329
3549,-0.0004451513095274362
3550,-0.004648170458759926
3551,0.002292406228639937
3552,-0.005508283481706844
3553,0.017626282361107803
3554,0.0028448458977492486
3555,-0.014912339237269395
3556,-0.001712071233039597
3557,0.004227017935252209
3558,0.008356540766762371
3559,0.005722074472754468
3560,0.0035884278059211683
3561,0.0076920459159475485
3562,-2.9938612154750688e-05
3563,0.005158615048464876
3564,-0.0014464034851247032
3565,-0.001162207860631731
3566,0.003364948412735186
3567,-0.0020241670180122517
3568,-0.004201765257509704
3569,0.0015182476491296948
3570,0.009502707145769285
3571,-0.00904092385048616
3572,0.003458762532688786
3573,0.007305598169915356
3574,0.003950235674787639
3575,-0.0014577569201952856
3576,0.016648314276914017
3577,-0.01080870808295245
3578,-0.0034385526193679017
3579,-0.0032003908673308157
3580,-0.007143762072467114
3581,0.007303417638950427
3582,-0.00319874671327966
3583,-0.005445929328915716
3584,-0.0014737974116105501
3585,0.004581264852603101
3586,0.008692552096104256
3587,0.0006316457566047096
3588,-0.013804729345420264
3589,-0.006643734911531668
3590,2.5644554294962374e-05
3591,-0.0004706023342928023
3592,-0.0031888931187673275
3593,0.0018717488255441672
3594,-0.005760025075236597
3595,0.002316788672915876
3596,0.003205022238094213
3597,0.0060587595538301176
3598,0.007089880125835002
3599,0.006722638659029112
3600,-0.005403623266480306
3601,0.0053431825282357626
3602,0.008457164110910714
3603,0.0035604571980655253
3604,8.167227728675397e-05
3605,0.013680508751247683
3606,-0.002919027414373776
3607,0.009106232189662444
3608,0.001726343616045678
3609,-0.005965305891955264
3610,0.0038331774074028824
3611,0.0010527806789161764
3612,0.0008108409450994225
3613,-0.005014276992911487
3614,-0.007984960433898097
3615,0.007376729863501075
3616,0.002944775441346109
3617,0.01377236337804541
3618,-0.006525729841588002
3619,-0.0012495743274923699
3620,-0.002201285303126299
3621,0.0014876249993920065
3622,-0.00500907703320963
3623,0.0036372826783405143
3624,-0.00067071054827611
3625,-0.004257785477614712
3626,0.005274379293088383
3627,-0.007075515153762785
3628,-0.005279797058812097
3629,-0.003361505411743626
3630,0.0015973826514863454
3631,0.00205815148109062
3632,-0.00917398567299918
3633,-0.006831349864670405
3634,0.004754563739194223
3635,-0.011267500617631848
3636,-0.0004714243166042409
3637,-0.011378628614726716
3638,0.0018771371613928722
3639,-0.012452483882176207
3640,-0.01885210067719864
3641,0.010619811121296507
3642,0.007535912974947906
3643,-0.0035848900165211806
3644,-0.00025806018080465343
3645,-0.0003557441691385832
3646,-0.008194070045648955
3647,0.006243508734697117
3648,-0.007529651563950385
3649,0.0011497407432329299
3650,-0.0033439206487191897
3651,-0.002170322935583391
3652,-0.002938020680320619
3653,-0.019175562127968865
3654,-0.012224349344997443
3655,-0.009573471130218308
3656,-0.0018329019138719205
3657,0.011162052566100089
3658,0.009583037979237208
3659,0.001751234654789019
3660,0.007917638983947706
3661,0.004372312359557817
3662,0.011173859995603552
3663,-0.002592683895285386
3664,-0.0032668383443657245
3665,0.0017613083093360182
3666,-0.0021589389053201513
3667,-0.007080213485776782
3668,-0.0008289904511646906
3669,-0.006484589417383724
3670,0.010962672513445543
3671,0.0018028899553317324
3672,0.0013145736152728182
3673,-4.324605606392806e-05
3674,0.0045974955587810284
3675,-0.0026715341164156026
3676,-0.004638082091965118
3677,-0.0015840005148717862
3678,-0.008673496721248591
3679,0.003796680372802702
3680,-0.003600972361293059
3681,-0.0037068255346675016
3682,-0.0031305304534323675
3683,0.008647308687651345
3684,0.00814230346320921
3685,-0.001573890536107958
3686,-0.009747140888018563
3687,-0.008812780340609838
3688,0.011573561689616596
3689,0.012985367079015375
3690,0.0017010895602221632
3691,-0.0038178468328382287
3692,0.002661088003228451
3693,-0.001231237226593268
3694,-0.002532728723400407
3695,-0.0039209304419007
3696,-0.00479356495430569
3697,0.002428583901172038
3698,-0.0020090153599630622
3699,0.00627108634145826
3700,-0.005271380560848804
3701,-0.0032558415784079975
3702,0.016569064559941782
3703,-0.0006137006962036173
3704,-0.0017073633020213974
3705,-0.0008534454961297844
3706,-0.006794693294713855
3707,-0.002910454319625888
3708,0.004198908068508839
3709,-0.00725162817657779
3710,0.009382198587557511
3711,0.002958899278093202
3712,-0.00505770566422481
3713,0.003913019538957591
3714,-0.008381815550914606
3715,-0.0034537519765318603
3716,-0.007365496304058111
3717,0.00039493872514720363
3718,0.006818540757578928
3719,0.01204721171935369
3720,0.005961459072125502
3721,0.007444042394665951
3722,0.007429090161175406
3723,-0.011408187713384643
3724,-0.0036220984343164897
3725,-0.010614534297448908
3726,-0.002662790472954979
3727,0.010146484094148867
3728,-0.015379397586468085
3729,0.005256092415149322
3730,0.0008471451960118948
3731,-0.005169868796296301
3732,0.009368886770715013
3733,-0.011226192379489769
3734,0.0060507430983097465
3735,-0.008936287341104965
3736,0.0013604023399708398
3737,0.01306628046823824
3738,-0.00686463171112045
3739,0.005408393613439033
3740,0.002455048123600506
3741,0.0027945570595774016
3742,0.012489847668818166
3743,0.004728945229891479
3744,0.002124882539748546
3745,0.0005567610016808389
3746,-0.005550488771494
3747,-0.000987095343436467
3748,0.006532575822065734
3749,0.009255832836871425
3750,0.0022957173009501286
3751,0.0001500233424763242
3752,-0.006902633666441144
3753,0.0003618506642615871
3754,0.0066547596695865074
3755,-0.0030617959527135807
3756,0.00185574008900527
3757,0.0011008648887462502
3758,-0.0016102263853150778
3759,0.003921091240442487
3760,0.0029339973214999315
3761,0.0073668106933477695
3762,0.0005840968310912298
3763,-0.009171732011971662
3764,0.004858236517333248
3765,0.005458764318668263
3766,-0.004801345250441735
3767,-0.0012148621948265825
3768,0.013976207321237805
3769,0.00035465756023078665
3770,-0.003189390912821194
3771,-0.0024102212084085584
3772,0.004988360525137764
3773,0.0047265607692112965
3774,0.00998133603750545
3775,-0.0035460998213399653
3776,4.720564364971147e-05
3777,-0.0010055900066086032
3778,0.005338291648187443
3779,-0.005672021119771775
3780,6.207994099935443e-05
3781,0.01960925108193945
3782,0.002625751572300078
3783,0.0004082839489351897
3784,0.0100249129597339
3785,0.003994089026931963
3786,0.0046982524902544065
3787,-0.015710436422220392
3788,-0.007038474842997106
3789,-0.006494048928650326
3790,-0.0028607964379103734
3791,0.002486934650630962
3792,0.002060086547436779
3793,0.0004835215911576929
3794,-0.005587880357621033
3795,0.0020302825640621525
3796,-0.0016028941119337614
3797,-0.008811541804241513
3798,-0.007601470575892305
3799,0.008212599535034448
3800,-0.00020179592177452244
3801,0.007659985734879554
3802,0.0009566688924355915
3803,-0.009546702477899904
3804,-0.0006647828656362043
3805,-0.0029510751551009573
3806,0.0038628627845715136
3807,-0.004973127445749459
3808,-0.0005878787081144143
3809,9.581302310909812e-05
3810,0.0061938400520438475
3811,-0.007452305964104039
3812,0.002554491720161922
3813,0.00028612572128650093
3814,0.0014515897637644715
3815,-0.0019825572147870174
3816,0.006370184227257575
3817,-0.0018827938772406905
3818,-0.00029769342365093543
3819,-0.0013003555442208659
3820,0.0020731763672941217
3821,0.0027941383309345036
3822,0.00019566250953145792
3823,-0.0038104921775386214
3824,-0.004899415392689538
3825,0.004255191659556901
3826,0.005788921658336943
3827,-8.312585006892137e-05
3828,-0.00269411328009872
3829,0.002994395150238721
3830,-0.007107230892917843
3831,0.002516466537534845
3832,0.005446973214082496
3833,-0.005614906954547749
3834,-0.0018054235533173923
3835,-0.007243424220618355
3836,0.0018292243695825494
3837,0.004492721621310675
3838,-0.008082683494488152
3839,-0.0006585120347494533
3840,0.0069074885015630305
3841,-0.000606430627679122
3842,-0.006125170297123617
3843,0.007896201730210856
3844,-0.0132717459048933
3845,0.004570880599999355
3846,0.0063497218382620735
3847,0.004123852698528108
3848,0.0037903680417070706
3849,0.00303615893821782
3850,-0.000708941579300626
3851,0.013732773410154414
3852,-0.002007600121198161
3853,0.0070328070125258435
3854,0.0053978461879059525
3855,0.005352704238320877
3856,-0.00642946744076589
3857,-0.005551883362846011
3858,0.006648081334784478
3859,-0.008536639960717685
3860,0.007217997861189235
3861,-0.001186708050586932
3862,0.003988354825049528
3863,-0.013096884706713635
3864,0.020341083009582872
3865,0.004395054731491321
3866,-0.00015471801226760173
3867,0.009830918213339868
3868,-0.0020345052298271216
3869,0.005049473871551385
3870,0.002243370040867304
3871,-0.008161109143521583
3872,0.000906968971244343
3873,0.010136901342579913
3874,0.0007162334986517138
3875,0.001087557682930701
3876,0.010962475481414352
3877,-0.006695623460824474
3878,-0.0032048063080068467
3879,-0.012424283684144916
3880,0.0014155042924761108
3881,-0.004282360653680095
3882,-0.008129845498046878
3883,0.0038411847601586835
3884,-0.008252052738272786
3885,-0.0028499840658987863
3886,0.00016471631825359934
3887,-0.003884913128218953
3888,0.0007547539815383753
3889,-0.00705807018537305
3890,-0.007752944685763097
3891,-0.002360168380219768
3892,0.006175294632529554
3893,0.005094401205824883
3894,-0.006768008013427779
3895,0.003163333530126017
3896,-0.0035757355457257667
3897,0.000856345488366661
3898,0.001137952923252361
3899,-0.0018398729937120772
3900,0.0006118271233410966
3901,0.018763399054244817
3902,-0.0020582780127140765
3903,-0.001825223091794198
3904,-0.002519315671113048
3905,0.003384315711221886
3906,0.004469414508461028
3907,0.006809821853787396
3908,0.011049889592678469
3909,0.0012352837658471116
3910,0.0032758423043024454
3911,-0.004170079932651116
3912,-0.006416001055310178
3913,-0.00025554323840967785
3914,0.00957263413082518
3915,0.0039752091301488435
3916,-0.008258051204888067
3917,0.002859797579785689
3918,0.0065824402551725725
3919,-0.009535840304447901
3920,0.0030382768698743456
3921,0.004550775104474408
3922,-0.004284051170682257
3923,0.00037852183923878235
3924,0.01139692465590511
3925,0.009424013119411101
3926,-0.0014450465545832458
3927,0.008853646535181836
3928,0.00403883344191891
3929,-0.0009268520508258216
3930,0.004487447041012116
3931,0.0040158162355785065
3932,-0.004740641445234062
3933,0.014013302303102743
3934,-0.003294585557522378
3935,0.003474042395706367
3936,-0.015462338000177572
3937,0.0037305708677627947
3938,0.003650417338894818
3939,0.0011666770028359863
3940,-0.00312249201163306
3941,-0.00011959261569283175
3942,0.0008080222854025543
3943,-0.012085943354844697
3944,-0.0021531323176510464
3945,-0.012856205711817531
3946,-0.012786534872012506
3947,0.010241712210588977
3948,0.001556720594148936
3949,0.0036523849021324883
3950,-0.00015448411275387208
3951,0.002704256773304742
3952,0.002404416352015465
3953,0.0023820967771699675
3954,-0.005120670693011642
3955,0.001290769880178122
3956,0.0020676111998912394
3957,-0.007565789813218177
3958,0.0026477345364538662
3959,-2.6658354084468927e-05
3960,-0.0011645903648391243
3961,0.007909545136427804
3962,-0.0036575174531973953
3963,0.0026361079229933193
3964,0.0036352549404587986
3965,-0.010361715553725143
3966,0.0036382067192166356
3967,0.006050302391419071
3968,0.005288414113265916
3969,0.013365059833812254
3970,-0.013663363128597728
3971,0.0026946483198685145
3972,0.0020292146927843313
3973,-0.0015505010265688401
3974,0.0015047668776822232
3975,0.015419478410155951
3976,-0.0011509592766978938
3977,-0.0028450088451988653
3978,-0.004677987740422773
3979,0.002501530992787021
3980,-0.0026091261475324756
3981,-0.007781462912789916
3982,-0.002695985777203147
3983,-0.0015740518446397678
3984,0.004852046398945126
3985,-0.0029206049274253243
3986,-0.009410469303412217
3987,-0.0017183828076348384
3988,0.007715911786296825
3989,-0.0008444613722496386
3990,0.0035230171510260977
3991,-0.0011382026466021655
3992,0.002619200438908481
3993,-0.0047366379870106
3994,-0.003946705519535493
3995,-0.007144086124731247
3996,0.004410026626402858
3997,0.011418625982302616
3998,0.005100083120816751
3999,-0.007600668271347977
4000,-0.010401112597442363
4001,0.003853662988722528
4002,-0.005987184713469179
4003,0.0005753806216256818
4004,0.012791919239797639
4005,0.02123523295798116
4006,-0.009572745047866676
4007,-0.0032346304732973064
4008,-0.00038719525734220994
4009,-0.0010140757017344793
4010,-0.012873554193103043
4011,-0.008186554525990264
4012,-0.0007464947906590524
4013,-0.003231530681832989
4014,0.0034282544047416486
4015,-0.009813629972784649
4016,-0.00899744567842184
4017,0.0024600062267575162
4018,-0.005228567939212947
4019,-0.0005098741233348358
4020,-0.004895804413442423
4021,-0.0030565818447288173
4022,-0.0031648585383984573
4023,0.012917155862541524
4024,-0.0004408599136423441
4025,-0.003198801928534667
4026,0.0012761696255835786
4027,0.011549435764831667
4028,-0.006686164273867923
4029,-0.006043940257799391
4030,0.0036365639084866286
4031,-0.007263183646519039
4032,0.011119642736066582
4033,0.005772015835416616
4034,0.007389920583557474
4035,0.010358831104910815
4036,-0.0018257255384460658
4037,0.01176017717396538
4038,0.01023540321066524
4039,-0.0005086178959201326
4040,5.0901835351779834e-05
4041,-0.006010832006016875
4042,-0.0012426946052865595
4043,-0.0045157638488202145
4044,-0.004613307345803924
4045,-0.0007799613681815087
4046,-0.009944417682815065
4047,0.011426250848831115
4048,-0.0020767461702432266
4049,0.0019456088073263322
4050,-0.005048514120935238
4051,-0.009137937262808371
4052,0.0019130229799722842
4053,-0.00465467117176413
4054,-0.005844499686124965
4055,-0.000755764437166434
4056,-0.0022863104696734526
4057,-0.0008013910314110806
4058,-0.00274273513705775
4059,0.00038232511152094806
4060,0.002519386902453069
4061,0.006459586075661966
4062,0.01434953633329944
4063,-0.004746057901465844
4064,-0.0037328944312639556
4065,0.004808190227656994
4066,-0.003988960807977615
4067,0.002109376317775691
4068,-0.00022187597501921452
4069,0.002498064189163318
4070,0.0014215389999560901
4071,0.0002691221186132131
4072,0.0005557303272399616
4073,0.006776252601388061
4074,0.0006988451347935132
4075,0.010988850875180978
4076,0.0003175978064532403
4077,-0.0028076814405137984
4078,-0.013699380002279216
4079,0.002771929774825127
4080,0.006434899665227617
4081,0.013869738554908223
4082,-0.002236299807410136
4083,0.0045892796805827585
4084,-0.008290746997644677
4085,-0.0003692799887227982
4086,0.005861206889139575
4087,0.006040912169914842
4088,-0.002903611557491831
4089,-0.008290703387409892
4090,-0.0008188376325028446
4091,0.003773450866955852
4092,-0.005138997505917425
4093,-0.013362865712625793
4094,0.006147430252973984
4095,0.003191413488404432
4096,-0.00293968721295354
4097,-0.006911404161811796
4098,0.002815863557582232
4099,0.011331946009072308
4100,-0.004709723439499991
4101,-0.003190587885570445
4102,-0.00030416017960391284
4103,-0.0053492581114923665
4104,0.00742307213258514
4105,0.011812802241127435
4106,0.006101931659424353
4107,-0.002548382707908442
4108,0.008834704674713423
4109,0.0009984657725809198
4110,-0.0009028722516216114
4111,0.008449299732620125
4112,0.016069602915070563
4113,0.001129080384307285
4114,-0.009016267729857391
4115,0.004094542563168574
4116,0.0018658592118036554
4117,0.010833615007493858
4118,-0.0020796886539052317
4119,-0.0003830494711825061
4120,0.0026694772293980318
4121,-0.0019621518218237988
4122,-0.00888322816426837
4123,-0.0031793534902911647
4124,0.00065436563331292
4125,0.005598884066433579
4126,-0.0125804728170415
4127,-0.0026282580881384354
4128,-0.00441262564462766
4129,0.00352443972852709
4130,0.00043631863115775604
4131,-0.006628981261903671
4132,-0.003751093933227312
4133,-0.00706778813123593
4134,-0.014824565182097321
4135,0.008755199781230183
4136,-0.0010577793551108383
4137,-0.0006169212339533214
4138,0.005490216944142756
4139,-0.0006627102345862779
4140,-0.0064158159068496146
4141,0.014249983761213919
4142,0.005689115766959546
4143,-0.004419096566865011
4144,0.002093695608202689
4145,0.011207800265650658
4146,-0.0003539009773640689
4147,0.003704756974073825
4148,0.013110216153499832
4149,-0.006351381525633526
4150,0.01245029218494062
4151,-0.0037802083022701882
4152,0.0009581049357706983
4153,-0.004280667490800971
4154,-0.005571127726348463
4155,-0.003515122056244546
4156,-0.005306966410796421
4157,-0.0036737332747724116
4158,0.005345556608417207
4159,-0.009163434047665786
4160,-0.0031071648051028966
4161,-0.008411445401779821
4162,-0.0053030777237439986
4163,-0.007678807412530991
4164,-0.0011394464882589772
4165,0.007540149128270529
4166,-0.006091327157785237
4167,0.0026746195463016875
4168,0.008312539408368319
4169,-0.0008877583053034377
4170,-0.001507915319375247
4171,-0.0031012584082551198
4172,0.009562444044957624
4173,-0.008216314801186342
4174,0.0052768694419330076
4175,0.004288252174569435
4176,-0.0058838004176388625
4177,0.005902592143022883
4178,0.0021156800727390457
4179,0.001814431614728107
4180,0.008650925469408738
4181,0.003103678444404817
4182,0.0017919794482680884
4183,0.0032284694581749818
4184,0.007494486645907711
4185,-0.002433684469883929
4186,0.004187698043814442
4187,-0.0008827028177355034
4188,0.004016867984956651
4189,0.016521258608932526
4190,0.0047727343554026525
4191,0.015093794189282972
4192,-0.010680220732299406
4193,0.008061227608711863
4194,0.00017048351855325494
4195,0.004723591952284417
4196,-0.005085999023453802
4197,-0.004687680339943101
4198,0.0014746353384592625
4199,0.002496644027636802
4200,-0.005442267834343484
4201,0.00011152763091867857
4202,-0.0019129810488087429
4203,0.0007124751826285136
4204,-0.002458121827222548
4205,-2.1993759153265957e-05
4206,-0.004995160609868876
4207,0.003085704197246464
4208,0.0037691210199363723
4209,-0.005390864985320903
4210,0.012139007164537113
4211,-0.0025774842908209417
4212,-0.00039410286981589326
4213,0.006354290205147828
4214,-0.0020749681779841933
4215,0.0031973677537594225
4216,-0.002461852838173656
4217,0.001076939738836158
4218,0.006446403773007259
4219,-0.00824607345429712
4220,0.004513990059127809
4221,0.0013570579136748528
4222,0.009727550812786395
4223,-0.005086306125997947
4224,-0.003826191753122571
4225,-0.00430059270606406
4226,-0.005877417817676561
4227,-0.002772574179023213
4228,0.00363948430170144
4229,-0.00827370062602073
4230,0.02052588596271865
4231,0.0015509680078588939
4232,0.0067929487745530814
4233,-0.005961182337149734
4234,-0.0005569859755025219
4235,0.0024646160897489333
4236,0.0064726966012038645
4237,-0.0021837190744213586
4238,0.0017427363903424753
4239,0.0053325809186729745
4240,-0.0014878940798619122
4241,0.004634879231803557
4242,0.002242863743011886
4243,0.005496539883351442
4244,0.013675258938869866
4245,0.006604950909963325
4246,0.011025238195145087
4247,-0.0017258686572085569
4248,0.007463231100497042
4249,-0.0069583633871004025
4250,-0.006039580040352793
4251,0.00034609789675799085
4252,-0.009060657459198734
4253,0.005590374885518806
4254,0.006269616014133339
4255,-0.0043542770467933645
4256,-0.003195608005932521
4257,-0.004279589078160978
4258,0.006106738185776978
4259,-0.007652226784676419
4260,-0.008460930311725401
4261,-0.0008165832263878348
4262,0.0028169274339637507
4263,-0.0002815048483289784
4264,0.0044039843945104795
4265,0.0013951790284288113
4266,-0.0031730978164473123
4267,-0.0035530991215671215
4268,-0.0013302037131867894
4269,0.012319853209316278
4270,-0.0053623013899610494
4271,-0.0025711583525718507
4272,-0.0024399319063334868
4273,0.009741843547946577
4274,-0.0074619420726247665
4275,-0.006424449234312513
4276,0.011045407782779515
4277,-0.0038194774814804267
4278,-0.008839181303915117
4279,-0.010402517376890963
4280,0.000953759937090265
4281,-0.001201292478859084
4282,0.006298604010877562
4283,0.00854354220449352
4284,-0.0037706711154623096
4285,0.01054311745982106
4286,0.007840372294116632
4287,0.012896365669824578
4288,-0.008059161605043691
4289,-0.008448546841119592
4290,-0.010737127902092386
4291,-0.0020033603633677344
4292,0.006159427712461724
4293,-0.01079715011140811
4294,-0.007783478447919434
4295,0.00748874585871967
4296,0.003186498615963207
4297,-0.0012021139791608404
4298,0.004936968279066617
4299,-0.006826049502629744
4300,-0.00542054030029776
4301,-0.0021306876231591
4302,0.0011157941710385477
4303,0.0026465788386544065
4304,-0.003509785118733899
4305,0.0045800420190652
4306,0.00344426647001711
4307,0.0006796276975715443
4308,0.010359912621435152
4309,0.002353935655422995
4310,0.0032598477342729304
4311,0.004917725902225695
4312,-0.00402254922343262
4313,0.001411668085931378
4314,0.0009333072877195092
4315,-0.0006826505288263507
4316,0.002923163233285897
4317,0.003599592293266507
4318,0.0014951240076459815
4319,-0.007507160274873692
4320,4.9972035150142036e-05
4321,-0.006497845173962624
4322,-0.0015586487133369964
4323,-0.0021045378336696785
4324,-0.00046551404372169314
4325,0.008887967347063708
4326,-0.003401387140302553
4327,0.0012957618675831784
4328,-0.0027795718890617216
4329,0.011171965899623132
4330,0.004489018786705379
4331,-0.002651534186166621
4332,-0.005576563400169682
4333,-0.006434218155438348
4334,-0.0010174812904049646
4335,0.007234908616567198
4336,-0.0021319841469518708
4337,0.0017248918982296357
4338,0.0027928163771528403
4339,0.008337088472246484
4340,-0.004398460700450774
4341,-0.0006909180043955798
4342,0.0032039363984362468
4343,-0.00674777887195413
4344,0.0034753602565787134
4345,0.00536800648275923
4346,0.003105517985313805
4347,0.0038261345548886716
4348,-0.0024507628193441156
4349,-0.0017500686773255225
4350,0.012253023476558711
4351,-0.0014286631574678132
4352,-0.0026250877662934158
4353,-0.004399330511101501
4354,-0.004116958799032677
4355,-0.002200258132224353
4356,-0.0013858288515143091
4357,0.008882479494431772
4358,0.0009148458915059221
4359,0.013473973052392313
4360,0.004521359928785829
4361,0.013772749561194314
4362,0.010591140606158261
4363,0.005451545126888141
4364,0.0024842865329460506
4365,0.01225349763753944
4366,-0.007595953452374543
4367,0.0004880053485744884
4368,0.005796403248150922
4369,-0.0012254986718084337
4370,-0.003949089944745077
4371,-0.006011389863441574
4372,-0.002742214722971925
4373,-0.0018433067479171061
4374,-0.0007044135641976756
4375,0.008267899235273907
4376,0.006029791561494496
4377,-0.0027655629606920806
4378,0.00246889320416821
4379,0.002623877706467076
4380,-0.0019629599490409433
4381,-0.0022781584347608963
4382,0.003508200857733401
4383,0.005721847155393922
4384,-0.0032204553630034993
4385,-0.0045158858793714896
4386,0.004477920024953508
4387,0.006078902673065489
4388,-0.006253213045252587
4389,0.0015549502654965408
4390,0.002239590505288269
4391,0.0028098532584378555
4392,-0.004041164892865934
4393,-0.0006814068668735684
4394,-0.0010070453485667985
4395,0.005349566079200813
4396,0.0032583468780564284
4397,-0.0023248398111649637
4398,-0.0006477241798072131
4399,-0.0006858001842304506
4400,-0.0074328383368484074
4401,-0.006747452529184156
4402,-0.0038657689346475177
4403,-0.009106926511269986
4404,-0.004878321452812223
4405,0.001893954820328947
4406,-0.01031140523241969
4407,0.0012741053366397692
4408,-0.0008110949511399845
4409,0.0047852842619537095
4410,-0.002430455750312477
4411,-0.006770576273745332
4412,0.0020956383063387707
4413,-0.00682169832761817
4414,-0.0011710097202685399
4415,0.006270373446233574
4416,0.00805717274983056
4417,-0.005982124356824492
4418,-0.006310106833609025
4419,-0.0011942296181829959
4420,-0.005830458901375346
4421,-0.00027483128087152364
4422,0.007203059838894632
4423,-0.009896769012899487
4424,-0.00037546314782813117
4425,-0.01037749116698225
4426,-0.003431410517146266
4427,0.005616793637082201
4428,0.009069629625146042
4429,-0.003096079308881672
4430,-0.0035093104843949285
4431,-0.010634375610769825
4432,-0.003874198009793217
4433,-0.0027166369758272746
4434,-0.01398360211448102
4435,0.0007011513362497335
4436,-0.007454345409616342
4437,-0.006215373175385119
4438,-0.006422791774917197
4439,0.0024273221281712054
4440,-0.0019766209606163765
4441,0.0019140168438753768
4442,0.00768479189791596
4443,0.004428054766537071
4444,-0.002411002340922702
4445,-0.0015436209370711107
4446,0.001179465592771739
4447,-0.0008895997001950595
4448,-0.00521379621950982
4449,-0.009815899251337024
4450,0.0038515573167005046
4451,0.009050256440186172
4452,0.012829440107862328
4453,-0.009136512903967053
4454,-0.0016045342103649662
4455,0.00200294398050177
4456,-0.004965298769645826
4457,0.008155551808144118
4458,0.001728368896312782
4459,-0.0017674847091666002
4460,-0.013985708919210804
4461,-0.0031468120277934886
4462,-0.001169569909935192
4463,0.0006915522973478805
4464,0.0012135077176481934
4465,-0.0021615611069325247
4466,0.004570398041924828
4467,-0.009014759314084825
4468,0.002258342068570701
4469,0.003663703070012986
4470,-0.0010202230729720874
4471,-0.002165676432408753
4472,0.004617362732530078
4473,0.002739218022357187
4474,-0.009634401576406215
4475,-0.004215717294439286
4476,0.0007410607470733632
4477,-0.008001785357733798
4478,-0.0036386156939139103
4479,0.004970960817132358
4480,-0.002586152278858278
4481,-0.0018671898250712526
4482,0.007864237934972262
4483,0.006763064609652869
4484,0.001734259818314654
4485,0.003781127838539733
4486,-0.003177604992128963
4487,-0.007116237493200006
4488,-0.006610126211100187
4489,0.006702687754961495
4490,0.002162625293299747
4491,0.0010176297813782598
4492,-0.004284808236671933
4493,0.0019399966031803106
4494,-0.0031129360382687044
4495,0.0055528636602670545
4496,0.0026572660593344177
4497,-0.0017741800748302672
4498,0.004665069881900186
4499,0.00259309731872967
4500,-0.006972331715938362
4501,0.0038013921598963885
4502,0.006476201250698532
4503,-0.004130785643048168
4504,-0.002652289416540804
4505,0.0010832790551414673
4506,0.0024262008295595494
4507,0.012011377642755311
4508,-0.002969001174435354
4509,0.000927646068217769
4510,-0.014168463656214575
4511,-0.004545940920363589
4512,-0.0034963877285195955
4513,-0.007873970587341433
4514,-0.003993146834667838
4515,1.75842564348605e-05
4516,-0.002880058317145495
4517,0.01366415668108184
4518,0.006429071623886395
4519,0.0065617810158201395
4520,-0.003685027393344059
4521,-0.007296774469190692
4522,0.01089148812332938
4523,0.0031321343324314244
4524,-0.004582489641735271
4525,0.005136289421080353
4526,0.0003122069525252624
4527,-0.0027886373907686224
4528,0.0011797876488004455
4529,-0.00463971911924263
4530,0.0032611071626835186
4531,0.0008418042127223413
4532,-0.00388213849281821
4533,-0.00629358216063039
4534,-0.008804981011875518
4535,-0.002350552525439642
4536,-0.0001553806202538588
4537,0.009991544375210187
4538,0.002702334514540994
4539,-0.005447271627443628
4540,0.006260425746110715
4541,0.0014556585010012113
4542,0.01086857830285301
4543,0.0020160689122660502
4544,-0.0038499606341952097
4545,-0.0027681927628559477
4546,3.0520079805307354e-05
4547,0.004069317657916599
4548,0.017170892087926243
4549,0.0010988988790291698
4550,-0.0032456573557540502
4551,0.0011176536851280061
4552,-0.0069908401136511145
4553,0.0014011119580564502
4554,0.0007247696741899956
4555,-0.0031890640942868476
4556,0.0025774763619230145
4557,0.005788266532259584
4558,0.002980729711015623
4559,-0.003992143105287699
4560,-0.008090811042960805
4561,0.004992142456790888
4562,0.0033913544947055396
4563,-0.003168083755680312
4564,0.01063347971357198
4565,0.0027791262338782707
4566,-0.007545232363127485
4567,0.010916045803632285
4568,-0.0046577366401740206
4569,-0.0010382717477089853
4570,-0.004515709803597473
4571,-0.0007685071277988564
4572,-0.004689223493037881
4573,-0.0028911074052606345
4574,0.01001130009260609
4575,0.012851731229607977
4576,0.009736528063891525
4577,-0.003490081943473472
4578,-0.011636151185406118
4579,-0.003642245408159689
4580,0.006026986306921084
4581,0.003699918256933943
4582,-0.004999497174198342
4583,-0.0067133748689087724
4584,0.015339930850244266
4585,0.005988728731670001
4586,0.004181598624794974
4587,-0.0001352878637288779
4588,0.006677777997452894
4589,0.01013318511500455
4590,0.004148530374171816
4591,-0.011393539427955984
4592,0.004524353265222075
4593,0.0008990976666386763
4594,0.00019911973053557408
4595,-0.002085029673061428
4596,0.005800453958459156
4597,-0.00024699763400490293
4598,-0.0055644783408006215
4599,-0.0018934005756902628
4600,-0.007035465892450632
4601,-0.0028862487522188507
4602,0.0016913683031754556
4603,-0.0033390598009437056
4604,-0.004471592082645998
4605,0.009068118719066764
4606,-0.0056538925957534125
4607,-0.0077197407533239615
4608,-0.004662013439196727
4609,0.005374393253941789
4610,0.006481855863608332
4611,0.0030893117773375944
4612,0.00524024013313612
4613,-0.005176089200204653
4614,-0.0007486408683653467
4615,0.002704089804829335
4616,0.0022647624675324607
4617,-0.006647161674956686
4618,0.007271151524923497
4619,-0.007060172107191343
4620,0.008013762441374084
4621,0.000842504957739576
4622,0.013717761374889281
4623,0.01077593014042802
4624,0.011327070910301468
4625,-0.014617720859384953
4626,-0.006521943385832896
4627,-0.004796166490530884
4628,0.0054570033516214145
4629,-0.002470928739732453
4630,-0.009576938969596077
4631,-0.012018500802036508
4632,-0.008007148596117286
4633,0.0074438591541592936
4634,0.0014627321244559954
4635,0.0013974464816068621
4636,0.0026555256895028634
4637,0.012155379243258518
4638,-0.012426441119992332
4639,0.009014713298576837
4640,-0.012730425914913246
4641,0.005263201253194405
4642,0.0008230255830616595
4643,0.010674886242420467
4644,-0.010775703909882056
4645,0.0033938563234769126
4646,-0.0026719541412934533
4647,-0.004110351881180502
4648,0.0032634497996137657
4649,0.010792011409649721
4650,-0.0002832395172130131
4651,0.007766224690332696
4652,0.0029664687684884394
4653,-0.0091898445336486
4654,0.003099034177807103
4655,-0.003670859196464399
4656,0.009257205570611271
4657,0.007946637195742706
4658,0.003685294800652744
4659,-0.000734802057368783
4660,0.0029840281394843404
4661,-0.005450343741730479
4662,0.0021110250495999794
4663,0.00244324023796863
4664,0.005837205293225012
4665,0.005365689633021836
4666,-0.002703711025252603
4667,0.002816463650548051
4668,0.006120097455702772
4669,-0.002255103925026203
4670,-0.0014918012015938675
4671,-0.00599002282194705
4672,-0.0020068822170949407
4673,-0.0012151120150648287
4674,0.0005613386640944684
4675,0.006345361060297067
4676,0.000811202443755793
4677,0.007551553786342341
4678,0.003747363311438573
4679,0.001205372703984492
4680,-0.002277664334203844
4681,-0.0019221310756915855
4682,0.0018575600742238574
4683,0.0013192275079514648
4684,-0.00798372926083124
4685,0.004438637323743333
4686,-0.004656194284729881
4687,-0.011212135877981533
4688,0.00022523801249937914
4689,-0.000217508894529872
4690,-0.012839976944897052
4691,-0.0070266014905713825
4692,0.0022229118727455366
4693,-0.010113433259236748
4694,0.0024540511069098825
4695,0.0005462463963435416
4696,-0.002086155215063029
4697,-0.014078264756914094
4698,-0.0004536186123510477
4699,-0.006762946928553587
4700,-0.005390238983588258
4701,0.0022540613041864554
4702,-0.008964744341748376
4703,-0.00629914520237479
4704,-0.007497641472758831
4705,-0.0067326013281786
4706,-0.0044554173242035144
4707,0.00078375016070234
4708,-0.010271090104721242
4709,0.004820600057557994
4710,0.0019205879306300189
4711,0.005491274368341681
4712,-0.005532362216846942
4713,-0.015050743048818566
4714,-0.0006381155715814435
4715,0.0013322560803510908
4716,0.0011329950172246916
4717,0.007471991446657361
4718,-0.006202051255190827
4719,-0.007132077834184014
4720,-0.007733510383080705
4721,-0.01191405240541768
4722,0.005806344433423316
4723,0.0050069794622074615
4724,-0.00922507328355679
4725,-0.002306540699289761
4726,0.003114896070670198
4727,0.00315112150043656
4728,0.005543759655093905
4729,0.005370689474387541
4730,-0.0055998225885583175
4731,0.0016161919111734036
4732,-0.00296793959332467
4733,-0.0005724424480600399
4734,-0.0028769291365010607
4735,0.003362104786035852
4736,0.0030917251576769167
4737,0.010080016057422647
4738,-0.0031096095754833963
4739,-0.006350229479713088
4740,0.0019997124591616677
4741,-0.008932587519923652
4742,-0.002124659178553673
4743,0.003790137592398657
4744,0.002164789380323995
4745,0.011130012683511464
4746,-0.0006593836079325233
4747,-0.0017675655366065357
4748,0.0022345550129080904
4749,0.0037869345648277875
4750,0.0018048917733353431
4751,0.0038944627638989038
4752,-0.003897456676411587
4753,-0.006560529565878659
4754,-0.004230245282530631
4755,-0.005361251905808578
4756,0.005879556965034699
4757,-0.005893255024722238
4758,0.007696931281273939
4759,-0.001983320776766828
4760,-0.009402881297071536
4761,0.010893338244282263
4762,0.0022346594967458944
4763,-0.0026295453938496305
4764,-0.001461496418427577
4765,-0.00266912105881173
4766,0.0005065652893636585
4767,-0.00041626988859305714
4768,0.0009667251681128586
4769,0.01157554143667322
4770,-0.010016144195748783
4771,-0.00982978154214778
4772,0.00023437420683522503
4773,0.0033063067144422364
4774,0.0031412368180236405
4775,0.01328513070332249
4776,-0.012810447012878895
4777,-0.004186730298820024
4778,0.0031110583425009997
4779,0.005775295452480983
4780,0.004183986553996738
4781,-0.005723292717845524
4782,0.0008906428369123975
4783,-0.0018732594363120025
4784,0.0023681847449704696
4785,0.006922431174177346
4786,-0.011012011279151884
4787,-0.00836198512658326
4788,0.000314043329892294
4789,0.00862908567072071
4790,0.00011488680967886022
4791,0.0027431557816376406
4792,0.0068693774397349805
4793,0.002357695486889577
4794,0.002094073984792555
4795,-0.0021974533151840336
4796,-0.00963825303893076
4797,0.003029947985100978
4798,0.0015498881711736023
4799,0.002170691796143126
4800,-0.010696892671167635
4801,-0.006171309471670494
4802,0.0010398056590671667
4803,-0.0016680103675541513
4804,0.00995853649123632
4805,-0.004271636333439299
4806,0.0080246697748724
4807,-0.002935833769084989
4808,0.00045118227787915854
4809,0.003120559942223239
4810,-0.005639495739037326
4811,-0.0010496874626105268
4812,0.0022074325903659042
4813,0.00215272324033558
4814,0.005595620419230202
4815,-0.002149487255417082
4816,0.008064623945737787
4817,-0.004658399300755428
4818,-0.008530532945675684
4819,0.0014804706271873969
4820,-0.010760000225968236
4821,0.0028495439849995086
4822,0.009084744348587886
4823,-0.004869006209900606
4824,0.00010733726873204952
4825,-0.006026825131106028
4826,0.005664600930901792
4827,-0.0005692270698715307
4828,-0.012683445547889527
4829,0.0007052854113833162
4830,0.000867992200747264
4831,0.0011840155652267648
4832,-0.004526057838597414
4833,0.0061191977512163875
4834,-0.006451093199371649
4835,0.010586378545907632
4836,0.002198043281119416
4837,-0.0033366426406495897
4838,0.0028927414601769563
4839,0.007000458910293578
4840,0.00635185681878242
4841,-0.0031287334102771125
4842,-0.00791955221559143
4843,-0.007483692755349991
4844,0.00029133276582160583
4845,-0.0016819328185301574
4846,0.002810125661406926
4847,-0.0008593658423085571
4848,-0.004952321749961852
4849,-0.011794652608267758
4850,0.0014529590836885597
4851,-0.006010097152715083
4852,0.009418248928156486
4853,-0.0011704634013010862
4854,-0.013331004403363933
4855,-0.0009374424215796706
4856,-0.0047927676044516865
4857,0.002739248054301563
4858,-0.0007923609560729072
4859,0.0021461374521471732
4860,0.001113888570742766
4861,0.009427664769057403
4862,-0.0021453525610611035
4863,-0.006174288571420633
4864,0.0013759870826601517
4865,-0.0054342473798890956
4866,-0.0057533652818906045
4867,-0.009419047503247041
4868,0.0016519597594180369
4869,-0.0019515323634298476
4870,-0.00558798261161314
4871,-0.00623585359157916
4872,0.0023217217598514583
4873,-0.0028114532214961185
4874,0.004422965317005173
4875,0.007389639161616696
4876,-0.004192610351960363
4877,-0.0013816395640279255
4878,-0.011675436852895238
4879,-0.00437120949788089
4880,-0.0086063803594294
4881,-0.000432512778773847
4882,0.0036676932808050178
4883,0.00360531504532674
4884,-0.0038248457750248155
4885,0.0033462067155139996
4886,0.012407179888154485
4887,-0.016275784602278104
4888,-0.002726226934068293
4889,-0.0007492522577388083
4890,0.0014549770799356376
4891,-0.004834918390747622
4892,-0.0005904660916829785
4893,0.0032681359856977232
4894,0.0004729690094386063
4895,0.0011955629305006044
4896,-0.011329143087393606
4897,-0.007455598888932047
4898,-0.007236329258668128
4899,0.006793864673348471
4900,0.0021760036117695336
4901,-0.0006597477114066441
4902,-0.0034256596758721614
4903,0.006451907046144845
4904,-0.004849420446346953
4905,0.006275387294079698
4906,-0.0036937228088219087
4907,0.007578291051832331
4908,0.001953993359388756
4909,0.004372528037799972
4910,0.016539834428797667
4911,0.002778462222152278
4912,0.0004954669124400679
4913,0.001578316511933825
4914,-0.004839811718804848
4915,0.002697868800784875
4916,-0.004009367656879287
4917,0.005391258563598539
4918,0.0023354711593912836
4919,0.0007513421373342433
4920,-3.122544599226673e-05
4921,0.006153415422187308
4922,0.008707032258377406
4923,0.011430816286415707
4924,0.0026000469451566144
4925,0.00621940061623838
4926,-0.001038661303032623
4927,0.0008913440481914947
4928,0.0035002615443084084
4929,0.0006094220974027231
4930,-0.006900585902974543
4931,0.005752648303091634
4932,0.003818841104461679
4933,0.006616559587593801
4934,-0.0038893873766152054
4935,0.0014229356282736971
4936,-0.0012900364078792803
4937,-0.005839031316652615
4938,-2.1629216562429887e-05
4939,-0.0060025249557759675
4940,-0.0120088311904879
4941,0.0021755182250394467
4942,-0.0048060805701715115
4943,-0.0058101448364517305
4944,-0.0043614540795474666
4945,-0.0008147988247907967
4946,0.003466320423671343
4947,-0.011329801677166546
4948,-0.00017801014394874803
4949,-2.8209479822932648e-05
4950,0.0001971725945565106
4951,-0.01135334065038171
4952,-0.0024976897465125714
4953,-0.0015228751434357146
4954,1.0850065094575312e-05
4955,-0.010779399103423681
4956,0.003660895315307333
4957,-0.0028245937390203035
4958,-0.008991564228525484
4959,0.0035537300279946393
4960,0.006694868528708486
4961,-0.008719489492259647
4962,0.006505424530235865
4963,-0.007533883980672534
4964,0.007214336829241719
4965,0.004188110352928931
4966,0.0006869707509316592
4967,0.006269148096101823
4968,0.01293519677831717
4969,-0.004836973238137532
4970,0.00014127977490044352
4971,-0.0072400021479052945
4972,0.007217329188689697
4973,0.004929288075042393
4974,0.006073255000618644
4975,0.007067399373742983
4976,0.007574727876651088
4977,-0.0034015039494525445
4978,9.752986561689658e-05
4979,0.005007707583386228
4980,-0.013213180451109807
4981,-0.00563098039532442
4982,-0.004083327254639224
4983,0.004242226299864288
4984,0.012575060470840144
4985,-0.006056293563885151
4986,0.002344890124389265
4987,0.006561449185168766
4988,-0.0034716719705633614
4989,0.005013683849720563
4990,-0.005930152040145353
4991,0.004938678492478643
4992,-0.00960202447772393
4993,-0.003520604762157792
4994,0.005681344637577135
4995,-0.006957634091015935
4996,-0.0025437633781023317
4997,0.0018422305590787003
4998,0.007638682961276455
4999,-0.0014452552410389174
5000,-0.004973925985893718
