grado,termino,log2_ratio_prevalencia,documentos_grado,total_documentos_grado,documentos_resto,total_documentos_resto,prevalencia_grado,prevalencia_resto,instituciones_grado,grupos_apoyo_grado,motivo_exclusion,representada_por,expresion_original
Civil,abarcando,-2.3663222142458156,0,32,2,31,0.0,0.06451612903225806,0,0,unigrama_conservado_en_csv_completo,,abarcando
Civil,abordar,-0.044394119358453395,2,32,2,31,0.0625,0.06451612903225806,2,2,unigrama_conservado_en_csv_completo,,abordar
Civil,abstraccion,-0.044394119358453395,2,32,2,31,0.0625,0.06451612903225806,2,2,unigrama_conservado_en_csv_completo,,abstracción
Civil,academico,0.4410327078117884,3,32,2,31,0.09375,0.06451612903225806,3,3,unigrama_conservado_en_csv_completo,,académico
Civil,acciones,-0.044394119358453395,2,32,2,31,0.0625,0.06451612903225806,2,2,unigrama_conservado_en_csv_completo,,acciones
Civil,acorde,2.762960802699151,3,32,0,31,0.09375,0.0,3,3,unigrama_conservado_en_csv_completo,,acorde
Civil,actitud,-0.8923910259134035,2,32,4,31,0.0625,0.12903225806451613,2,2,unigrama_conservado_en_csv_completo,,actitud
Civil,actitud de liderazgo,-0.044394119358453395,1,32,1,31,0.03125,0.03225806451612903,1,1,soporte_insuficiente_en_clase,,actitud de liderazgo
Civil,actitud emprendedora,-0.044394119358453395,1,32,1,31,0.03125,0.03225806451612903,1,1,soporte_insuficiente_en_clase,,actitud emprendedora
Civil,activa,-0.7813597135246597,1,32,2,31,0.03125,0.06451612903225806,1,1,unigrama_conservado_en_csv_completo,,activa
Civil,activamente,-0.7813597135246597,1,32,2,31,0.03125,0.06451612903225806,1,1,unigrama_conservado_en_csv_completo,,activamente
Civil,actividades,-0.7813597135246597,1,32,2,31,0.03125,0.06451612903225806,1,1,unigrama_conservado_en_csv_completo,,actividades
Civil,actua,-2.8517490414160576,0,32,3,31,0.0,0.0967741935483871,0,0,unigrama_conservado_en_csv_completo,,actúa
Civil,actualizacion,-0.8923910259134035,2,32,4,31,0.0625,0.12903225806451613,2,2,unigrama_conservado_en_csv_completo,,actualización
Civil,actualizar,-0.044394119358453395,1,32,1,31,0.03125,0.03225806451612903,1,1,unigrama_conservado_en_csv_completo,,actualizar
Civil,actualizarse,-0.044394119358453395,1,32,1,31,0.03125,0.03225806451612903,1,1,unigrama_conservado_en_csv_completo,,actualizarse
Civil,actualizarse permanentemente,-0.044394119358453395,1,32,1,31,0.03125,0.03225806451612903,1,1,soporte_insuficiente_en_clase,,actualizarse permanentemente
Civil,actuando,-0.044394119358453395,1,32,1,31,0.03125,0.03225806451612903,1,1,unigrama_conservado_en_csv_completo,,actuando
Civil,actuar,-1.2667865406949013,1,32,3,31,0.03125,0.0967741935483871,1,1,unigrama_conservado_en_csv_completo,,actuar
Civil,adapta,2.277533975528909,2,32,0,31,0.0625,0.0,2,2,unigrama_conservado_en_csv_completo,,adapta
Civil,adaptacion,-2.8517490414160576,0,32,3,31,0.0,0.0967741935483871,0,0,unigrama_conservado_en_csv_completo,,adaptación
Civil,adaptandose,-2.8517490414160576,0,32,3,31,0.0,0.0967741935483871,0,0,unigrama_conservado_en_csv_completo,,adaptándose
Civil,adaptarse,-0.4069641987431617,3,32,4,31,0.09375,0.12903225806451613,3,3,unigrama_conservado_en_csv_completo,,adaptarse
Civil,adaptarse activa,-0.044394119358453395,1,32,1,31,0.03125,0.03225806451612903,1,1,soporte_insuficiente_en_clase,,adaptarse activa
Civil,adecuada,-0.7813597135246597,1,32,2,31,0.03125,0.06451612903225806,1,1,unigrama_conservado_en_csv_completo,,adecuada
Civil,adelante,-0.044394119358453395,1,32,1,31,0.03125,0.03225806451612903,1,1,unigrama_conservado_en_csv_completo,,adelante
Civil,ademas,-0.044394119358453395,8,32,8,31,0.25,0.25806451612903225,8,8,unigrama_conservado_en_csv_completo,,además
Civil,ademas de planificar,-0.044394119358453395,1,32,1,31,0.03125,0.03225806451612903,1,1,soporte_insuficiente_en_clase,,además de planificar
Civil,adicionalmente,-0.7813597135246597,1,32,2,31,0.03125,0.06451612903225806,1,1,unigrama_conservado_en_csv_completo,,adicionalmente
Civil,administracion,-1.6293566200796095,1,32,4,31,0.03125,0.12903225806451613,1,1,unigrama_conservado_en_csv_completo,,administración
Civil,administrador,-0.044394119358453395,1,32,1,31,0.03125,0.03225806451612903,1,1,unigrama_conservado_en_csv_completo,,administrador
Civil,administrar,-1.6293566200796095,1,32,4,31,0.03125,0.12903225806451613,1,1,unigrama_conservado_en_csv_completo,,administrar
Civil,administrar proyectos,-2.3663222142458156,0,32,2,31,0.0,0.06451612903225806,0,0,soporte_insuficiente_en_clase,,administrar proyectos
Civil,admision,-0.044394119358453395,1,32,1,31,0.03125,0.03225806451612903,1,1,unigrama_conservado_en_csv_completo,,admisión
Civil,adopcion,2.277533975528909,2,32,0,31,0.0625,0.0,2,2,unigrama_conservado_en_csv_completo,,adopción
Civil,adquiridos,2.277533975528909,2,32,0,31,0.0625,0.0,2,2,unigrama_conservado_en_csv_completo,,adquiridos
Civil,adquisicion,-0.044394119358453395,1,32,1,31,0.03125,0.03225806451612903,1,1,unigrama_conservado_en_csv_completo,,adquisición
Civil,agil,2.277533975528909,2,32,0,31,0.0625,0.0,2,2,unigrama_conservado_en_csv_completo,,ágil
Civil,agiles,-3.2143191208007655,0,32,4,31,0.0,0.12903225806451613,0,0,unigrama_conservado_en_csv_completo,,ágiles
Civil,alcance,-0.7813597135246597,1,32,2,31,0.03125,0.06451612903225806,1,1,unigrama_conservado_en_csv_completo,,alcance
Civil,algoritmos,2.277533975528909,2,32,0,31,0.0625,0.0,2,2,unigrama_conservado_en_csv_completo,,algoritmos
Civil,alinearlos,2.277533975528909,2,32,0,31,0.0625,0.0,2,2,unigrama_conservado_en_csv_completo,,alinearlos
Civil,altamente,2.277533975528909,2,32,0,31,0.0625,0.0,2,2,unigrama_conservado_en_csv_completo,,altamente
Civil,ambiental,0.3181759600262548,4,32,3,31,0.125,0.0967741935483871,4,4,unigrama_conservado_en_csv_completo,,ambiental
Civil,ambientales,-1.2667865406949013,1,32,3,31,0.03125,0.0967741935483871,1,1,unigrama_conservado_en_csv_completo,,ambientales
Civil,ambiente,0.4410327078117884,3,32,2,31,0.09375,0.06451612903225806,3,3,unigrama_conservado_en_csv_completo,,ambiente
Civil,ambito,-0.4314172424677008,6,32,8,31,0.1875,0.25806451612903225,6,6,unigrama_conservado_en_csv_completo,,ámbito
Civil,ambitos,0.24511249783653138,5,32,4,31,0.15625,0.12903225806451613,5,5,unigrama_conservado_en_csv_completo,,ámbitos
Civil,amplia,-0.044394119358453395,1,32,1,31,0.03125,0.03225806451612903,1,1,unigrama_conservado_en_csv_completo,,amplia
Civil,amplio,0.6925714748077527,2,32,1,31,0.0625,0.03225806451612903,2,2,unigrama_conservado_en_csv_completo,,amplio
Civil,amplio de responsabilidad,-0.044394119358453395,1,32,1,31,0.03125,0.03225806451612903,1,1,soporte_insuficiente_en_clase,,amplio de responsabilidad
Civil,amplio de responsabilidad social,-0.044394119358453395,1,32,1,31,0.03125,0.03225806451612903,1,1,soporte_insuficiente_en_clase,,amplio de responsabilidad social
Civil,analisis,0.6925714748077527,7,32,4,31,0.21875,0.12903225806451613,7,7,unigrama_conservado_en_csv_completo,,análisis
Civil,analisis de datos,-0.044394119358453395,3,32,3,31,0.09375,0.0967741935483871,3,3,prevalencia_suavizada_no_superior_al_resto,,análisis de datos
Civil,analista,1.1779983019779945,3,32,1,31,0.09375,0.03225806451612903,3,3,unigrama_conservado_en_csv_completo,,analista
Civil,analista de sistemas,-0.044394119358453395,1,32,1,31,0.03125,0.03225806451612903,1,1,soporte_insuficiente_en_clase,,analista de sistemas
Civil,analitica,-1.1818976431083883,2,32,5,31,0.0625,0.16129032258064516,2,2,unigrama_conservado_en_csv_completo,,analítica
Civil,analitica de datos,-2.3663222142458156,0,32,2,31,0.0,0.06451612903225806,0,0,soporte_insuficiente_en_clase,,analítica de datos
Civil,analizar,-0.25084499682587985,6,32,7,31,0.1875,0.22580645161290322,6,6,unigrama_conservado_en_csv_completo,,analizar
Civil,analizar grandes,-0.044394119358453395,1,32,1,31,0.03125,0.03225806451612903,1,1,soporte_insuficiente_en_clase,,analizar grandes
Civil,analizar grandes volumenes,-0.044394119358453395,1,32,1,31,0.03125,0.03225806451612903,1,1,soporte_insuficiente_en_clase,,analizar grandes volúmenes
Civil,anterior,-0.044394119358453395,1,32,1,31,0.03125,0.03225806451612903,1,1,unigrama_conservado_en_csv_completo,,anterior
Civil,aplica,-1.6293566200796095,1,32,4,31,0.03125,0.12903225806451613,1,1,unigrama_conservado_en_csv_completo,,aplica
Civil,aplicacion,-0.3339007365534385,4,32,5,31,0.125,0.16129032258064516,4,4,unigrama_conservado_en_csv_completo,,aplicación
Civil,aplicaciones,-0.4069641987431617,3,32,4,31,0.09375,0.12903225806451613,3,3,unigrama_conservado_en_csv_completo,,aplicaciones
Civil,aplicada,0.6925714748077527,7,32,4,31,0.21875,0.12903225806451613,7,7,unigrama_conservado_en_csv_completo,,aplicada
Civil,aplicadas,-2.3663222142458156,0,32,2,31,0.0,0.06451612903225806,0,0,unigrama_conservado_en_csv_completo,,aplicadas
Civil,aplicando,-0.9619319591664807,4,32,8,31,0.125,0.25806451612903225,4,4,unigrama_conservado_en_csv_completo,,aplicando
Civil,aplicando criterios,-0.044394119358453395,1,32,1,31,0.03125,0.03225806451612903,1,1,soporte_insuficiente_en_clase,,aplicando criterios
Civil,aplicar,0.4030648576127679,7,32,5,31,0.21875,0.16129032258064516,6,7,unigrama_conservado_en_csv_completo,,aplicar
Civil,aplicar principios,-0.044394119358453395,1,32,1,31,0.03125,0.03225806451612903,1,1,soporte_insuficiente_en_clase,,aplicar principios
Civil,aporta,-0.044394119358453395,1,32,1,31,0.03125,0.03225806451612903,1,1,unigrama_conservado_en_csv_completo,,aporta
Civil,aportando,0.6925714748077527,2,32,1,31,0.0625,0.03225806451612903,2,2,unigrama_conservado_en_csv_completo,,aportando
Civil,aporte,-0.044394119358453395,1,32,1,31,0.03125,0.03225806451612903,1,1,unigrama_conservado_en_csv_completo,,aporte
Civil,apoyar,-0.8923910259134035,2,32,4,31,0.0625,0.12903225806451613,2,2,unigrama_conservado_en_csv_completo,,apoyar
Civil,aprender,0.4410327078117884,3,32,2,31,0.09375,0.06451612903225806,3,3,unigrama_conservado_en_csv_completo,,aprender
Civil,aprender de forma,-0.044394119358453395,1,32,1,31,0.03125,0.03225806451612903,1,1,soporte_insuficiente_en_clase,,aprender de forma
Civil,aprender de forma autonoma,-0.044394119358453395,1,32,1,31,0.03125,0.03225806451612903,1,1,soporte_insuficiente_en_clase,,aprender de forma autónoma
Civil,aprendizaje,-0.3854310371935204,7,32,9,31,0.21875,0.2903225806451613,7,7,unigrama_conservado_en_csv_completo,,aprendizaje
Civil,area,-0.7813597135246597,4,32,7,31,0.125,0.22580645161290322,4,4,unigrama_conservado_en_csv_completo,,área
Civil,area de desempeno,-2.3663222142458156,0,32,2,31,0.0,0.06451612903225806,0,0,soporte_insuficiente_en_clase,,área de desempeño
Civil,areas,0.5030936759440401,9,32,6,31,0.28125,0.1935483870967742,9,9,unigrama_conservado_en_csv_completo,,áreas
Civil,areas de desarrollo,-0.7813597135246597,1,32,2,31,0.03125,0.06451612903225806,1,1,soporte_insuficiente_en_clase,,áreas de desarrollo
Civil,arquitectura,-0.7813597135246597,1,32,2,31,0.03125,0.06451612903225806,1,1,unigrama_conservado_en_csv_completo,,arquitectura
Civil,arquitectura de software,-2.3663222142458156,0,32,2,31,0.0,0.06451612903225806,0,0,soporte_insuficiente_en_clase,,arquitectura de software
Civil,arquitecturas,-0.7813597135246597,1,32,2,31,0.03125,0.06451612903225806,1,1,unigrama_conservado_en_csv_completo,,arquitecturas
Civil,arquitecturas ti,-0.044394119358453395,1,32,1,31,0.03125,0.03225806451612903,1,1,soporte_insuficiente_en_clase,,arquitecturas ti
Civil,arquitecturas ti junto,-0.044394119358453395,1,32,1,31,0.03125,0.03225806451612903,1,1,soporte_insuficiente_en_clase,,arquitecturas ti junto
Civil,artificial,0.5836371032545887,8,32,5,31,0.25,0.16129032258064516,7,8,unigrama_conservado_en_csv_completo,,artificial
Civil,asegurando,-0.7813597135246597,1,32,2,31,0.03125,0.06451612903225806,1,1,unigrama_conservado_en_csv_completo,,asegurando
Civil,asesor,-0.044394119358453395,1,32,1,31,0.03125,0.03225806451612903,1,1,unigrama_conservado_en_csv_completo,,asesor
Civil,asesorias,-2.8517490414160576,0,32,3,31,0.0,0.0967741935483871,0,0,unigrama_conservado_en_csv_completo,,asesorías
Civil,asi,1.1779983019779945,10,32,4,31,0.3125,0.12903225806451613,10,10,unigrama_conservado_en_csv_completo,,así
Civil,asimismo,-1.1818976431083883,2,32,5,31,0.0625,0.16129032258064516,2,2,unigrama_conservado_en_csv_completo,,asimismo
Civil,asociadas,-2.3663222142458156,0,32,2,31,0.0,0.06451612903225806,0,0,unigrama_conservado_en_csv_completo,,asociadas
Civil,asociados,-0.8923910259134035,2,32,4,31,0.0625,0.12903225806451613,2,2,unigrama_conservado_en_csv_completo,,asociados
Civil,aspectos,1.1779983019779945,3,32,1,31,0.09375,0.03225806451612903,3,3,unigrama_conservado_en_csv_completo,,aspectos
Civil,asumir,-0.044394119358453395,1,32,1,31,0.03125,0.03225806451612903,1,1,unigrama_conservado_en_csv_completo,,asumir
Civil,atendiendo,-2.3663222142458156,0,32,2,31,0.0,0.06451612903225806,0,0,unigrama_conservado_en_csv_completo,,atendiendo
Civil,auditoria,-2.3663222142458156,0,32,2,31,0.0,0.06451612903225806,0,0,unigrama_conservado_en_csv_completo,,auditoría
Civil,autoaprendizaje,-3.2143191208007655,0,32,4,31,0.0,0.12903225806451613,0,0,unigrama_conservado_en_csv_completo,,autoaprendizaje
Civil,autogestion,-0.7813597135246597,1,32,2,31,0.03125,0.06451612903225806,1,1,unigrama_conservado_en_csv_completo,,autogestión
Civil,automatico,-0.044394119358453395,1,32,1,31,0.03125,0.03225806451612903,1,1,unigrama_conservado_en_csv_completo,,automático
Civil,automatizacion,0.6925714748077527,2,32,1,31,0.0625,0.03225806451612903,2,2,unigrama_conservado_en_csv_completo,,automatización
Civil,automatizando,-2.3663222142458156,0,32,2,31,0.0,0.06451612903225806,0,0,unigrama_conservado_en_csv_completo,,automatizando
Civil,automatizando procesos,-2.3663222142458156,0,32,2,31,0.0,0.06451612903225806,0,0,soporte_insuficiente_en_clase,,automatizando procesos
Civil,autonoma,-0.6964708159381465,3,32,5,31,0.09375,0.16129032258064516,3,3,unigrama_conservado_en_csv_completo,,autónoma
Civil,autonomia,-0.044394119358453395,1,32,1,31,0.03125,0.03225806451612903,1,1,unigrama_conservado_en_csv_completo,,autonomía
Civil,avanzadas,-0.044394119358453395,1,32,1,31,0.03125,0.03225806451612903,1,1,unigrama_conservado_en_csv_completo,,avanzadas
Civil,avanzado,0.6925714748077527,2,32,1,31,0.0625,0.03225806451612903,1,2,unigrama_conservado_en_csv_completo,,avanzado
Civil,avda,-0.044394119358453395,1,32,1,31,0.03125,0.03225806451612903,1,1,unigrama_conservado_en_csv_completo,,avda
Civil,bajo,-0.5298209465286953,2,32,3,31,0.0625,0.0967741935483871,2,2,unigrama_conservado_en_csv_completo,,bajo
Civil,basadas,-0.5298209465286953,2,32,3,31,0.0625,0.0967741935483871,2,2,unigrama_conservado_en_csv_completo,,basadas
Civil,basadas en tecnologias,-0.044394119358453395,1,32,1,31,0.03125,0.03225806451612903,1,1,soporte_insuficiente_en_clase,,basadas en tecnologías
Civil,basados,-0.044394119358453395,2,32,2,31,0.0625,0.06451612903225806,2,2,unigrama_conservado_en_csv_completo,,basados
Civil,basados en tecnologias,-0.044394119358453395,1,32,1,31,0.03125,0.03225806451612903,1,1,soporte_insuficiente_en_clase,,basados en tecnologías
Civil,base,1.055141554192461,7,32,3,31,0.21875,0.0967741935483871,7,7,unigrama_conservado_en_csv_completo,,base
Civil,base de datos,-0.044394119358453395,1,32,1,31,0.03125,0.03225806451612903,1,1,soporte_insuficiente_en_clase,,base de datos
Civil,base tecnologica,-0.044394119358453395,1,32,1,31,0.03125,0.03225806451612903,1,1,soporte_insuficiente_en_clase,,base tecnológica
Civil,bases,-1.8099288657214305,2,32,8,31,0.0625,0.25806451612903225,2,2,unigrama_conservado_en_csv_completo,,bases
Civil,bases de datos,-1.6293566200796095,2,32,7,31,0.0625,0.22580645161290322,2,2,prevalencia_suavizada_no_superior_al_resto,,bases de datos
Civil,basica,2.277533975528909,2,32,0,31,0.0625,0.0,2,2,unigrama_conservado_en_csv_completo,,básica
Civil,basicas,1.7398771895861096,15,32,4,31,0.46875,0.12903225806451613,15,15,unigrama_conservado_en_csv_completo,,básicas
Civil,bien,-0.4069641987431617,3,32,4,31,0.09375,0.12903225806451613,3,3,unigrama_conservado_en_csv_completo,,bien
Civil,bien comun,-0.044394119358453395,3,32,3,31,0.09375,0.0967741935483871,3,3,prevalencia_suavizada_no_superior_al_resto,,bien común
Civil,bienes,2.277533975528909,2,32,0,31,0.0625,0.0,2,2,unigrama_conservado_en_csv_completo,,bienes
Civil,bio,-0.044394119358453395,1,32,1,31,0.03125,0.03225806451612903,1,1,unigrama_conservado_en_csv_completo,,bío
Civil,brindando,-0.044394119358453395,1,32,1,31,0.03125,0.03225806451612903,1,1,unigrama_conservado_en_csv_completo,,brindando
Civil,buen,-2.3663222142458156,0,32,2,31,0.0,0.06451612903225806,0,0,unigrama_conservado_en_csv_completo,,buen
Civil,buen uso,-2.3663222142458156,0,32,2,31,0.0,0.06451612903225806,0,0,soporte_insuficiente_en_clase,,buen uso
Civil,buenas practicas,-3.5038257379957507,0,32,5,31,0.0,0.16129032258064516,0,0,soporte_insuficiente_en_clase,,buenas prácticas
Civil,buscando,-2.3663222142458156,0,32,2,31,0.0,0.06451612903225806,0,0,unigrama_conservado_en_csv_completo,,buscando
Civil,busqueda,0.6925714748077527,2,32,1,31,0.0625,0.03225806451612903,2,2,unigrama_conservado_en_csv_completo,,búsqueda
Civil,cada,-0.7813597135246597,1,32,2,31,0.03125,0.06451612903225806,1,1,unigrama_conservado_en_csv_completo,,cada
Civil,calidad,-1.0916998341368103,7,32,15,31,0.21875,0.4838709677419355,7,7,unigrama_conservado_en_csv_completo,,calidad
Civil,calidad de software,-2.3663222142458156,0,32,2,31,0.0,0.06451612903225806,0,0,soporte_insuficiente_en_clase,,calidad de software
Civil,calificados,-0.044394119358453395,1,32,1,31,0.03125,0.03225806451612903,1,1,unigrama_conservado_en_csv_completo,,calificados
Civil,cambio,0.4410327078117884,3,32,2,31,0.09375,0.06451612903225806,3,3,unigrama_conservado_en_csv_completo,,cambio
Civil,cambios,-0.044394119358453395,1,32,1,31,0.03125,0.03225806451612903,1,1,unigrama_conservado_en_csv_completo,,cambios
Civil,campo,-0.04439411935845356,4,32,4,31,0.125,0.12903225806451613,4,4,unigrama_conservado_en_csv_completo,,campo
Civil,campo de desarrollo,-0.044394119358453395,1,32,1,31,0.03125,0.03225806451612903,1,1,soporte_insuficiente_en_clase,,campo de desarrollo
Civil,campo de desarrollo profesional,-0.044394119358453395,1,32,1,31,0.03125,0.03225806451612903,1,1,soporte_insuficiente_en_clase,,campo de desarrollo profesional
Civil,campo laboral,-2.3663222142458156,0,32,2,31,0.0,0.06451612903225806,0,0,soporte_insuficiente_en_clase,,campo laboral
Civil,campo ocupacional,-0.044394119358453395,1,32,1,31,0.03125,0.03225806451612903,1,1,soporte_insuficiente_en_clase,,campo ocupacional
Civil,capacidad,-0.5652262826598938,11,32,16,31,0.34375,0.5161290322580645,11,11,unigrama_conservado_en_csv_completo,,capacidad
Civil,capacidad analitica,-0.044394119358453395,2,32,2,31,0.0625,0.06451612903225806,2,2,prevalencia_suavizada_no_superior_al_resto,,capacidad analítica
Civil,capacidad de aprendizaje,-2.3663222142458156,0,32,2,31,0.0,0.06451612903225806,0,0,soporte_insuficiente_en_clase,,capacidad de aprendizaje
Civil,capacidad de trabajar,-0.5298209465286953,2,32,3,31,0.0625,0.0967741935483871,2,2,prevalencia_suavizada_no_superior_al_resto,,capacidad de trabajar
Civil,capacidades,-0.044394119358453395,3,32,3,31,0.09375,0.0967741935483871,3,3,unigrama_conservado_en_csv_completo,,capacidades
Civil,capacitado,-0.9374789154419416,3,32,6,31,0.09375,0.1935483870967742,3,3,unigrama_conservado_en_csv_completo,,capacitado
Civil,capital,-0.044394119358453395,1,32,1,31,0.03125,0.03225806451612903,1,1,unigrama_conservado_en_csv_completo,,capital
Civil,caracteristicas,-0.044394119358453395,2,32,2,31,0.0625,0.06451612903225806,2,2,unigrama_conservado_en_csv_completo,,características
Civil,caracteriza,-0.044394119358453395,2,32,2,31,0.0625,0.06451612903225806,2,2,unigrama_conservado_en_csv_completo,,caracteriza
Civil,caracterizan,-0.044394119358453395,1,32,1,31,0.03125,0.03225806451612903,1,1,unigrama_conservado_en_csv_completo,,caracterizan
Civil,caracterizandose,-0.044394119358453395,1,32,1,31,0.03125,0.03225806451612903,1,1,unigrama_conservado_en_csv_completo,,caracterizándose
Civil,cargos,0.6925714748077527,2,32,1,31,0.0625,0.03225806451612903,2,2,unigrama_conservado_en_csv_completo,,cargos
Civil,centra,2.277533975528909,2,32,0,31,0.0625,0.0,2,2,unigrama_conservado_en_csv_completo,,centra
Civil,centrada,-1.2667865406949013,1,32,3,31,0.03125,0.0967741935483871,1,1,unigrama_conservado_en_csv_completo,,centrada
Civil,centrada en el usuario,-2.3663222142458156,0,32,2,31,0.0,0.06451612903225806,0,0,soporte_insuficiente_en_clase,,centrada en el usuario
Civil,centrado,0.6925714748077527,2,32,1,31,0.0625,0.03225806451612903,2,2,unigrama_conservado_en_csv_completo,,centrado
Civil,central,-0.044394119358453395,1,32,1,31,0.03125,0.03225806451612903,1,1,unigrama_conservado_en_csv_completo,,central
Civil,certificacion,2.277533975528909,2,32,0,31,0.0625,0.0,2,2,unigrama_conservado_en_csv_completo,,certificación
Civil,certificaciones,-0.044394119358453395,1,32,1,31,0.03125,0.03225806451612903,1,1,unigrama_conservado_en_csv_completo,,certificaciones
Civil,ciberseguridad,-1.2667865406949013,1,32,3,31,0.03125,0.0967741935483871,1,1,unigrama_conservado_en_csv_completo,,ciberseguridad
Civil,ciclo,-0.5298209465286953,2,32,3,31,0.0625,0.0967741935483871,1,2,unigrama_conservado_en_csv_completo,,ciclo
Civil,ciclo de vida,-0.044394119358453395,2,32,2,31,0.0625,0.06451612903225806,1,2,prevalencia_suavizada_no_superior_al_resto,,ciclo de vida
Civil,ciencia,0.8731437204495736,8,32,4,31,0.25,0.12903225806451613,8,8,unigrama_conservado_en_csv_completo,,ciencia
Civil,ciencia de la computacion,-0.044394119358453395,1,32,1,31,0.03125,0.03225806451612903,1,1,soporte_insuficiente_en_clase,,ciencia de la computación
Civil,ciencia de los datos,-0.044394119358453395,1,32,1,31,0.03125,0.03225806451612903,1,1,soporte_insuficiente_en_clase,,ciencia de los datos
Civil,ciencias,2.050763113681887,23,32,5,31,0.71875,0.16129032258064516,22,23,unigrama_conservado_en_csv_completo,,ciencias
Civil,ciencias geologicas,-0.044394119358453395,1,32,1,31,0.03125,0.03225806451612903,1,1,soporte_insuficiente_en_clase,,ciencias geológicas
Civil,cientifica,-0.044394119358453395,1,32,1,31,0.03125,0.03225806451612903,1,1,unigrama_conservado_en_csv_completo,,científica
Civil,cientifico,3.1255308820838588,4,32,0,31,0.125,0.0,4,4,unigrama_conservado_en_csv_completo,,científico
Civil,cientificos,-1.2667865406949013,1,32,3,31,0.03125,0.0967741935483871,1,1,unigrama_conservado_en_csv_completo,,científicos
Civil,cisco,-0.044394119358453395,1,32,1,31,0.03125,0.03225806451612903,1,1,unigrama_conservado_en_csv_completo,,cisco
Civil,ciudadania,-0.7813597135246597,1,32,2,31,0.03125,0.06451612903225806,1,1,unigrama_conservado_en_csv_completo,,ciudadanía
Civil,cliente,-2.8517490414160576,0,32,3,31,0.0,0.0967741935483871,0,0,unigrama_conservado_en_csv_completo,,cliente
Civil,clientes,-2.3663222142458156,0,32,2,31,0.0,0.06451612903225806,0,0,unigrama_conservado_en_csv_completo,,clientes
Civil,cloud,-0.044394119358453395,1,32,1,31,0.03125,0.03225806451612903,1,1,unigrama_conservado_en_csv_completo,,cloud
Civil,coherencia,-0.044394119358453395,1,32,1,31,0.03125,0.03225806451612903,1,1,unigrama_conservado_en_csv_completo,,coherencia
Civil,coherente,-2.3663222142458156,0,32,2,31,0.0,0.06451612903225806,0,0,unigrama_conservado_en_csv_completo,,coherente
Civil,colaboracion,-2.3663222142458156,0,32,2,31,0.0,0.06451612903225806,0,0,unigrama_conservado_en_csv_completo,,colaboración
Civil,colaborar,-0.7813597135246597,1,32,2,31,0.03125,0.06451612903225806,1,1,unigrama_conservado_en_csv_completo,,colaborar
Civil,colaborativa,3.1255308820838588,4,32,0,31,0.125,0.0,4,4,unigrama_conservado_en_csv_completo,,colaborativa
Civil,colaborativamente,-0.5298209465286953,2,32,3,31,0.0625,0.0967741935483871,2,2,unigrama_conservado_en_csv_completo,,colaborativamente
Civil,colaborativamente en equipos,-0.044394119358453395,1,32,1,31,0.03125,0.03225806451612903,1,1,soporte_insuficiente_en_clase,,colaborativamente en equipos
Civil,colaborativo,-1.2667865406949013,1,32,3,31,0.03125,0.0967741935483871,1,1,unigrama_conservado_en_csv_completo,,colaborativo
Civil,colaborativos,-0.044394119358453395,1,32,1,31,0.03125,0.03225806451612903,1,1,unigrama_conservado_en_csv_completo,,colaborativos
Civil,combinado,2.277533975528909,2,32,0,31,0.0625,0.0,1,2,unigrama_conservado_en_csv_completo,,combinado
Civil,comercial,-0.044394119358453395,1,32,1,31,0.03125,0.03225806451612903,1,1,unigrama_conservado_en_csv_completo,,comercial
Civil,competencias,0.18693142674800234,13,32,11,31,0.40625,0.3548387096774194,13,13,unigrama_conservado_en_csv_completo,,competencias
Civil,competencias del perfil,-0.044394119358453395,1,32,1,31,0.03125,0.03225806451612903,1,1,soporte_insuficiente_en_clase,,competencias del perfil
Civil,competencias genericas,-0.5298209465286953,2,32,3,31,0.0625,0.0967741935483871,2,2,prevalencia_suavizada_no_superior_al_resto,,competencias genéricas
Civil,competencias genericas tales,-0.044394119358453395,1,32,1,31,0.03125,0.03225806451612903,1,1,soporte_insuficiente_en_clase,,competencias genéricas tales
Civil,competencias profesionales,-0.7813597135246597,1,32,2,31,0.03125,0.06451612903225806,1,1,soporte_insuficiente_en_clase,,competencias profesionales
Civil,competente,-0.7813597135246597,1,32,2,31,0.03125,0.06451612903225806,1,1,unigrama_conservado_en_csv_completo,,competente
Civil,complejidad,-0.044394119358453395,1,32,1,31,0.03125,0.03225806451612903,1,1,unigrama_conservado_en_csv_completo,,complejidad
Civil,complejos,1.6718129146409553,11,32,3,31,0.34375,0.0967741935483871,10,11,unigrama_conservado_en_csv_completo,,complejos
Civil,complementa,-2.3663222142458156,0,32,2,31,0.0,0.06451612903225806,0,0,unigrama_conservado_en_csv_completo,,complementa
Civil,completar,0.6925714748077527,2,32,1,31,0.0625,0.03225806451612903,2,2,unigrama_conservado_en_csv_completo,,completar
Civil,componente,2.277533975528909,2,32,0,31,0.0625,0.0,2,2,unigrama_conservado_en_csv_completo,,componente
Civil,comportamiento,2.277533975528909,2,32,0,31,0.0625,0.0,2,2,unigrama_conservado_en_csv_completo,,comportamiento
Civil,comprende,2.277533975528909,2,32,0,31,0.0625,0.0,2,2,unigrama_conservado_en_csv_completo,,comprende
Civil,comprender,-0.044394119358453395,1,32,1,31,0.03125,0.03225806451612903,1,1,unigrama_conservado_en_csv_completo,,comprender
Civil,comprometida,-0.7813597135246597,1,32,2,31,0.03125,0.06451612903225806,1,1,unigrama_conservado_en_csv_completo,,comprometida
Civil,comprometido,-0.044394119358453395,3,32,3,31,0.09375,0.0967741935483871,3,3,unigrama_conservado_en_csv_completo,,comprometido
Civil,compromiso,0.3426290037507937,8,32,6,31,0.25,0.1935483870967742,8,8,unigrama_conservado_en_csv_completo,,compromiso
Civil,compromiso etico,-1.6293566200796095,1,32,4,31,0.03125,0.12903225806451613,1,1,soporte_insuficiente_en_clase,,compromiso ético
Civil,computacion,0.7261240345187794,14,32,8,31,0.4375,0.25806451612903225,14,14,unigrama_conservado_en_csv_completo,,computación
Civil,computacionales,1.0336083926428197,9,32,4,31,0.28125,0.12903225806451613,9,9,unigrama_conservado_en_csv_completo,,computacionales
Civil,computadores,2.277533975528909,2,32,0,31,0.0625,0.0,2,2,unigrama_conservado_en_csv_completo,,computadores
Civil,computo,-0.044394119358453395,1,32,1,31,0.03125,0.03225806451612903,1,1,unigrama_conservado_en_csv_completo,,cómputo
Civil,comun,0.6076825772212396,5,32,3,31,0.15625,0.0967741935483871,5,5,unigrama_conservado_en_csv_completo,,común
Civil,comunica,-0.7813597135246597,1,32,2,31,0.03125,0.06451612903225806,1,1,unigrama_conservado_en_csv_completo,,comunica
Civil,comunica de manera,-0.044394119358453395,1,32,1,31,0.03125,0.03225806451612903,1,1,soporte_insuficiente_en_clase,,comunica de manera
Civil,comunicacion,0.6618746775848364,15,32,9,31,0.46875,0.2903225806451613,15,15,unigrama_conservado_en_csv_completo,,comunicación
Civil,comunicacion efectiva,-0.9374789154419416,3,32,6,31,0.09375,0.1935483870967742,3,3,prevalencia_suavizada_no_superior_al_resto,,comunicación efectiva
Civil,comunicaciones,-0.3339007365534385,4,32,5,31,0.125,0.16129032258064516,4,4,unigrama_conservado_en_csv_completo,,comunicaciones
Civil,comunicaciones junto,-0.044394119358453395,1,32,1,31,0.03125,0.03225806451612903,1,1,soporte_insuficiente_en_clase,,comunicaciones junto
Civil,comunicar,-2.8517490414160576,0,32,3,31,0.0,0.0967741935483871,0,0,unigrama_conservado_en_csv_completo,,comunicar
Civil,comunicar ideas,-2.3663222142458156,0,32,2,31,0.0,0.06451612903225806,0,0,soporte_insuficiente_en_clase,,comunicar ideas
Civil,comunicarse,1.3341175038952762,6,32,2,31,0.1875,0.06451612903225806,6,6,unigrama_conservado_en_csv_completo,,comunicarse
Civil,comunicarse efectivamente,-0.044394119358453395,2,32,2,31,0.0625,0.06451612903225806,2,2,prevalencia_suavizada_no_superior_al_resto,,comunicarse efectivamente
Civil,comunicarse efectivamente en forma,-0.044394119358453395,1,32,1,31,0.03125,0.03225806451612903,1,1,soporte_insuficiente_en_clase,,comunicarse efectivamente en forma
Civil,comunidad,-2.8517490414160576,0,32,3,31,0.0,0.0967741935483871,0,0,unigrama_conservado_en_csv_completo,,comunidad
Civil,concebir,0.8036027871964965,4,32,2,31,0.125,0.06451612903225806,4,4,unigrama_conservado_en_csv_completo,,concebir
Civil,conceptos,-2.3663222142458156,0,32,2,31,0.0,0.06451612903225806,0,0,unigrama_conservado_en_csv_completo,,conceptos
Civil,concibe,2.277533975528909,2,32,0,31,0.0625,0.0,2,2,unigrama_conservado_en_csv_completo,,concibe
Civil,confidencialidad,-2.3663222142458156,0,32,2,31,0.0,0.06451612903225806,0,0,unigrama_conservado_en_csv_completo,,confidencialidad
Civil,configuracion,-0.044394119358453395,1,32,1,31,0.03125,0.03225806451612903,1,1,unigrama_conservado_en_csv_completo,,configuración
Civil,conforme,-0.044394119358453395,1,32,1,31,0.03125,0.03225806451612903,1,1,unigrama_conservado_en_csv_completo,,conforme
Civil,conjunto,-2.3663222142458156,0,32,2,31,0.0,0.06451612903225806,0,0,unigrama_conservado_en_csv_completo,,conjunto
Civil,conocimiento,0.3181759600262548,4,32,3,31,0.125,0.0967741935483871,4,4,unigrama_conservado_en_csv_completo,,conocimiento
Civil,conocimientos,-0.23080724358933477,14,32,16,31,0.4375,0.5161290322580645,13,14,unigrama_conservado_en_csv_completo,,conocimientos
Civil,consciente,-0.044394119358453395,1,32,1,31,0.03125,0.03225806451612903,1,1,unigrama_conservado_en_csv_completo,,consciente
Civil,considera,-2.3663222142458156,0,32,2,31,0.0,0.06451612903225806,0,0,unigrama_conservado_en_csv_completo,,considera
Civil,consideracion,-2.3663222142458156,0,32,2,31,0.0,0.06451612903225806,0,0,unigrama_conservado_en_csv_completo,,consideración
Civil,consideran,-0.044394119358453395,1,32,1,31,0.03125,0.03225806451612903,1,1,unigrama_conservado_en_csv_completo,,consideran
Civil,consideran las arquitecturas,-0.044394119358453395,1,32,1,31,0.03125,0.03225806451612903,1,1,soporte_insuficiente_en_clase,,consideran las arquitecturas
Civil,consideran las arquitecturas ti,-0.044394119358453395,1,32,1,31,0.03125,0.03225806451612903,1,1,soporte_insuficiente_en_clase,,consideran las arquitecturas ti
Civil,considerando,-0.04439411935845356,6,32,6,31,0.1875,0.1935483870967742,6,6,unigrama_conservado_en_csv_completo,,considerando
Civil,considerando aspectos,-0.044394119358453395,1,32,1,31,0.03125,0.03225806451612903,1,1,soporte_insuficiente_en_clase,,considerando aspectos
Civil,considerando criterios,-0.044394119358453395,1,32,1,31,0.03125,0.03225806451612903,1,1,soporte_insuficiente_en_clase,,considerando criterios
Civil,considerando criterios de seguridad,-0.044394119358453395,1,32,1,31,0.03125,0.03225806451612903,1,1,soporte_insuficiente_en_clase,,considerando criterios de seguridad
Civil,considerando el impacto,-0.044394119358453395,1,32,1,31,0.03125,0.03225806451612903,1,1,soporte_insuficiente_en_clase,,considerando el impacto
Civil,constante,0.3181759600262548,4,32,3,31,0.125,0.0967741935483871,4,4,unigrama_conservado_en_csv_completo,,constante
Civil,constante actualizacion,-0.044394119358453395,1,32,1,31,0.03125,0.03225806451612903,1,1,soporte_insuficiente_en_clase,,constante actualización
Civil,construir,-0.044394119358453395,3,32,3,31,0.09375,0.0967741935483871,3,3,unigrama_conservado_en_csv_completo,,construir
Civil,consultor,0.3181759600262548,4,32,3,31,0.125,0.0967741935483871,4,4,unigrama_conservado_en_csv_completo,,consultor
Civil,consultor empresarial,-0.044394119358453395,1,32,1,31,0.03125,0.03225806451612903,1,1,soporte_insuficiente_en_clase,,consultor empresarial
Civil,consultor empresarial de sistemas,-0.044394119358453395,1,32,1,31,0.03125,0.03225806451612903,1,1,soporte_insuficiente_en_clase,,consultor empresarial de sistemas
Civil,consultoria,-2.8517490414160576,0,32,3,31,0.0,0.0967741935483871,0,0,unigrama_conservado_en_csv_completo,,consultoría
Civil,contara,-2.3663222142458156,0,32,2,31,0.0,0.06451612903225806,0,0,unigrama_conservado_en_csv_completo,,contará
Civil,contexto,-0.8328900141647417,5,32,9,31,0.15625,0.2903225806451613,5,5,unigrama_conservado_en_csv_completo,,contexto
Civil,contexto social,-0.044394119358453395,1,32,1,31,0.03125,0.03225806451612903,1,1,soporte_insuficiente_en_clase,,contexto social
Civil,contextos,-1.1085244567781691,5,32,11,31,0.15625,0.3548387096774194,5,5,unigrama_conservado_en_csv_completo,,contextos
Civil,continua,-0.9374789154419416,3,32,6,31,0.09375,0.1935483870967742,3,3,unigrama_conservado_en_csv_completo,,continua
Civil,continuar,0.6925714748077527,2,32,1,31,0.0625,0.03225806451612903,2,2,unigrama_conservado_en_csv_completo,,continuar
Civil,contribucion,2.277533975528909,2,32,0,31,0.0625,0.0,2,2,unigrama_conservado_en_csv_completo,,contribución
Civil,contribuir,0.3181759600262548,4,32,3,31,0.125,0.0967741935483871,4,4,unigrama_conservado_en_csv_completo,,contribuir
Civil,contribuya,-0.044394119358453395,1,32,1,31,0.03125,0.03225806451612903,1,1,unigrama_conservado_en_csv_completo,,contribuya
Civil,coquimbo,2.277533975528909,2,32,0,31,0.0625,0.0,2,2,unigrama_conservado_en_csv_completo,,coquimbo
Civil,cosas,-0.044394119358453395,1,32,1,31,0.03125,0.03225806451612903,1,1,unigrama_conservado_en_csv_completo,,cosas
Civil,creacion,-0.044394119358453395,2,32,2,31,0.0625,0.06451612903225806,2,2,unigrama_conservado_en_csv_completo,,creación
Civil,crear,-0.4069641987431617,3,32,4,31,0.09375,0.12903225806451613,3,3,unigrama_conservado_en_csv_completo,,crear
Civil,crear valor,-0.044394119358453395,1,32,1,31,0.03125,0.03225806451612903,1,1,soporte_insuficiente_en_clase,,crear valor
Civil,creativas,2.277533975528909,2,32,0,31,0.0625,0.0,2,2,unigrama_conservado_en_csv_completo,,creativas
Civil,creatividad,2.277533975528909,2,32,0,31,0.0625,0.0,2,2,unigrama_conservado_en_csv_completo,,creatividad
Civil,criterios,-0.6964708159381465,3,32,5,31,0.09375,0.16129032258064516,3,3,unigrama_conservado_en_csv_completo,,criterios
Civil,criterios de calidad,-2.8517490414160576,0,32,3,31,0.0,0.0967741935483871,0,0,soporte_insuficiente_en_clase,,criterios de calidad
Civil,criterios de seguridad,-0.7813597135246597,1,32,2,31,0.03125,0.06451612903225806,1,1,soporte_insuficiente_en_clase,,criterios de seguridad
Civil,critico,-0.5749088360572334,4,32,6,31,0.125,0.1935483870967742,4,4,unigrama_conservado_en_csv_completo,,crítico
Civil,cuenta,1.3341175038952762,6,32,2,31,0.1875,0.06451612903225806,6,6,unigrama_conservado_en_csv_completo,,cuenta
Civil,cuerpo,-0.7813597135246597,1,32,2,31,0.03125,0.06451612903225806,1,1,unigrama_conservado_en_csv_completo,,cuerpo
Civil,cuerpo docente,-0.044394119358453395,1,32,1,31,0.03125,0.03225806451612903,1,1,soporte_insuficiente_en_clase,,cuerpo docente
Civil,cuidado,-2.3663222142458156,0,32,2,31,0.0,0.06451612903225806,0,0,unigrama_conservado_en_csv_completo,,cuidado
Civil,cultura,-0.5298209465286953,2,32,3,31,0.0625,0.0967741935483871,2,2,unigrama_conservado_en_csv_completo,,cultura
Civil,cultural,2.277533975528909,2,32,0,31,0.0625,0.0,2,2,unigrama_conservado_en_csv_completo,,cultural
Civil,cumpliendo,-0.7813597135246597,1,32,2,31,0.03125,0.06451612903225806,1,1,unigrama_conservado_en_csv_completo,,cumpliendo
Civil,cumplimiento,-0.044394119358453395,2,32,2,31,0.0625,0.06451612903225806,2,2,unigrama_conservado_en_csv_completo,,cumplimiento
Civil,cumplimiento de los objetivos,-0.044394119358453395,1,32,1,31,0.03125,0.03225806451612903,1,1,soporte_insuficiente_en_clase,,cumplimiento de los objetivos
Civil,curricular,-0.044394119358453395,1,32,1,31,0.03125,0.03225806451612903,1,1,unigrama_conservado_en_csv_completo,,curricular
Civil,curriculum,-0.044394119358453395,1,32,1,31,0.03125,0.03225806451612903,1,1,unigrama_conservado_en_csv_completo,,curriculum
Civil,cursos,-0.044394119358453395,1,32,1,31,0.03125,0.03225806451612903,1,1,unigrama_conservado_en_csv_completo,,cursos
Civil,dando,-0.044394119358453395,1,32,1,31,0.03125,0.03225806451612903,1,1,unigrama_conservado_en_csv_completo,,dando
Civil,dar,-1.2667865406949013,1,32,3,31,0.03125,0.0967741935483871,1,1,unigrama_conservado_en_csv_completo,,dar
Civil,datos,-0.543965128848965,14,32,20,31,0.4375,0.6451612903225806,14,14,unigrama_conservado_en_csv_completo,,datos
Civil,decisiones,-0.6610654798069477,7,32,11,31,0.21875,0.3548387096774194,7,7,unigrama_conservado_en_csv_completo,,decisiones
Civil,decisiones en las organizaciones,-2.3663222142458156,0,32,2,31,0.0,0.06451612903225806,0,0,soporte_insuficiente_en_clase,,decisiones en las organizaciones
Civil,definidos,-0.044394119358453395,1,32,1,31,0.03125,0.03225806451612903,1,1,unigrama_conservado_en_csv_completo,,definidos
Civil,demandas,-0.7813597135246597,1,32,2,31,0.03125,0.06451612903225806,1,1,unigrama_conservado_en_csv_completo,,demandas
Civil,demandas del entorno,-0.044394119358453395,1,32,1,31,0.03125,0.03225806451612903,1,1,soporte_insuficiente_en_clase,,demandas del entorno
Civil,demas,-2.3663222142458156,0,32,2,31,0.0,0.06451612903225806,0,0,unigrama_conservado_en_csv_completo,,demás
Civil,democraticos,2.277533975528909,2,32,0,31,0.0625,0.0,2,2,unigrama_conservado_en_csv_completo,,democráticos
Civil,demostrando,-3.2143191208007655,0,32,4,31,0.0,0.12903225806451613,0,0,unigrama_conservado_en_csv_completo,,demostrando
Civil,demostrar,-2.8517490414160576,0,32,3,31,0.0,0.0967741935483871,0,0,unigrama_conservado_en_csv_completo,,demostrar
Civil,den,-0.044394119358453395,1,32,1,31,0.03125,0.03225806451612903,1,1,unigrama_conservado_en_csv_completo,,den
Civil,dentro,0.6925714748077527,2,32,1,31,0.0625,0.03225806451612903,2,2,unigrama_conservado_en_csv_completo,,dentro
Civil,departamento,0.6925714748077527,2,32,1,31,0.0625,0.03225806451612903,2,2,unigrama_conservado_en_csv_completo,,departamento
Civil,derechos,-2.3663222142458156,0,32,2,31,0.0,0.06451612903225806,0,0,unigrama_conservado_en_csv_completo,,derechos
Civil,derechos humanos,-2.3663222142458156,0,32,2,31,0.0,0.06451612903225806,0,0,soporte_insuficiente_en_clase,,derechos humanos
Civil,desafios,0.24511249783653138,5,32,4,31,0.15625,0.12903225806451613,5,5,unigrama_conservado_en_csv_completo,,desafíos
Civil,desafios tecnologicos,-0.044394119358453395,1,32,1,31,0.03125,0.03225806451612903,1,1,soporte_insuficiente_en_clase,,desafíos tecnológicos
Civil,desarrolla,-0.28540221886224837,5,32,6,31,0.15625,0.1935483870967742,4,5,unigrama_conservado_en_csv_completo,,desarrolla
Civil,desarrollados,2.277533975528909,2,32,0,31,0.0625,0.0,2,2,unigrama_conservado_en_csv_completo,,desarrollados
Civil,desarrollan,2.277533975528909,2,32,0,31,0.0625,0.0,2,2,unigrama_conservado_en_csv_completo,,desarrollan
Civil,desarrollando,-0.044394119358453395,1,32,1,31,0.03125,0.03225806451612903,1,1,unigrama_conservado_en_csv_completo,,desarrollando
Civil,desarrollar,-0.8408607252733212,9,32,16,31,0.28125,0.5161290322580645,9,9,unigrama_conservado_en_csv_completo,,desarrollar
Civil,desarrollar iniciativas,-0.044394119358453395,1,32,1,31,0.03125,0.03225806451612903,1,1,soporte_insuficiente_en_clase,,desarrollar iniciativas
Civil,desarrollar proyectos de software,-0.044394119358453395,1,32,1,31,0.03125,0.03225806451612903,1,1,soporte_insuficiente_en_clase,,desarrollar proyectos de software
Civil,desarrollar soluciones,-2.1598713367783895,1,32,6,31,0.03125,0.1935483870967742,1,1,soporte_insuficiente_en_clase,,desarrollar soluciones
Civil,desarrollar soluciones tecnologicas,-2.3663222142458156,0,32,2,31,0.0,0.06451612903225806,0,0,soporte_insuficiente_en_clase,,desarrollar soluciones tecnológicas
Civil,desarrollo,-0.12034297259175222,18,32,19,31,0.5625,0.6129032258064516,18,18,unigrama_conservado_en_csv_completo,,desarrollo
Civil,desarrollo de software,-1.8099288657214305,2,32,8,31,0.0625,0.25806451612903225,2,2,prevalencia_suavizada_no_superior_al_resto,,desarrollo de software
Civil,desarrollo de soluciones,-1.2667865406949013,1,32,3,31,0.03125,0.0967741935483871,1,1,soporte_insuficiente_en_clase,,desarrollo de soluciones
Civil,desarrollo del pais,-0.044394119358453395,1,32,1,31,0.03125,0.03225806451612903,1,1,soporte_insuficiente_en_clase,,desarrollo del país
Civil,desarrollo permanente,-0.044394119358453395,1,32,1,31,0.03125,0.03225806451612903,1,1,soporte_insuficiente_en_clase,,desarrollo permanente
Civil,desarrollo profesional,-0.044394119358453395,1,32,1,31,0.03125,0.03225806451612903,1,1,soporte_insuficiente_en_clase,,desarrollo profesional
Civil,desarrollo sustentable,-0.7813597135246597,1,32,2,31,0.03125,0.06451612903225806,1,1,soporte_insuficiente_en_clase,,desarrollo sustentable
Civil,desarrollo tecnologico,-0.044394119358453395,1,32,1,31,0.03125,0.03225806451612903,1,1,soporte_insuficiente_en_clase,,desarrollo tecnológico
Civil,descripcion,-0.7813597135246597,1,32,2,31,0.03125,0.06451612903225806,1,1,unigrama_conservado_en_csv_completo,,descripción
Civil,desempenar,-0.044394119358453395,1,32,1,31,0.03125,0.03225806451612903,1,1,unigrama_conservado_en_csv_completo,,desempeñar
Civil,desempenarse,0.5030936759440401,9,32,6,31,0.28125,0.1935483870967742,9,9,unigrama_conservado_en_csv_completo,,desempeñarse
Civil,desempenarse en instituciones,-0.044394119358453395,1,32,1,31,0.03125,0.03225806451612903,1,1,soporte_insuficiente_en_clase,,desempeñarse en instituciones
Civil,desempenarse en organizaciones,-0.044394119358453395,1,32,1,31,0.03125,0.03225806451612903,1,1,soporte_insuficiente_en_clase,,desempeñarse en organizaciones
Civil,desempenarse profesionalmente,-0.044394119358453395,1,32,1,31,0.03125,0.03225806451612903,1,1,soporte_insuficiente_en_clase,,desempeñarse profesionalmente
Civil,desempenarse profesionalmente en forma,-0.044394119358453395,1,32,1,31,0.03125,0.03225806451612903,1,1,soporte_insuficiente_en_clase,,desempeñarse profesionalmente en forma
Civil,desempeno,-0.7813597135246597,4,32,7,31,0.125,0.22580645161290322,4,4,unigrama_conservado_en_csv_completo,,desempeño
Civil,desempeno laboral,-2.3663222142458156,0,32,2,31,0.0,0.06451612903225806,0,0,soporte_insuficiente_en_clase,,desempeño laboral
Civil,desempeno profesional,-0.044394119358453395,1,32,1,31,0.03125,0.03225806451612903,1,1,soporte_insuficiente_en_clase,,desempeño profesional
Civil,desplegar,2.277533975528909,2,32,0,31,0.0625,0.0,2,2,unigrama_conservado_en_csv_completo,,desplegar
Civil,destaca,0.6925714748077527,2,32,1,31,0.0625,0.03225806451612903,2,2,unigrama_conservado_en_csv_completo,,destaca
Civil,destrezas,-2.3663222142458156,0,32,2,31,0.0,0.06451612903225806,0,0,unigrama_conservado_en_csv_completo,,destrezas
Civil,diagnosticar,-0.7813597135246597,1,32,2,31,0.03125,0.06451612903225806,1,1,unigrama_conservado_en_csv_completo,,diagnosticar
Civil,dichos,2.277533975528909,2,32,0,31,0.0625,0.0,1,2,unigrama_conservado_en_csv_completo,,dichos
Civil,diferenciador,-0.044394119358453395,1,32,1,31,0.03125,0.03225806451612903,1,1,unigrama_conservado_en_csv_completo,,diferenciador
Civil,diferencias,-0.044394119358453395,1,32,1,31,0.03125,0.03225806451612903,1,1,unigrama_conservado_en_csv_completo,,diferencias
Civil,diferentes,-0.5298209465286953,2,32,3,31,0.0625,0.0967741935483871,2,2,unigrama_conservado_en_csv_completo,,diferentes
Civil,diferentes contextos,-0.044394119358453395,1,32,1,31,0.03125,0.03225806451612903,1,1,soporte_insuficiente_en_clase,,diferentes contextos
Civil,digital,-0.7813597135246597,4,32,7,31,0.125,0.22580645161290322,4,4,unigrama_conservado_en_csv_completo,,digital
Civil,digitales,-0.5749088360572334,4,32,6,31,0.125,0.1935483870967742,4,4,unigrama_conservado_en_csv_completo,,digitales
Civil,dinamicos,-0.044394119358453395,1,32,1,31,0.03125,0.03225806451612903,1,1,unigrama_conservado_en_csv_completo,,dinámicos
Civil,direccion,-2.3663222142458156,0,32,2,31,0.0,0.06451612903225806,0,0,unigrama_conservado_en_csv_completo,,dirección
Civil,director,-0.044394119358453395,1,32,1,31,0.03125,0.03225806451612903,1,1,unigrama_conservado_en_csv_completo,,director
Civil,director de proyectos,-0.044394119358453395,1,32,1,31,0.03125,0.03225806451612903,1,1,soporte_insuficiente_en_clase,,director de proyectos
Civil,disciplina,1.5405683813627027,7,32,2,31,0.21875,0.06451612903225806,7,7,unigrama_conservado_en_csv_completo,,disciplina
Civil,disciplinar,0.4410327078117884,3,32,2,31,0.09375,0.06451612903225806,3,3,unigrama_conservado_en_csv_completo,,disciplinar
Civil,disciplinares,-3.2143191208007655,0,32,4,31,0.0,0.12903225806451613,0,0,unigrama_conservado_en_csv_completo,,disciplinares
Civil,disena,0.8036027871964965,4,32,2,31,0.125,0.06451612903225806,4,4,unigrama_conservado_en_csv_completo,,diseña
Civil,disenan,2.277533975528909,2,32,0,31,0.0625,0.0,2,2,unigrama_conservado_en_csv_completo,,diseñan
Civil,disenar,-0.16468835307616514,11,32,12,31,0.34375,0.3870967741935484,11,11,unigrama_conservado_en_csv_completo,,diseñar
Civil,disenar sistemas,-0.044394119358453395,1,32,1,31,0.03125,0.03225806451612903,1,1,soporte_insuficiente_en_clase,,diseñar sistemas
Civil,diseno,0.1160705528347929,9,32,8,31,0.28125,0.25806451612903225,8,9,unigrama_conservado_en_csv_completo,,diseño
Civil,disponibles,2.277533975528909,2,32,0,31,0.0625,0.0,2,2,unigrama_conservado_en_csv_completo,,disponibles
Civil,disposicion,0.6925714748077527,2,32,1,31,0.0625,0.03225806451612903,2,2,unigrama_conservado_en_csv_completo,,disposición
Civil,dispositivos,-2.3663222142458156,0,32,2,31,0.0,0.06451612903225806,0,0,unigrama_conservado_en_csv_completo,,dispositivos
Civil,distingue,-0.7813597135246597,1,32,2,31,0.03125,0.06451612903225806,1,1,unigrama_conservado_en_csv_completo,,distingue
Civil,distintas areas,-0.044394119358453395,1,32,1,31,0.03125,0.03225806451612903,1,1,soporte_insuficiente_en_clase,,distintas áreas
Civil,distintas organizaciones,-2.3663222142458156,0,32,2,31,0.0,0.06451612903225806,0,0,soporte_insuficiente_en_clase,,distintas organizaciones
Civil,distintivo,-0.7813597135246597,1,32,2,31,0.03125,0.06451612903225806,1,1,unigrama_conservado_en_csv_completo,,distintivo
Civil,docente,-0.7813597135246597,1,32,2,31,0.03125,0.06451612903225806,1,1,unigrama_conservado_en_csv_completo,,docente
Civil,domina,2.277533975528909,2,32,0,31,0.0625,0.0,2,2,unigrama_conservado_en_csv_completo,,domina
Civil,dominio,2.277533975528909,2,32,0,31,0.0625,0.0,2,2,unigrama_conservado_en_csv_completo,,dominio
Civil,duoc,-2.3663222142458156,0,32,2,31,0.0,0.06451612903225806,0,0,unigrama_conservado_en_csv_completo,,duoc
Civil,duracion,1.1779983019779945,3,32,1,31,0.09375,0.03225806451612903,2,3,unigrama_conservado_en_csv_completo,,duración
Civil,economico,0.8036027871964965,4,32,2,31,0.125,0.06451612903225806,4,4,unigrama_conservado_en_csv_completo,,económico
Civil,economicos,-0.044394119358453395,2,32,2,31,0.0625,0.06451612903225806,2,2,unigrama_conservado_en_csv_completo,,económicos
Civil,educacion,-3.2143191208007655,0,32,4,31,0.0,0.12903225806451613,0,0,unigrama_conservado_en_csv_completo,,educación
Civil,efectiva,-0.25084499682587985,6,32,7,31,0.1875,0.22580645161290322,6,6,unigrama_conservado_en_csv_completo,,efectiva
Civil,efectivamente,-0.5298209465286953,2,32,3,31,0.0625,0.0967741935483871,2,2,unigrama_conservado_en_csv_completo,,efectivamente
Civil,efectivamente en forma,-0.044394119358453395,1,32,1,31,0.03125,0.03225806451612903,1,1,soporte_insuficiente_en_clase,,efectivamente en forma
Civil,efectivamente en forma oral,-0.044394119358453395,1,32,1,31,0.03125,0.03225806451612903,1,1,soporte_insuficiente_en_clase,,efectivamente en forma oral
Civil,efectivas,-2.3663222142458156,0,32,2,31,0.0,0.06451612903225806,0,0,unigrama_conservado_en_csv_completo,,efectivas
Civil,eficacia,2.277533975528909,2,32,0,31,0.0625,0.0,2,2,unigrama_conservado_en_csv_completo,,eficacia
Civil,eficiencia,-0.22496636500027437,7,32,8,31,0.21875,0.25806451612903225,7,7,unigrama_conservado_en_csv_completo,,eficiencia
Civil,eficiencia operativa,-2.3663222142458156,0,32,2,31,0.0,0.06451612903225806,0,0,soporte_insuficiente_en_clase,,eficiencia operativa
Civil,eficientes,-0.6964708159381465,3,32,5,31,0.09375,0.16129032258064516,3,3,unigrama_conservado_en_csv_completo,,eficientes
Civil,eficientes de software,-0.044394119358453395,1,32,1,31,0.03125,0.03225806451612903,1,1,soporte_insuficiente_en_clase,,eficientes de software
Civil,egresan,-0.044394119358453395,1,32,1,31,0.03125,0.03225806451612903,1,1,unigrama_conservado_en_csv_completo,,egresan
Civil,egreso,-0.7362718239961215,6,32,10,31,0.1875,0.3225806451612903,6,6,unigrama_conservado_en_csv_completo,,egreso
Civil,egreso competencias,-2.3663222142458156,0,32,2,31,0.0,0.06451612903225806,0,0,soporte_insuficiente_en_clase,,egreso competencias
Civil,ejecutar,-1.2667865406949013,1,32,3,31,0.03125,0.0967741935483871,1,1,unigrama_conservado_en_csv_completo,,ejecutar
Civil,ejecutar proyectos,-0.7813597135246597,1,32,2,31,0.03125,0.06451612903225806,1,1,soporte_insuficiente_en_clase,,ejecutar proyectos
Civil,ejecutivos,0.6925714748077527,2,32,1,31,0.0625,0.03225806451612903,2,2,unigrama_conservado_en_csv_completo,,ejecutivos
Civil,ejercicio,-1.6293566200796095,1,32,4,31,0.03125,0.12903225806451613,1,1,unigrama_conservado_en_csv_completo,,ejercicio
Civil,ejercicio profesional,-0.7813597135246597,1,32,2,31,0.03125,0.06451612903225806,1,1,soporte_insuficiente_en_clase,,ejercicio profesional
Civil,elementos,-2.3663222142458156,0,32,2,31,0.0,0.06451612903225806,0,0,unigrama_conservado_en_csv_completo,,elementos
Civil,ello,-0.8923910259134035,2,32,4,31,0.0625,0.12903225806451613,2,2,unigrama_conservado_en_csv_completo,,ello
Civil,emergentes,-0.04439411935845356,4,32,4,31,0.125,0.12903225806451613,4,4,unigrama_conservado_en_csv_completo,,emergentes
Civil,empleabilidad,-0.044394119358453395,1,32,1,31,0.03125,0.03225806451612903,1,1,unigrama_conservado_en_csv_completo,,empleabilidad
Civil,emprendedor,0.6925714748077527,2,32,1,31,0.0625,0.03225806451612903,2,2,unigrama_conservado_en_csv_completo,,emprendedor
Civil,emprendedora,0.4410327078117884,3,32,2,31,0.09375,0.06451612903225806,3,3,unigrama_conservado_en_csv_completo,,emprendedora
Civil,emprender,1.5405683813627025,4,32,1,31,0.125,0.03225806451612903,4,4,unigrama_conservado_en_csv_completo,,emprender
Civil,emprendimiento,0.6925714748077527,7,32,4,31,0.21875,0.12903225806451613,7,7,unigrama_conservado_en_csv_completo,,emprendimiento
Civil,emprendimientos,-0.044394119358453395,3,32,3,31,0.09375,0.0967741935483871,3,3,unigrama_conservado_en_csv_completo,,emprendimientos
Civil,emprendimientos basados,-0.044394119358453395,1,32,1,31,0.03125,0.03225806451612903,1,1,soporte_insuficiente_en_clase,,emprendimientos basados
Civil,empresa,0.6925714748077527,2,32,1,31,0.0625,0.03225806451612903,2,2,unigrama_conservado_en_csv_completo,,empresa
Civil,empresarial,-0.5298209465286953,2,32,3,31,0.0625,0.0967741935483871,2,2,unigrama_conservado_en_csv_completo,,empresarial
Civil,empresarial de sistemas,-0.044394119358453395,1,32,1,31,0.03125,0.03225806451612903,1,1,soporte_insuficiente_en_clase,,empresarial de sistemas
Civil,empresariales,-2.3663222142458156,0,32,2,31,0.0,0.06451612903225806,0,0,unigrama_conservado_en_csv_completo,,empresariales
Civil,empresas,0.6925714748077527,7,32,4,31,0.21875,0.12903225806451613,7,7,unigrama_conservado_en_csv_completo,,empresas
Civil,encuentra,-2.8517490414160576,0,32,3,31,0.0,0.0967741935483871,0,0,unigrama_conservado_en_csv_completo,,encuentra
Civil,encuentran,-0.7813597135246597,1,32,2,31,0.03125,0.06451612903225806,1,1,unigrama_conservado_en_csv_completo,,encuentran
Civil,enfasis,-0.044394119358453395,2,32,2,31,0.0625,0.06451612903225806,2,2,unigrama_conservado_en_csv_completo,,énfasis
Civil,enfasis en la eficiencia,-0.044394119358453395,1,32,1,31,0.03125,0.03225806451612903,1,1,soporte_insuficiente_en_clase,,énfasis en la eficiencia
Civil,enfocado,-2.3663222142458156,0,32,2,31,0.0,0.06451612903225806,0,0,unigrama_conservado_en_csv_completo,,enfocado
Civil,enfoque,-0.04439411935845356,5,32,5,31,0.15625,0.16129032258064516,5,5,unigrama_conservado_en_csv_completo,,enfoque
Civil,enfrentar,-0.044394119358453395,1,32,1,31,0.03125,0.03225806451612903,1,1,unigrama_conservado_en_csv_completo,,enfrentar
Civil,enfrentarse,-0.044394119358453395,1,32,1,31,0.03125,0.03225806451612903,1,1,unigrama_conservado_en_csv_completo,,enfrentarse
Civil,enlaces,-0.044394119358453395,1,32,1,31,0.03125,0.03225806451612903,1,1,unigrama_conservado_en_csv_completo,,enlaces
Civil,entorno,-1.1439297929093677,3,32,7,31,0.09375,0.22580645161290322,3,3,unigrama_conservado_en_csv_completo,,entorno
Civil,entornos,0.4410327078117884,3,32,2,31,0.09375,0.06451612903225806,3,3,unigrama_conservado_en_csv_completo,,entornos
Civil,entregando,-2.3663222142458156,0,32,2,31,0.0,0.06451612903225806,0,0,unigrama_conservado_en_csv_completo,,entregando
Civil,entregar,-0.7813597135246597,1,32,2,31,0.03125,0.06451612903225806,1,1,unigrama_conservado_en_csv_completo,,entregar
Civil,entregar soluciones,-2.3663222142458156,0,32,2,31,0.0,0.06451612903225806,0,0,soporte_insuficiente_en_clase,,entregar soluciones
Civil,entrenamiento,-0.044394119358453395,1,32,1,31,0.03125,0.03225806451612903,1,1,unigrama_conservado_en_csv_completo,,entrenamiento
Civil,equipo,-0.04439411935845356,4,32,4,31,0.125,0.12903225806451613,4,4,unigrama_conservado_en_csv_completo,,equipo
Civil,equipos,-0.2996511746005279,15,32,18,31,0.46875,0.5806451612903226,15,15,unigrama_conservado_en_csv_completo,,equipos
Civil,equipos de desarrollo,-0.044394119358453395,1,32,1,31,0.03125,0.03225806451612903,1,1,soporte_insuficiente_en_clase,,equipos de desarrollo
Civil,equipos de trabajo,-0.4918530963296749,5,32,7,31,0.15625,0.22580645161290322,5,5,prevalencia_suavizada_no_superior_al_resto,,equipos de trabajo
Civil,equipos de trabajo interdisciplinarios,-0.7813597135246597,1,32,2,31,0.03125,0.06451612903225806,1,1,soporte_insuficiente_en_clase,,equipos de trabajo interdisciplinarios
Civil,equipos de trabajo multidisciplinarios,-0.044394119358453395,2,32,2,31,0.0625,0.06451612903225806,2,2,prevalencia_suavizada_no_superior_al_resto,,equipos de trabajo multidisciplinarios
Civil,equipos multi,-0.044394119358453395,1,32,1,31,0.03125,0.03225806451612903,1,1,soporte_insuficiente_en_clase,,equipos multi
Civil,equipos multidisciplinarios,-0.22496636500027437,7,32,8,31,0.21875,0.25806451612903225,7,7,prevalencia_suavizada_no_superior_al_resto,,equipos multidisciplinarios
Civil,equitativa,-2.3663222142458156,0,32,2,31,0.0,0.06451612903225806,0,0,unigrama_conservado_en_csv_completo,,equitativa
Civil,escenarios,-2.8517490414160576,0,32,3,31,0.0,0.0967741935483871,0,0,unigrama_conservado_en_csv_completo,,escenarios
Civil,escrita,-1.6293566200796095,1,32,4,31,0.03125,0.12903225806451613,1,1,unigrama_conservado_en_csv_completo,,escrita
Civil,escuela,0.6925714748077527,2,32,1,31,0.0625,0.03225806451612903,2,2,unigrama_conservado_en_csv_completo,,escuela
Civil,espanol,0.6925714748077527,2,32,1,31,0.0625,0.03225806451612903,2,2,unigrama_conservado_en_csv_completo,,español
Civil,especialidad,-0.8923910259134035,2,32,4,31,0.0625,0.12903225806451613,2,2,unigrama_conservado_en_csv_completo,,especialidad
Civil,especializacion,-1.2667865406949013,1,32,3,31,0.03125,0.0967741935483871,1,1,unigrama_conservado_en_csv_completo,,especialización
Civil,especializados,-0.7813597135246597,1,32,2,31,0.03125,0.06451612903225806,1,1,unigrama_conservado_en_csv_completo,,especializados
Civil,especificas,-0.7813597135246597,1,32,2,31,0.03125,0.06451612903225806,1,1,unigrama_conservado_en_csv_completo,,específicas
Civil,espiritu,-1.2667865406949013,1,32,3,31,0.03125,0.0967741935483871,1,1,unigrama_conservado_en_csv_completo,,espíritu
Civil,espiritu critico,-0.044394119358453395,1,32,1,31,0.03125,0.03225806451612903,1,1,soporte_insuficiente_en_clase,,espíritu crítico
Civil,establecer,-0.044394119358453395,1,32,1,31,0.03125,0.03225806451612903,1,1,unigrama_conservado_en_csv_completo,,establecer
Civil,establecidos,-2.8517490414160576,0,32,3,31,0.0,0.0967741935483871,0,0,unigrama_conservado_en_csv_completo,,establecidos
Civil,estan,2.277533975528909,2,32,0,31,0.0625,0.0,2,2,unigrama_conservado_en_csv_completo,,están
Civil,estandares,-2.1147834472498515,2,32,10,31,0.0625,0.3225806451612903,2,2,unigrama_conservado_en_csv_completo,,estándares
Civil,estandares de calidad,-1.9188632372745944,1,32,5,31,0.03125,0.16129032258064516,1,1,soporte_insuficiente_en_clase,,estándares de calidad
Civil,estar,-0.044394119358453395,1,32,1,31,0.03125,0.03225806451612903,1,1,unigrama_conservado_en_csv_completo,,estar
Civil,estar en constante,-0.044394119358453395,1,32,1,31,0.03125,0.03225806451612903,1,1,soporte_insuficiente_en_clase,,estar en constante
Civil,estar en constante actualizacion,-0.044394119358453395,1,32,1,31,0.03125,0.03225806451612903,1,1,soporte_insuficiente_en_clase,,estar en constante actualización
Civil,estara,-0.044394119358453395,1,32,1,31,0.03125,0.03225806451612903,1,1,unigrama_conservado_en_csv_completo,,estará
Civil,estara capacitado,-0.044394119358453395,1,32,1,31,0.03125,0.03225806451612903,1,1,soporte_insuficiente_en_clase,,estará capacitado
Civil,estrategia,-0.044394119358453395,2,32,2,31,0.0625,0.06451612903225806,2,2,unigrama_conservado_en_csv_completo,,estrategia
Civil,estrategias,-0.5298209465286953,2,32,3,31,0.0625,0.0967741935483871,2,2,unigrama_conservado_en_csv_completo,,estrategias
Civil,estrategica,-2.3663222142458156,0,32,2,31,0.0,0.06451612903225806,0,0,unigrama_conservado_en_csv_completo,,estratégica
Civil,estrategicas,1.1779983019779945,3,32,1,31,0.09375,0.03225806451612903,3,3,unigrama_conservado_en_csv_completo,,estratégicas
Civil,estrategico,1.1779983019779945,3,32,1,31,0.09375,0.03225806451612903,3,3,unigrama_conservado_en_csv_completo,,estratégico
Civil,estrategicos,-0.044394119358453395,1,32,1,31,0.03125,0.03225806451612903,1,1,unigrama_conservado_en_csv_completo,,estratégicos
Civil,estudiantes,2.277533975528909,2,32,0,31,0.0625,0.0,2,2,unigrama_conservado_en_csv_completo,,estudiantes
Civil,estudio,0.6925714748077527,2,32,1,31,0.0625,0.03225806451612903,2,2,unigrama_conservado_en_csv_completo,,estudio
Civil,etapas,2.277533975528909,2,32,0,31,0.0625,0.0,1,2,unigrama_conservado_en_csv_completo,,etapas
Civil,etica,0.3917049954482201,11,32,8,31,0.34375,0.25806451612903225,11,11,unigrama_conservado_en_csv_completo,,ética
Civil,etica profesional,-0.044394119358453395,1,32,1,31,0.03125,0.03225806451612903,1,1,soporte_insuficiente_en_clase,,ética profesional
Civil,etico,0.4030648576127679,7,32,5,31,0.21875,0.16129032258064516,7,7,unigrama_conservado_en_csv_completo,,ético
Civil,eticos,-0.3339007365534385,4,32,5,31,0.125,0.16129032258064516,4,4,unigrama_conservado_en_csv_completo,,éticos
Civil,evalua,0.6925714748077527,2,32,1,31,0.0625,0.03225806451612903,2,2,unigrama_conservado_en_csv_completo,,evalúa
Civil,evaluacion,1.3341175038952762,6,32,2,31,0.1875,0.06451612903225806,6,6,unigrama_conservado_en_csv_completo,,evaluación
Civil,evaluacion de proyectos,-0.044394119358453395,1,32,1,31,0.03125,0.03225806451612903,1,1,soporte_insuficiente_en_clase,,evaluación de proyectos
Civil,evaluando,-1.2667865406949013,1,32,3,31,0.03125,0.0967741935483871,1,1,unigrama_conservado_en_csv_completo,,evaluando
Civil,evaluar,-0.28540221886224837,5,32,6,31,0.15625,0.1935483870967742,5,5,unigrama_conservado_en_csv_completo,,evaluar
Civil,evaluar proyectos,-0.044394119358453395,1,32,1,31,0.03125,0.03225806451612903,1,1,soporte_insuficiente_en_clase,,evaluar proyectos
Civil,evidencian,-2.3663222142458156,0,32,2,31,0.0,0.06451612903225806,0,0,unigrama_conservado_en_csv_completo,,evidencian
Civil,evidenciando,-0.044394119358453395,1,32,1,31,0.03125,0.03225806451612903,1,1,unigrama_conservado_en_csv_completo,,evidenciando
Civil,evolucion,-0.3339007365534385,4,32,5,31,0.125,0.16129032258064516,4,4,unigrama_conservado_en_csv_completo,,evolución
Civil,excelencia,1.1779983019779945,3,32,1,31,0.09375,0.03225806451612903,3,3,unigrama_conservado_en_csv_completo,,excelencia
Civil,exigencias,-0.044394119358453395,1,32,1,31,0.03125,0.03225806451612903,1,1,unigrama_conservado_en_csv_completo,,exigencias
Civil,experiencia,0.6925714748077527,2,32,1,31,0.0625,0.03225806451612903,2,2,unigrama_conservado_en_csv_completo,,experiencia
Civil,experiencial,2.277533975528909,2,32,0,31,0.0625,0.0,1,2,unigrama_conservado_en_csv_completo,,experiencial
Civil,extraer,1.5405683813627025,4,32,1,31,0.125,0.03225806451612903,4,4,unigrama_conservado_en_csv_completo,,extraer
Civil,facilitar,-2.3663222142458156,0,32,2,31,0.0,0.06451612903225806,0,0,unigrama_conservado_en_csv_completo,,facilitar
Civil,facultad,1.1779983019779945,3,32,1,31,0.09375,0.03225806451612903,3,3,unigrama_conservado_en_csv_completo,,facultad
Civil,federico,-0.044394119358453395,1,32,1,31,0.03125,0.03225806451612903,1,1,unigrama_conservado_en_csv_completo,,federico
Civil,federico santa,-0.044394119358453395,1,32,1,31,0.03125,0.03225806451612903,1,1,soporte_insuficiente_en_clase,,federico santa
Civil,federico santa maria,-0.044394119358453395,1,32,1,31,0.03125,0.03225806451612903,1,1,soporte_insuficiente_en_clase,,federico santa maría
Civil,fin,-0.4069641987431617,3,32,4,31,0.09375,0.12903225806451613,3,3,unigrama_conservado_en_csv_completo,,fin
Civil,finalidad,-0.044394119358453395,1,32,1,31,0.03125,0.03225806451612903,1,1,unigrama_conservado_en_csv_completo,,finalidad
Civil,financieros,-0.044394119358453395,1,32,1,31,0.03125,0.03225806451612903,1,1,unigrama_conservado_en_csv_completo,,financieros
Civil,fisica,-0.044394119358453395,1,32,1,31,0.03125,0.03225806451612903,1,1,unigrama_conservado_en_csv_completo,,física
Civil,flexiblemente,-0.044394119358453395,1,32,1,31,0.03125,0.03225806451612903,1,1,unigrama_conservado_en_csv_completo,,flexiblemente
Civil,fomentando,-0.044394119358453395,1,32,1,31,0.03125,0.03225806451612903,1,1,unigrama_conservado_en_csv_completo,,fomentando
Civil,forma,0.07590011435925846,12,32,11,31,0.375,0.3548387096774194,12,12,unigrama_conservado_en_csv_completo,,forma
Civil,forma autonoma,-0.7813597135246597,1,32,2,31,0.03125,0.06451612903225806,1,1,soporte_insuficiente_en_clase,,forma autónoma
Civil,forma efectiva,-0.044394119358453395,1,32,1,31,0.03125,0.03225806451612903,1,1,soporte_insuficiente_en_clase,,forma efectiva
Civil,forma oral,-1.2667865406949013,1,32,3,31,0.03125,0.0967741935483871,1,1,soporte_insuficiente_en_clase,,forma oral
Civil,forma profesionales,-2.3663222142458156,0,32,2,31,0.0,0.06451612903225806,0,0,soporte_insuficiente_en_clase,,forma profesionales
Civil,formacion,0.6693016954849056,20,32,12,31,0.625,0.3870967741935484,20,20,unigrama_conservado_en_csv_completo,,formación
Civil,formacion centrada,-0.044394119358453395,1,32,1,31,0.03125,0.03225806451612903,1,1,soporte_insuficiente_en_clase,,formación centrada
Civil,formacion implica,-0.044394119358453395,1,32,1,31,0.03125,0.03225806451612903,1,1,soporte_insuficiente_en_clase,,formación implica
Civil,formacion implica la adquisicion,-0.044394119358453395,1,32,1,31,0.03125,0.03225806451612903,1,1,soporte_insuficiente_en_clase,,formación implica la adquisición
Civil,formada,2.277533975528909,2,32,0,31,0.0625,0.0,2,2,unigrama_conservado_en_csv_completo,,formada
Civil,formado,-0.044394119358453395,1,32,1,31,0.03125,0.03225806451612903,1,1,unigrama_conservado_en_csv_completo,,formado
Civil,formando,-0.044394119358453395,1,32,1,31,0.03125,0.03225806451612903,1,1,unigrama_conservado_en_csv_completo,,formando
Civil,formar,0.8036027871964965,4,32,2,31,0.125,0.06451612903225806,4,4,unigrama_conservado_en_csv_completo,,formar
Civil,formas,-2.3663222142458156,0,32,2,31,0.0,0.06451612903225806,0,0,unigrama_conservado_en_csv_completo,,formas
Civil,formativa,0.6925714748077527,2,32,1,31,0.0625,0.03225806451612903,2,2,unigrama_conservado_en_csv_completo,,formativa
Civil,formativo,1.1779983019779945,3,32,1,31,0.09375,0.03225806451612903,2,3,unigrama_conservado_en_csv_completo,,formativo
Civil,formulacion,0.6925714748077527,2,32,1,31,0.0625,0.03225806451612903,2,2,unigrama_conservado_en_csv_completo,,formulación
Civil,formulacion de proyectos,-0.044394119358453395,1,32,1,31,0.03125,0.03225806451612903,1,1,soporte_insuficiente_en_clase,,formulación de proyectos
Civil,formular,-0.5298209465286953,2,32,3,31,0.0625,0.0967741935483871,2,2,unigrama_conservado_en_csv_completo,,formular
Civil,frontera,-0.044394119358453395,1,32,1,31,0.03125,0.03225806451612903,1,1,unigrama_conservado_en_csv_completo,,frontera
Civil,fuentes,-2.3663222142458156,0,32,2,31,0.0,0.06451612903225806,0,0,unigrama_conservado_en_csv_completo,,fuentes
Civil,fuerte,2.277533975528909,2,32,0,31,0.0625,0.0,2,2,unigrama_conservado_en_csv_completo,,fuerte
Civil,funcion,-2.8517490414160576,0,32,3,31,0.0,0.0967741935483871,0,0,unigrama_conservado_en_csv_completo,,función
Civil,funcionamiento,-0.044394119358453395,1,32,1,31,0.03125,0.03225806451612903,1,1,unigrama_conservado_en_csv_completo,,funcionamiento
Civil,funciones,-0.7813597135246597,1,32,2,31,0.03125,0.06451612903225806,1,1,unigrama_conservado_en_csv_completo,,funciones
Civil,fundamental,-0.7813597135246597,1,32,2,31,0.03125,0.06451612903225806,1,1,unigrama_conservado_en_csv_completo,,fundamental
Civil,fundamentales,2.277533975528909,2,32,0,31,0.0625,0.0,2,2,unigrama_conservado_en_csv_completo,,fundamentales
Civil,fundamentos,3.656045598782639,6,32,0,31,0.1875,0.0,6,6,unigrama_conservado_en_csv_completo,,fundamentos
Civil,futuro,-0.044394119358453395,1,32,1,31,0.03125,0.03225806451612903,1,1,unigrama_conservado_en_csv_completo,,futuro
Civil,gabriela,-2.3663222142458156,0,32,2,31,0.0,0.06451612903225806,0,0,unigrama_conservado_en_csv_completo,,gabriela
Civil,gabriela mistral,-2.3663222142458156,0,32,2,31,0.0,0.06451612903225806,0,0,soporte_insuficiente_en_clase,,gabriela mistral
Civil,garantizar,-2.3663222142458156,0,32,2,31,0.0,0.06451612903225806,0,0,unigrama_conservado_en_csv_completo,,garantizar
Civil,generacion,-0.4069641987431617,3,32,4,31,0.09375,0.12903225806451613,3,3,unigrama_conservado_en_csv_completo,,generación
Civil,generacion de emprendimientos,-0.7813597135246597,1,32,2,31,0.03125,0.06451612903225806,1,1,soporte_insuficiente_en_clase,,generación de emprendimientos
Civil,generacion de emprendimientos basados,-0.044394119358453395,1,32,1,31,0.03125,0.03225806451612903,1,1,soporte_insuficiente_en_clase,,generación de emprendimientos basados
Civil,general,2.762960802699151,3,32,0,31,0.09375,0.0,3,3,unigrama_conservado_en_csv_completo,,general
Civil,generando valor,-0.044394119358453395,1,32,1,31,0.03125,0.03225806451612903,1,1,soporte_insuficiente_en_clase,,generando valor
Civil,generar soluciones,-0.8923910259134035,2,32,4,31,0.0625,0.12903225806451613,2,2,prevalencia_suavizada_no_superior_al_resto,,generar soluciones
Civil,generar soluciones innovadoras,-0.7813597135246597,1,32,2,31,0.03125,0.06451612903225806,1,1,soporte_insuficiente_en_clase,,generar soluciones innovadoras
Civil,generar valor,-2.3663222142458156,0,32,2,31,0.0,0.06451612903225806,0,0,soporte_insuficiente_en_clase,,generar valor
Civil,genericas,-0.5298209465286953,2,32,3,31,0.0625,0.0967741935483871,2,2,unigrama_conservado_en_csv_completo,,genéricas
Civil,genericas tales,-0.044394119358453395,1,32,1,31,0.03125,0.03225806451612903,1,1,soporte_insuficiente_en_clase,,genéricas tales
Civil,genero,-2.3663222142458156,0,32,2,31,0.0,0.06451612903225806,0,0,unigrama_conservado_en_csv_completo,,género
Civil,geologicas,-0.044394119358453395,1,32,1,31,0.03125,0.03225806451612903,1,1,unigrama_conservado_en_csv_completo,,geológicas
Civil,gerencial,2.277533975528909,2,32,0,31,0.0625,0.0,2,2,unigrama_conservado_en_csv_completo,,gerencial
Civil,gestion,-0.044394119358453395,13,32,13,31,0.40625,0.41935483870967744,12,13,unigrama_conservado_en_csv_completo,,gestión
Civil,gestion de datos,-0.044394119358453395,1,32,1,31,0.03125,0.03225806451612903,1,1,soporte_insuficiente_en_clase,,gestión de datos
Civil,gestion de proyectos,-0.3339007365534385,4,32,5,31,0.125,0.16129032258064516,3,4,prevalencia_suavizada_no_superior_al_resto,,gestión de proyectos
Civil,gestion de proyectos tecnologicos,-2.8517490414160576,0,32,3,31,0.0,0.0967741935483871,0,0,soporte_insuficiente_en_clase,,gestión de proyectos tecnológicos
Civil,gestion organizacional,-0.044394119358453395,1,32,1,31,0.03125,0.03225806451612903,1,1,soporte_insuficiente_en_clase,,gestión organizacional
Civil,gestiona,-1.6293566200796095,1,32,4,31,0.03125,0.12903225806451613,1,1,unigrama_conservado_en_csv_completo,,gestiona
Civil,gestiona recursos,-0.044394119358453395,1,32,1,31,0.03125,0.03225806451612903,1,1,soporte_insuficiente_en_clase,,gestiona recursos
Civil,gestionar,0.3181759600262548,13,32,10,31,0.40625,0.3225806451612903,13,13,unigrama_conservado_en_csv_completo,,gestionar
Civil,gestionar proyectos,-1.1439297929093677,3,32,7,31,0.09375,0.22580645161290322,3,3,prevalencia_suavizada_no_superior_al_resto,,gestionar proyectos
Civil,gestionar proyectos de tecnologias,-2.3663222142458156,0,32,2,31,0.0,0.06451612903225806,0,0,soporte_insuficiente_en_clase,,gestionar proyectos de tecnologías
Civil,gestionar soluciones,-0.7813597135246597,1,32,2,31,0.03125,0.06451612903225806,1,1,soporte_insuficiente_en_clase,,gestionar soluciones
Civil,gestionar soluciones tecnologicas,-0.044394119358453395,1,32,1,31,0.03125,0.03225806451612903,1,1,soporte_insuficiente_en_clase,,gestionar soluciones tecnológicas
Civil,gestionar tecnologias,-0.044394119358453395,1,32,1,31,0.03125,0.03225806451612903,1,1,soporte_insuficiente_en_clase,,gestionar tecnologías
Civil,global,0.24511249783653138,5,32,4,31,0.15625,0.12903225806451613,5,5,unigrama_conservado_en_csv_completo,,global
Civil,globalizado,-0.044394119358453395,1,32,1,31,0.03125,0.03225806451612903,1,1,unigrama_conservado_en_csv_completo,,globalizado
Civil,globalizados,-2.3663222142458156,0,32,2,31,0.0,0.06451612903225806,0,0,unigrama_conservado_en_csv_completo,,globalizados
Civil,gobierno,-2.3663222142458156,0,32,2,31,0.0,0.06451612903225806,0,0,unigrama_conservado_en_csv_completo,,gobierno
Civil,gonzalo,-0.044394119358453395,1,32,1,31,0.03125,0.03225806451612903,1,1,unigrama_conservado_en_csv_completo,,gonzalo
Civil,grado,2.277533975528909,2,32,0,31,0.0625,0.0,2,2,unigrama_conservado_en_csv_completo,,grado
Civil,grandes,1.1779983019779945,3,32,1,31,0.09375,0.03225806451612903,3,3,unigrama_conservado_en_csv_completo,,grandes
Civil,grupos,0.6925714748077527,2,32,1,31,0.0625,0.03225806451612903,2,2,unigrama_conservado_en_csv_completo,,grupos
Civil,habilidades,1.0197362180612621,11,32,5,31,0.34375,0.16129032258064516,10,11,unigrama_conservado_en_csv_completo,,habilidades
Civil,hacer,-2.8517490414160576,0,32,3,31,0.0,0.0967741935483871,0,0,unigrama_conservado_en_csv_completo,,hacer
Civil,haciendo,-2.3663222142458156,0,32,2,31,0.0,0.06451612903225806,0,0,unigrama_conservado_en_csv_completo,,haciendo
Civil,haciendo uso,-2.3663222142458156,0,32,2,31,0.0,0.06451612903225806,0,0,soporte_insuficiente_en_clase,,haciendo uso
Civil,hardware,-0.9374789154419416,3,32,6,31,0.09375,0.1935483870967742,3,3,unigrama_conservado_en_csv_completo,,hardware
Civil,hardware en diversos niveles,-0.044394119358453395,1,32,1,31,0.03125,0.03225806451612903,1,1,soporte_insuficiente_en_clase,,hardware en diversos niveles
Civil,herramientas,-0.5298209465286953,7,32,10,31,0.21875,0.3225806451612903,7,7,unigrama_conservado_en_csv_completo,,herramientas
Civil,herramientas tecnologicas,-3.2143191208007655,0,32,4,31,0.0,0.12903225806451613,0,0,soporte_insuficiente_en_clase,,herramientas tecnológicas
Civil,humanista,2.277533975528909,2,32,0,31,0.0625,0.0,2,2,unigrama_conservado_en_csv_completo,,humanista
Civil,ideas,-2.8517490414160576,0,32,3,31,0.0,0.0967741935483871,0,0,unigrama_conservado_en_csv_completo,,ideas
Civil,identificar,0.6076825772212396,5,32,3,31,0.15625,0.0967741935483871,4,5,unigrama_conservado_en_csv_completo,,identificar
Civil,idioma,1.0931094043914815,5,32,2,31,0.15625,0.06451612903225806,5,5,unigrama_conservado_en_csv_completo,,idioma
Civil,impacto,0.6076825772212396,5,32,3,31,0.15625,0.0967741935483871,5,5,unigrama_conservado_en_csv_completo,,impacto
Civil,imparte,2.277533975528909,2,32,0,31,0.0625,0.0,1,2,unigrama_conservado_en_csv_completo,,imparte
Civil,implantar,-0.7813597135246597,1,32,2,31,0.03125,0.06451612903225806,1,1,unigrama_conservado_en_csv_completo,,implantar
Civil,implantar soluciones,-0.044394119358453395,1,32,1,31,0.03125,0.03225806451612903,1,1,soporte_insuficiente_en_clase,,implantar soluciones
Civil,implantar soluciones eficientes,-0.044394119358453395,1,32,1,31,0.03125,0.03225806451612903,1,1,soporte_insuficiente_en_clase,,implantar soluciones eficientes
Civil,implementa,-1.6293566200796095,1,32,4,31,0.03125,0.12903225806451613,1,1,unigrama_conservado_en_csv_completo,,implementa
Civil,implementacion,-0.04439411935845356,6,32,6,31,0.1875,0.1935483870967742,6,6,unigrama_conservado_en_csv_completo,,implementación
Civil,implementacion de sistemas,-2.3663222142458156,0,32,2,31,0.0,0.06451612903225806,0,0,soporte_insuficiente_en_clase,,implementación de sistemas
Civil,implementacion de soluciones,-0.5298209465286953,2,32,3,31,0.0625,0.0967741935483871,2,2,prevalencia_suavizada_no_superior_al_resto,,implementación de soluciones
Civil,implementando,-0.7813597135246597,1,32,2,31,0.03125,0.06451612903225806,1,1,unigrama_conservado_en_csv_completo,,implementando
Civil,implementando estrategias,-0.044394119358453395,1,32,1,31,0.03125,0.03225806451612903,1,1,soporte_insuficiente_en_clase,,implementando estrategias
Civil,implementar,-0.4403227956895925,9,32,12,31,0.28125,0.3870967741935484,9,9,unigrama_conservado_en_csv_completo,,implementar
Civil,implementar sistemas,-1.2667865406949013,1,32,3,31,0.03125,0.0967741935483871,1,1,soporte_insuficiente_en_clase,,implementar sistemas
Civil,implementar sistemas de redes,-0.044394119358453395,1,32,1,31,0.03125,0.03225806451612903,1,1,soporte_insuficiente_en_clase,,implementar sistemas de redes
Civil,implementar soluciones,-1.9188632372745944,1,32,5,31,0.03125,0.16129032258064516,1,1,soporte_insuficiente_en_clase,,implementar soluciones
Civil,implementar soluciones tic,-0.044394119358453395,1,32,1,31,0.03125,0.03225806451612903,1,1,soporte_insuficiente_en_clase,,implementar soluciones tic
Civil,implementar soluciones tic requeridas,-0.044394119358453395,1,32,1,31,0.03125,0.03225806451612903,1,1,soporte_insuficiente_en_clase,,implementar soluciones tic requeridas
Civil,implica,-0.7813597135246597,1,32,2,31,0.03125,0.06451612903225806,1,1,unigrama_conservado_en_csv_completo,,implica
Civil,implica la adquisicion,-0.044394119358453395,1,32,1,31,0.03125,0.03225806451612903,1,1,soporte_insuficiente_en_clase,,implica la adquisición
Civil,inclusion,-0.044394119358453395,2,32,2,31,0.0625,0.06451612903225806,2,2,unigrama_conservado_en_csv_completo,,inclusión
Civil,inclusiva,-0.044394119358453395,1,32,1,31,0.03125,0.03225806451612903,1,1,unigrama_conservado_en_csv_completo,,inclusiva
Civil,incluyendo,2.277533975528909,2,32,0,31,0.0625,0.0,2,2,unigrama_conservado_en_csv_completo,,incluyendo
Civil,incorpora,-0.044394119358453395,1,32,1,31,0.03125,0.03225806451612903,1,1,unigrama_conservado_en_csv_completo,,incorpora
Civil,incorporacion,-0.044394119358453395,1,32,1,31,0.03125,0.03225806451612903,1,1,unigrama_conservado_en_csv_completo,,incorporación
Civil,incorporando,-0.5298209465286953,2,32,3,31,0.0625,0.0967741935483871,2,2,unigrama_conservado_en_csv_completo,,incorporando
Civil,incorporando tecnologias,-2.3663222142458156,0,32,2,31,0.0,0.06451612903225806,0,0,soporte_insuficiente_en_clase,,incorporando tecnologías
Civil,independiente,1.1779983019779945,3,32,1,31,0.09375,0.03225806451612903,3,3,unigrama_conservado_en_csv_completo,,independiente
Civil,individual,-0.044394119358453395,1,32,1,31,0.03125,0.03225806451612903,1,1,unigrama_conservado_en_csv_completo,,individual
Civil,indole,-2.8517490414160576,0,32,3,31,0.0,0.0967741935483871,0,0,unigrama_conservado_en_csv_completo,,índole
Civil,industria,-1.8099288657214305,2,32,8,31,0.0625,0.25806451612903225,2,2,unigrama_conservado_en_csv_completo,,industria
Civil,industrial,0.6925714748077527,2,32,1,31,0.0625,0.03225806451612903,2,2,unigrama_conservado_en_csv_completo,,industrial
Civil,industriales,-2.3663222142458156,0,32,2,31,0.0,0.06451612903225806,0,0,unigrama_conservado_en_csv_completo,,industriales
Civil,industrias,-2.8517490414160576,0,32,3,31,0.0,0.0967741935483871,0,0,unigrama_conservado_en_csv_completo,,industrias
Civil,informacion,-0.22496636500027437,22,32,25,31,0.6875,0.8064516129032258,21,22,unigrama_conservado_en_csv_completo,,información
Civil,informacion relevante,-0.044394119358453395,1,32,1,31,0.03125,0.03225806451612903,1,1,soporte_insuficiente_en_clase,,información relevante
Civil,infraestructura,0.4410327078117884,3,32,2,31,0.09375,0.06451612903225806,3,3,unigrama_conservado_en_csv_completo,,infraestructura
Civil,ingenieril,-0.044394119358453395,1,32,1,31,0.03125,0.03225806451612903,1,1,unigrama_conservado_en_csv_completo,,ingenieril
Civil,ingles,1.2357137998342818,8,32,3,31,0.25,0.0967741935483871,8,8,unigrama_conservado_en_csv_completo,,inglés
Civil,iniciativas,-0.044394119358453395,2,32,2,31,0.0625,0.06451612903225806,2,2,unigrama_conservado_en_csv_completo,,iniciativas
Civil,innovacion,0.6076825772212396,16,32,10,31,0.5,0.3225806451612903,15,16,unigrama_conservado_en_csv_completo,,innovación
Civil,innovador,-0.7813597135246597,1,32,2,31,0.03125,0.06451612903225806,1,1,unigrama_conservado_en_csv_completo,,innovador
Civil,innovadora,0.6925714748077527,2,32,1,31,0.0625,0.03225806451612903,2,2,unigrama_conservado_en_csv_completo,,innovadora
Civil,innovadoras,-0.4314172424677008,6,32,8,31,0.1875,0.25806451612903225,6,6,unigrama_conservado_en_csv_completo,,innovadoras
Civil,innovar,-1.2667865406949013,1,32,3,31,0.03125,0.0967741935483871,1,1,unigrama_conservado_en_csv_completo,,innovar
Civil,insercion,-0.044394119358453395,1,32,1,31,0.03125,0.03225806451612903,1,1,unigrama_conservado_en_csv_completo,,inserción
Civil,instancias,-2.3663222142458156,0,32,2,31,0.0,0.06451612903225806,0,0,unigrama_conservado_en_csv_completo,,instancias
Civil,instituciones,-0.4069641987431617,3,32,4,31,0.09375,0.12903225806451613,3,3,unigrama_conservado_en_csv_completo,,instituciones
Civil,instituciones de educacion,-2.3663222142458156,0,32,2,31,0.0,0.06451612903225806,0,0,soporte_insuficiente_en_clase,,instituciones de educación
Civil,integra,-1.6293566200796095,1,32,4,31,0.03125,0.12903225806451613,1,1,unigrama_conservado_en_csv_completo,,integra
Civil,integracion,-0.6964708159381465,3,32,5,31,0.09375,0.16129032258064516,3,3,unigrama_conservado_en_csv_completo,,integración
Civil,integrador,-0.044394119358453395,1,32,1,31,0.03125,0.03225806451612903,1,1,unigrama_conservado_en_csv_completo,,integrador
Civil,integrador de tecnologias,-0.044394119358453395,1,32,1,31,0.03125,0.03225806451612903,1,1,soporte_insuficiente_en_clase,,integrador de tecnologías
Civil,integral,0.7441017754478348,9,32,5,31,0.28125,0.16129032258064516,9,9,unigrama_conservado_en_csv_completo,,integral
Civil,integrales,-0.5298209465286953,2,32,3,31,0.0625,0.0967741935483871,2,2,unigrama_conservado_en_csv_completo,,integrales
Civil,integran,0.6925714748077527,2,32,1,31,0.0625,0.03225806451612903,2,2,unigrama_conservado_en_csv_completo,,integran
Civil,integran informacion,-0.044394119358453395,1,32,1,31,0.03125,0.03225806451612903,1,1,soporte_insuficiente_en_clase,,integran información
Civil,integrando,-0.7813597135246597,1,32,2,31,0.03125,0.06451612903225806,1,1,unigrama_conservado_en_csv_completo,,integrando
Civil,integrar,0.24511249783653138,5,32,4,31,0.15625,0.12903225806451613,5,5,unigrama_conservado_en_csv_completo,,integrar
Civil,integridad,-2.3663222142458156,0,32,2,31,0.0,0.06451612903225806,0,0,unigrama_conservado_en_csv_completo,,integridad
Civil,integro,-0.044394119358453395,1,32,1,31,0.03125,0.03225806451612903,1,1,unigrama_conservado_en_csv_completo,,íntegro
Civil,inteligencia,-0.044394119358453395,8,32,8,31,0.25,0.25806451612903225,7,8,unigrama_conservado_en_csv_completo,,inteligencia
Civil,inteligencia de negocios,-3.2143191208007655,0,32,4,31,0.0,0.12903225806451613,0,0,soporte_insuficiente_en_clase,,inteligencia de negocios
Civil,inteligentes,-0.7813597135246597,1,32,2,31,0.03125,0.06451612903225806,1,1,unigrama_conservado_en_csv_completo,,inteligentes
Civil,interdisciplinario,2.277533975528909,2,32,0,31,0.0625,0.0,2,2,unigrama_conservado_en_csv_completo,,interdisciplinario
Civil,interdisciplinarios,-1.1818976431083883,2,32,5,31,0.0625,0.16129032258064516,2,2,unigrama_conservado_en_csv_completo,,interdisciplinarios
Civil,intereses,0.6925714748077527,2,32,1,31,0.0625,0.03225806451612903,2,2,unigrama_conservado_en_csv_completo,,intereses
Civil,internacional,-0.044394119358453395,2,32,2,31,0.0625,0.06451612903225806,2,2,unigrama_conservado_en_csv_completo,,internacional
Civil,internacionales,-0.7813597135246597,1,32,2,31,0.03125,0.06451612903225806,1,1,unigrama_conservado_en_csv_completo,,internacionales
Civil,investigacion,1.0931094043914815,5,32,2,31,0.15625,0.06451612903225806,5,5,unigrama_conservado_en_csv_completo,,investigación
Civil,involucren,-2.3663222142458156,0,32,2,31,0.0,0.06451612903225806,0,0,unigrama_conservado_en_csv_completo,,involucren
Civil,jefe,-0.8923910259134035,2,32,4,31,0.0625,0.12903225806451613,2,2,unigrama_conservado_en_csv_completo,,jefe
Civil,labor,-2.3663222142458156,0,32,2,31,0.0,0.06451612903225806,0,0,unigrama_conservado_en_csv_completo,,labor
Civil,laborales,-3.2143191208007655,0,32,4,31,0.0,0.12903225806451613,0,0,unigrama_conservado_en_csv_completo,,laborales
Civil,lagos,-0.044394119358453395,1,32,1,31,0.03125,0.03225806451612903,1,1,unigrama_conservado_en_csv_completo,,lagos
Civil,learning,-0.044394119358453395,1,32,1,31,0.03125,0.03225806451612903,1,1,unigrama_conservado_en_csv_completo,,learning
Civil,legal,-0.7813597135246597,1,32,2,31,0.03125,0.06451612903225806,1,1,unigrama_conservado_en_csv_completo,,legal
Civil,legal vigente,-0.7813597135246597,1,32,2,31,0.03125,0.06451612903225806,1,1,soporte_insuficiente_en_clase,,legal vigente
Civil,legales,-0.044394119358453395,1,32,1,31,0.03125,0.03225806451612903,1,1,unigrama_conservado_en_csv_completo,,legales
Civil,legislacion,-0.7813597135246597,1,32,2,31,0.03125,0.06451612903225806,1,1,unigrama_conservado_en_csv_completo,,legislación
Civil,legislacion vigente,-0.044394119358453395,1,32,1,31,0.03125,0.03225806451612903,1,1,soporte_insuficiente_en_clase,,legislación vigente
Civil,lengua,-2.3663222142458156,0,32,2,31,0.0,0.06451612903225806,0,0,unigrama_conservado_en_csv_completo,,lengua
Civil,lengua materna,-2.3663222142458156,0,32,2,31,0.0,0.06451612903225806,0,0,soporte_insuficiente_en_clase,,lengua materna
Civil,lenguajes,-2.1598713367783895,1,32,6,31,0.03125,0.1935483870967742,1,1,unigrama_conservado_en_csv_completo,,lenguajes
Civil,lenguajes de programacion,-3.5038257379957507,0,32,5,31,0.0,0.16129032258064516,0,0,soporte_insuficiente_en_clase,,lenguajes de programación
Civil,licenciado,2.277533975528909,2,32,0,31,0.0625,0.0,2,2,unigrama_conservado_en_csv_completo,,licenciado
Civil,lider,2.277533975528909,2,32,0,31,0.0625,0.0,2,2,unigrama_conservado_en_csv_completo,,líder
Civil,lidera,0.6925714748077527,2,32,1,31,0.0625,0.03225806451612903,2,2,unigrama_conservado_en_csv_completo,,lidera
Civil,lidera proyectos,-0.044394119358453395,1,32,1,31,0.03125,0.03225806451612903,1,1,soporte_insuficiente_en_clase,,lidera proyectos
Civil,liderando,-0.7813597135246597,1,32,2,31,0.03125,0.06451612903225806,1,1,unigrama_conservado_en_csv_completo,,liderando
Civil,liderar,0.16205675810897274,7,32,6,31,0.21875,0.1935483870967742,7,7,unigrama_conservado_en_csv_completo,,liderar
Civil,liderar equipos,-0.3339007365534385,4,32,5,31,0.125,0.16129032258064516,4,4,prevalencia_suavizada_no_superior_al_resto,,liderar equipos
Civil,liderar equipos de trabajo,-1.6293566200796095,1,32,4,31,0.03125,0.12903225806451613,1,1,soporte_insuficiente_en_clase,,liderar equipos de trabajo
Civil,liderar equipos multidisciplinarios,-0.044394119358453395,2,32,2,31,0.0625,0.06451612903225806,2,2,prevalencia_suavizada_no_superior_al_resto,,liderar equipos multidisciplinarios
Civil,liderar proyectos,-0.044394119358453395,1,32,1,31,0.03125,0.03225806451612903,1,1,soporte_insuficiente_en_clase,,liderar proyectos
Civil,liderazgo,0.4030648576127679,7,32,5,31,0.21875,0.16129032258064516,7,7,unigrama_conservado_en_csv_completo,,liderazgo
Civil,linea,-0.044394119358453395,1,32,1,31,0.03125,0.03225806451612903,1,1,unigrama_conservado_en_csv_completo,,línea
Civil,lineas,-2.3663222142458156,0,32,2,31,0.0,0.06451612903225806,0,0,unigrama_conservado_en_csv_completo,,líneas
Civil,logico,-0.044394119358453395,1,32,1,31,0.03125,0.03225806451612903,1,1,unigrama_conservado_en_csv_completo,,lógico
Civil,lograrlo,-0.044394119358453395,1,32,1,31,0.03125,0.03225806451612903,1,1,unigrama_conservado_en_csv_completo,,lograrlo
Civil,logro,-1.2667865406949013,1,32,3,31,0.03125,0.0967741935483871,1,1,unigrama_conservado_en_csv_completo,,logro
Civil,machine,-0.044394119358453395,1,32,1,31,0.03125,0.03225806451612903,1,1,unigrama_conservado_en_csv_completo,,machine
Civil,machine learning,-0.044394119358453395,1,32,1,31,0.03125,0.03225806451612903,1,1,soporte_insuficiente_en_clase,,machine learning
Civil,magallanes,-0.044394119358453395,1,32,1,31,0.03125,0.03225806451612903,1,1,unigrama_conservado_en_csv_completo,,magallanes
Civil,malla,-0.7813597135246597,1,32,2,31,0.03125,0.06451612903225806,1,1,unigrama_conservado_en_csv_completo,,malla
Civil,manager,-2.3663222142458156,0,32,2,31,0.0,0.06451612903225806,0,0,unigrama_conservado_en_csv_completo,,manager
Civil,manejo,0.4410327078117884,3,32,2,31,0.09375,0.06451612903225806,3,3,unigrama_conservado_en_csv_completo,,manejo
Civil,manejo de tecnologias,-0.044394119358453395,1,32,1,31,0.03125,0.03225806451612903,1,1,soporte_insuficiente_en_clase,,manejo de tecnologías
Civil,manera,0.2966427984766137,9,32,7,31,0.28125,0.22580645161290322,9,9,unigrama_conservado_en_csv_completo,,manera
Civil,manera autonoma,-2.3663222142458156,0,32,2,31,0.0,0.06451612903225806,0,0,soporte_insuficiente_en_clase,,manera autónoma
Civil,manera critica,-0.044394119358453395,1,32,1,31,0.03125,0.03225806451612903,1,1,soporte_insuficiente_en_clase,,manera crítica
Civil,manera integral,-0.044394119358453395,1,32,1,31,0.03125,0.03225806451612903,1,1,soporte_insuficiente_en_clase,,manera integral
Civil,mantencion,-2.1598713367783895,1,32,6,31,0.03125,0.1935483870967742,1,1,unigrama_conservado_en_csv_completo,,mantención
Civil,mantener,-0.044394119358453395,2,32,2,31,0.0625,0.06451612903225806,2,2,unigrama_conservado_en_csv_completo,,mantener
Civil,mantener sistemas,-2.3663222142458156,0,32,2,31,0.0,0.06451612903225806,0,0,soporte_insuficiente_en_clase,,mantener sistemas
Civil,mantenimiento,-2.8517490414160576,0,32,3,31,0.0,0.0967741935483871,0,0,unigrama_conservado_en_csv_completo,,mantenimiento
Civil,marcado,-1.2667865406949013,1,32,3,31,0.03125,0.0967741935483871,1,1,unigrama_conservado_en_csv_completo,,marcado
Civil,marcado sello,-2.3663222142458156,0,32,2,31,0.0,0.06451612903225806,0,0,soporte_insuficiente_en_clase,,marcado sello
Civil,marcado sello valorico,-2.3663222142458156,0,32,2,31,0.0,0.06451612903225806,0,0,soporte_insuficiente_en_clase,,marcado sello valórico
Civil,marco,0.4410327078117884,3,32,2,31,0.09375,0.06451612903225806,3,3,unigrama_conservado_en_csv_completo,,marco
Civil,marcos,-2.3663222142458156,0,32,2,31,0.0,0.06451612903225806,0,0,unigrama_conservado_en_csv_completo,,marcos
Civil,maria,-0.044394119358453395,1,32,1,31,0.03125,0.03225806451612903,1,1,unigrama_conservado_en_csv_completo,,maría
Civil,master,-2.3663222142458156,0,32,2,31,0.0,0.06451612903225806,0,0,unigrama_conservado_en_csv_completo,,master
Civil,matematicas,-0.044394119358453395,1,32,1,31,0.03125,0.03225806451612903,1,1,unigrama_conservado_en_csv_completo,,matemáticas
Civil,materna,-2.3663222142458156,0,32,2,31,0.0,0.06451612903225806,0,0,unigrama_conservado_en_csv_completo,,materna
Civil,mayor,-0.7813597135246597,1,32,2,31,0.03125,0.06451612903225806,1,1,unigrama_conservado_en_csv_completo,,mayor
Civil,mediante,-0.28540221886224837,5,32,6,31,0.15625,0.1935483870967742,4,5,unigrama_conservado_en_csv_completo,,mediante
Civil,mediante soluciones,-0.044394119358453395,1,32,1,31,0.03125,0.03225806451612903,1,1,soporte_insuficiente_en_clase,,mediante soluciones
Civil,medio,0.4861205973403262,6,32,4,31,0.1875,0.12903225806451613,6,6,unigrama_conservado_en_csv_completo,,medio
Civil,medioambiental,0.6925714748077527,2,32,1,31,0.0625,0.03225806451612903,2,2,unigrama_conservado_en_csv_completo,,medioambiental
Civil,mejora,-0.4918530963296749,5,32,7,31,0.15625,0.22580645161290322,5,5,unigrama_conservado_en_csv_completo,,mejora
Civil,mejora continua,-1.6293566200796095,1,32,4,31,0.03125,0.12903225806451613,1,1,soporte_insuficiente_en_clase,,mejora continua
Civil,mejora de procesos,-3.2143191208007655,0,32,4,31,0.0,0.12903225806451613,0,0,soporte_insuficiente_en_clase,,mejora de procesos
Civil,mejorar,-0.7813597135246597,1,32,2,31,0.03125,0.06451612903225806,1,1,unigrama_conservado_en_csv_completo,,mejorar
Civil,mejoras,2.277533975528909,2,32,0,31,0.0625,0.0,2,2,unigrama_conservado_en_csv_completo,,mejoras
Civil,mejores,-0.7813597135246597,1,32,2,31,0.03125,0.06451612903225806,1,1,unigrama_conservado_en_csv_completo,,mejores
Civil,mencion,-0.7813597135246597,1,32,2,31,0.03125,0.06451612903225806,1,1,unigrama_conservado_en_csv_completo,,mención
Civil,mercado,-3.2143191208007655,0,32,4,31,0.0,0.12903225806451613,0,0,unigrama_conservado_en_csv_completo,,mercado
Civil,mercado laboral,-2.8517490414160576,0,32,3,31,0.0,0.0967741935483871,0,0,soporte_insuficiente_en_clase,,mercado laboral
Civil,metodologias,-2.8517490414160576,1,32,10,31,0.03125,0.3225806451612903,1,1,unigrama_conservado_en_csv_completo,,metodologías
Civil,metodologias agiles,-2.3663222142458156,0,32,2,31,0.0,0.06451612903225806,0,0,soporte_insuficiente_en_clase,,metodologías ágiles
Civil,metodos,-0.7813597135246597,1,32,2,31,0.03125,0.06451612903225806,1,1,unigrama_conservado_en_csv_completo,,métodos
Civil,metropolitana,0.6925714748077527,2,32,1,31,0.0625,0.03225806451612903,2,2,unigrama_conservado_en_csv_completo,,metropolitana
Civil,mineria,-0.044394119358453395,1,32,1,31,0.03125,0.03225806451612903,1,1,unigrama_conservado_en_csv_completo,,minería
Civil,mineria de datos,-0.044394119358453395,1,32,1,31,0.03125,0.03225806451612903,1,1,soporte_insuficiente_en_clase,,minería de datos
Civil,mirada,0.6925714748077527,2,32,1,31,0.0625,0.03225806451612903,2,2,unigrama_conservado_en_csv_completo,,mirada
Civil,mismo,2.762960802699151,3,32,0,31,0.09375,0.0,3,3,unigrama_conservado_en_csv_completo,,mismo
Civil,mistral,-2.3663222142458156,0,32,2,31,0.0,0.06451612903225806,0,0,unigrama_conservado_en_csv_completo,,mistral
Civil,modalidad,-0.044394119358453395,1,32,1,31,0.03125,0.03225806451612903,1,1,unigrama_conservado_en_csv_completo,,modalidad
Civil,modelar,0.4410327078117884,3,32,2,31,0.09375,0.06451612903225806,3,3,unigrama_conservado_en_csv_completo,,modelar
Civil,modelo,2.277533975528909,2,32,0,31,0.0625,0.0,2,2,unigrama_conservado_en_csv_completo,,modelo
Civil,modelos,-0.5298209465286953,2,32,3,31,0.0625,0.0967741935483871,2,2,unigrama_conservado_en_csv_completo,,modelos
Civil,modelos de servicios,-0.044394119358453395,1,32,1,31,0.03125,0.03225806451612903,1,1,soporte_insuficiente_en_clase,,modelos de servicios
Civil,modelos operativos,-0.044394119358453395,1,32,1,31,0.03125,0.03225806451612903,1,1,soporte_insuficiente_en_clase,,modelos operativos
Civil,monitoreo,-2.3663222142458156,0,32,2,31,0.0,0.06451612903225806,0,0,unigrama_conservado_en_csv_completo,,monitoreo
Civil,multi,-0.044394119358453395,1,32,1,31,0.03125,0.03225806451612903,1,1,unigrama_conservado_en_csv_completo,,multi
Civil,multiculturales,-2.3663222142458156,0,32,2,31,0.0,0.06451612903225806,0,0,unigrama_conservado_en_csv_completo,,multiculturales
Civil,multidisciplinarios,-0.17563865263670603,10,32,11,31,0.3125,0.3548387096774194,10,10,unigrama_conservado_en_csv_completo,,multidisciplinarios
Civil,multiples,-0.044394119358453395,1,32,1,31,0.03125,0.03225806451612903,1,1,unigrama_conservado_en_csv_completo,,múltiples
Civil,mundo,-0.04439411935845356,4,32,4,31,0.125,0.12903225806451613,4,4,unigrama_conservado_en_csv_completo,,mundo
Civil,mundo del trabajo,-2.3663222142458156,0,32,2,31,0.0,0.06451612903225806,0,0,soporte_insuficiente_en_clase,,mundo del trabajo
Civil,nacional,-1.1818976431083883,2,32,5,31,0.0625,0.16129032258064516,2,2,unigrama_conservado_en_csv_completo,,nacional
Civil,nacionales,2.277533975528909,2,32,0,31,0.0625,0.0,2,2,unigrama_conservado_en_csv_completo,,nacionales
Civil,necesarias,2.277533975528909,2,32,0,31,0.0625,0.0,2,2,unigrama_conservado_en_csv_completo,,necesarias
Civil,necesidades,-0.1887840286936281,9,32,10,31,0.28125,0.3225806451612903,9,9,unigrama_conservado_en_csv_completo,,necesidades
Civil,necesidades de la organizacion,-2.3663222142458156,0,32,2,31,0.0,0.06451612903225806,0,0,soporte_insuficiente_en_clase,,necesidades de la organización
Civil,necesidades de las organizaciones,-2.3663222142458156,0,32,2,31,0.0,0.06451612903225806,0,0,soporte_insuficiente_en_clase,,necesidades de las organizaciones
Civil,negocio,0.4410327078117884,3,32,2,31,0.09375,0.06451612903225806,3,3,unigrama_conservado_en_csv_completo,,negocio
Civil,negocios,-0.04439411935845356,5,32,5,31,0.15625,0.16129032258064516,5,5,unigrama_conservado_en_csv_completo,,negocios
Civil,nivel,0.6925714748077527,7,32,4,31,0.21875,0.12903225806451613,7,7,unigrama_conservado_en_csv_completo,,nivel
Civil,nivel nacional,-0.044394119358453395,1,32,1,31,0.03125,0.03225806451612903,1,1,soporte_insuficiente_en_clase,,nivel nacional
Civil,niveles,-0.5298209465286953,2,32,3,31,0.0625,0.0967741935483871,2,2,unigrama_conservado_en_csv_completo,,niveles
Civil,niveles organizacionales,-0.7813597135246597,1,32,2,31,0.03125,0.06451612903225806,1,1,soporte_insuficiente_en_clase,,niveles organizacionales
Civil,normas,-0.044394119358453395,2,32,2,31,0.0625,0.06451612903225806,2,2,unigrama_conservado_en_csv_completo,,normas
Civil,normativa,-1.2667865406949013,1,32,3,31,0.03125,0.0967741935483871,1,1,unigrama_conservado_en_csv_completo,,normativa
Civil,normativa legal,-0.7813597135246597,1,32,2,31,0.03125,0.06451612903225806,1,1,soporte_insuficiente_en_clase,,normativa legal
Civil,normativa legal vigente,-0.7813597135246597,1,32,2,31,0.03125,0.06451612903225806,1,1,soporte_insuficiente_en_clase,,normativa legal vigente
Civil,norte,-0.044394119358453395,1,32,1,31,0.03125,0.03225806451612903,1,1,unigrama_conservado_en_csv_completo,,norte
Civil,nuestra,2.277533975528909,2,32,0,31,0.0625,0.0,2,2,unigrama_conservado_en_csv_completo,,nuestra
Civil,nuestros,2.277533975528909,2,32,0,31,0.0625,0.0,2,2,unigrama_conservado_en_csv_completo,,nuestros
Civil,nuevas,0.24511249783653138,5,32,4,31,0.15625,0.12903225806451613,5,5,unigrama_conservado_en_csv_completo,,nuevas
Civil,nuevo,2.277533975528909,2,32,0,31,0.0625,0.0,2,2,unigrama_conservado_en_csv_completo,,nuevo
Civil,nuevos,1.1779983019779945,3,32,1,31,0.09375,0.03225806451612903,3,3,unigrama_conservado_en_csv_completo,,nuevos
Civil,objetivo,-0.044394119358453395,1,32,1,31,0.03125,0.03225806451612903,1,1,unigrama_conservado_en_csv_completo,,objetivo
Civil,objetivos,-1.4229057426121832,2,32,6,31,0.0625,0.1935483870967742,2,2,unigrama_conservado_en_csv_completo,,objetivos
Civil,objetivos estrategicos,-0.044394119358453395,1,32,1,31,0.03125,0.03225806451612903,1,1,soporte_insuficiente_en_clase,,objetivos estratégicos
Civil,ocupacional,-0.044394119358453395,1,32,1,31,0.03125,0.03225806451612903,1,1,unigrama_conservado_en_csv_completo,,ocupacional
Civil,opera,2.762960802699151,3,32,0,31,0.09375,0.0,3,3,unigrama_conservado_en_csv_completo,,opera
Civil,operacion,-1.6293566200796095,1,32,4,31,0.03125,0.12903225806451613,1,1,unigrama_conservado_en_csv_completo,,operación
Civil,operar,-0.4069641987431617,3,32,4,31,0.09375,0.12903225806451613,3,3,unigrama_conservado_en_csv_completo,,operar
Civil,operar productos,-0.044394119358453395,1,32,1,31,0.03125,0.03225806451612903,1,1,soporte_insuficiente_en_clase,,operar productos
Civil,operativa,-2.8517490414160576,0,32,3,31,0.0,0.0967741935483871,0,0,unigrama_conservado_en_csv_completo,,operativa
Civil,operativos,-0.044394119358453395,2,32,2,31,0.0625,0.06451612903225806,2,2,unigrama_conservado_en_csv_completo,,operativos
Civil,oportunidades,-1.1818976431083883,2,32,5,31,0.0625,0.16129032258064516,2,2,unigrama_conservado_en_csv_completo,,oportunidades
Civil,oportunidades de negocio,-0.044394119358453395,1,32,1,31,0.03125,0.03225806451612903,1,1,soporte_insuficiente_en_clase,,oportunidades de negocio
Civil,optimizacion,-1.2667865406949013,1,32,3,31,0.03125,0.0967741935483871,1,1,unigrama_conservado_en_csv_completo,,optimización
Civil,optimizacion de sistemas,-2.3663222142458156,0,32,2,31,0.0,0.06451612903225806,0,0,soporte_insuficiente_en_clase,,optimización de sistemas
Civil,optimizar,-0.7813597135246597,1,32,2,31,0.03125,0.06451612903225806,1,1,unigrama_conservado_en_csv_completo,,optimizar
Civil,oral,-1.6293566200796095,1,32,4,31,0.03125,0.12903225806451613,1,1,unigrama_conservado_en_csv_completo,,oral
Civil,orden,-0.044394119358453395,1,32,1,31,0.03125,0.03225806451612903,1,1,unigrama_conservado_en_csv_completo,,orden
Civil,organismos,-2.3663222142458156,0,32,2,31,0.0,0.06451612903225806,0,0,unigrama_conservado_en_csv_completo,,organismos
Civil,organizacion,-0.5918819146609469,6,32,9,31,0.1875,0.2903225806451613,6,6,unigrama_conservado_en_csv_completo,,organización
Civil,organizacional,-0.044394119358453395,2,32,2,31,0.0625,0.06451612903225806,2,2,unigrama_conservado_en_csv_completo,,organizacional
Civil,organizacionales,-0.25084499682587985,6,32,7,31,0.1875,0.22580645161290322,6,6,unigrama_conservado_en_csv_completo,,organizacionales
Civil,organizaciones,-0.5298209465286953,12,32,17,31,0.375,0.5483870967741935,12,12,unigrama_conservado_en_csv_completo,,organizaciones
Civil,organizaciones publicas,-1.2667865406949013,1,32,3,31,0.03125,0.0967741935483871,1,1,soporte_insuficiente_en_clase,,organizaciones públicas
Civil,orienta,-2.3663222142458156,0,32,2,31,0.0,0.06451612903225806,0,0,unigrama_conservado_en_csv_completo,,orienta
Civil,orientada,-0.044394119358453395,2,32,2,31,0.0625,0.06451612903225806,2,2,unigrama_conservado_en_csv_completo,,orientada
Civil,orientado,0.6925714748077527,2,32,1,31,0.0625,0.03225806451612903,2,2,unigrama_conservado_en_csv_completo,,orientado
Civil,otorga,3.1255308820838588,4,32,0,31,0.125,0.0,4,4,unigrama_conservado_en_csv_completo,,otorga
Civil,otras,0.6925714748077527,2,32,1,31,0.0625,0.03225806451612903,2,2,unigrama_conservado_en_csv_completo,,otras
Civil,otros,-0.8923910259134035,2,32,4,31,0.0625,0.12903225806451613,2,2,unigrama_conservado_en_csv_completo,,otros
Civil,pais,1.3341175038952762,6,32,2,31,0.1875,0.06451612903225806,6,6,unigrama_conservado_en_csv_completo,,país
Civil,parte,1.1779983019779945,3,32,1,31,0.09375,0.03225806451612903,3,3,unigrama_conservado_en_csv_completo,,parte
Civil,participa,-0.044394119358453395,1,32,1,31,0.03125,0.03225806451612903,1,1,unigrama_conservado_en_csv_completo,,participa
Civil,participacion,-2.3663222142458156,0,32,2,31,0.0,0.06451612903225806,0,0,unigrama_conservado_en_csv_completo,,participación
Civil,participar,0.6925714748077527,2,32,1,31,0.0625,0.03225806451612903,2,2,unigrama_conservado_en_csv_completo,,participar
Civil,participar activamente,-0.044394119358453395,1,32,1,31,0.03125,0.03225806451612903,1,1,soporte_insuficiente_en_clase,,participar activamente
Civil,pensamiento,-0.3339007365534385,4,32,5,31,0.125,0.16129032258064516,4,4,unigrama_conservado_en_csv_completo,,pensamiento
Civil,pensamiento critico,-0.4069641987431617,3,32,4,31,0.09375,0.12903225806451613,3,3,prevalencia_suavizada_no_superior_al_resto,,pensamiento crítico
Civil,pensar,-0.044394119358453395,1,32,1,31,0.03125,0.03225806451612903,1,1,unigrama_conservado_en_csv_completo,,pensar
Civil,pensar de manera,-0.044394119358453395,1,32,1,31,0.03125,0.03225806451612903,1,1,soporte_insuficiente_en_clase,,pensar de manera
Civil,pensar de manera critica,-0.044394119358453395,1,32,1,31,0.03125,0.03225806451612903,1,1,soporte_insuficiente_en_clase,,pensar de manera crítica
Civil,perfil,-0.2959328863544178,10,32,12,31,0.3125,0.3870967741935484,10,10,unigrama_conservado_en_csv_completo,,perfil
Civil,perfil de egreso,-0.9772799234999165,5,32,10,31,0.15625,0.3225806451612903,5,5,prevalencia_suavizada_no_superior_al_resto,,perfil de egreso
Civil,perfil de egreso competencias,-2.3663222142458156,0,32,2,31,0.0,0.06451612903225806,0,0,soporte_insuficiente_en_clase,,perfil de egreso competencias
Civil,permanente,-0.9619319591664807,4,32,8,31,0.125,0.25806451612903225,4,4,unigrama_conservado_en_csv_completo,,permanente
Civil,permanente de la region,-0.044394119358453395,1,32,1,31,0.03125,0.03225806451612903,1,1,soporte_insuficiente_en_clase,,permanente de la región
Civil,permanentemente,-0.044394119358453395,1,32,1,31,0.03125,0.03225806451612903,1,1,unigrama_conservado_en_csv_completo,,permanentemente
Civil,permeabilidad,-0.044394119358453395,1,32,1,31,0.03125,0.03225806451612903,1,1,unigrama_conservado_en_csv_completo,,permeabilidad
Civil,permitan disenar,-2.3663222142458156,0,32,2,31,0.0,0.06451612903225806,0,0,soporte_insuficiente_en_clase,,permitan diseñar
Civil,permitan estar,-0.044394119358453395,1,32,1,31,0.03125,0.03225806451612903,1,1,soporte_insuficiente_en_clase,,permitan estar
Civil,permitan estar en constante,-0.044394119358453395,1,32,1,31,0.03125,0.03225806451612903,1,1,soporte_insuficiente_en_clase,,permitan estar en constante
Civil,permite,-0.044394119358453395,11,32,11,31,0.34375,0.3548387096774194,11,11,unigrama_conservado_en_csv_completo,,permite
Civil,permite abordar,-0.044394119358453395,1,32,1,31,0.03125,0.03225806451612903,1,1,soporte_insuficiente_en_clase,,permite abordar
Civil,permite analizar,-0.044394119358453395,1,32,1,31,0.03125,0.03225806451612903,1,1,soporte_insuficiente_en_clase,,permite analizar
Civil,permite generar,-0.044394119358453395,1,32,1,31,0.03125,0.03225806451612903,1,1,soporte_insuficiente_en_clase,,permite generar
Civil,permite generar soluciones,-0.044394119358453395,1,32,1,31,0.03125,0.03225806451612903,1,1,soporte_insuficiente_en_clase,,permite generar soluciones
Civil,permiten,0.6925714748077527,2,32,1,31,0.0625,0.03225806451612903,2,2,unigrama_conservado_en_csv_completo,,permiten
Civil,permitiendo,2.277533975528909,2,32,0,31,0.0625,0.0,2,2,unigrama_conservado_en_csv_completo,,permitiendo
Civil,permitira,1.1779983019779945,3,32,1,31,0.09375,0.03225806451612903,3,3,unigrama_conservado_en_csv_completo,,permitirá
Civil,persona humana,-0.044394119358453395,1,32,1,31,0.03125,0.03225806451612903,1,1,soporte_insuficiente_en_clase,,persona humana
Civil,persona titulada,-0.044394119358453395,1,32,1,31,0.03125,0.03225806451612903,1,1,soporte_insuficiente_en_clase,,persona titulada
Civil,personal,-0.044394119358453395,1,32,1,31,0.03125,0.03225806451612903,1,1,unigrama_conservado_en_csv_completo,,personal
Civil,personas,0.16205675810897274,7,32,6,31,0.21875,0.1935483870967742,7,7,unigrama_conservado_en_csv_completo,,personas
Civil,perspectiva,0.4410327078117884,3,32,2,31,0.09375,0.06451612903225806,3,3,unigrama_conservado_en_csv_completo,,perspectiva
Civil,pertinencia,2.277533975528909,2,32,0,31,0.0625,0.0,2,2,unigrama_conservado_en_csv_completo,,pertinencia
Civil,pertinentes,-0.044394119358453395,2,32,2,31,0.0625,0.06451612903225806,2,2,unigrama_conservado_en_csv_completo,,pertinentes
Civil,plan,0.8036027871964965,4,32,2,31,0.125,0.06451612903225806,4,4,unigrama_conservado_en_csv_completo,,plan
Civil,planes,2.277533975528909,2,32,0,31,0.0625,0.0,2,2,unigrama_conservado_en_csv_completo,,planes
Civil,planificacion,1.1779983019779945,3,32,1,31,0.09375,0.03225806451612903,2,3,unigrama_conservado_en_csv_completo,,planificación
Civil,planificar,-1.4229057426121832,2,32,6,31,0.0625,0.1935483870967742,2,2,unigrama_conservado_en_csv_completo,,planificar
Civil,planificar estrategias,-2.8517490414160576,0,32,3,31,0.0,0.0967741935483871,0,0,soporte_insuficiente_en_clase,,planificar estrategias
Civil,plantear,-0.044394119358453395,1,32,1,31,0.03125,0.03225806451612903,1,1,unigrama_conservado_en_csv_completo,,plantear
Civil,plataformas,-1.4229057426121832,2,32,6,31,0.0625,0.1935483870967742,2,2,unigrama_conservado_en_csv_completo,,plataformas
Civil,plataformas de computo,-0.044394119358453395,1,32,1,31,0.03125,0.03225806451612903,1,1,soporte_insuficiente_en_clase,,plataformas de cómputo
Civil,poseen,2.277533975528909,2,32,0,31,0.0625,0.0,2,2,unigrama_conservado_en_csv_completo,,poseen
Civil,postgrado,-0.044394119358453395,1,32,1,31,0.03125,0.03225806451612903,1,1,unigrama_conservado_en_csv_completo,,postgrado
Civil,practica,2.277533975528909,2,32,0,31,0.0625,0.0,2,2,unigrama_conservado_en_csv_completo,,práctica
Civil,practicas,-2.1598713367783895,1,32,6,31,0.03125,0.1935483870967742,1,1,unigrama_conservado_en_csv_completo,,prácticas
Civil,practicas de la industria,-2.8517490414160576,0,32,3,31,0.0,0.0967741935483871,0,0,soporte_insuficiente_en_clase,,prácticas de la industria
Civil,practico,2.277533975528909,2,32,0,31,0.0625,0.0,2,2,unigrama_conservado_en_csv_completo,,práctico
Civil,practicos,0.6925714748077527,2,32,1,31,0.0625,0.03225806451612903,2,2,unigrama_conservado_en_csv_completo,,prácticos
Civil,preocupandose,2.277533975528909,2,32,0,31,0.0625,0.0,2,2,unigrama_conservado_en_csv_completo,,preocupándose
Civil,preparacion,-0.044394119358453395,1,32,1,31,0.03125,0.03225806451612903,1,1,unigrama_conservado_en_csv_completo,,preparación
Civil,preparado,-2.8517490414160576,0,32,3,31,0.0,0.0967741935483871,0,0,unigrama_conservado_en_csv_completo,,preparado
Civil,preparados,-0.044394119358453395,1,32,1,31,0.03125,0.03225806451612903,1,1,unigrama_conservado_en_csv_completo,,preparados
Civil,presencial,-0.7813597135246597,1,32,2,31,0.03125,0.06451612903225806,1,1,unigrama_conservado_en_csv_completo,,presencial
Civil,presentan,0.6925714748077527,2,32,1,31,0.0625,0.03225806451612903,2,2,unigrama_conservado_en_csv_completo,,presentan
Civil,primer,2.277533975528909,2,32,0,31,0.0625,0.0,2,2,unigrama_conservado_en_csv_completo,,primer
Civil,principios,0.6925714748077527,7,32,4,31,0.21875,0.12903225806451613,7,7,unigrama_conservado_en_csv_completo,,principios
Civil,principios eticos,-1.2667865406949013,1,32,3,31,0.03125,0.0967741935483871,1,1,soporte_insuficiente_en_clase,,principios éticos
Civil,privacidad,2.277533975528909,2,32,0,31,0.0625,0.0,2,2,unigrama_conservado_en_csv_completo,,privacidad
Civil,privadas,-0.5749088360572334,4,32,6,31,0.125,0.1935483870967742,4,4,unigrama_conservado_en_csv_completo,,privadas
Civil,privado,-0.5298209465286953,2,32,3,31,0.0625,0.0967741935483871,2,2,unigrama_conservado_en_csv_completo,,privado
Civil,privados,-0.7813597135246597,1,32,2,31,0.03125,0.06451612903225806,1,1,unigrama_conservado_en_csv_completo,,privados
Civil,proactividad,0.6925714748077527,2,32,1,31,0.0625,0.03225806451612903,2,2,unigrama_conservado_en_csv_completo,,proactividad
Civil,proactivo,2.277533975528909,2,32,0,31,0.0625,0.0,2,2,unigrama_conservado_en_csv_completo,,proactivo
Civil,problemas,0.30707825114292414,18,32,14,31,0.5625,0.45161290322580644,17,18,unigrama_conservado_en_csv_completo,,problemas
Civil,problemas con enfasis,-0.044394119358453395,1,32,1,31,0.03125,0.03225806451612903,1,1,soporte_insuficiente_en_clase,,problemas con énfasis
Civil,problematicas,-2.1598713367783895,1,32,6,31,0.03125,0.1935483870967742,1,1,unigrama_conservado_en_csv_completo,,problemáticas
Civil,procesamiento,-0.5298209465286953,2,32,3,31,0.0625,0.0967741935483871,2,2,unigrama_conservado_en_csv_completo,,procesamiento
Civil,proceso,3.1255308820838588,4,32,0,31,0.125,0.0,4,4,unigrama_conservado_en_csv_completo,,proceso
Civil,procesos,-0.7813597135246597,10,32,17,31,0.3125,0.5483870967741935,10,10,unigrama_conservado_en_csv_completo,,procesos
Civil,procesos de transformacion,-2.3663222142458156,0,32,2,31,0.0,0.06451612903225806,0,0,soporte_insuficiente_en_clase,,procesos de transformación
Civil,procesos organizacionales,-0.044394119358453395,1,32,1,31,0.03125,0.03225806451612903,1,1,soporte_insuficiente_en_clase,,procesos organizacionales
Civil,produccion,1.1779983019779945,3,32,1,31,0.09375,0.03225806451612903,3,3,unigrama_conservado_en_csv_completo,,producción
Civil,productivo,-1.2667865406949013,1,32,3,31,0.03125,0.0967741935483871,1,1,unigrama_conservado_en_csv_completo,,productivo
Civil,productos,-0.04439411935845356,6,32,6,31,0.1875,0.1935483870967742,6,6,unigrama_conservado_en_csv_completo,,productos
Civil,profesion,0.8036027871964965,4,32,2,31,0.125,0.06451612903225806,4,4,unigrama_conservado_en_csv_completo,,profesión
Civil,profesional,0.12893748352710824,26,32,23,31,0.8125,0.7419354838709677,26,26,unigrama_conservado_en_csv_completo,,profesional
Civil,profesional competente,-0.044394119358453395,1,32,1,31,0.03125,0.03225806451612903,1,1,soporte_insuficiente_en_clase,,profesional competente
Civil,profesional comprometido,-0.044394119358453395,1,32,1,31,0.03125,0.03225806451612903,1,1,soporte_insuficiente_en_clase,,profesional comprometido
Civil,profesional innovador,-0.044394119358453395,1,32,1,31,0.03125,0.03225806451612903,1,1,soporte_insuficiente_en_clase,,profesional innovador
Civil,profesional integrador,-0.044394119358453395,1,32,1,31,0.03125,0.03225806451612903,1,1,soporte_insuficiente_en_clase,,profesional integrador
Civil,profesional integrador de tecnologias,-0.044394119358453395,1,32,1,31,0.03125,0.03225806451612903,1,1,soporte_insuficiente_en_clase,,profesional integrador de tecnologías
Civil,profesional podra,-0.7813597135246597,1,32,2,31,0.03125,0.06451612903225806,1,1,soporte_insuficiente_en_clase,,profesional podrá
Civil,profesionales,-0.2959328863544178,10,32,12,31,0.3125,0.3870967741935484,10,10,unigrama_conservado_en_csv_completo,,profesionales
Civil,profesionalmente,-0.7813597135246597,1,32,2,31,0.03125,0.06451612903225806,1,1,unigrama_conservado_en_csv_completo,,profesionalmente
Civil,profesionalmente en forma,-0.044394119358453395,1,32,1,31,0.03125,0.03225806451612903,1,1,soporte_insuficiente_en_clase,,profesionalmente en forma
Civil,profesionalmente en forma etica,-0.044394119358453395,1,32,1,31,0.03125,0.03225806451612903,1,1,soporte_insuficiente_en_clase,,profesionalmente en forma ética
Civil,profesor,-0.044394119358453395,1,32,1,31,0.03125,0.03225806451612903,1,1,unigrama_conservado_en_csv_completo,,profesor
Civil,profundizar,-0.044394119358453395,1,32,1,31,0.03125,0.03225806451612903,1,1,unigrama_conservado_en_csv_completo,,profundizar
Civil,programa,0.6925714748077527,7,32,4,31,0.21875,0.12903225806451613,6,7,unigrama_conservado_en_csv_completo,,programa
Civil,programacion,-2.5468944598876364,1,32,8,31,0.03125,0.25806451612903225,1,1,unigrama_conservado_en_csv_completo,,programación
Civil,programador,2.277533975528909,2,32,0,31,0.0625,0.0,2,2,unigrama_conservado_en_csv_completo,,programador
Civil,programas,0.6925714748077527,2,32,1,31,0.0625,0.03225806451612903,2,2,unigrama_conservado_en_csv_completo,,programas
Civil,promocion,0.6925714748077527,2,32,1,31,0.0625,0.03225806451612903,2,2,unigrama_conservado_en_csv_completo,,promoción
Civil,promoviendo,-3.2143191208007655,0,32,4,31,0.0,0.12903225806451613,0,0,unigrama_conservado_en_csv_completo,,promoviendo
Civil,propios,-0.3339007365534385,4,32,5,31,0.125,0.16129032258064516,4,4,unigrama_conservado_en_csv_completo,,propios
Civil,proponer,1.1779983019779945,3,32,1,31,0.09375,0.03225806451612903,3,3,unigrama_conservado_en_csv_completo,,proponer
Civil,proponer soluciones,-0.044394119358453395,1,32,1,31,0.03125,0.03225806451612903,1,1,soporte_insuficiente_en_clase,,proponer soluciones
Civil,proposito,0.6925714748077527,2,32,1,31,0.0625,0.03225806451612903,2,2,unigrama_conservado_en_csv_completo,,propósito
Civil,propuestas,-0.7813597135246597,1,32,2,31,0.03125,0.06451612903225806,1,1,unigrama_conservado_en_csv_completo,,propuestas
Civil,proteccion,-2.3663222142458156,0,32,2,31,0.0,0.06451612903225806,0,0,unigrama_conservado_en_csv_completo,,protección
Civil,proyecto,-2.3663222142458156,0,32,2,31,0.0,0.06451612903225806,0,0,unigrama_conservado_en_csv_completo,,proyecto
Civil,proyectos,0.1361781262833674,25,32,22,31,0.78125,0.7096774193548387,24,25,unigrama_conservado_en_csv_completo,,proyectos
Civil,proyectos de software,-0.5298209465286953,2,32,3,31,0.0625,0.0967741935483871,2,2,prevalencia_suavizada_no_superior_al_resto,,proyectos de software
Civil,proyectos de tecnologias,-0.7813597135246597,1,32,2,31,0.03125,0.06451612903225806,1,1,soporte_insuficiente_en_clase,,proyectos de tecnologías
Civil,proyectos tecnologicos,-2.1598713367783895,1,32,6,31,0.03125,0.1935483870967742,1,1,soporte_insuficiente_en_clase,,proyectos tecnológicos
Civil,pruebas,-2.3663222142458156,0,32,2,31,0.0,0.06451612903225806,0,0,unigrama_conservado_en_csv_completo,,pruebas
Civil,publica,-2.3663222142458156,0,32,2,31,0.0,0.06451612903225806,0,0,unigrama_conservado_en_csv_completo,,pública
Civil,publicas,-0.5749088360572334,4,32,6,31,0.125,0.1935483870967742,4,4,unigrama_conservado_en_csv_completo,,públicas
Civil,publico,-0.044394119358453395,2,32,2,31,0.0625,0.06451612903225806,2,2,unigrama_conservado_en_csv_completo,,público
Civil,publicos,-0.044394119358453395,2,32,2,31,0.0625,0.06451612903225806,2,2,unigrama_conservado_en_csv_completo,,públicos
Civil,pudiendo,0.6925714748077527,2,32,1,31,0.0625,0.03225806451612903,2,2,unigrama_conservado_en_csv_completo,,pudiendo
Civil,puede,-0.4069641987431617,3,32,4,31,0.09375,0.12903225806451613,3,3,unigrama_conservado_en_csv_completo,,puede
Civil,puede desempenarse,-0.7813597135246597,1,32,2,31,0.03125,0.06451612903225806,1,1,soporte_insuficiente_en_clase,,puede desempeñarse
Civil,pueden,-0.044394119358453395,1,32,1,31,0.03125,0.03225806451612903,1,1,unigrama_conservado_en_csv_completo,,pueden
Civil,quehacer,-0.4069641987431617,3,32,4,31,0.09375,0.12903225806451613,3,3,unigrama_conservado_en_csv_completo,,quehacer
Civil,quien,0.6925714748077527,2,32,1,31,0.0625,0.03225806451612903,2,2,unigrama_conservado_en_csv_completo,,quien
Civil,quienes,1.1779983019779945,3,32,1,31,0.09375,0.03225806451612903,3,3,unigrama_conservado_en_csv_completo,,quienes
Civil,quienes egresan,-0.044394119358453395,1,32,1,31,0.03125,0.03225806451612903,1,1,soporte_insuficiente_en_clase,,quienes egresan
Civil,reales,-0.044394119358453395,2,32,2,31,0.0625,0.06451612903225806,2,2,unigrama_conservado_en_csv_completo,,reales
Civil,realidad,-0.7813597135246597,1,32,2,31,0.03125,0.06451612903225806,1,1,unigrama_conservado_en_csv_completo,,realidad
Civil,realiza,-2.3663222142458156,0,32,2,31,0.0,0.06451612903225806,0,0,unigrama_conservado_en_csv_completo,,realiza
Civil,realizado,-2.3663222142458156,0,32,2,31,0.0,0.06451612903225806,0,0,unigrama_conservado_en_csv_completo,,realizado
Civil,realizar,0.4410327078117884,3,32,2,31,0.09375,0.06451612903225806,3,3,unigrama_conservado_en_csv_completo,,realizar
Civil,reconoce,1.1779983019779945,3,32,1,31,0.09375,0.03225806451612903,3,3,unigrama_conservado_en_csv_completo,,reconoce
Civil,reconocimiento,-0.044394119358453395,1,32,1,31,0.03125,0.03225806451612903,1,1,unigrama_conservado_en_csv_completo,,reconocimiento
Civil,recursos,-0.5918819146609469,6,32,9,31,0.1875,0.2903225806451613,6,6,unigrama_conservado_en_csv_completo,,recursos
Civil,recursos computacionales,-0.044394119358453395,1,32,1,31,0.03125,0.03225806451612903,1,1,soporte_insuficiente_en_clase,,recursos computacionales
Civil,recursos digitales,-2.3663222142458156,0,32,2,31,0.0,0.06451612903225806,0,0,soporte_insuficiente_en_clase,,recursos digitales
Civil,recursos humanos,-0.044394119358453395,1,32,1,31,0.03125,0.03225806451612903,1,1,soporte_insuficiente_en_clase,,recursos humanos
Civil,recursos tecnologicos,-0.7813597135246597,1,32,2,31,0.03125,0.06451612903225806,1,1,soporte_insuficiente_en_clase,,recursos tecnológicos
Civil,redes,-0.04439411935845356,6,32,6,31,0.1875,0.1935483870967742,6,6,unigrama_conservado_en_csv_completo,,redes
Civil,redes de datos,-0.7813597135246597,1,32,2,31,0.03125,0.06451612903225806,1,1,soporte_insuficiente_en_clase,,redes de datos
Civil,reflexion,-2.3663222142458156,0,32,2,31,0.0,0.06451612903225806,0,0,unigrama_conservado_en_csv_completo,,reflexión
Civil,reflexivo,-0.044394119358453395,1,32,1,31,0.03125,0.03225806451612903,1,1,unigrama_conservado_en_csv_completo,,reflexivo
Civil,region,1.5405683813627025,4,32,1,31,0.125,0.03225806451612903,4,4,unigrama_conservado_en_csv_completo,,región
Civil,relacionadas,-1.6293566200796095,1,32,4,31,0.03125,0.12903225806451613,1,1,unigrama_conservado_en_csv_completo,,relacionadas
Civil,relacionados,-0.4069641987431617,3,32,4,31,0.09375,0.12903225806451613,3,3,unigrama_conservado_en_csv_completo,,relacionados
Civil,relevante,-0.044394119358453395,1,32,1,31,0.03125,0.03225806451612903,1,1,unigrama_conservado_en_csv_completo,,relevante
Civil,rendimiento,0.6925714748077527,2,32,1,31,0.0625,0.03225806451612903,2,2,unigrama_conservado_en_csv_completo,,rendimiento
Civil,requeridas,-0.044394119358453395,1,32,1,31,0.03125,0.03225806451612903,1,1,unigrama_conservado_en_csv_completo,,requeridas
Civil,requerimientos,-0.9374789154419416,3,32,6,31,0.09375,0.1935483870967742,3,3,unigrama_conservado_en_csv_completo,,requerimientos
Civil,requerimientos de la industria,-0.044394119358453395,1,32,1,31,0.03125,0.03225806451612903,1,1,soporte_insuficiente_en_clase,,requerimientos de la industria
Civil,requerimientos de la organizacion,-2.3663222142458156,0,32,2,31,0.0,0.06451612903225806,0,0,soporte_insuficiente_en_clase,,requerimientos de la organización
Civil,requerimientos del cliente,-2.3663222142458156,0,32,2,31,0.0,0.06451612903225806,0,0,soporte_insuficiente_en_clase,,requerimientos del cliente
Civil,requieren,1.1779983019779945,3,32,1,31,0.09375,0.03225806451612903,3,3,unigrama_conservado_en_csv_completo,,requieren
Civil,requisitos,-0.044394119358453395,1,32,1,31,0.03125,0.03225806451612903,1,1,unigrama_conservado_en_csv_completo,,requisitos
Civil,resguardar,-0.044394119358453395,1,32,1,31,0.03125,0.03225806451612903,1,1,unigrama_conservado_en_csv_completo,,resguardar
Civil,resilientes,-0.044394119358453395,1,32,1,31,0.03125,0.03225806451612903,1,1,unigrama_conservado_en_csv_completo,,resilientes
Civil,resolucion,-0.8923910259134035,2,32,4,31,0.0625,0.12903225806451613,2,2,unigrama_conservado_en_csv_completo,,resolución
Civil,resolucion de problemas,-0.5298209465286953,2,32,3,31,0.0625,0.0967741935483871,2,2,prevalencia_suavizada_no_superior_al_resto,,resolución de problemas
Civil,resolver,0.06663719303029053,13,32,12,31,0.40625,0.3870967741935484,12,13,unigrama_conservado_en_csv_completo,,resolver
Civil,resolver diversas necesidades,-0.044394119358453395,1,32,1,31,0.03125,0.03225806451612903,1,1,soporte_insuficiente_en_clase,,resolver diversas necesidades
Civil,resolver las diferencias,-0.044394119358453395,1,32,1,31,0.03125,0.03225806451612903,1,1,soporte_insuficiente_en_clase,,resolver las diferencias
Civil,resolver problemas con enfasis,-0.044394119358453395,1,32,1,31,0.03125,0.03225806451612903,1,1,soporte_insuficiente_en_clase,,resolver problemas con énfasis
Civil,resolviendo,-0.044394119358453395,1,32,1,31,0.03125,0.03225806451612903,1,1,unigrama_conservado_en_csv_completo,,resolviendo
Civil,respetando,0.4410327078117884,3,32,2,31,0.09375,0.06451612903225806,3,3,unigrama_conservado_en_csv_completo,,respetando
Civil,respeto,-1.6293566200796095,1,32,4,31,0.03125,0.12903225806451613,1,1,unigrama_conservado_en_csv_completo,,respeto
Civil,respondan,-2.3663222142458156,0,32,2,31,0.0,0.06451612903225806,0,0,unigrama_conservado_en_csv_completo,,respondan
Civil,responden,2.277533975528909,2,32,0,31,0.0625,0.0,2,2,unigrama_conservado_en_csv_completo,,responden
Civil,responder,-0.7813597135246597,1,32,2,31,0.03125,0.06451612903225806,1,1,unigrama_conservado_en_csv_completo,,responder
Civil,respondiendo,-0.044394119358453395,1,32,1,31,0.03125,0.03225806451612903,1,1,unigrama_conservado_en_csv_completo,,respondiendo
Civil,responsabilidad,0.08685041391979925,11,32,10,31,0.34375,0.3225806451612903,11,11,unigrama_conservado_en_csv_completo,,responsabilidad
Civil,responsable,1.3341175038952762,6,32,2,31,0.1875,0.06451612903225806,6,6,unigrama_conservado_en_csv_completo,,responsable
Civil,respuesta,-2.3663222142458156,0,32,2,31,0.0,0.06451612903225806,0,0,unigrama_conservado_en_csv_completo,,respuesta
Civil,restricciones,-0.044394119358453395,1,32,1,31,0.03125,0.03225806451612903,1,1,unigrama_conservado_en_csv_completo,,restricciones
Civil,resultados,-0.7813597135246597,1,32,2,31,0.03125,0.06451612903225806,1,1,unigrama_conservado_en_csv_completo,,resultados
Civil,resultados de aprendizaje,-2.3663222142458156,0,32,2,31,0.0,0.06451612903225806,0,0,soporte_insuficiente_en_clase,,resultados de aprendizaje
Civil,revolucion,-0.044394119358453395,1,32,1,31,0.03125,0.03225806451612903,1,1,unigrama_conservado_en_csv_completo,,revolución
Civil,revolucion tecnologica,-0.044394119358453395,1,32,1,31,0.03125,0.03225806451612903,1,1,soporte_insuficiente_en_clase,,revolución tecnológica
Civil,riesgos,-0.8923910259134035,2,32,4,31,0.0625,0.12903225806451613,2,2,unigrama_conservado_en_csv_completo,,riesgos
Civil,rigurosa,-0.044394119358453395,1,32,1,31,0.03125,0.03225806451612903,1,1,unigrama_conservado_en_csv_completo,,rigurosa
Civil,rigurosa base,-0.044394119358453395,1,32,1,31,0.03125,0.03225806451612903,1,1,soporte_insuficiente_en_clase,,rigurosa base
Civil,robotica,-0.044394119358453395,1,32,1,31,0.03125,0.03225806451612903,1,1,unigrama_conservado_en_csv_completo,,robótica
Civil,rol,-0.7813597135246597,1,32,2,31,0.03125,0.06451612903225806,1,1,unigrama_conservado_en_csv_completo,,rol
Civil,roles,-2.3663222142458156,0,32,2,31,0.0,0.06451612903225806,0,0,unigrama_conservado_en_csv_completo,,roles
Civil,saberes,-2.3663222142458156,0,32,2,31,0.0,0.06451612903225806,0,0,unigrama_conservado_en_csv_completo,,saberes
Civil,salud,-0.044394119358453395,1,32,1,31,0.03125,0.03225806451612903,1,1,unigrama_conservado_en_csv_completo,,salud
Civil,san,-0.044394119358453395,1,32,1,31,0.03125,0.03225806451612903,1,1,unigrama_conservado_en_csv_completo,,san
Civil,santa,-0.044394119358453395,1,32,1,31,0.03125,0.03225806451612903,1,1,unigrama_conservado_en_csv_completo,,santa
Civil,santa maria,-0.044394119358453395,1,32,1,31,0.03125,0.03225806451612903,1,1,soporte_insuficiente_en_clase,,santa maría
Civil,santisima,-0.7813597135246597,1,32,2,31,0.03125,0.06451612903225806,1,1,unigrama_conservado_en_csv_completo,,santísima
Civil,santo,-2.3663222142458156,0,32,2,31,0.0,0.06451612903225806,0,0,unigrama_conservado_en_csv_completo,,santo
Civil,santo tomas,-2.3663222142458156,0,32,2,31,0.0,0.06451612903225806,0,0,soporte_insuficiente_en_clase,,santo tomas
Civil,satisfacer,0.6925714748077527,2,32,1,31,0.0625,0.03225806451612903,2,2,unigrama_conservado_en_csv_completo,,satisfacer
Civil,satisfacer los requerimientos,-0.044394119358453395,1,32,1,31,0.03125,0.03225806451612903,1,1,soporte_insuficiente_en_clase,,satisfacer los requerimientos
Civil,sea,-0.7813597135246597,1,32,2,31,0.03125,0.06451612903225806,1,1,unigrama_conservado_en_csv_completo,,sea
Civil,sebastian,-2.3663222142458156,0,32,2,31,0.0,0.06451612903225806,0,0,unigrama_conservado_en_csv_completo,,sebastián
Civil,sector,-0.4069641987431617,3,32,4,31,0.09375,0.12903225806451613,3,3,unigrama_conservado_en_csv_completo,,sector
Civil,sector publico,-0.044394119358453395,2,32,2,31,0.0625,0.06451612903225806,2,2,prevalencia_suavizada_no_superior_al_resto,,sector público
Civil,sede,0.6925714748077527,2,32,1,31,0.0625,0.03225806451612903,1,2,unigrama_conservado_en_csv_completo,,sede
Civil,segun,-1.9188632372745944,1,32,5,31,0.03125,0.16129032258064516,1,1,unigrama_conservado_en_csv_completo,,según
Civil,segundo,2.277533975528909,2,32,0,31,0.0625,0.0,2,2,unigrama_conservado_en_csv_completo,,segundo
Civil,seguridad,-0.480493234165127,8,32,11,31,0.25,0.3548387096774194,8,8,unigrama_conservado_en_csv_completo,,seguridad
Civil,seguridad de la informacion,-0.6964708159381465,3,32,5,31,0.09375,0.16129032258064516,3,3,prevalencia_suavizada_no_superior_al_resto,,seguridad de la información
Civil,sello distintivo,-0.044394119358453395,1,32,1,31,0.03125,0.03225806451612903,1,1,soporte_insuficiente_en_clase,,sello distintivo
Civil,sello valorico,-2.3663222142458156,0,32,2,31,0.0,0.06451612903225806,0,0,soporte_insuficiente_en_clase,,sello valórico
Civil,semestres,1.1779983019779945,3,32,1,31,0.09375,0.03225806451612903,2,3,unigrama_conservado_en_csv_completo,,semestres
Civil,sentido,-0.3339007365534385,4,32,5,31,0.125,0.16129032258064516,4,4,unigrama_conservado_en_csv_completo,,sentido
Civil,sentido amplio,-0.044394119358453395,1,32,1,31,0.03125,0.03225806451612903,1,1,soporte_insuficiente_en_clase,,sentido amplio
Civil,sentido amplio de responsabilidad,-0.044394119358453395,1,32,1,31,0.03125,0.03225806451612903,1,1,soporte_insuficiente_en_clase,,sentido amplio de responsabilidad
Civil,sentido etico,-0.044394119358453395,1,32,1,31,0.03125,0.03225806451612903,1,1,soporte_insuficiente_en_clase,,sentido ético
Civil,serena,2.277533975528909,2,32,0,31,0.0625,0.0,2,2,unigrama_conservado_en_csv_completo,,serena
Civil,servicio,-0.5298209465286953,2,32,3,31,0.0625,0.0967741935483871,2,2,unigrama_conservado_en_csv_completo,,servicio
Civil,servicios,-0.34924870088687426,8,32,10,31,0.25,0.3225806451612903,8,8,unigrama_conservado_en_csv_completo,,servicios
Civil,servicios asociados,-0.044394119358453395,1,32,1,31,0.03125,0.03225806451612903,1,1,soporte_insuficiente_en_clase,,servicios asociados
Civil,servicios tecnologicos,-2.3663222142458156,0,32,2,31,0.0,0.06451612903225806,0,0,soporte_insuficiente_en_clase,,servicios tecnológicos
Civil,siempre,2.277533975528909,2,32,0,31,0.0625,0.0,2,2,unigrama_conservado_en_csv_completo,,siempre
Civil,siendo,1.0931094043914815,5,32,2,31,0.15625,0.06451612903225806,4,5,unigrama_conservado_en_csv_completo,,siendo
Civil,siendo capaz de resolver,-0.044394119358453395,1,32,1,31,0.03125,0.03225806451612903,1,1,soporte_insuficiente_en_clase,,siendo capaz de resolver
Civil,siguiendo,-0.044394119358453395,1,32,1,31,0.03125,0.03225806451612903,1,1,unigrama_conservado_en_csv_completo,,siguiendo
Civil,siguiente,-0.044394119358453395,1,32,1,31,0.03125,0.03225806451612903,1,1,unigrama_conservado_en_csv_completo,,siguiente
Civil,siguiente perfil,-0.044394119358453395,1,32,1,31,0.03125,0.03225806451612903,1,1,soporte_insuficiente_en_clase,,siguiente perfil
Civil,sintesis,-2.3663222142458156,0,32,2,31,0.0,0.06451612903225806,0,0,unigrama_conservado_en_csv_completo,,síntesis
Civil,sistemas,-0.24143096641800704,20,32,23,31,0.625,0.7419354838709677,20,20,unigrama_conservado_en_csv_completo,,sistemas
Civil,sistemas de informacion,-0.5918819146609469,6,32,9,31,0.1875,0.2903225806451613,6,6,prevalencia_suavizada_no_superior_al_resto,,sistemas de información
Civil,sistemas inteligentes,-0.7813597135246597,1,32,2,31,0.03125,0.06451612903225806,1,1,soporte_insuficiente_en_clase,,sistemas inteligentes
Civil,sistematica,2.277533975528909,2,32,0,31,0.0625,0.0,2,2,unigrama_conservado_en_csv_completo,,sistemática
Civil,sistematicamente,-2.3663222142458156,0,32,2,31,0.0,0.06451612903225806,0,0,unigrama_conservado_en_csv_completo,,sistemáticamente
Civil,sistematico,-0.044394119358453395,1,32,1,31,0.03125,0.03225806451612903,1,1,unigrama_conservado_en_csv_completo,,sistemático
Civil,sistemica,-0.044394119358453395,1,32,1,31,0.03125,0.03225806451612903,1,1,unigrama_conservado_en_csv_completo,,sistémica
Civil,situaciones,-0.8923910259134035,2,32,4,31,0.0625,0.12903225806451613,2,2,unigrama_conservado_en_csv_completo,,situaciones
Civil,social,0.44103270781178816,17,32,12,31,0.53125,0.3870967741935484,17,17,unigrama_conservado_en_csv_completo,,social
Civil,sociales,-0.4069641987431617,3,32,4,31,0.09375,0.12903225806451613,3,3,unigrama_conservado_en_csv_completo,,sociales
Civil,socialmente,2.277533975528909,2,32,0,31,0.0625,0.0,2,2,unigrama_conservado_en_csv_completo,,socialmente
Civil,sociedad,0.8731437204495736,8,32,4,31,0.25,0.12903225806451613,8,8,unigrama_conservado_en_csv_completo,,sociedad
Civil,software,-0.1852566551983029,19,32,21,31,0.59375,0.6774193548387096,19,19,unigrama_conservado_en_csv_completo,,software
Civil,software innovadoras,-0.044394119358453395,1,32,1,31,0.03125,0.03225806451612903,1,1,soporte_insuficiente_en_clase,,software innovadoras
Civil,solidos,0.8036027871964965,4,32,2,31,0.125,0.06451612903225806,4,4,unigrama_conservado_en_csv_completo,,sólidos
Civil,solucion,-1.6293566200796095,1,32,4,31,0.03125,0.12903225806451613,1,1,unigrama_conservado_en_csv_completo,,solución
Civil,solucionar,2.277533975528909,2,32,0,31,0.0625,0.0,2,2,unigrama_conservado_en_csv_completo,,solucionar
Civil,soluciones,0.08990697235313747,22,32,20,31,0.6875,0.6451612903225806,22,22,unigrama_conservado_en_csv_completo,,soluciones
Civil,soluciones consideran,-0.044394119358453395,1,32,1,31,0.03125,0.03225806451612903,1,1,soporte_insuficiente_en_clase,,soluciones consideran
Civil,soluciones consideran las arquitecturas,-0.044394119358453395,1,32,1,31,0.03125,0.03225806451612903,1,1,soporte_insuficiente_en_clase,,soluciones consideran las arquitecturas
Civil,soluciones de software,-0.044394119358453395,3,32,3,31,0.09375,0.0967741935483871,3,3,prevalencia_suavizada_no_superior_al_resto,,soluciones de software
Civil,soluciones de software innovadoras,-0.044394119358453395,1,32,1,31,0.03125,0.03225806451612903,1,1,soporte_insuficiente_en_clase,,soluciones de software innovadoras
Civil,soluciones eficientes,-1.2667865406949013,1,32,3,31,0.03125,0.0967741935483871,1,1,soporte_insuficiente_en_clase,,soluciones eficientes
Civil,soluciones eficientes de software,-0.044394119358453395,1,32,1,31,0.03125,0.03225806451612903,1,1,soporte_insuficiente_en_clase,,soluciones eficientes de software
Civil,soluciones innovadoras,-0.8923910259134035,2,32,4,31,0.0625,0.12903225806451613,2,2,prevalencia_suavizada_no_superior_al_resto,,soluciones innovadoras
Civil,soluciones integrales,-0.7813597135246597,1,32,2,31,0.03125,0.06451612903225806,1,1,soporte_insuficiente_en_clase,,soluciones integrales
Civil,soluciones tecnologicas,-0.9619319591664807,4,32,8,31,0.125,0.25806451612903225,4,4,prevalencia_suavizada_no_superior_al_resto,,soluciones tecnológicas
Civil,soluciones tecnologicas innovadoras,-2.3663222142458156,0,32,2,31,0.0,0.06451612903225806,0,0,soporte_insuficiente_en_clase,,soluciones tecnológicas innovadoras
Civil,soluciones tic,-0.7813597135246597,1,32,2,31,0.03125,0.06451612903225806,1,1,soporte_insuficiente_en_clase,,soluciones tic
Civil,soluciones tic requeridas,-0.044394119358453395,1,32,1,31,0.03125,0.03225806451612903,1,1,soporte_insuficiente_en_clase,,soluciones tic requeridas
Civil,soporte,-0.7813597135246597,1,32,2,31,0.03125,0.06451612903225806,1,1,unigrama_conservado_en_csv_completo,,soporte
Civil,sostenibilidad,-0.044394119358453395,2,32,2,31,0.0625,0.06451612903225806,2,2,unigrama_conservado_en_csv_completo,,sostenibilidad
Civil,sostenible,1.7211406270045235,8,32,2,31,0.25,0.06451612903225806,8,8,unigrama_conservado_en_csv_completo,,sostenible
Civil,sostenibles,2.762960802699151,3,32,0,31,0.09375,0.0,3,3,unigrama_conservado_en_csv_completo,,sostenibles
Civil,surgen,-0.044394119358453395,1,32,1,31,0.03125,0.03225806451612903,1,1,unigrama_conservado_en_csv_completo,,surgen
Civil,sustentabilidad,-0.7813597135246597,1,32,2,31,0.03125,0.06451612903225806,1,1,unigrama_conservado_en_csv_completo,,sustentabilidad
Civil,sustentable,-0.5298209465286953,2,32,3,31,0.0625,0.0967741935483871,2,2,unigrama_conservado_en_csv_completo,,sustentable
Civil,tales,1.1779983019779945,3,32,1,31,0.09375,0.03225806451612903,3,3,unigrama_conservado_en_csv_completo,,tales
Civil,tareas,-2.3663222142458156,0,32,2,31,0.0,0.06451612903225806,0,0,unigrama_conservado_en_csv_completo,,tareas
Civil,tecnica,-0.044394119358453395,2,32,2,31,0.0625,0.06451612903225806,2,2,unigrama_conservado_en_csv_completo,,técnica
Civil,tecnica federico,-0.044394119358453395,1,32,1,31,0.03125,0.03225806451612903,1,1,soporte_insuficiente_en_clase,,técnica federico
Civil,tecnica federico santa,-0.044394119358453395,1,32,1,31,0.03125,0.03225806451612903,1,1,soporte_insuficiente_en_clase,,técnica federico santa
Civil,tecnica federico santa maria,-0.044394119358453395,1,32,1,31,0.03125,0.03225806451612903,1,1,soporte_insuficiente_en_clase,,técnica federico santa maría
Civil,tecnicas,0.6076825772212396,5,32,3,31,0.15625,0.0967741935483871,5,5,unigrama_conservado_en_csv_completo,,técnicas
Civil,tecnico,1.1779983019779945,3,32,1,31,0.09375,0.03225806451612903,3,3,unigrama_conservado_en_csv_completo,,técnico
Civil,tecnicos,-1.1818976431083883,2,32,5,31,0.0625,0.16129032258064516,2,2,unigrama_conservado_en_csv_completo,,técnicos
Civil,tecnologia,-0.04439411935845356,5,32,5,31,0.15625,0.16129032258064516,5,5,unigrama_conservado_en_csv_completo,,tecnología
Civil,tecnologia de informacion,-0.044394119358453395,1,32,1,31,0.03125,0.03225806451612903,1,1,soporte_insuficiente_en_clase,,tecnología de información
Civil,tecnologia de la informacion,-2.8517490414160576,0,32,3,31,0.0,0.0967741935483871,0,0,soporte_insuficiente_en_clase,,tecnología de la información
Civil,tecnologias,0.015726873079117385,24,32,23,31,0.75,0.7419354838709677,23,24,unigrama_conservado_en_csv_completo,,tecnologías
Civil,tecnologias de la informacion,-0.27571966546490906,11,32,13,31,0.34375,0.41935483870967744,10,11,prevalencia_suavizada_no_superior_al_resto,,tecnologías de la información
Civil,tecnologias de vanguardia,-2.3663222142458156,0,32,2,31,0.0,0.06451612903225806,0,0,soporte_insuficiente_en_clase,,tecnologías de vanguardia
Civil,tecnologias emergentes,-1.2667865406949013,1,32,3,31,0.03125,0.0967741935483871,1,1,soporte_insuficiente_en_clase,,tecnologías emergentes
Civil,tecnologias relacionadas,-0.044394119358453395,1,32,1,31,0.03125,0.03225806451612903,1,1,soporte_insuficiente_en_clase,,tecnologías relacionadas
Civil,tecnologica,0.1160705528347929,9,32,8,31,0.28125,0.25806451612903225,9,9,unigrama_conservado_en_csv_completo,,tecnológica
Civil,tecnologica metropolitana,-0.044394119358453395,1,32,1,31,0.03125,0.03225806451612903,1,1,soporte_insuficiente_en_clase,,tecnológica metropolitana
Civil,tecnologicas,-0.6610654798069477,7,32,11,31,0.21875,0.3548387096774194,7,7,unigrama_conservado_en_csv_completo,,tecnológicas
Civil,tecnologicas innovadoras,-2.3663222142458156,0,32,2,31,0.0,0.06451612903225806,0,0,soporte_insuficiente_en_clase,,tecnológicas innovadoras
Civil,tecnologico,0.8486906767250345,6,32,3,31,0.1875,0.0967741935483871,6,6,unigrama_conservado_en_csv_completo,,tecnológico
Civil,tecnologicos,-0.9878105909920859,6,32,12,31,0.1875,0.3870967741935484,6,6,unigrama_conservado_en_csv_completo,,tecnológicos
Civil,telecomunicaciones,0.8036027871964965,4,32,2,31,0.125,0.06451612903225806,4,4,unigrama_conservado_en_csv_completo,,telecomunicaciones
Civil,teorica,2.277533975528909,2,32,0,31,0.0625,0.0,2,2,unigrama_conservado_en_csv_completo,,teórica
Civil,teoricos,0.6925714748077527,2,32,1,31,0.0625,0.03225806451612903,2,2,unigrama_conservado_en_csv_completo,,teóricos
Civil,termino,2.277533975528909,2,32,0,31,0.0625,0.0,2,2,unigrama_conservado_en_csv_completo,,término
Civil,ti,-0.3339007365534385,4,32,5,31,0.125,0.16129032258064516,4,4,unigrama_conservado_en_csv_completo,,ti
Civil,ti junto,-0.044394119358453395,1,32,1,31,0.03125,0.03225806451612903,1,1,soporte_insuficiente_en_clase,,ti junto
Civil,tic,-0.6964708159381465,3,32,5,31,0.09375,0.16129032258064516,3,3,unigrama_conservado_en_csv_completo,,tic
Civil,tic requeridas,-0.044394119358453395,1,32,1,31,0.03125,0.03225806451612903,1,1,soporte_insuficiente_en_clase,,tic requeridas
Civil,tiempo,-0.044394119358453395,2,32,2,31,0.0625,0.06451612903225806,2,2,unigrama_conservado_en_csv_completo,,tiempo
Civil,tipo,-0.044394119358453395,2,32,2,31,0.0625,0.06451612903225806,2,2,unigrama_conservado_en_csv_completo,,tipo
Civil,tipo de organizacion,-0.044394119358453395,1,32,1,31,0.03125,0.03225806451612903,1,1,soporte_insuficiente_en_clase,,tipo de organización
Civil,titulada,-0.044394119358453395,1,32,1,31,0.03125,0.03225806451612903,1,1,unigrama_conservado_en_csv_completo,,titulada
Civil,titulo,1.5405683813627025,4,32,1,31,0.125,0.03225806451612903,4,4,unigrama_conservado_en_csv_completo,,título
Civil,toma,-0.6724253419714956,5,32,8,31,0.15625,0.25806451612903225,5,5,unigrama_conservado_en_csv_completo,,toma
Civil,tomando,-0.7813597135246597,1,32,2,31,0.03125,0.06451612903225806,1,1,unigrama_conservado_en_csv_completo,,tomando
Civil,tomando en consideracion,-2.3663222142458156,0,32,2,31,0.0,0.06451612903225806,0,0,soporte_insuficiente_en_clase,,tomando en consideración
Civil,tomar,-0.7813597135246597,1,32,2,31,0.03125,0.06451612903225806,1,1,unigrama_conservado_en_csv_completo,,tomar
Civil,tomar decisiones,-0.7813597135246597,1,32,2,31,0.03125,0.06451612903225806,1,1,soporte_insuficiente_en_clase,,tomar decisiones
Civil,tomas,-2.3663222142458156,0,32,2,31,0.0,0.06451612903225806,0,0,unigrama_conservado_en_csv_completo,,tomas
Civil,trabaja,-0.7813597135246597,1,32,2,31,0.03125,0.06451612903225806,1,1,unigrama_conservado_en_csv_completo,,trabaja
Civil,trabaja colaborativamente,-0.044394119358453395,1,32,1,31,0.03125,0.03225806451612903,1,1,soporte_insuficiente_en_clase,,trabaja colaborativamente
Civil,trabajar,-0.7813597135246597,4,32,7,31,0.125,0.22580645161290322,4,4,unigrama_conservado_en_csv_completo,,trabajar
Civil,trabajar colaborativamente,-0.7813597135246597,1,32,2,31,0.03125,0.06451612903225806,1,1,soporte_insuficiente_en_clase,,trabajar colaborativamente
Civil,trabajar colaborativamente en equipos,-0.044394119358453395,1,32,1,31,0.03125,0.03225806451612903,1,1,soporte_insuficiente_en_clase,,trabajar colaborativamente en equipos
Civil,trabajar en equipo,-0.044394119358453395,1,32,1,31,0.03125,0.03225806451612903,1,1,soporte_insuficiente_en_clase,,trabajar en equipo
Civil,trabajar en equipos,-0.044394119358453395,2,32,2,31,0.0625,0.06451612903225806,2,2,prevalencia_suavizada_no_superior_al_resto,,trabajar en equipos
Civil,trabajo,-0.044394119358453395,15,32,15,31,0.46875,0.4838709677419355,15,15,unigrama_conservado_en_csv_completo,,trabajo
Civil,trabajo colaborativo,-1.2667865406949013,1,32,3,31,0.03125,0.0967741935483871,1,1,soporte_insuficiente_en_clase,,trabajo colaborativo
Civil,trabajo en equipo,-0.044394119358453395,3,32,3,31,0.09375,0.0967741935483871,3,3,prevalencia_suavizada_no_superior_al_resto,,trabajo en equipo
Civil,trabajo interdisciplinarios,-0.7813597135246597,1,32,2,31,0.03125,0.06451612903225806,1,1,soporte_insuficiente_en_clase,,trabajo interdisciplinarios
Civil,trabajo multidisciplinarios,-0.044394119358453395,2,32,2,31,0.0625,0.06451612903225806,2,2,prevalencia_suavizada_no_superior_al_resto,,trabajo multidisciplinarios
Civil,transferencia,0.6925714748077527,2,32,1,31,0.0625,0.03225806451612903,2,2,unigrama_conservado_en_csv_completo,,transferencia
Civil,transformacion,-0.5918819146609469,6,32,9,31,0.1875,0.2903225806451613,6,6,unigrama_conservado_en_csv_completo,,transformación
Civil,transformacion digital,-0.7813597135246597,4,32,7,31,0.125,0.22580645161290322,4,4,prevalencia_suavizada_no_superior_al_resto,,transformación digital
Civil,trascendente,-2.3663222142458156,0,32,2,31,0.0,0.06451612903225806,0,0,unigrama_conservado_en_csv_completo,,trascendente
Civil,traves,-0.2048587915516995,8,32,9,31,0.25,0.2903225806451613,8,8,unigrama_conservado_en_csv_completo,,través
Civil,traves del uso,-2.3663222142458156,0,32,2,31,0.0,0.06451612903225806,0,0,soporte_insuficiente_en_clase,,través del uso
Civil,trayectoria,-0.044394119358453395,2,32,2,31,0.0625,0.06451612903225806,2,2,unigrama_conservado_en_csv_completo,,trayectoria
Civil,trayectoria formativa,-0.044394119358453395,1,32,1,31,0.03125,0.03225806451612903,1,1,soporte_insuficiente_en_clase,,trayectoria formativa
Civil,ucn,-0.044394119358453395,1,32,1,31,0.03125,0.03225806451612903,1,1,unigrama_conservado_en_csv_completo,,ucn
Civil,ucn posee competencias,-0.044394119358453395,1,32,1,31,0.03125,0.03225806451612903,1,1,soporte_insuficiente_en_clase,,ucn posee competencias
Civil,ucn posee competencias genericas,-0.044394119358453395,1,32,1,31,0.03125,0.03225806451612903,1,1,soporte_insuficiente_en_clase,,ucn posee competencias genéricas
Civil,ultimo,2.277533975528909,2,32,0,31,0.0625,0.0,2,2,unigrama_conservado_en_csv_completo,,último
Civil,universitario,-0.044394119358453395,1,32,1,31,0.03125,0.03225806451612903,1,1,unigrama_conservado_en_csv_completo,,universitario
Civil,uso,-0.5918819146609469,6,32,9,31,0.1875,0.2903225806451613,5,6,unigrama_conservado_en_csv_completo,,uso
Civil,uso de herramientas,-2.3663222142458156,0,32,2,31,0.0,0.06451612903225806,0,0,soporte_insuficiente_en_clase,,uso de herramientas
Civil,uso de herramientas tecnologicas,-2.3663222142458156,0,32,2,31,0.0,0.06451612903225806,0,0,soporte_insuficiente_en_clase,,uso de herramientas tecnológicas
Civil,uso de metodologias,-2.3663222142458156,0,32,2,31,0.0,0.06451612903225806,0,0,soporte_insuficiente_en_clase,,uso de metodologías
Civil,uso de recursos,-0.044394119358453395,1,32,1,31,0.03125,0.03225806451612903,1,1,soporte_insuficiente_en_clase,,uso de recursos
Civil,usuario,-2.8517490414160576,0,32,3,31,0.0,0.0967741935483871,0,0,unigrama_conservado_en_csv_completo,,usuario
Civil,usuarios,-0.044394119358453395,2,32,2,31,0.0625,0.06451612903225806,2,2,unigrama_conservado_en_csv_completo,,usuarios
Civil,utiliza,-0.7813597135246597,1,32,2,31,0.03125,0.06451612903225806,1,1,unigrama_conservado_en_csv_completo,,utiliza
Civil,utiliza tecnicas,-0.044394119358453395,1,32,1,31,0.03125,0.03225806451612903,1,1,soporte_insuficiente_en_clase,,utiliza técnicas
Civil,utilizacion,-2.3663222142458156,0,32,2,31,0.0,0.06451612903225806,0,0,unigrama_conservado_en_csv_completo,,utilización
Civil,utilizando,-0.9374789154419416,3,32,6,31,0.09375,0.1935483870967742,3,3,unigrama_conservado_en_csv_completo,,utilizando
Civil,utilizando herramientas,-0.044394119358453395,2,32,2,31,0.0625,0.06451612903225806,2,2,prevalencia_suavizada_no_superior_al_resto,,utilizando herramientas
Civil,valiosa,-0.044394119358453395,1,32,1,31,0.03125,0.03225806451612903,1,1,unigrama_conservado_en_csv_completo,,valiosa
Civil,valor,-0.4918530963296749,5,32,7,31,0.15625,0.22580645161290322,5,5,unigrama_conservado_en_csv_completo,,valor
Civil,valor en el contexto,-2.3663222142458156,0,32,2,31,0.0,0.06451612903225806,0,0,soporte_insuficiente_en_clase,,valor en el contexto
Civil,valores,3.1255308820838588,4,32,0,31,0.125,0.0,4,4,unigrama_conservado_en_csv_completo,,valores
Civil,valorica,-0.044394119358453395,1,32,1,31,0.03125,0.03225806451612903,1,1,unigrama_conservado_en_csv_completo,,valórica
Civil,valorico,-2.3663222142458156,0,32,2,31,0.0,0.06451612903225806,0,0,unigrama_conservado_en_csv_completo,,valórico
Civil,vanguardia,-1.2667865406949013,1,32,3,31,0.03125,0.0967741935483871,1,1,unigrama_conservado_en_csv_completo,,vanguardia
Civil,ver,0.6925714748077527,2,32,1,31,0.0625,0.03225806451612903,2,2,unigrama_conservado_en_csv_completo,,ver
Civil,vez,-0.044394119358453395,1,32,1,31,0.03125,0.03225806451612903,1,1,unigrama_conservado_en_csv_completo,,vez
Civil,vida,0.3181759600262548,4,32,3,31,0.125,0.0967741935483871,3,4,unigrama_conservado_en_csv_completo,,vida
Civil,vigente,-0.5298209465286953,2,32,3,31,0.0625,0.0967741935483871,2,2,unigrama_conservado_en_csv_completo,,vigente
Civil,vigentes,-0.044394119358453395,1,32,1,31,0.03125,0.03225806451612903,1,1,unigrama_conservado_en_csv_completo,,vigentes
Civil,vinculacion,-0.044394119358453395,1,32,1,31,0.03125,0.03225806451612903,1,1,unigrama_conservado_en_csv_completo,,vinculación
Civil,vinculados,-0.044394119358453395,1,32,1,31,0.03125,0.03225806451612903,1,1,unigrama_conservado_en_csv_completo,,vinculados
Civil,vision,-0.04439411935845356,5,32,5,31,0.15625,0.16129032258064516,5,5,unigrama_conservado_en_csv_completo,,visión
Civil,vision orientada,-2.3663222142458156,0,32,2,31,0.0,0.06451612903225806,0,0,soporte_insuficiente_en_clase,,visión orientada
Civil,visualizacion,-2.3663222142458156,0,32,2,31,0.0,0.06451612903225806,0,0,unigrama_conservado_en_csv_completo,,visualización
Civil,volumenes,1.1779983019779945,3,32,1,31,0.09375,0.03225806451612903,3,3,unigrama_conservado_en_csv_completo,,volúmenes
Civil,web,-0.044394119358453395,1,32,1,31,0.03125,0.03225806451612903,1,1,unigrama_conservado_en_csv_completo,,web
Civil,competencias para liderar,2.277533975528909,2,32,0,31,0.0625,0.0,2,2,subexpresion_mismo_soporte,competencias para liderar equipos,competencias para liderar
Civil,habilidades para identificar,2.277533975528909,2,32,0,31,0.0625,0.0,1,2,subexpresion_mismo_soporte,desarrolla habilidades para identificar,habilidades para identificar
Civil,organizaciones del sector,0.6925714748077527,2,32,1,31,0.0625,0.03225806451612903,2,2,subexpresion_mismo_soporte,organizaciones del sector publico,organizaciones del sector
Civil,problemas complejos mediante,2.277533975528909,2,32,0,31,0.0625,0.0,1,2,subexpresion_mismo_soporte,resolver problemas complejos mediante,problemas complejos mediante
Civil,promocion del bien,2.277533975528909,2,32,0,31,0.0625,0.0,2,2,subexpresion_mismo_soporte,promocion del bien comun,promoción del bien
Civil,volumenes de datos,0.6925714748077527,2,32,1,31,0.0625,0.03225806451612903,2,2,subexpresion_mismo_soporte,grandes volumenes de datos,volúmenes de datos
Civil,complejos mediante,2.277533975528909,2,32,0,31,0.0625,0.0,1,2,subexpresion_mismo_soporte,complejos mediante el uso,complejos mediante
Civil,desarrolla habilidades,2.277533975528909,2,32,0,31,0.0625,0.0,1,2,subexpresion_mismo_soporte,desarrolla habilidades para identificar,desarrolla habilidades
Civil,uso avanzado,2.277533975528909,2,32,0,31,0.0625,0.0,1,2,subexpresion_mismo_soporte,mediante el uso avanzado,uso avanzado
Ejecución,abarcando,0.9757524537533226,0,5,2,58,0.0,0.034482758620689655,0,0,unigrama_conservado_en_csv_completo,,abarcando
Ejecución,abordar,0.12775554719837268,0,5,4,58,0.0,0.06896551724137931,0,0,unigrama_conservado_en_csv_completo,,abordar
Ejecución,abstraccion,0.12775554719837268,0,5,4,58,0.0,0.06896551724137931,0,0,unigrama_conservado_en_csv_completo,,abstracción
Ejecución,academico,-0.1617510699966122,0,5,5,58,0.0,0.08620689655172414,0,0,unigrama_conservado_en_csv_completo,,académico
Ejecución,acciones,2.0752881273042374,1,5,3,58,0.2,0.05172413793103448,1,1,unigrama_conservado_en_csv_completo,,acciones
Ejecución,acorde,0.4903256265830809,0,5,3,58,0.0,0.05172413793103448,0,0,unigrama_conservado_en_csv_completo,,acorde
Ejecución,actitud,-0.40275916950040713,0,5,6,58,0.0,0.10344827586206896,0,0,unigrama_conservado_en_csv_completo,,actitud
Ejecución,actitud de liderazgo,0.9757524537533226,0,5,2,58,0.0,0.034482758620689655,0,0,soporte_insuficiente_en_clase,,actitud de liderazgo
Ejecución,actitud emprendedora,0.9757524537533226,0,5,2,58,0.0,0.034482758620689655,0,0,soporte_insuficiente_en_clase,,actitud emprendedora
Ejecución,activa,0.4903256265830809,0,5,3,58,0.0,0.05172413793103448,0,0,unigrama_conservado_en_csv_completo,,activa
Ejecución,activamente,2.560714954474479,1,5,2,58,0.2,0.034482758620689655,1,1,unigrama_conservado_en_csv_completo,,activamente
Ejecución,actividades,0.4903256265830809,0,5,3,58,0.0,0.05172413793103448,0,0,unigrama_conservado_en_csv_completo,,actividades
Ejecución,actua,0.4903256265830809,0,5,3,58,0.0,0.05172413793103448,0,0,unigrama_conservado_en_csv_completo,,actúa
Ejecución,actualizacion,-0.40275916950040713,0,5,6,58,0.0,0.10344827586206896,0,0,unigrama_conservado_en_csv_completo,,actualización
Ejecución,actualizar,0.9757524537533226,0,5,2,58,0.0,0.034482758620689655,0,0,unigrama_conservado_en_csv_completo,,actualizar
Ejecución,actualizarse,0.9757524537533226,0,5,2,58,0.0,0.034482758620689655,0,0,unigrama_conservado_en_csv_completo,,actualizarse
Ejecución,actualizarse permanentemente,0.9757524537533226,0,5,2,58,0.0,0.034482758620689655,0,0,soporte_insuficiente_en_clase,,actualizarse permanentemente
Ejecución,actuando,0.9757524537533226,0,5,2,58,0.0,0.034482758620689655,0,0,unigrama_conservado_en_csv_completo,,actuando
Ejecución,actuar,0.12775554719837268,0,5,4,58,0.0,0.06896551724137931,0,0,unigrama_conservado_en_csv_completo,,actuar
Ejecución,adapta,0.9757524537533226,0,5,2,58,0.0,0.034482758620689655,0,0,unigrama_conservado_en_csv_completo,,adapta
Ejecución,adaptacion,2.560714954474479,1,5,2,58,0.2,0.034482758620689655,1,1,unigrama_conservado_en_csv_completo,,adaptación
Ejecución,adaptandose,0.4903256265830809,0,5,3,58,0.0,0.05172413793103448,0,0,unigrama_conservado_en_csv_completo,,adaptándose
Ejecución,adaptarse,1.1822033312207492,1,5,6,58,0.2,0.10344827586206896,1,1,unigrama_conservado_en_csv_completo,,adaptarse
Ejecución,adaptarse activa,0.9757524537533226,0,5,2,58,0.0,0.034482758620689655,0,0,soporte_insuficiente_en_clase,,adaptarse activa
Ejecución,adecuada,0.4903256265830809,0,5,3,58,0.0,0.05172413793103448,0,0,unigrama_conservado_en_csv_completo,,adecuada
Ejecución,adelante,3.297680548640685,1,5,1,58,0.2,0.017241379310344827,1,1,unigrama_conservado_en_csv_completo,,adelante
Ejecución,ademas,-0.07155326102503405,1,5,15,58,0.2,0.25862068965517243,1,1,unigrama_conservado_en_csv_completo,,además
Ejecución,ademas de planificar,0.9757524537533226,0,5,2,58,0.0,0.034482758620689655,0,0,soporte_insuficiente_en_clase,,además de planificar
Ejecución,adicionalmente,0.4903256265830809,0,5,3,58,0.0,0.05172413793103448,0,0,unigrama_conservado_en_csv_completo,,adicionalmente
Ejecución,administracion,-0.1617510699966122,0,5,5,58,0.0,0.08620689655172414,0,0,unigrama_conservado_en_csv_completo,,administración
Ejecución,administrador,0.9757524537533226,0,5,2,58,0.0,0.034482758620689655,0,0,unigrama_conservado_en_csv_completo,,administrador
Ejecución,administrar,1.7127180479195288,1,5,4,58,0.2,0.06896551724137931,1,1,unigrama_conservado_en_csv_completo,,administrar
Ejecución,administrar proyectos,3.297680548640685,1,5,1,58,0.2,0.017241379310344827,1,1,soporte_insuficiente_en_clase,,administrar proyectos
Ejecución,admision,0.9757524537533226,0,5,2,58,0.0,0.034482758620689655,0,0,unigrama_conservado_en_csv_completo,,admisión
Ejecución,adopcion,0.9757524537533226,0,5,2,58,0.0,0.034482758620689655,0,0,unigrama_conservado_en_csv_completo,,adopción
Ejecución,adquiridos,0.9757524537533226,0,5,2,58,0.0,0.034482758620689655,0,0,unigrama_conservado_en_csv_completo,,adquiridos
Ejecución,adquisicion,0.9757524537533226,0,5,2,58,0.0,0.034482758620689655,0,0,unigrama_conservado_en_csv_completo,,adquisición
Ejecución,agil,0.9757524537533226,0,5,2,58,0.0,0.034482758620689655,0,0,unigrama_conservado_en_csv_completo,,ágil
Ejecución,agiles,0.12775554719837268,0,5,4,58,0.0,0.06896551724137931,0,0,unigrama_conservado_en_csv_completo,,ágiles
Ejecución,alcance,0.4903256265830809,0,5,3,58,0.0,0.05172413793103448,0,0,unigrama_conservado_en_csv_completo,,alcance
Ejecución,algoritmos,0.9757524537533226,0,5,2,58,0.0,0.034482758620689655,0,0,unigrama_conservado_en_csv_completo,,algoritmos
Ejecución,alinearlos,0.9757524537533226,0,5,2,58,0.0,0.034482758620689655,0,0,unigrama_conservado_en_csv_completo,,alinearlos
Ejecución,altamente,0.9757524537533226,0,5,2,58,0.0,0.034482758620689655,0,0,unigrama_conservado_en_csv_completo,,altamente
Ejecución,ambiental,-0.6092100469678334,0,5,7,58,0.0,0.1206896551724138,0,0,unigrama_conservado_en_csv_completo,,ambiental
Ejecución,ambientales,0.12775554719837268,0,5,4,58,0.0,0.06896551724137931,0,0,unigrama_conservado_en_csv_completo,,ambientales
Ejecución,ambiente,-0.1617510699966122,0,5,5,58,0.0,0.08620689655172414,0,0,unigrama_conservado_en_csv_completo,,ambiente
Ejecución,ambito,0.12775554719837268,1,5,13,58,0.2,0.22413793103448276,1,1,unigrama_conservado_en_csv_completo,,ámbito
Ejecución,ambitos,1.712718047919529,2,5,7,58,0.4,0.1206896551724138,1,1,unigrama_conservado_en_csv_completo,,ámbitos
Ejecución,amplia,0.9757524537533226,0,5,2,58,0.0,0.034482758620689655,0,0,unigrama_conservado_en_csv_completo,,amplia
Ejecución,amplio,0.4903256265830809,0,5,3,58,0.0,0.05172413793103448,0,0,unigrama_conservado_en_csv_completo,,amplio
Ejecución,amplio de responsabilidad,0.9757524537533226,0,5,2,58,0.0,0.034482758620689655,0,0,soporte_insuficiente_en_clase,,amplio de responsabilidad
Ejecución,amplio de responsabilidad social,0.9757524537533226,0,5,2,58,0.0,0.034482758620689655,0,0,soporte_insuficiente_en_clase,,amplio de responsabilidad social
Ejecución,analisis,-1.225881407416328,0,5,11,58,0.0,0.1896551724137931,0,0,unigrama_conservado_en_csv_completo,,análisis
Ejecución,analisis de datos,-0.40275916950040713,0,5,6,58,0.0,0.10344827586206896,0,0,soporte_insuficiente_en_clase,,análisis de datos
Ejecución,analista,0.12775554719837268,0,5,4,58,0.0,0.06896551724137931,0,0,unigrama_conservado_en_csv_completo,,analista
Ejecución,analista de sistemas,0.9757524537533226,0,5,2,58,0.0,0.034482758620689655,0,0,soporte_insuficiente_en_clase,,analista de sistemas
Ejecución,analitica,1.1822033312207492,1,5,6,58,0.2,0.10344827586206896,1,1,unigrama_conservado_en_csv_completo,,analítica
Ejecución,analitica de datos,0.9757524537533226,0,5,2,58,0.0,0.034482758620689655,0,0,soporte_insuficiente_en_clase,,analítica de datos
Ejecución,analizar,0.23878685958711676,1,5,12,58,0.2,0.20689655172413793,1,1,unigrama_conservado_en_csv_completo,,analizar
Ejecución,analizar grandes,0.9757524537533226,0,5,2,58,0.0,0.034482758620689655,0,0,soporte_insuficiente_en_clase,,analizar grandes
Ejecución,analizar grandes volumenes,0.9757524537533226,0,5,2,58,0.0,0.034482758620689655,0,0,soporte_insuficiente_en_clase,,analizar grandes volúmenes
Ejecución,anterior,3.297680548640685,1,5,1,58,0.2,0.017241379310344827,1,1,unigrama_conservado_en_csv_completo,,anterior
Ejecución,aplica,1.7127180479195288,1,5,4,58,0.2,0.06896551724137931,1,1,unigrama_conservado_en_csv_completo,,aplica
Ejecución,aplicacion,0.7951802081115019,1,5,8,58,0.2,0.13793103448275862,1,1,unigrama_conservado_en_csv_completo,,aplicación
Ejecución,aplicaciones,-0.6092100469678334,0,5,7,58,0.0,0.1206896551724138,0,0,unigrama_conservado_en_csv_completo,,aplicaciones
Ejecución,aplicada,-1.225881407416328,0,5,11,58,0.0,0.1896551724137931,0,0,unigrama_conservado_en_csv_completo,,aplicada
Ejecución,aplicadas,0.9757524537533226,0,5,2,58,0.0,0.034482758620689655,0,0,unigrama_conservado_en_csv_completo,,aplicadas
Ejecución,aplicando,0.3590810933048283,1,5,11,58,0.2,0.1896551724137931,1,1,unigrama_conservado_en_csv_completo,,aplicando
Ejecución,aplicando criterios,0.9757524537533226,0,5,2,58,0.0,0.034482758620689655,0,0,soporte_insuficiente_en_clase,,aplicando criterios
Ejecución,aplicar,0.3590810933048283,1,5,11,58,0.2,0.1896551724137931,1,1,unigrama_conservado_en_csv_completo,,aplicar
Ejecución,aplicar principios,0.9757524537533226,0,5,2,58,0.0,0.034482758620689655,0,0,soporte_insuficiente_en_clase,,aplicar principios
Ejecución,aporta,0.9757524537533226,0,5,2,58,0.0,0.034482758620689655,0,0,unigrama_conservado_en_csv_completo,,aporta
Ejecución,aportando,0.4903256265830809,0,5,3,58,0.0,0.05172413793103448,0,0,unigrama_conservado_en_csv_completo,,aportando
Ejecución,aporte,0.9757524537533226,0,5,2,58,0.0,0.034482758620689655,0,0,unigrama_conservado_en_csv_completo,,aporte
Ejecución,apoyar,-0.40275916950040713,0,5,6,58,0.0,0.10344827586206896,0,0,unigrama_conservado_en_csv_completo,,apoyar
Ejecución,aprender,-0.1617510699966122,0,5,5,58,0.0,0.08620689655172414,0,0,unigrama_conservado_en_csv_completo,,aprender
Ejecución,aprender de forma,0.9757524537533226,0,5,2,58,0.0,0.034482758620689655,0,0,soporte_insuficiente_en_clase,,aprender de forma
Ejecución,aprender de forma autonoma,0.9757524537533226,0,5,2,58,0.0,0.034482758620689655,0,0,soporte_insuficiente_en_clase,,aprender de forma autónoma
Ejecución,aprendizaje,-1.7467135707177681,0,5,16,58,0.0,0.27586206896551724,0,0,unigrama_conservado_en_csv_completo,,aprendizaje
Ejecución,area,0.4903256265830811,1,5,10,58,0.2,0.1724137931034483,1,1,unigrama_conservado_en_csv_completo,,área
Ejecución,area de desempeno,0.9757524537533226,0,5,2,58,0.0,0.034482758620689655,0,0,soporte_insuficiente_en_clase,,área de desempeño
Ejecución,areas,0.02466205423426903,1,5,14,58,0.2,0.2413793103448276,1,1,unigrama_conservado_en_csv_completo,,áreas
Ejecución,areas de desarrollo,0.4903256265830809,0,5,3,58,0.0,0.05172413793103448,0,0,soporte_insuficiente_en_clase,,áreas de desarrollo
Ejecución,arquitectura,0.4903256265830809,0,5,3,58,0.0,0.05172413793103448,0,0,unigrama_conservado_en_csv_completo,,arquitectura
Ejecución,arquitectura de software,0.9757524537533226,0,5,2,58,0.0,0.034482758620689655,0,0,soporte_insuficiente_en_clase,,arquitectura de software
Ejecución,arquitecturas,0.4903256265830809,0,5,3,58,0.0,0.05172413793103448,0,0,unigrama_conservado_en_csv_completo,,arquitecturas
Ejecución,arquitecturas ti,0.9757524537533226,0,5,2,58,0.0,0.034482758620689655,0,0,soporte_insuficiente_en_clase,,arquitecturas ti
Ejecución,arquitecturas ti junto,0.9757524537533226,0,5,2,58,0.0,0.034482758620689655,0,0,soporte_insuficiente_en_clase,,arquitecturas ti junto
Ejecución,artificial,-1.4572069535227836,0,5,13,58,0.0,0.22413793103448276,0,0,unigrama_conservado_en_csv_completo,,artificial
Ejecución,asegurando,0.4903256265830809,0,5,3,58,0.0,0.05172413793103448,0,0,unigrama_conservado_en_csv_completo,,asegurando
Ejecución,asesor,0.9757524537533226,0,5,2,58,0.0,0.034482758620689655,0,0,unigrama_conservado_en_csv_completo,,asesor
Ejecución,asesorias,0.4903256265830809,0,5,3,58,0.0,0.05172413793103448,0,0,unigrama_conservado_en_csv_completo,,asesorías
Ejecución,asi,-1.5603004464868873,0,5,14,58,0.0,0.2413793103448276,0,0,unigrama_conservado_en_csv_completo,,así
Ejecución,asimismo,-0.6092100469678334,0,5,7,58,0.0,0.1206896551724138,0,0,unigrama_conservado_en_csv_completo,,asimismo
Ejecución,asociadas,0.9757524537533226,0,5,2,58,0.0,0.034482758620689655,0,0,unigrama_conservado_en_csv_completo,,asociadas
Ejecución,asociados,-0.40275916950040713,0,5,6,58,0.0,0.10344827586206896,0,0,unigrama_conservado_en_csv_completo,,asociados
Ejecución,aspectos,0.12775554719837268,0,5,4,58,0.0,0.06896551724137931,0,0,unigrama_conservado_en_csv_completo,,aspectos
Ejecución,asumir,0.9757524537533226,0,5,2,58,0.0,0.034482758620689655,0,0,unigrama_conservado_en_csv_completo,,asumir
Ejecución,atendiendo,0.9757524537533226,0,5,2,58,0.0,0.034482758620689655,0,0,unigrama_conservado_en_csv_completo,,atendiendo
Ejecución,auditoria,0.9757524537533226,0,5,2,58,0.0,0.034482758620689655,0,0,unigrama_conservado_en_csv_completo,,auditoría
Ejecución,autoaprendizaje,2.0752881273042374,1,5,3,58,0.2,0.05172413793103448,1,1,unigrama_conservado_en_csv_completo,,autoaprendizaje
Ejecución,autogestion,0.4903256265830809,0,5,3,58,0.0,0.05172413793103448,0,0,unigrama_conservado_en_csv_completo,,autogestión
Ejecución,automatico,0.9757524537533226,0,5,2,58,0.0,0.034482758620689655,0,0,unigrama_conservado_en_csv_completo,,automático
Ejecución,automatizacion,0.4903256265830809,0,5,3,58,0.0,0.05172413793103448,0,0,unigrama_conservado_en_csv_completo,,automatización
Ejecución,automatizando,5.619608643528047,2,5,0,58,0.4,0.0,1,1,unigrama_conservado_en_csv_completo,,automatizando
Ejecución,autonoma,-0.7897822926096545,0,5,8,58,0.0,0.13793103448275862,0,0,unigrama_conservado_en_csv_completo,,autónoma
Ejecución,autonomia,0.9757524537533226,0,5,2,58,0.0,0.034482758620689655,0,0,unigrama_conservado_en_csv_completo,,autonomía
Ejecución,avanzadas,0.9757524537533226,0,5,2,58,0.0,0.034482758620689655,0,0,unigrama_conservado_en_csv_completo,,avanzadas
Ejecución,avanzado,0.4903256265830809,0,5,3,58,0.0,0.05172413793103448,0,0,unigrama_conservado_en_csv_completo,,avanzado
Ejecución,avda,0.9757524537533226,0,5,2,58,0.0,0.034482758620689655,0,0,unigrama_conservado_en_csv_completo,,avda
Ejecución,bajo,-0.1617510699966122,0,5,5,58,0.0,0.08620689655172414,0,0,unigrama_conservado_en_csv_completo,,bajo
Ejecución,basadas,-0.1617510699966122,0,5,5,58,0.0,0.08620689655172414,0,0,unigrama_conservado_en_csv_completo,,basadas
Ejecución,basadas en tecnologias,0.9757524537533226,0,5,2,58,0.0,0.034482758620689655,0,0,soporte_insuficiente_en_clase,,basadas en tecnologías
Ejecución,basados,0.12775554719837268,0,5,4,58,0.0,0.06896551724137931,0,0,unigrama_conservado_en_csv_completo,,basados
Ejecución,basados en tecnologias,0.9757524537533226,0,5,2,58,0.0,0.034482758620689655,0,0,soporte_insuficiente_en_clase,,basados en tecnologías
Ejecución,base,-1.0946368741380752,0,5,10,58,0.0,0.1724137931034483,0,0,unigrama_conservado_en_csv_completo,,base
Ejecución,base de datos,0.9757524537533226,0,5,2,58,0.0,0.034482758620689655,0,0,soporte_insuficiente_en_clase,,base de datos
Ejecución,base tecnologica,0.9757524537533226,0,5,2,58,0.0,0.034482758620689655,0,0,soporte_insuficiente_en_clase,,base tecnológica
Ejecución,bases,1.532145802277708,2,5,8,58,0.4,0.13793103448275862,1,1,unigrama_conservado_en_csv_completo,,bases
Ejecución,basica,0.9757524537533226,0,5,2,58,0.0,0.034482758620689655,0,0,unigrama_conservado_en_csv_completo,,básica
Ejecución,basicas,-1.9877216702215632,0,5,19,58,0.0,0.3275862068965517,0,0,unigrama_conservado_en_csv_completo,,básicas
Ejecución,bien,-0.6092100469678334,0,5,7,58,0.0,0.1206896551724138,0,0,unigrama_conservado_en_csv_completo,,bien
Ejecución,bien comun,-0.40275916950040713,0,5,6,58,0.0,0.10344827586206896,0,0,soporte_insuficiente_en_clase,,bien común
Ejecución,bienes,0.9757524537533226,0,5,2,58,0.0,0.034482758620689655,0,0,unigrama_conservado_en_csv_completo,,bienes
Ejecución,bio,3.297680548640685,1,5,1,58,0.2,0.017241379310344827,1,1,unigrama_conservado_en_csv_completo,,bío
Ejecución,brindando,0.9757524537533226,0,5,2,58,0.0,0.034482758620689655,0,0,unigrama_conservado_en_csv_completo,,brindando
Ejecución,buen,0.9757524537533226,0,5,2,58,0.0,0.034482758620689655,0,0,unigrama_conservado_en_csv_completo,,buen
Ejecución,buen uso,0.9757524537533226,0,5,2,58,0.0,0.034482758620689655,0,0,soporte_insuficiente_en_clase,,buen uso
Ejecución,buenas practicas,-0.1617510699966122,0,5,5,58,0.0,0.08620689655172414,0,0,soporte_insuficiente_en_clase,,buenas prácticas
Ejecución,buscando,0.9757524537533226,0,5,2,58,0.0,0.034482758620689655,0,0,unigrama_conservado_en_csv_completo,,buscando
Ejecución,busqueda,0.4903256265830809,0,5,3,58,0.0,0.05172413793103448,0,0,unigrama_conservado_en_csv_completo,,búsqueda
Ejecución,cada,0.4903256265830809,0,5,3,58,0.0,0.05172413793103448,0,0,unigrama_conservado_en_csv_completo,,cada
Ejecución,calidad,0.2620566389099638,2,5,20,58,0.4,0.3448275862068966,2,2,unigrama_conservado_en_csv_completo,,calidad
Ejecución,calidad de software,0.9757524537533226,0,5,2,58,0.0,0.034482758620689655,0,0,soporte_insuficiente_en_clase,,calidad de software
Ejecución,calidad de vida,0.9757524537533226,0,5,2,58,0.0,0.034482758620689655,0,0,soporte_insuficiente_en_clase,,calidad de vida
Ejecución,calificados,0.9757524537533226,0,5,2,58,0.0,0.034482758620689655,0,0,unigrama_conservado_en_csv_completo,,calificados
Ejecución,cambio,-0.1617510699966122,0,5,5,58,0.0,0.08620689655172414,0,0,unigrama_conservado_en_csv_completo,,cambio
Ejecución,cambio tecnologico,0.9757524537533226,0,5,2,58,0.0,0.034482758620689655,0,0,soporte_insuficiente_en_clase,,cambio tecnológico
Ejecución,cambios,0.9757524537533226,0,5,2,58,0.0,0.034482758620689655,0,0,unigrama_conservado_en_csv_completo,,cambios
Ejecución,campo,-0.7897822926096545,0,5,8,58,0.0,0.13793103448275862,0,0,unigrama_conservado_en_csv_completo,,campo
Ejecución,campo de desarrollo,0.9757524537533226,0,5,2,58,0.0,0.034482758620689655,0,0,soporte_insuficiente_en_clase,,campo de desarrollo
Ejecución,campo de desarrollo profesional,0.9757524537533226,0,5,2,58,0.0,0.034482758620689655,0,0,soporte_insuficiente_en_clase,,campo de desarrollo profesional
Ejecución,campo laboral,0.9757524537533226,0,5,2,58,0.0,0.034482758620689655,0,0,soporte_insuficiente_en_clase,,campo laboral
Ejecución,campo ocupacional,0.9757524537533226,0,5,2,58,0.0,0.034482758620689655,0,0,soporte_insuficiente_en_clase,,campo ocupacional
Ejecución,capacidad,0.4903256265830811,3,5,24,58,0.6,0.41379310344827586,3,3,unigrama_conservado_en_csv_completo,,capacidad
Ejecución,capacidad analitica,2.0752881273042374,1,5,3,58,0.2,0.05172413793103448,1,1,soporte_insuficiente_en_clase,,capacidad analítica
Ejecución,capacidad de aprendizaje,0.9757524537533226,0,5,2,58,0.0,0.034482758620689655,0,0,soporte_insuficiente_en_clase,,capacidad de aprendizaje
Ejecución,capacidad de comunicacion,0.9757524537533226,0,5,2,58,0.0,0.034482758620689655,0,0,soporte_insuficiente_en_clase,,capacidad de comunicación
Ejecución,capacidad de trabajar,-0.1617510699966122,0,5,5,58,0.0,0.08620689655172414,0,0,soporte_insuficiente_en_clase,,capacidad de trabajar
Ejecución,capacidades,1.4232114307245438,1,5,5,58,0.2,0.08620689655172414,1,1,unigrama_conservado_en_csv_completo,,capacidades
Ejecución,capacitado,1.712718047919529,2,5,7,58,0.4,0.1206896551724138,2,2,unigrama_conservado_en_csv_completo,,capacitado
Ejecución,capital,0.9757524537533226,0,5,2,58,0.0,0.034482758620689655,0,0,unigrama_conservado_en_csv_completo,,capital
Ejecución,caracteristicas,0.12775554719837268,0,5,4,58,0.0,0.06896551724137931,0,0,unigrama_conservado_en_csv_completo,,características
Ejecución,caracteriza,0.12775554719837268,0,5,4,58,0.0,0.06896551724137931,0,0,unigrama_conservado_en_csv_completo,,caracteriza
Ejecución,caracterizan,0.9757524537533226,0,5,2,58,0.0,0.034482758620689655,0,0,unigrama_conservado_en_csv_completo,,caracterizan
Ejecución,caracterizandose,0.9757524537533226,0,5,2,58,0.0,0.034482758620689655,0,0,unigrama_conservado_en_csv_completo,,caracterizándose
Ejecución,cargos,0.4903256265830809,0,5,3,58,0.0,0.05172413793103448,0,0,unigrama_conservado_en_csv_completo,,cargos
Ejecución,centra,0.9757524537533226,0,5,2,58,0.0,0.034482758620689655,0,0,unigrama_conservado_en_csv_completo,,centra
Ejecución,centrada,0.12775554719837268,0,5,4,58,0.0,0.06896551724137931,0,0,unigrama_conservado_en_csv_completo,,centrada
Ejecución,centrada en el usuario,0.9757524537533226,0,5,2,58,0.0,0.034482758620689655,0,0,soporte_insuficiente_en_clase,,centrada en el usuario
Ejecución,centrado,0.4903256265830809,0,5,3,58,0.0,0.05172413793103448,0,0,unigrama_conservado_en_csv_completo,,centrado
Ejecución,central,0.9757524537533226,0,5,2,58,0.0,0.034482758620689655,0,0,unigrama_conservado_en_csv_completo,,central
Ejecución,certificacion,0.9757524537533226,0,5,2,58,0.0,0.034482758620689655,0,0,unigrama_conservado_en_csv_completo,,certificación
Ejecución,certificaciones,0.9757524537533226,0,5,2,58,0.0,0.034482758620689655,0,0,unigrama_conservado_en_csv_completo,,certificaciones
Ejecución,ciberseguridad,0.12775554719837268,0,5,4,58,0.0,0.06896551724137931,0,0,unigrama_conservado_en_csv_completo,,ciberseguridad
Ejecución,ciclo,-0.1617510699966122,0,5,5,58,0.0,0.08620689655172414,0,0,unigrama_conservado_en_csv_completo,,ciclo
Ejecución,ciclo de vida,0.12775554719837268,0,5,4,58,0.0,0.06896551724137931,0,0,soporte_insuficiente_en_clase,,ciclo de vida
Ejecución,ciencia,-1.3461756411340398,0,5,12,58,0.0,0.20689655172413793,0,0,unigrama_conservado_en_csv_completo,,ciencia
Ejecución,ciencia de datos,-0.1617510699966122,0,5,5,58,0.0,0.08620689655172414,0,0,soporte_insuficiente_en_clase,,ciencia de datos
Ejecución,ciencia de la computacion,0.9757524537533226,0,5,2,58,0.0,0.034482758620689655,0,0,soporte_insuficiente_en_clase,,ciencia de la computación
Ejecución,ciencia de los datos,0.9757524537533226,0,5,2,58,0.0,0.034482758620689655,0,0,soporte_insuficiente_en_clase,,ciencia de los datos
Ejecución,ciencias,-2.5352094655240567,0,5,28,58,0.0,0.4827586206896552,0,0,unigrama_conservado_en_csv_completo,,ciencias
Ejecución,ciencias basicas,-1.9117728169882646,0,5,18,58,0.0,0.3103448275862069,0,0,soporte_insuficiente_en_clase,,ciencias básicas
Ejecución,ciencias de la computacion,0.12775554719837268,0,5,4,58,0.0,0.06896551724137931,0,0,soporte_insuficiente_en_clase,,ciencias de la computación
Ejecución,ciencias geologicas,0.9757524537533226,0,5,2,58,0.0,0.034482758620689655,0,0,soporte_insuficiente_en_clase,,ciencias geológicas
Ejecución,cientifica,0.9757524537533226,0,5,2,58,0.0,0.034482758620689655,0,0,unigrama_conservado_en_csv_completo,,científica
Ejecución,cientifico,0.12775554719837268,0,5,4,58,0.0,0.06896551724137931,0,0,unigrama_conservado_en_csv_completo,,científico
Ejecución,cientificos,0.12775554719837268,0,5,4,58,0.0,0.06896551724137931,0,0,unigrama_conservado_en_csv_completo,,científicos
Ejecución,cisco,0.9757524537533226,0,5,2,58,0.0,0.034482758620689655,0,0,unigrama_conservado_en_csv_completo,,cisco
Ejecución,ciudadania,0.4903256265830809,0,5,3,58,0.0,0.05172413793103448,0,0,unigrama_conservado_en_csv_completo,,ciudadanía
Ejecución,cliente,0.4903256265830809,0,5,3,58,0.0,0.05172413793103448,0,0,unigrama_conservado_en_csv_completo,,cliente
Ejecución,clientes,0.9757524537533226,0,5,2,58,0.0,0.034482758620689655,0,0,unigrama_conservado_en_csv_completo,,clientes
Ejecución,cloud,0.9757524537533226,0,5,2,58,0.0,0.034482758620689655,0,0,unigrama_conservado_en_csv_completo,,cloud
Ejecución,coherencia,3.297680548640685,1,5,1,58,0.2,0.017241379310344827,1,1,unigrama_conservado_en_csv_completo,,coherencia
Ejecución,coherente,0.9757524537533226,0,5,2,58,0.0,0.034482758620689655,0,0,unigrama_conservado_en_csv_completo,,coherente
Ejecución,colaboracion,0.9757524537533226,0,5,2,58,0.0,0.034482758620689655,0,0,unigrama_conservado_en_csv_completo,,colaboración
Ejecución,colaborar,0.4903256265830809,0,5,3,58,0.0,0.05172413793103448,0,0,unigrama_conservado_en_csv_completo,,colaborar
Ejecución,colaborativa,0.12775554719837268,0,5,4,58,0.0,0.06896551724137931,0,0,unigrama_conservado_en_csv_completo,,colaborativa
Ejecución,colaborativamente,-0.1617510699966122,0,5,5,58,0.0,0.08620689655172414,0,0,unigrama_conservado_en_csv_completo,,colaborativamente
Ejecución,colaborativamente en equipos,0.9757524537533226,0,5,2,58,0.0,0.034482758620689655,0,0,soporte_insuficiente_en_clase,,colaborativamente en equipos
Ejecución,colaborativo,0.12775554719837268,0,5,4,58,0.0,0.06896551724137931,0,0,unigrama_conservado_en_csv_completo,,colaborativo
Ejecución,colaborativos,0.9757524537533226,0,5,2,58,0.0,0.034482758620689655,0,0,unigrama_conservado_en_csv_completo,,colaborativos
Ejecución,combinado,0.9757524537533226,0,5,2,58,0.0,0.034482758620689655,0,0,unigrama_conservado_en_csv_completo,,combinado
Ejecución,combinado de las tecnologias,0.9757524537533226,0,5,2,58,0.0,0.034482758620689655,0,0,soporte_insuficiente_en_clase,,combinado de las tecnologías
Ejecución,comercial,0.9757524537533226,0,5,2,58,0.0,0.034482758620689655,0,0,unigrama_conservado_en_csv_completo,,comercial
Ejecución,competencias,-0.6719458023157961,1,5,23,58,0.2,0.39655172413793105,1,1,unigrama_conservado_en_csv_completo,,competencias
Ejecución,competencias del perfil,0.9757524537533226,0,5,2,58,0.0,0.034482758620689655,0,0,soporte_insuficiente_en_clase,,competencias del perfil
Ejecución,competencias genericas,1.7127180479195288,1,5,4,58,0.2,0.06896551724137931,1,1,soporte_insuficiente_en_clase,,competencias genéricas
Ejecución,competencias genericas tales,0.9757524537533226,0,5,2,58,0.0,0.034482758620689655,0,0,soporte_insuficiente_en_clase,,competencias genéricas tales
Ejecución,competencias para liderar,0.9757524537533226,0,5,2,58,0.0,0.034482758620689655,0,0,soporte_insuficiente_en_clase,,competencias para liderar
Ejecución,competencias para liderar equipos,0.9757524537533226,0,5,2,58,0.0,0.034482758620689655,0,0,soporte_insuficiente_en_clase,,competencias para liderar equipos
Ejecución,competencias profesionales,2.560714954474479,1,5,2,58,0.2,0.034482758620689655,1,1,soporte_insuficiente_en_clase,,competencias profesionales
Ejecución,competencias tecnicas,0.9757524537533226,0,5,2,58,0.0,0.034482758620689655,0,0,soporte_insuficiente_en_clase,,competencias técnicas
Ejecución,competente,0.4903256265830809,0,5,3,58,0.0,0.05172413793103448,0,0,unigrama_conservado_en_csv_completo,,competente
Ejecución,complejidad,0.9757524537533226,0,5,2,58,0.0,0.034482758620689655,0,0,unigrama_conservado_en_csv_completo,,complejidad
Ejecución,complejos,-1.5603004464868873,0,5,14,58,0.0,0.2413793103448276,0,0,unigrama_conservado_en_csv_completo,,complejos
Ejecución,complejos mediante,0.9757524537533226,0,5,2,58,0.0,0.034482758620689655,0,0,soporte_insuficiente_en_clase,,complejos mediante
Ejecución,complejos mediante el uso,0.9757524537533226,0,5,2,58,0.0,0.034482758620689655,0,0,soporte_insuficiente_en_clase,,complejos mediante el uso
Ejecución,complementa,0.9757524537533226,0,5,2,58,0.0,0.034482758620689655,0,0,unigrama_conservado_en_csv_completo,,complementa
Ejecución,completar,0.4903256265830809,0,5,3,58,0.0,0.05172413793103448,0,0,unigrama_conservado_en_csv_completo,,completar
Ejecución,componente,0.9757524537533226,0,5,2,58,0.0,0.034482758620689655,0,0,unigrama_conservado_en_csv_completo,,componente
Ejecución,comportamiento,0.9757524537533226,0,5,2,58,0.0,0.034482758620689655,0,0,unigrama_conservado_en_csv_completo,,comportamiento
Ejecución,comportamiento etico,0.9757524537533226,0,5,2,58,0.0,0.034482758620689655,0,0,soporte_insuficiente_en_clase,,comportamiento ético
Ejecución,comprende,0.9757524537533226,0,5,2,58,0.0,0.034482758620689655,0,0,unigrama_conservado_en_csv_completo,,comprende
Ejecución,comprender,0.9757524537533226,0,5,2,58,0.0,0.034482758620689655,0,0,unigrama_conservado_en_csv_completo,,comprender
Ejecución,comprometida,0.4903256265830809,0,5,3,58,0.0,0.05172413793103448,0,0,unigrama_conservado_en_csv_completo,,comprometida
Ejecución,comprometido,1.4232114307245438,1,5,5,58,0.2,0.08620689655172414,1,1,unigrama_conservado_en_csv_completo,,comprometido
Ejecución,compromiso,0.12775554719837268,1,5,13,58,0.2,0.22413793103448276,1,1,unigrama_conservado_en_csv_completo,,compromiso
Ejecución,compromiso con la calidad,0.9757524537533226,0,5,2,58,0.0,0.034482758620689655,0,0,soporte_insuficiente_en_clase,,compromiso con la calidad
Ejecución,compromiso etico,-0.1617510699966122,0,5,5,58,0.0,0.08620689655172414,0,0,soporte_insuficiente_en_clase,,compromiso ético
Ejecución,compromiso social,2.560714954474479,1,5,2,58,0.2,0.034482758620689655,1,1,soporte_insuficiente_en_clase,,compromiso social
Ejecución,computacion,0.819633251836041,3,5,19,58,0.6,0.3275862068965517,3,3,unigrama_conservado_en_csv_completo,,computación
Ejecución,computacionales,0.23878685958711676,1,5,12,58,0.2,0.20689655172413793,1,1,unigrama_conservado_en_csv_completo,,computacionales
Ejecución,computadores,0.9757524537533226,0,5,2,58,0.0,0.034482758620689655,0,0,unigrama_conservado_en_csv_completo,,computadores
Ejecución,computo,0.9757524537533226,0,5,2,58,0.0,0.034482758620689655,0,0,unigrama_conservado_en_csv_completo,,cómputo
Ejecución,comun,-0.7897822926096545,0,5,8,58,0.0,0.13793103448275862,0,0,unigrama_conservado_en_csv_completo,,común
Ejecución,comunica,0.4903256265830809,0,5,3,58,0.0,0.05172413793103448,0,0,unigrama_conservado_en_csv_completo,,comunica
Ejecución,comunica de manera,0.9757524537533226,0,5,2,58,0.0,0.034482758620689655,0,0,soporte_insuficiente_en_clase,,comunica de manera
Ejecución,comunicacion,-0.6719458023157961,1,5,23,58,0.2,0.39655172413793105,1,1,unigrama_conservado_en_csv_completo,,comunicación
Ejecución,comunicacion efectiva,-0.9502469648029003,0,5,9,58,0.0,0.15517241379310345,0,0,soporte_insuficiente_en_clase,,comunicación efectiva
Ejecución,comunicaciones,-0.9502469648029003,0,5,9,58,0.0,0.15517241379310345,0,0,unigrama_conservado_en_csv_completo,,comunicaciones
Ejecución,comunicaciones junto,0.9757524537533226,0,5,2,58,0.0,0.034482758620689655,0,0,soporte_insuficiente_en_clase,,comunicaciones junto
Ejecución,comunicar,2.560714954474479,1,5,2,58,0.2,0.034482758620689655,1,1,unigrama_conservado_en_csv_completo,,comunicar
Ejecución,comunicar ideas,3.297680548640685,1,5,1,58,0.2,0.017241379310344827,1,1,soporte_insuficiente_en_clase,,comunicar ideas
Ejecución,comunicarse,-0.7897822926096545,0,5,8,58,0.0,0.13793103448275862,0,0,unigrama_conservado_en_csv_completo,,comunicarse
Ejecución,comunicarse efectivamente,0.12775554719837268,0,5,4,58,0.0,0.06896551724137931,0,0,soporte_insuficiente_en_clase,,comunicarse efectivamente
Ejecución,comunicarse efectivamente en forma,0.9757524537533226,0,5,2,58,0.0,0.034482758620689655,0,0,soporte_insuficiente_en_clase,,comunicarse efectivamente en forma
Ejecución,comunidad,4.034646142806891,2,5,1,58,0.4,0.017241379310344827,2,2,unigrama_conservado_en_csv_completo,,comunidad
Ejecución,concebir,1.4232114307245438,1,5,5,58,0.2,0.08620689655172414,1,1,unigrama_conservado_en_csv_completo,,concebir
Ejecución,conceptos,0.9757524537533226,0,5,2,58,0.0,0.034482758620689655,0,0,unigrama_conservado_en_csv_completo,,conceptos
Ejecución,concibe,0.9757524537533226,0,5,2,58,0.0,0.034482758620689655,0,0,unigrama_conservado_en_csv_completo,,concibe
Ejecución,confidencialidad,0.9757524537533226,0,5,2,58,0.0,0.034482758620689655,0,0,unigrama_conservado_en_csv_completo,,confidencialidad
Ejecución,configuracion,0.9757524537533226,0,5,2,58,0.0,0.034482758620689655,0,0,unigrama_conservado_en_csv_completo,,configuración
Ejecución,conforme,0.9757524537533226,0,5,2,58,0.0,0.034482758620689655,0,0,unigrama_conservado_en_csv_completo,,conforme
Ejecución,conjunto,0.9757524537533226,0,5,2,58,0.0,0.034482758620689655,0,0,unigrama_conservado_en_csv_completo,,conjunto
Ejecución,conocimiento,-0.6092100469678334,0,5,7,58,0.0,0.1206896551724138,0,0,unigrama_conservado_en_csv_completo,,conocimiento
Ejecución,conocimientos,0.7396850955197982,4,5,26,58,0.8,0.4482758620689655,3,3,unigrama_conservado_en_csv_completo,,conocimientos
Ejecución,consciente,0.9757524537533226,0,5,2,58,0.0,0.034482758620689655,0,0,unigrama_conservado_en_csv_completo,,consciente
Ejecución,considera,0.9757524537533226,0,5,2,58,0.0,0.034482758620689655,0,0,unigrama_conservado_en_csv_completo,,considera
Ejecución,consideracion,0.9757524537533226,0,5,2,58,0.0,0.034482758620689655,0,0,unigrama_conservado_en_csv_completo,,consideración
Ejecución,consideran,0.9757524537533226,0,5,2,58,0.0,0.034482758620689655,0,0,unigrama_conservado_en_csv_completo,,consideran
Ejecución,consideran las arquitecturas,0.9757524537533226,0,5,2,58,0.0,0.034482758620689655,0,0,soporte_insuficiente_en_clase,,consideran las arquitecturas
Ejecución,consideran las arquitecturas ti,0.9757524537533226,0,5,2,58,0.0,0.034482758620689655,0,0,soporte_insuficiente_en_clase,,consideran las arquitecturas ti
Ejecución,considerando,-1.3461756411340398,0,5,12,58,0.0,0.20689655172413793,0,0,unigrama_conservado_en_csv_completo,,considerando
Ejecución,considerando aspectos,0.9757524537533226,0,5,2,58,0.0,0.034482758620689655,0,0,soporte_insuficiente_en_clase,,considerando aspectos
Ejecución,considerando criterios,0.9757524537533226,0,5,2,58,0.0,0.034482758620689655,0,0,soporte_insuficiente_en_clase,,considerando criterios
Ejecución,considerando criterios de seguridad,0.9757524537533226,0,5,2,58,0.0,0.034482758620689655,0,0,soporte_insuficiente_en_clase,,considerando criterios de seguridad
Ejecución,considerando el impacto,0.9757524537533226,0,5,2,58,0.0,0.034482758620689655,0,0,soporte_insuficiente_en_clase,,considerando el impacto
Ejecución,constante,-0.6092100469678334,0,5,7,58,0.0,0.1206896551724138,0,0,unigrama_conservado_en_csv_completo,,constante
Ejecución,constante actualizacion,0.9757524537533226,0,5,2,58,0.0,0.034482758620689655,0,0,soporte_insuficiente_en_clase,,constante actualización
Ejecución,constante evolucion,0.4903256265830809,0,5,3,58,0.0,0.05172413793103448,0,0,soporte_insuficiente_en_clase,,constante evolución
Ejecución,construir,1.4232114307245438,1,5,5,58,0.2,0.08620689655172414,1,1,unigrama_conservado_en_csv_completo,,construir
Ejecución,consultor,-0.6092100469678334,0,5,7,58,0.0,0.1206896551724138,0,0,unigrama_conservado_en_csv_completo,,consultor
Ejecución,consultor empresarial,0.9757524537533226,0,5,2,58,0.0,0.034482758620689655,0,0,soporte_insuficiente_en_clase,,consultor empresarial
Ejecución,consultor empresarial de sistemas,0.9757524537533226,0,5,2,58,0.0,0.034482758620689655,0,0,soporte_insuficiente_en_clase,,consultor empresarial de sistemas
Ejecución,consultoria,0.4903256265830809,0,5,3,58,0.0,0.05172413793103448,0,0,unigrama_conservado_en_csv_completo,,consultoría
Ejecución,contara,0.9757524537533226,0,5,2,58,0.0,0.034482758620689655,0,0,unigrama_conservado_en_csv_completo,,contará
Ejecución,contexto,-1.5603004464868873,0,5,14,58,0.0,0.2413793103448276,0,0,unigrama_conservado_en_csv_completo,,contexto
Ejecución,contexto global,0.4903256265830809,0,5,3,58,0.0,0.05172413793103448,0,0,soporte_insuficiente_en_clase,,contexto global
Ejecución,contexto social,0.9757524537533226,0,5,2,58,0.0,0.034482758620689655,0,0,soporte_insuficiente_en_clase,,contexto social
Ejecución,contextos,-0.07155326102503405,1,5,15,58,0.2,0.25862068965517243,1,1,unigrama_conservado_en_csv_completo,,contextos
Ejecución,contextos organizacionales,0.4903256265830809,0,5,3,58,0.0,0.05172413793103448,0,0,soporte_insuficiente_en_clase,,contextos organizacionales
Ejecución,continua,-0.9502469648029003,0,5,9,58,0.0,0.15517241379310345,0,0,unigrama_conservado_en_csv_completo,,continua
Ejecución,continuar,0.4903256265830809,0,5,3,58,0.0,0.05172413793103448,0,0,unigrama_conservado_en_csv_completo,,continuar
Ejecución,continuar estudios,0.9757524537533226,0,5,2,58,0.0,0.034482758620689655,0,0,soporte_insuficiente_en_clase,,continuar estudios
Ejecución,contribucion,0.9757524537533226,0,5,2,58,0.0,0.034482758620689655,0,0,unigrama_conservado_en_csv_completo,,contribución
Ejecución,contribuir,-0.6092100469678334,0,5,7,58,0.0,0.1206896551724138,0,0,unigrama_conservado_en_csv_completo,,contribuir
Ejecución,contribuya,0.9757524537533226,0,5,2,58,0.0,0.034482758620689655,0,0,unigrama_conservado_en_csv_completo,,contribuya
Ejecución,coquimbo,0.9757524537533226,0,5,2,58,0.0,0.034482758620689655,0,0,unigrama_conservado_en_csv_completo,,coquimbo
Ejecución,cosas,0.9757524537533226,0,5,2,58,0.0,0.034482758620689655,0,0,unigrama_conservado_en_csv_completo,,cosas
Ejecución,creacion,0.12775554719837268,0,5,4,58,0.0,0.06896551724137931,0,0,unigrama_conservado_en_csv_completo,,creación
Ejecución,crear,-0.6092100469678334,0,5,7,58,0.0,0.1206896551724138,0,0,unigrama_conservado_en_csv_completo,,crear
Ejecución,crear valor,0.9757524537533226,0,5,2,58,0.0,0.034482758620689655,0,0,soporte_insuficiente_en_clase,,crear valor
Ejecución,creativas,0.9757524537533226,0,5,2,58,0.0,0.034482758620689655,0,0,unigrama_conservado_en_csv_completo,,creativas
Ejecución,creatividad,0.9757524537533226,0,5,2,58,0.0,0.034482758620689655,0,0,unigrama_conservado_en_csv_completo,,creatividad
Ejecución,criterios,0.9757524537533229,1,5,7,58,0.2,0.1206896551724138,1,1,unigrama_conservado_en_csv_completo,,criterios
Ejecución,criterios de calidad,2.560714954474479,1,5,2,58,0.2,0.034482758620689655,1,1,soporte_insuficiente_en_clase,,criterios de calidad
Ejecución,criterios de seguridad,0.4903256265830809,0,5,3,58,0.0,0.05172413793103448,0,0,soporte_insuficiente_en_clase,,criterios de seguridad
Ejecución,critico,0.6347155359182559,1,5,9,58,0.2,0.15517241379310345,1,1,unigrama_conservado_en_csv_completo,,crítico
Ejecución,cuenta,-0.7897822926096545,0,5,8,58,0.0,0.13793103448275862,0,0,unigrama_conservado_en_csv_completo,,cuenta
Ejecución,cuerpo,0.4903256265830809,0,5,3,58,0.0,0.05172413793103448,0,0,unigrama_conservado_en_csv_completo,,cuerpo
Ejecución,cuerpo docente,0.9757524537533226,0,5,2,58,0.0,0.034482758620689655,0,0,soporte_insuficiente_en_clase,,cuerpo docente
Ejecución,cuidado,0.9757524537533226,0,5,2,58,0.0,0.034482758620689655,0,0,unigrama_conservado_en_csv_completo,,cuidado
Ejecución,cultura,-0.1617510699966122,0,5,5,58,0.0,0.08620689655172414,0,0,unigrama_conservado_en_csv_completo,,cultura
Ejecución,cultural,0.9757524537533226,0,5,2,58,0.0,0.034482758620689655,0,0,unigrama_conservado_en_csv_completo,,cultural
Ejecución,cumpliendo,0.4903256265830809,0,5,3,58,0.0,0.05172413793103448,0,0,unigrama_conservado_en_csv_completo,,cumpliendo
Ejecución,cumplimiento,0.12775554719837268,0,5,4,58,0.0,0.06896551724137931,0,0,unigrama_conservado_en_csv_completo,,cumplimiento
Ejecución,cumplimiento de los objetivos,0.9757524537533226,0,5,2,58,0.0,0.034482758620689655,0,0,soporte_insuficiente_en_clase,,cumplimiento de los objetivos
Ejecución,curricular,0.9757524537533226,0,5,2,58,0.0,0.034482758620689655,0,0,unigrama_conservado_en_csv_completo,,curricular
Ejecución,curriculum,0.9757524537533226,0,5,2,58,0.0,0.034482758620689655,0,0,unigrama_conservado_en_csv_completo,,curriculum
Ejecución,cursos,0.9757524537533226,0,5,2,58,0.0,0.034482758620689655,0,0,unigrama_conservado_en_csv_completo,,cursos
Ejecución,dando,3.297680548640685,1,5,1,58,0.2,0.017241379310344827,1,1,unigrama_conservado_en_csv_completo,,dando
Ejecución,dar,0.12775554719837268,0,5,4,58,0.0,0.06896551724137931,0,0,unigrama_conservado_en_csv_completo,,dar
Ejecución,datos,0.12775554719837268,3,5,31,58,0.6,0.5344827586206896,2,2,unigrama_conservado_en_csv_completo,,datos
Ejecución,decisiones,-0.2466399675831252,1,5,17,58,0.2,0.29310344827586204,1,1,unigrama_conservado_en_csv_completo,,decisiones
Ejecución,decisiones en las organizaciones,3.297680548640685,1,5,1,58,0.2,0.017241379310344827,1,1,soporte_insuficiente_en_clase,,decisiones en las organizaciones
Ejecución,decisiones estrategicas,0.9757524537533226,0,5,2,58,0.0,0.034482758620689655,0,0,soporte_insuficiente_en_clase,,decisiones estratégicas
Ejecución,definidos,0.9757524537533226,0,5,2,58,0.0,0.034482758620689655,0,0,unigrama_conservado_en_csv_completo,,definidos
Ejecución,demandas,0.4903256265830809,0,5,3,58,0.0,0.05172413793103448,0,0,unigrama_conservado_en_csv_completo,,demandas
Ejecución,demandas del entorno,0.9757524537533226,0,5,2,58,0.0,0.034482758620689655,0,0,soporte_insuficiente_en_clase,,demandas del entorno
Ejecución,demas,0.9757524537533226,0,5,2,58,0.0,0.034482758620689655,0,0,unigrama_conservado_en_csv_completo,,demás
Ejecución,democraticos,0.9757524537533226,0,5,2,58,0.0,0.034482758620689655,0,0,unigrama_conservado_en_csv_completo,,democráticos
Ejecución,demostrando,2.0752881273042374,1,5,3,58,0.2,0.05172413793103448,1,1,unigrama_conservado_en_csv_completo,,demostrando
Ejecución,demostrar,2.560714954474479,1,5,2,58,0.2,0.034482758620689655,1,1,unigrama_conservado_en_csv_completo,,demostrar
Ejecución,den,0.9757524537533226,0,5,2,58,0.0,0.034482758620689655,0,0,unigrama_conservado_en_csv_completo,,den
Ejecución,dentro,0.4903256265830809,0,5,3,58,0.0,0.05172413793103448,0,0,unigrama_conservado_en_csv_completo,,dentro
Ejecución,departamento,0.4903256265830809,0,5,3,58,0.0,0.05172413793103448,0,0,unigrama_conservado_en_csv_completo,,departamento
Ejecución,derechos,3.297680548640685,1,5,1,58,0.2,0.017241379310344827,1,1,unigrama_conservado_en_csv_completo,,derechos
Ejecución,derechos humanos,3.297680548640685,1,5,1,58,0.2,0.017241379310344827,1,1,soporte_insuficiente_en_clase,,derechos humanos
Ejecución,desafios,-0.9502469648029003,0,5,9,58,0.0,0.15517241379310345,0,0,unigrama_conservado_en_csv_completo,,desafíos
Ejecución,desafios tecnologicos,0.9757524537533226,0,5,2,58,0.0,0.034482758620689655,0,0,soporte_insuficiente_en_clase,,desafíos tecnológicos
Ejecución,desarrolla,-1.225881407416328,0,5,11,58,0.0,0.1896551724137931,0,0,unigrama_conservado_en_csv_completo,,desarrolla
Ejecución,desarrolla habilidades,0.9757524537533226,0,5,2,58,0.0,0.034482758620689655,0,0,soporte_insuficiente_en_clase,,desarrolla habilidades
Ejecución,desarrolla habilidades para identificar,0.9757524537533226,0,5,2,58,0.0,0.034482758620689655,0,0,soporte_insuficiente_en_clase,,desarrolla habilidades para identificar
Ejecución,desarrollados,0.9757524537533226,0,5,2,58,0.0,0.034482758620689655,0,0,unigrama_conservado_en_csv_completo,,desarrollados
Ejecución,desarrollan,0.9757524537533226,0,5,2,58,0.0,0.034482758620689655,0,0,unigrama_conservado_en_csv_completo,,desarrollan
Ejecución,desarrollando,0.9757524537533226,0,5,2,58,0.0,0.034482758620689655,0,0,unigrama_conservado_en_csv_completo,,desarrollando
Ejecución,desarrollar,-0.732066794753367,1,5,24,58,0.2,0.41379310344827586,1,1,unigrama_conservado_en_csv_completo,,desarrollar
Ejecución,desarrollar iniciativas,0.9757524537533226,0,5,2,58,0.0,0.034482758620689655,0,0,soporte_insuficiente_en_clase,,desarrollar iniciativas
Ejecución,desarrollar proyectos,-0.1617510699966122,0,5,5,58,0.0,0.08620689655172414,0,0,soporte_insuficiente_en_clase,,desarrollar proyectos
Ejecución,desarrollar proyectos de software,0.9757524537533226,0,5,2,58,0.0,0.034482758620689655,0,0,soporte_insuficiente_en_clase,,desarrollar proyectos de software
Ejecución,desarrollar soluciones,-0.6092100469678334,0,5,7,58,0.0,0.1206896551724138,0,0,soporte_insuficiente_en_clase,,desarrollar soluciones
Ejecución,desarrollar soluciones tecnologicas,0.9757524537533226,0,5,2,58,0.0,0.034482758620689655,0,0,soporte_insuficiente_en_clase,,desarrollar soluciones tecnológicas
Ejecución,desarrollo,-0.003488986079879724,3,5,34,58,0.6,0.5862068965517241,2,2,unigrama_conservado_en_csv_completo,,desarrollo
Ejecución,desarrollo de soluciones,0.12775554719837268,0,5,4,58,0.0,0.06896551724137931,0,0,soporte_insuficiente_en_clase,,desarrollo de soluciones
Ejecución,desarrollo del pais,0.9757524537533226,0,5,2,58,0.0,0.034482758620689655,0,0,soporte_insuficiente_en_clase,,desarrollo del país
Ejecución,desarrollo permanente,0.9757524537533226,0,5,2,58,0.0,0.034482758620689655,0,0,soporte_insuficiente_en_clase,,desarrollo permanente
Ejecución,desarrollo profesional,0.9757524537533226,0,5,2,58,0.0,0.034482758620689655,0,0,soporte_insuficiente_en_clase,,desarrollo profesional
Ejecución,desarrollo sostenible,-0.1617510699966122,0,5,5,58,0.0,0.08620689655172414,0,0,soporte_insuficiente_en_clase,,desarrollo sostenible
Ejecución,desarrollo sustentable,0.4903256265830809,0,5,3,58,0.0,0.05172413793103448,0,0,soporte_insuficiente_en_clase,,desarrollo sustentable
Ejecución,desarrollo tecnologico,0.9757524537533226,0,5,2,58,0.0,0.034482758620689655,0,0,soporte_insuficiente_en_clase,,desarrollo tecnológico
Ejecución,descripcion,0.4903256265830809,0,5,3,58,0.0,0.05172413793103448,0,0,unigrama_conservado_en_csv_completo,,descripción
Ejecución,desempenar,0.9757524537533226,0,5,2,58,0.0,0.034482758620689655,0,0,unigrama_conservado_en_csv_completo,,desempeñar
Ejecución,desempenarse,-1.6565157617461903,0,5,15,58,0.0,0.25862068965517243,0,0,unigrama_conservado_en_csv_completo,,desempeñarse
Ejecución,desempenarse en instituciones,0.9757524537533226,0,5,2,58,0.0,0.034482758620689655,0,0,soporte_insuficiente_en_clase,,desempeñarse en instituciones
Ejecución,desempenarse en organizaciones,0.9757524537533226,0,5,2,58,0.0,0.034482758620689655,0,0,soporte_insuficiente_en_clase,,desempeñarse en organizaciones
Ejecución,desempenarse profesionalmente,0.9757524537533226,0,5,2,58,0.0,0.034482758620689655,0,0,soporte_insuficiente_en_clase,,desempeñarse profesionalmente
Ejecución,desempenarse profesionalmente en forma,0.9757524537533226,0,5,2,58,0.0,0.034482758620689655,0,0,soporte_insuficiente_en_clase,,desempeñarse profesionalmente en forma
Ejecución,desempeno,-1.225881407416328,0,5,11,58,0.0,0.1896551724137931,0,0,unigrama_conservado_en_csv_completo,,desempeño
Ejecución,desempeno laboral,0.9757524537533226,0,5,2,58,0.0,0.034482758620689655,0,0,soporte_insuficiente_en_clase,,desempeño laboral
Ejecución,desempeno profesional,0.9757524537533226,0,5,2,58,0.0,0.034482758620689655,0,0,soporte_insuficiente_en_clase,,desempeño profesional
Ejecución,desplegar,0.9757524537533226,0,5,2,58,0.0,0.034482758620689655,0,0,unigrama_conservado_en_csv_completo,,desplegar
Ejecución,destaca,0.4903256265830809,0,5,3,58,0.0,0.05172413793103448,0,0,unigrama_conservado_en_csv_completo,,destaca
Ejecución,destrezas,0.9757524537533226,0,5,2,58,0.0,0.034482758620689655,0,0,unigrama_conservado_en_csv_completo,,destrezas
Ejecución,diagnosticar,2.560714954474479,1,5,2,58,0.2,0.034482758620689655,1,1,unigrama_conservado_en_csv_completo,,diagnosticar
Ejecución,dichos,0.9757524537533226,0,5,2,58,0.0,0.034482758620689655,0,0,unigrama_conservado_en_csv_completo,,dichos
Ejecución,diferenciador,0.9757524537533226,0,5,2,58,0.0,0.034482758620689655,0,0,unigrama_conservado_en_csv_completo,,diferenciador
Ejecución,diferencias,0.9757524537533226,0,5,2,58,0.0,0.034482758620689655,0,0,unigrama_conservado_en_csv_completo,,diferencias
Ejecución,diferentes,-0.1617510699966122,0,5,5,58,0.0,0.08620689655172414,0,0,unigrama_conservado_en_csv_completo,,diferentes
Ejecución,diferentes contextos,0.9757524537533226,0,5,2,58,0.0,0.034482758620689655,0,0,soporte_insuficiente_en_clase,,diferentes contextos
Ejecución,digital,-1.225881407416328,0,5,11,58,0.0,0.1896551724137931,0,0,unigrama_conservado_en_csv_completo,,digital
Ejecución,digitales,1.532145802277708,2,5,8,58,0.4,0.13793103448275862,1,1,unigrama_conservado_en_csv_completo,,digitales
Ejecución,dinamicos,0.9757524537533226,0,5,2,58,0.0,0.034482758620689655,0,0,unigrama_conservado_en_csv_completo,,dinámicos
Ejecución,direccion,0.9757524537533226,0,5,2,58,0.0,0.034482758620689655,0,0,unigrama_conservado_en_csv_completo,,dirección
Ejecución,director,0.9757524537533226,0,5,2,58,0.0,0.034482758620689655,0,0,unigrama_conservado_en_csv_completo,,director
Ejecución,director de proyectos,0.9757524537533226,0,5,2,58,0.0,0.034482758620689655,0,0,soporte_insuficiente_en_clase,,director de proyectos
Ejecución,disciplina,-0.9502469648029003,0,5,9,58,0.0,0.15517241379310345,0,0,unigrama_conservado_en_csv_completo,,disciplina
Ejecución,disciplinar,-0.1617510699966122,0,5,5,58,0.0,0.08620689655172414,0,0,unigrama_conservado_en_csv_completo,,disciplinar
Ejecución,disciplinares,3.297680548640685,2,5,2,58,0.4,0.034482758620689655,2,2,unigrama_conservado_en_csv_completo,,disciplinares
Ejecución,disena,-0.40275916950040713,0,5,6,58,0.0,0.10344827586206896,0,0,unigrama_conservado_en_csv_completo,,diseña
Ejecución,disena soluciones,0.9757524537533226,0,5,2,58,0.0,0.034482758620689655,0,0,soporte_insuficiente_en_clase,,diseña soluciones
Ejecución,disenan,0.9757524537533226,0,5,2,58,0.0,0.034482758620689655,0,0,unigrama_conservado_en_csv_completo,,diseñan
Ejecución,disenar,0.7474834660802055,3,5,20,58,0.6,0.3448275862068966,3,3,unigrama_conservado_en_csv_completo,,diseñar
Ejecución,disenar sistemas,0.9757524537533226,0,5,2,58,0.0,0.034482758620689655,0,0,soporte_insuficiente_en_clase,,diseñar sistemas
Ejecución,diseno,1.247054475570717,3,5,14,58,0.6,0.2413793103448276,2,2,unigrama_conservado_en_csv_completo,,diseño
Ejecución,disponibles,0.9757524537533226,0,5,2,58,0.0,0.034482758620689655,0,0,unigrama_conservado_en_csv_completo,,disponibles
Ejecución,disposicion,0.4903256265830809,0,5,3,58,0.0,0.05172413793103448,0,0,unigrama_conservado_en_csv_completo,,disposición
Ejecución,dispositivos,0.9757524537533226,0,5,2,58,0.0,0.034482758620689655,0,0,unigrama_conservado_en_csv_completo,,dispositivos
Ejecución,distingue,2.560714954474479,1,5,2,58,0.2,0.034482758620689655,1,1,unigrama_conservado_en_csv_completo,,distingue
Ejecución,distintas areas,0.9757524537533226,0,5,2,58,0.0,0.034482758620689655,0,0,soporte_insuficiente_en_clase,,distintas áreas
Ejecución,distintas organizaciones,0.9757524537533226,0,5,2,58,0.0,0.034482758620689655,0,0,soporte_insuficiente_en_clase,,distintas organizaciones
Ejecución,distintivo,0.4903256265830809,0,5,3,58,0.0,0.05172413793103448,0,0,unigrama_conservado_en_csv_completo,,distintivo
Ejecución,docente,0.4903256265830809,0,5,3,58,0.0,0.05172413793103448,0,0,unigrama_conservado_en_csv_completo,,docente
Ejecución,domina,0.9757524537533226,0,5,2,58,0.0,0.034482758620689655,0,0,unigrama_conservado_en_csv_completo,,domina
Ejecución,dominio,0.9757524537533226,0,5,2,58,0.0,0.034482758620689655,0,0,unigrama_conservado_en_csv_completo,,dominio
Ejecución,duoc,0.9757524537533226,0,5,2,58,0.0,0.034482758620689655,0,0,unigrama_conservado_en_csv_completo,,duoc
Ejecución,duracion,0.12775554719837268,0,5,4,58,0.0,0.06896551724137931,0,0,unigrama_conservado_en_csv_completo,,duración
Ejecución,economico,-0.40275916950040713,0,5,6,58,0.0,0.10344827586206896,0,0,unigrama_conservado_en_csv_completo,,económico
Ejecución,economicos,0.12775554719837268,0,5,4,58,0.0,0.06896551724137931,0,0,unigrama_conservado_en_csv_completo,,económicos
Ejecución,educacion,0.12775554719837268,0,5,4,58,0.0,0.06896551724137931,0,0,unigrama_conservado_en_csv_completo,,educación
Ejecución,efectiva,-1.4572069535227836,0,5,13,58,0.0,0.22413793103448276,0,0,unigrama_conservado_en_csv_completo,,efectiva
Ejecución,efectivamente,-0.1617510699966122,0,5,5,58,0.0,0.08620689655172414,0,0,unigrama_conservado_en_csv_completo,,efectivamente
Ejecución,efectivamente en forma,0.9757524537533226,0,5,2,58,0.0,0.034482758620689655,0,0,soporte_insuficiente_en_clase,,efectivamente en forma
Ejecución,efectivamente en forma oral,0.9757524537533226,0,5,2,58,0.0,0.034482758620689655,0,0,soporte_insuficiente_en_clase,,efectivamente en forma oral
Ejecución,efectivas,3.297680548640685,1,5,1,58,0.2,0.017241379310344827,1,1,unigrama_conservado_en_csv_completo,,efectivas
Ejecución,eficacia,0.9757524537533226,0,5,2,58,0.0,0.034482758620689655,0,0,unigrama_conservado_en_csv_completo,,eficacia
Ejecución,eficiencia,0.02466205423426903,1,5,14,58,0.2,0.2413793103448276,1,1,unigrama_conservado_en_csv_completo,,eficiencia
Ejecución,eficiencia operativa,0.9757524537533226,0,5,2,58,0.0,0.034482758620689655,0,0,soporte_insuficiente_en_clase,,eficiencia operativa
Ejecución,eficientes,0.9757524537533229,1,5,7,58,0.2,0.1206896551724138,1,1,unigrama_conservado_en_csv_completo,,eficientes
Ejecución,eficientes de software,0.9757524537533226,0,5,2,58,0.0,0.034482758620689655,0,0,soporte_insuficiente_en_clase,,eficientes de software
Ejecución,egresan,0.9757524537533226,0,5,2,58,0.0,0.034482758620689655,0,0,unigrama_conservado_en_csv_completo,,egresan
Ejecución,egreso,-0.07155326102503405,1,5,15,58,0.2,0.25862068965517243,1,1,unigrama_conservado_en_csv_completo,,egreso
Ejecución,egreso competencias,0.9757524537533226,0,5,2,58,0.0,0.034482758620689655,0,0,soporte_insuficiente_en_clase,,egreso competencias
Ejecución,ejecutar,2.0752881273042374,1,5,3,58,0.2,0.05172413793103448,1,1,unigrama_conservado_en_csv_completo,,ejecutar
Ejecución,ejecutar proyectos,2.560714954474479,1,5,2,58,0.2,0.034482758620689655,1,1,soporte_insuficiente_en_clase,,ejecutar proyectos
Ejecución,ejecutivos,0.4903256265830809,0,5,3,58,0.0,0.05172413793103448,0,0,unigrama_conservado_en_csv_completo,,ejecutivos
Ejecución,ejercicio,-0.1617510699966122,0,5,5,58,0.0,0.08620689655172414,0,0,unigrama_conservado_en_csv_completo,,ejercicio
Ejecución,ejercicio profesional,0.4903256265830809,0,5,3,58,0.0,0.05172413793103448,0,0,soporte_insuficiente_en_clase,,ejercicio profesional
Ejecución,elementos,0.9757524537533226,0,5,2,58,0.0,0.034482758620689655,0,0,unigrama_conservado_en_csv_completo,,elementos
Ejecución,ello,-0.40275916950040713,0,5,6,58,0.0,0.10344827586206896,0,0,unigrama_conservado_en_csv_completo,,ello
Ejecución,emergentes,0.9757524537533229,1,5,7,58,0.2,0.1206896551724138,1,1,unigrama_conservado_en_csv_completo,,emergentes
Ejecución,empleabilidad,0.9757524537533226,0,5,2,58,0.0,0.034482758620689655,0,0,unigrama_conservado_en_csv_completo,,empleabilidad
Ejecución,emprendedor,0.4903256265830809,0,5,3,58,0.0,0.05172413793103448,0,0,unigrama_conservado_en_csv_completo,,emprendedor
Ejecución,emprendedora,-0.1617510699966122,0,5,5,58,0.0,0.08620689655172414,0,0,unigrama_conservado_en_csv_completo,,emprendedora
Ejecución,emprender,-0.1617510699966122,0,5,5,58,0.0,0.08620689655172414,0,0,unigrama_conservado_en_csv_completo,,emprender
Ejecución,emprendimiento,-1.225881407416328,0,5,11,58,0.0,0.1896551724137931,0,0,unigrama_conservado_en_csv_completo,,emprendimiento
Ejecución,emprendimientos,-0.40275916950040713,0,5,6,58,0.0,0.10344827586206896,0,0,unigrama_conservado_en_csv_completo,,emprendimientos
Ejecución,emprendimientos basados,0.9757524537533226,0,5,2,58,0.0,0.034482758620689655,0,0,soporte_insuficiente_en_clase,,emprendimientos basados
Ejecución,empresa,0.4903256265830809,0,5,3,58,0.0,0.05172413793103448,0,0,unigrama_conservado_en_csv_completo,,empresa
Ejecución,empresarial,-0.1617510699966122,0,5,5,58,0.0,0.08620689655172414,0,0,unigrama_conservado_en_csv_completo,,empresarial
Ejecución,empresarial de sistemas,0.9757524537533226,0,5,2,58,0.0,0.034482758620689655,0,0,soporte_insuficiente_en_clase,,empresarial de sistemas
Ejecución,empresariales,0.9757524537533226,0,5,2,58,0.0,0.034482758620689655,0,0,unigrama_conservado_en_csv_completo,,empresariales
Ejecución,empresas,-1.225881407416328,0,5,11,58,0.0,0.1896551724137931,0,0,unigrama_conservado_en_csv_completo,,empresas
Ejecución,encuentra,4.034646142806891,2,5,1,58,0.4,0.017241379310344827,1,1,unigrama_conservado_en_csv_completo,,encuentra
Ejecución,encuentran,0.4903256265830809,0,5,3,58,0.0,0.05172413793103448,0,0,unigrama_conservado_en_csv_completo,,encuentran
Ejecución,enfasis,0.12775554719837268,0,5,4,58,0.0,0.06896551724137931,0,0,unigrama_conservado_en_csv_completo,,énfasis
Ejecución,enfasis en la eficiencia,0.9757524537533226,0,5,2,58,0.0,0.034482758620689655,0,0,soporte_insuficiente_en_clase,,énfasis en la eficiencia
Ejecución,enfocado,0.9757524537533226,0,5,2,58,0.0,0.034482758620689655,0,0,unigrama_conservado_en_csv_completo,,enfocado
Ejecución,enfoque,-1.0946368741380752,0,5,10,58,0.0,0.1724137931034483,0,0,unigrama_conservado_en_csv_completo,,enfoque
Ejecución,enfrentar,0.9757524537533226,0,5,2,58,0.0,0.034482758620689655,0,0,unigrama_conservado_en_csv_completo,,enfrentar
Ejecución,enfrentarse,0.9757524537533226,0,5,2,58,0.0,0.034482758620689655,0,0,unigrama_conservado_en_csv_completo,,enfrentarse
Ejecución,enlaces,0.9757524537533226,0,5,2,58,0.0,0.034482758620689655,0,0,unigrama_conservado_en_csv_completo,,enlaces
Ejecución,entorno,-1.0946368741380752,0,5,10,58,0.0,0.1724137931034483,0,0,unigrama_conservado_en_csv_completo,,entorno
Ejecución,entornos,-0.1617510699966122,0,5,5,58,0.0,0.08620689655172414,0,0,unigrama_conservado_en_csv_completo,,entornos
Ejecución,entregando,0.9757524537533226,0,5,2,58,0.0,0.034482758620689655,0,0,unigrama_conservado_en_csv_completo,,entregando
Ejecución,entregar,0.4903256265830809,0,5,3,58,0.0,0.05172413793103448,0,0,unigrama_conservado_en_csv_completo,,entregar
Ejecución,entregar soluciones,0.9757524537533226,0,5,2,58,0.0,0.034482758620689655,0,0,soporte_insuficiente_en_clase,,entregar soluciones
Ejecución,entrenamiento,0.9757524537533226,0,5,2,58,0.0,0.034482758620689655,0,0,unigrama_conservado_en_csv_completo,,entrenamiento
Ejecución,equipo,0.9757524537533229,1,5,7,58,0.2,0.1206896551724138,1,1,unigrama_conservado_en_csv_completo,,equipo
Ejecución,equipos,-1.1397247636666132,1,5,32,58,0.2,0.5517241379310345,1,1,unigrama_conservado_en_csv_completo,,equipos
Ejecución,equipos de desarrollo,0.9757524537533226,0,5,2,58,0.0,0.034482758620689655,0,0,soporte_insuficiente_en_clase,,equipos de desarrollo
Ejecución,equipos de trabajo,0.3590810933048283,1,5,11,58,0.2,0.1896551724137931,1,1,soporte_insuficiente_en_clase,,equipos de trabajo
Ejecución,equipos de trabajo interdisciplinarios,0.4903256265830809,0,5,3,58,0.0,0.05172413793103448,0,0,soporte_insuficiente_en_clase,,equipos de trabajo interdisciplinarios
Ejecución,equipos de trabajo multidisciplinarios,0.12775554719837268,0,5,4,58,0.0,0.06896551724137931,0,0,soporte_insuficiente_en_clase,,equipos de trabajo multidisciplinarios
Ejecución,equipos multi,0.9757524537533226,0,5,2,58,0.0,0.034482758620689655,0,0,soporte_insuficiente_en_clase,,equipos multi
Ejecución,equipos multidisciplinarios,-1.6565157617461903,0,5,15,58,0.0,0.25862068965517243,0,0,soporte_insuficiente_en_clase,,equipos multidisciplinarios
Ejecución,equitativa,0.9757524537533226,0,5,2,58,0.0,0.034482758620689655,0,0,unigrama_conservado_en_csv_completo,,equitativa
Ejecución,escenarios,2.560714954474479,1,5,2,58,0.2,0.034482758620689655,1,1,unigrama_conservado_en_csv_completo,,escenarios
Ejecución,escrita,-0.1617510699966122,0,5,5,58,0.0,0.08620689655172414,0,0,unigrama_conservado_en_csv_completo,,escrita
Ejecución,escuela,0.4903256265830809,0,5,3,58,0.0,0.05172413793103448,0,0,unigrama_conservado_en_csv_completo,,escuela
Ejecución,espanol,0.4903256265830809,0,5,3,58,0.0,0.05172413793103448,0,0,unigrama_conservado_en_csv_completo,,español
Ejecución,especialidad,1.4232114307245438,1,5,5,58,0.2,0.08620689655172414,1,1,unigrama_conservado_en_csv_completo,,especialidad
Ejecución,especializacion,0.12775554719837268,0,5,4,58,0.0,0.06896551724137931,0,0,unigrama_conservado_en_csv_completo,,especialización
Ejecución,especializados,0.4903256265830809,0,5,3,58,0.0,0.05172413793103448,0,0,unigrama_conservado_en_csv_completo,,especializados
Ejecución,especificas,0.4903256265830809,0,5,3,58,0.0,0.05172413793103448,0,0,unigrama_conservado_en_csv_completo,,específicas
Ejecución,espiritu,0.12775554719837268,0,5,4,58,0.0,0.06896551724137931,0,0,unigrama_conservado_en_csv_completo,,espíritu
Ejecución,espiritu critico,0.9757524537533226,0,5,2,58,0.0,0.034482758620689655,0,0,soporte_insuficiente_en_clase,,espíritu crítico
Ejecución,establecer,0.9757524537533226,0,5,2,58,0.0,0.034482758620689655,0,0,unigrama_conservado_en_csv_completo,,establecer
Ejecución,establecidos,0.4903256265830809,0,5,3,58,0.0,0.05172413793103448,0,0,unigrama_conservado_en_csv_completo,,establecidos
Ejecución,estan,0.9757524537533226,0,5,2,58,0.0,0.034482758620689655,0,0,unigrama_conservado_en_csv_completo,,están
Ejecución,estandares,0.3590810933048283,1,5,11,58,0.2,0.1896551724137931,1,1,unigrama_conservado_en_csv_completo,,estándares
Ejecución,estandares de calidad,-0.40275916950040713,0,5,6,58,0.0,0.10344827586206896,0,0,soporte_insuficiente_en_clase,,estándares de calidad
Ejecución,estar,0.9757524537533226,0,5,2,58,0.0,0.034482758620689655,0,0,unigrama_conservado_en_csv_completo,,estar
Ejecución,estar en constante,0.9757524537533226,0,5,2,58,0.0,0.034482758620689655,0,0,soporte_insuficiente_en_clase,,estar en constante
Ejecución,estar en constante actualizacion,0.9757524537533226,0,5,2,58,0.0,0.034482758620689655,0,0,soporte_insuficiente_en_clase,,estar en constante actualización
Ejecución,estara,0.9757524537533226,0,5,2,58,0.0,0.034482758620689655,0,0,unigrama_conservado_en_csv_completo,,estará
Ejecución,estara capacitado,0.9757524537533226,0,5,2,58,0.0,0.034482758620689655,0,0,soporte_insuficiente_en_clase,,estará capacitado
Ejecución,estrategia,0.12775554719837268,0,5,4,58,0.0,0.06896551724137931,0,0,unigrama_conservado_en_csv_completo,,estrategia
Ejecución,estrategia de la organizacion,0.9757524537533226,0,5,2,58,0.0,0.034482758620689655,0,0,soporte_insuficiente_en_clase,,estrategia de la organización
Ejecución,estrategias,1.7127180479195288,1,5,4,58,0.2,0.06896551724137931,1,1,unigrama_conservado_en_csv_completo,,estrategias
Ejecución,estrategica,0.9757524537533226,0,5,2,58,0.0,0.034482758620689655,0,0,unigrama_conservado_en_csv_completo,,estratégica
Ejecución,estrategicas,0.12775554719837268,0,5,4,58,0.0,0.06896551724137931,0,0,unigrama_conservado_en_csv_completo,,estratégicas
Ejecución,estrategico,0.12775554719837268,0,5,4,58,0.0,0.06896551724137931,0,0,unigrama_conservado_en_csv_completo,,estratégico
Ejecución,estrategicos,0.9757524537533226,0,5,2,58,0.0,0.034482758620689655,0,0,unigrama_conservado_en_csv_completo,,estratégicos
Ejecución,estudiantes,0.9757524537533226,0,5,2,58,0.0,0.034482758620689655,0,0,unigrama_conservado_en_csv_completo,,estudiantes
Ejecución,estudio,0.4903256265830809,0,5,3,58,0.0,0.05172413793103448,0,0,unigrama_conservado_en_csv_completo,,estudio
Ejecución,etapas,0.9757524537533226,0,5,2,58,0.0,0.034482758620689655,0,0,unigrama_conservado_en_csv_completo,,etapas
Ejecución,etapas del ciclo,0.9757524537533226,0,5,2,58,0.0,0.034482758620689655,0,0,soporte_insuficiente_en_clase,,etapas del ciclo
Ejecución,etica,0.4903256265830811,2,5,17,58,0.4,0.29310344827586204,2,2,unigrama_conservado_en_csv_completo,,ética
Ejecución,etica profesional,0.9757524537533226,0,5,2,58,0.0,0.034482758620689655,0,0,soporte_insuficiente_en_clase,,ética profesional
Ejecución,etico,-1.3461756411340398,0,5,12,58,0.0,0.20689655172413793,0,0,unigrama_conservado_en_csv_completo,,ético
Ejecución,eticos,-0.9502469648029003,0,5,9,58,0.0,0.15517241379310345,0,0,unigrama_conservado_en_csv_completo,,éticos
Ejecución,evalua,0.4903256265830809,0,5,3,58,0.0,0.05172413793103448,0,0,unigrama_conservado_en_csv_completo,,evalúa
Ejecución,evaluacion,-0.7897822926096545,0,5,8,58,0.0,0.13793103448275862,0,0,unigrama_conservado_en_csv_completo,,evaluación
Ejecución,evaluacion de proyectos,0.9757524537533226,0,5,2,58,0.0,0.034482758620689655,0,0,soporte_insuficiente_en_clase,,evaluación de proyectos
Ejecución,evaluacion de soluciones,0.9757524537533226,0,5,2,58,0.0,0.034482758620689655,0,0,soporte_insuficiente_en_clase,,evaluación de soluciones
Ejecución,evaluando,0.12775554719837268,0,5,4,58,0.0,0.06896551724137931,0,0,unigrama_conservado_en_csv_completo,,evaluando
Ejecución,evaluar,-1.225881407416328,0,5,11,58,0.0,0.1896551724137931,0,0,unigrama_conservado_en_csv_completo,,evaluar
Ejecución,evaluar proyectos,0.9757524537533226,0,5,2,58,0.0,0.034482758620689655,0,0,soporte_insuficiente_en_clase,,evaluar proyectos
Ejecución,evidencian,0.9757524537533226,0,5,2,58,0.0,0.034482758620689655,0,0,unigrama_conservado_en_csv_completo,,evidencian
Ejecución,evidenciando,0.9757524537533226,0,5,2,58,0.0,0.034482758620689655,0,0,unigrama_conservado_en_csv_completo,,evidenciando
Ejecución,evolucion,-0.9502469648029003,0,5,9,58,0.0,0.15517241379310345,0,0,unigrama_conservado_en_csv_completo,,evolución
Ejecución,excelencia,0.12775554719837268,0,5,4,58,0.0,0.06896551724137931,0,0,unigrama_conservado_en_csv_completo,,excelencia
Ejecución,exigencias,0.9757524537533226,0,5,2,58,0.0,0.034482758620689655,0,0,unigrama_conservado_en_csv_completo,,exigencias
Ejecución,experiencia,0.4903256265830809,0,5,3,58,0.0,0.05172413793103448,0,0,unigrama_conservado_en_csv_completo,,experiencia
Ejecución,experiencial,0.9757524537533226,0,5,2,58,0.0,0.034482758620689655,0,0,unigrama_conservado_en_csv_completo,,experiencial
Ejecución,extraer,-0.1617510699966122,0,5,5,58,0.0,0.08620689655172414,0,0,unigrama_conservado_en_csv_completo,,extraer
Ejecución,facilitar,0.9757524537533226,0,5,2,58,0.0,0.034482758620689655,0,0,unigrama_conservado_en_csv_completo,,facilitar
Ejecución,facultad,0.12775554719837268,0,5,4,58,0.0,0.06896551724137931,0,0,unigrama_conservado_en_csv_completo,,facultad
Ejecución,federico,0.9757524537533226,0,5,2,58,0.0,0.034482758620689655,0,0,unigrama_conservado_en_csv_completo,,federico
Ejecución,federico santa,0.9757524537533226,0,5,2,58,0.0,0.034482758620689655,0,0,soporte_insuficiente_en_clase,,federico santa
Ejecución,federico santa maria,0.9757524537533226,0,5,2,58,0.0,0.034482758620689655,0,0,soporte_insuficiente_en_clase,,federico santa maría
Ejecución,fin,-0.6092100469678334,0,5,7,58,0.0,0.1206896551724138,0,0,unigrama_conservado_en_csv_completo,,fin
Ejecución,finalidad,0.9757524537533226,0,5,2,58,0.0,0.034482758620689655,0,0,unigrama_conservado_en_csv_completo,,finalidad
Ejecución,financieros,0.9757524537533226,0,5,2,58,0.0,0.034482758620689655,0,0,unigrama_conservado_en_csv_completo,,financieros
Ejecución,fisica,0.9757524537533226,0,5,2,58,0.0,0.034482758620689655,0,0,unigrama_conservado_en_csv_completo,,física
Ejecución,flexiblemente,0.9757524537533226,0,5,2,58,0.0,0.034482758620689655,0,0,unigrama_conservado_en_csv_completo,,flexiblemente
Ejecución,fomentando,0.9757524537533226,0,5,2,58,0.0,0.034482758620689655,0,0,unigrama_conservado_en_csv_completo,,fomentando
Ejecución,forma,-2.256908303036952,0,5,23,58,0.0,0.39655172413793105,0,0,unigrama_conservado_en_csv_completo,,forma
Ejecución,forma autonoma,0.4903256265830809,0,5,3,58,0.0,0.05172413793103448,0,0,soporte_insuficiente_en_clase,,forma autónoma
Ejecución,forma colaborativa,0.4903256265830809,0,5,3,58,0.0,0.05172413793103448,0,0,soporte_insuficiente_en_clase,,forma colaborativa
Ejecución,forma efectiva,0.9757524537533226,0,5,2,58,0.0,0.034482758620689655,0,0,soporte_insuficiente_en_clase,,forma efectiva
Ejecución,forma etica,0.4903256265830809,0,5,3,58,0.0,0.05172413793103448,0,0,soporte_insuficiente_en_clase,,forma ética
Ejecución,forma independiente,0.4903256265830809,0,5,3,58,0.0,0.05172413793103448,0,0,soporte_insuficiente_en_clase,,forma independiente
Ejecución,forma oral,0.12775554719837268,0,5,4,58,0.0,0.06896551724137931,0,0,soporte_insuficiente_en_clase,,forma oral
Ejecución,forma profesionales,0.9757524537533226,0,5,2,58,0.0,0.034482758620689655,0,0,soporte_insuficiente_en_clase,,forma profesionales
Ejecución,formacion,-0.3111286940348386,2,5,30,58,0.4,0.5172413793103449,2,2,unigrama_conservado_en_csv_completo,,formación
Ejecución,formacion centrada,0.9757524537533226,0,5,2,58,0.0,0.034482758620689655,0,0,soporte_insuficiente_en_clase,,formación centrada
Ejecución,formacion de profesionales,0.9757524537533226,0,5,2,58,0.0,0.034482758620689655,0,0,soporte_insuficiente_en_clase,,formación de profesionales
Ejecución,formacion en ciencias,-0.6092100469678334,0,5,7,58,0.0,0.1206896551724138,0,0,soporte_insuficiente_en_clase,,formación en ciencias
Ejecución,formacion en ciencias basicas,-0.40275916950040713,0,5,6,58,0.0,0.10344827586206896,0,0,soporte_insuficiente_en_clase,,formación en ciencias básicas
Ejecución,formacion etica,0.9757524537533226,0,5,2,58,0.0,0.034482758620689655,0,0,soporte_insuficiente_en_clase,,formación ética
Ejecución,formacion implica,0.9757524537533226,0,5,2,58,0.0,0.034482758620689655,0,0,soporte_insuficiente_en_clase,,formación implica
Ejecución,formacion implica la adquisicion,0.9757524537533226,0,5,2,58,0.0,0.034482758620689655,0,0,soporte_insuficiente_en_clase,,formación implica la adquisición
Ejecución,formacion integral,0.12775554719837268,0,5,4,58,0.0,0.06896551724137931,0,0,soporte_insuficiente_en_clase,,formación integral
Ejecución,formacion profesional,0.4903256265830809,0,5,3,58,0.0,0.05172413793103448,0,0,soporte_insuficiente_en_clase,,formación profesional
Ejecución,formada,0.9757524537533226,0,5,2,58,0.0,0.034482758620689655,0,0,unigrama_conservado_en_csv_completo,,formada
Ejecución,formado,0.9757524537533226,0,5,2,58,0.0,0.034482758620689655,0,0,unigrama_conservado_en_csv_completo,,formado
Ejecución,formando,0.9757524537533226,0,5,2,58,0.0,0.034482758620689655,0,0,unigrama_conservado_en_csv_completo,,formando
Ejecución,formar,-0.40275916950040713,0,5,6,58,0.0,0.10344827586206896,0,0,unigrama_conservado_en_csv_completo,,formar
Ejecución,formas,0.9757524537533226,0,5,2,58,0.0,0.034482758620689655,0,0,unigrama_conservado_en_csv_completo,,formas
Ejecución,formativa,0.4903256265830809,0,5,3,58,0.0,0.05172413793103448,0,0,unigrama_conservado_en_csv_completo,,formativa
Ejecución,formativo,0.12775554719837268,0,5,4,58,0.0,0.06896551724137931,0,0,unigrama_conservado_en_csv_completo,,formativo
Ejecución,formulacion,0.4903256265830809,0,5,3,58,0.0,0.05172413793103448,0,0,unigrama_conservado_en_csv_completo,,formulación
Ejecución,formulacion de proyectos,0.9757524537533226,0,5,2,58,0.0,0.034482758620689655,0,0,soporte_insuficiente_en_clase,,formulación de proyectos
Ejecución,formular,-0.1617510699966122,0,5,5,58,0.0,0.08620689655172414,0,0,unigrama_conservado_en_csv_completo,,formular
Ejecución,frontera,0.9757524537533226,0,5,2,58,0.0,0.034482758620689655,0,0,unigrama_conservado_en_csv_completo,,frontera
Ejecución,fuentes,0.9757524537533226,0,5,2,58,0.0,0.034482758620689655,0,0,unigrama_conservado_en_csv_completo,,fuentes
Ejecución,fuerte,0.9757524537533226,0,5,2,58,0.0,0.034482758620689655,0,0,unigrama_conservado_en_csv_completo,,fuerte
Ejecución,funcion,0.4903256265830809,0,5,3,58,0.0,0.05172413793103448,0,0,unigrama_conservado_en_csv_completo,,función
Ejecución,funcionamiento,0.9757524537533226,0,5,2,58,0.0,0.034482758620689655,0,0,unigrama_conservado_en_csv_completo,,funcionamiento
Ejecución,funciones,0.4903256265830809,0,5,3,58,0.0,0.05172413793103448,0,0,unigrama_conservado_en_csv_completo,,funciones
Ejecución,fundamental,0.4903256265830809,0,5,3,58,0.0,0.05172413793103448,0,0,unigrama_conservado_en_csv_completo,,fundamental
Ejecución,fundamentales,0.9757524537533226,0,5,2,58,0.0,0.034482758620689655,0,0,unigrama_conservado_en_csv_completo,,fundamentales
Ejecución,fundamentos,-0.40275916950040713,0,5,6,58,0.0,0.10344827586206896,0,0,unigrama_conservado_en_csv_completo,,fundamentos
Ejecución,fundamentos de la computacion,0.9757524537533226,0,5,2,58,0.0,0.034482758620689655,0,0,soporte_insuficiente_en_clase,,fundamentos de la computación
Ejecución,futuro,0.9757524537533226,0,5,2,58,0.0,0.034482758620689655,0,0,unigrama_conservado_en_csv_completo,,futuro
Ejecución,gabriela,0.9757524537533226,0,5,2,58,0.0,0.034482758620689655,0,0,unigrama_conservado_en_csv_completo,,gabriela
Ejecución,gabriela mistral,0.9757524537533226,0,5,2,58,0.0,0.034482758620689655,0,0,soporte_insuficiente_en_clase,,gabriela mistral
Ejecución,garantizar,0.9757524537533226,0,5,2,58,0.0,0.034482758620689655,0,0,unigrama_conservado_en_csv_completo,,garantizar
Ejecución,generacion,-0.6092100469678334,0,5,7,58,0.0,0.1206896551724138,0,0,unigrama_conservado_en_csv_completo,,generación
Ejecución,generacion de emprendimientos,0.4903256265830809,0,5,3,58,0.0,0.05172413793103448,0,0,soporte_insuficiente_en_clase,,generación de emprendimientos
Ejecución,generacion de emprendimientos basados,0.9757524537533226,0,5,2,58,0.0,0.034482758620689655,0,0,soporte_insuficiente_en_clase,,generación de emprendimientos basados
Ejecución,general,0.4903256265830809,0,5,3,58,0.0,0.05172413793103448,0,0,unigrama_conservado_en_csv_completo,,general
Ejecución,generando valor,0.9757524537533226,0,5,2,58,0.0,0.034482758620689655,0,0,soporte_insuficiente_en_clase,,generando valor
Ejecución,generar soluciones,-0.40275916950040713,0,5,6,58,0.0,0.10344827586206896,0,0,soporte_insuficiente_en_clase,,generar soluciones
Ejecución,generar soluciones innovadoras,0.4903256265830809,0,5,3,58,0.0,0.05172413793103448,0,0,soporte_insuficiente_en_clase,,generar soluciones innovadoras
Ejecución,generar valor,0.9757524537533226,0,5,2,58,0.0,0.034482758620689655,0,0,soporte_insuficiente_en_clase,,generar valor
Ejecución,genericas,1.7127180479195288,1,5,4,58,0.2,0.06896551724137931,1,1,unigrama_conservado_en_csv_completo,,genéricas
Ejecución,genericas tales,0.9757524537533226,0,5,2,58,0.0,0.034482758620689655,0,0,soporte_insuficiente_en_clase,,genéricas tales
Ejecución,genero,0.9757524537533226,0,5,2,58,0.0,0.034482758620689655,0,0,unigrama_conservado_en_csv_completo,,género
Ejecución,geologicas,0.9757524537533226,0,5,2,58,0.0,0.034482758620689655,0,0,unigrama_conservado_en_csv_completo,,geológicas
Ejecución,gerencial,0.9757524537533226,0,5,2,58,0.0,0.034482758620689655,0,0,unigrama_conservado_en_csv_completo,,gerencial
Ejecución,gestion,0.004898799412839375,2,5,24,58,0.4,0.41379310344827586,2,2,unigrama_conservado_en_csv_completo,,gestión
Ejecución,gestion de datos,0.9757524537533226,0,5,2,58,0.0,0.034482758620689655,0,0,soporte_insuficiente_en_clase,,gestión de datos
Ejecución,gestion de la informacion,0.4903256265830809,0,5,3,58,0.0,0.05172413793103448,0,0,soporte_insuficiente_en_clase,,gestión de la información
Ejecución,gestion de proyectos,-0.9502469648029003,0,5,9,58,0.0,0.15517241379310345,0,0,soporte_insuficiente_en_clase,,gestión de proyectos
Ejecución,gestion de proyectos tecnologicos,0.4903256265830809,0,5,3,58,0.0,0.05172413793103448,0,0,soporte_insuficiente_en_clase,,gestión de proyectos tecnológicos
Ejecución,gestion organizacional,3.297680548640685,1,5,1,58,0.2,0.017241379310344827,1,1,soporte_insuficiente_en_clase,,gestión organizacional
Ejecución,gestiona,-0.1617510699966122,0,5,5,58,0.0,0.08620689655172414,0,0,unigrama_conservado_en_csv_completo,,gestiona
Ejecución,gestiona recursos,0.9757524537533226,0,5,2,58,0.0,0.034482758620689655,0,0,soporte_insuficiente_en_clase,,gestiona recursos
Ejecución,gestionar,-2.256908303036952,0,5,23,58,0.0,0.39655172413793105,0,0,unigrama_conservado_en_csv_completo,,gestionar
Ejecución,gestionar proyectos,-1.0946368741380752,0,5,10,58,0.0,0.1724137931034483,0,0,soporte_insuficiente_en_clase,,gestionar proyectos
Ejecución,gestionar proyectos de tecnologias,0.9757524537533226,0,5,2,58,0.0,0.034482758620689655,0,0,soporte_insuficiente_en_clase,,gestionar proyectos de tecnologías
Ejecución,gestionar soluciones,0.4903256265830809,0,5,3,58,0.0,0.05172413793103448,0,0,soporte_insuficiente_en_clase,,gestionar soluciones
Ejecución,gestionar soluciones tecnologicas,0.9757524537533226,0,5,2,58,0.0,0.034482758620689655,0,0,soporte_insuficiente_en_clase,,gestionar soluciones tecnológicas
Ejecución,gestionar tecnologias,0.9757524537533226,0,5,2,58,0.0,0.034482758620689655,0,0,soporte_insuficiente_en_clase,,gestionar tecnologías
Ejecución,global,-0.9502469648029003,0,5,9,58,0.0,0.15517241379310345,0,0,unigrama_conservado_en_csv_completo,,global
Ejecución,globalizado,0.9757524537533226,0,5,2,58,0.0,0.034482758620689655,0,0,unigrama_conservado_en_csv_completo,,globalizado
Ejecución,globalizados,0.9757524537533226,0,5,2,58,0.0,0.034482758620689655,0,0,unigrama_conservado_en_csv_completo,,globalizados
Ejecución,gobierno,0.9757524537533226,0,5,2,58,0.0,0.034482758620689655,0,0,unigrama_conservado_en_csv_completo,,gobierno
Ejecución,gonzalo,0.9757524537533226,0,5,2,58,0.0,0.034482758620689655,0,0,unigrama_conservado_en_csv_completo,,gonzalo
Ejecución,grado,0.9757524537533226,0,5,2,58,0.0,0.034482758620689655,0,0,unigrama_conservado_en_csv_completo,,grado
Ejecución,grandes,0.12775554719837268,0,5,4,58,0.0,0.06896551724137931,0,0,unigrama_conservado_en_csv_completo,,grandes
Ejecución,grandes volumenes,0.12775554719837268,0,5,4,58,0.0,0.06896551724137931,0,0,soporte_insuficiente_en_clase,,grandes volúmenes
Ejecución,grandes volumenes de datos,0.4903256265830809,0,5,3,58,0.0,0.05172413793103448,0,0,soporte_insuficiente_en_clase,,grandes volúmenes de datos
Ejecución,grupos,0.4903256265830809,0,5,3,58,0.0,0.05172413793103448,0,0,unigrama_conservado_en_csv_completo,,grupos
Ejecución,habilidades,-1.7467135707177681,0,5,16,58,0.0,0.27586206896551724,0,0,unigrama_conservado_en_csv_completo,,habilidades
Ejecución,habilidades de comunicacion,0.9757524537533226,0,5,2,58,0.0,0.034482758620689655,0,0,soporte_insuficiente_en_clase,,habilidades de comunicación
Ejecución,habilidades para identificar,0.9757524537533226,0,5,2,58,0.0,0.034482758620689655,0,0,soporte_insuficiente_en_clase,,habilidades para identificar
Ejecución,hacer,0.4903256265830809,0,5,3,58,0.0,0.05172413793103448,0,0,unigrama_conservado_en_csv_completo,,hacer
Ejecución,haciendo,3.297680548640685,1,5,1,58,0.2,0.017241379310344827,1,1,unigrama_conservado_en_csv_completo,,haciendo
Ejecución,haciendo uso,3.297680548640685,1,5,1,58,0.2,0.017241379310344827,1,1,soporte_insuficiente_en_clase,,haciendo uso
Ejecución,hardware,0.7951802081115019,1,5,8,58,0.2,0.13793103448275862,1,1,unigrama_conservado_en_csv_completo,,hardware
Ejecución,hardware en diversos niveles,0.9757524537533226,0,5,2,58,0.0,0.034482758620689655,0,0,soporte_insuficiente_en_clase,,hardware en diversos niveles
Ejecución,herramientas,-0.16175106999661204,1,5,16,58,0.2,0.27586206896551724,1,1,unigrama_conservado_en_csv_completo,,herramientas
Ejecución,herramientas tecnologicas,2.0752881273042374,1,5,3,58,0.2,0.05172413793103448,1,1,soporte_insuficiente_en_clase,,herramientas tecnológicas
Ejecución,humanista,0.9757524537533226,0,5,2,58,0.0,0.034482758620689655,0,0,unigrama_conservado_en_csv_completo,,humanista
Ejecución,ideas,2.560714954474479,1,5,2,58,0.2,0.034482758620689655,1,1,unigrama_conservado_en_csv_completo,,ideas
Ejecución,identificar,-0.7897822926096545,0,5,8,58,0.0,0.13793103448275862,0,0,unigrama_conservado_en_csv_completo,,identificar
Ejecución,idioma,1.1822033312207492,1,5,6,58,0.2,0.10344827586206896,1,1,unigrama_conservado_en_csv_completo,,idioma
Ejecución,idioma ingles,1.1822033312207492,1,5,6,58,0.2,0.10344827586206896,1,1,soporte_insuficiente_en_clase,,idioma inglés
Ejecución,impacto,-0.7897822926096545,0,5,8,58,0.0,0.13793103448275862,0,0,unigrama_conservado_en_csv_completo,,impacto
Ejecución,imparte,0.9757524537533226,0,5,2,58,0.0,0.034482758620689655,0,0,unigrama_conservado_en_csv_completo,,imparte
Ejecución,imparte en la sede,0.9757524537533226,0,5,2,58,0.0,0.034482758620689655,0,0,soporte_insuficiente_en_clase,,imparte en la sede
Ejecución,implantar,0.4903256265830809,0,5,3,58,0.0,0.05172413793103448,0,0,unigrama_conservado_en_csv_completo,,implantar
Ejecución,implantar soluciones,0.9757524537533226,0,5,2,58,0.0,0.034482758620689655,0,0,soporte_insuficiente_en_clase,,implantar soluciones
Ejecución,implantar soluciones eficientes,0.9757524537533226,0,5,2,58,0.0,0.034482758620689655,0,0,soporte_insuficiente_en_clase,,implantar soluciones eficientes
Ejecución,implementa,-0.1617510699966122,0,5,5,58,0.0,0.08620689655172414,0,0,unigrama_conservado_en_csv_completo,,implementa
Ejecución,implementacion,-1.3461756411340398,0,5,12,58,0.0,0.20689655172413793,0,0,unigrama_conservado_en_csv_completo,,implementación
Ejecución,implementacion de sistemas,0.9757524537533226,0,5,2,58,0.0,0.034482758620689655,0,0,soporte_insuficiente_en_clase,,implementación de sistemas
Ejecución,implementacion de soluciones,-0.1617510699966122,0,5,5,58,0.0,0.08620689655172414,0,0,soporte_insuficiente_en_clase,,implementación de soluciones
Ejecución,implementando,0.4903256265830809,0,5,3,58,0.0,0.05172413793103448,0,0,unigrama_conservado_en_csv_completo,,implementando
Ejecución,implementando estrategias,0.9757524537533226,0,5,2,58,0.0,0.034482758620689655,0,0,soporte_insuficiente_en_clase,,implementando estrategias
Ejecución,implementar,0.8955821050693394,3,5,18,58,0.6,0.3103448275862069,3,3,unigrama_conservado_en_csv_completo,,implementar
Ejecución,implementar sistemas,2.0752881273042374,1,5,3,58,0.2,0.05172413793103448,1,1,soporte_insuficiente_en_clase,,implementar sistemas
Ejecución,implementar sistemas de redes,0.9757524537533226,0,5,2,58,0.0,0.034482758620689655,0,0,soporte_insuficiente_en_clase,,implementar sistemas de redes
Ejecución,implementar soluciones tic,0.9757524537533226,0,5,2,58,0.0,0.034482758620689655,0,0,soporte_insuficiente_en_clase,,implementar soluciones tic
Ejecución,implementar soluciones tic requeridas,0.9757524537533226,0,5,2,58,0.0,0.034482758620689655,0,0,soporte_insuficiente_en_clase,,implementar soluciones tic requeridas
Ejecución,implica,0.4903256265830809,0,5,3,58,0.0,0.05172413793103448,0,0,unigrama_conservado_en_csv_completo,,implica
Ejecución,implica la adquisicion,0.9757524537533226,0,5,2,58,0.0,0.034482758620689655,0,0,soporte_insuficiente_en_clase,,implica la adquisición
Ejecución,inclusion,0.12775554719837268,0,5,4,58,0.0,0.06896551724137931,0,0,unigrama_conservado_en_csv_completo,,inclusión
Ejecución,inclusiva,0.9757524537533226,0,5,2,58,0.0,0.034482758620689655,0,0,unigrama_conservado_en_csv_completo,,inclusiva
Ejecución,incluyendo,0.9757524537533226,0,5,2,58,0.0,0.034482758620689655,0,0,unigrama_conservado_en_csv_completo,,incluyendo
Ejecución,incorpora,0.9757524537533226,0,5,2,58,0.0,0.034482758620689655,0,0,unigrama_conservado_en_csv_completo,,incorpora
Ejecución,incorporacion,0.9757524537533226,0,5,2,58,0.0,0.034482758620689655,0,0,unigrama_conservado_en_csv_completo,,incorporación
Ejecución,incorporando,-0.1617510699966122,0,5,5,58,0.0,0.08620689655172414,0,0,unigrama_conservado_en_csv_completo,,incorporando
Ejecución,incorporando tecnologias,0.9757524537533226,0,5,2,58,0.0,0.034482758620689655,0,0,soporte_insuficiente_en_clase,,incorporando tecnologías
Ejecución,independiente,0.12775554719837268,0,5,4,58,0.0,0.06896551724137931,0,0,unigrama_conservado_en_csv_completo,,independiente
Ejecución,individual,0.9757524537533226,0,5,2,58,0.0,0.034482758620689655,0,0,unigrama_conservado_en_csv_completo,,individual
Ejecución,indole,2.560714954474479,1,5,2,58,0.2,0.034482758620689655,1,1,unigrama_conservado_en_csv_completo,,índole
Ejecución,industria,-1.0946368741380752,0,5,10,58,0.0,0.1724137931034483,0,0,unigrama_conservado_en_csv_completo,,industria
Ejecución,industrial,0.4903256265830809,0,5,3,58,0.0,0.05172413793103448,0,0,unigrama_conservado_en_csv_completo,,industrial
Ejecución,industriales,0.9757524537533226,0,5,2,58,0.0,0.034482758620689655,0,0,unigrama_conservado_en_csv_completo,,industriales
Ejecución,industrias,0.4903256265830809,0,5,3,58,0.0,0.05172413793103448,0,0,unigrama_conservado_en_csv_completo,,industrias
Ejecución,informacion,0.3477212311402805,5,5,42,58,1.0,0.7241379310344828,4,4,unigrama_conservado_en_csv_completo,,información
Ejecución,informacion en organizaciones,0.9757524537533226,0,5,2,58,0.0,0.034482758620689655,0,0,soporte_insuficiente_en_clase,,información en organizaciones
Ejecución,informacion relevante,0.9757524537533226,0,5,2,58,0.0,0.034482758620689655,0,0,soporte_insuficiente_en_clase,,información relevante
Ejecución,infraestructura,-0.1617510699966122,0,5,5,58,0.0,0.08620689655172414,0,0,unigrama_conservado_en_csv_completo,,infraestructura
Ejecución,ingenieril,0.9757524537533226,0,5,2,58,0.0,0.034482758620689655,0,0,unigrama_conservado_en_csv_completo,,ingenieril
Ejecución,ingles,0.4903256265830811,1,5,10,58,0.2,0.1724137931034483,1,1,unigrama_conservado_en_csv_completo,,inglés
Ejecución,iniciativas,0.12775554719837268,0,5,4,58,0.0,0.06896551724137931,0,0,unigrama_conservado_en_csv_completo,,iniciativas
Ejecución,innovacion,-0.7897822926096545,1,5,25,58,0.2,0.43103448275862066,1,1,unigrama_conservado_en_csv_completo,,innovación
Ejecución,innovacion tecnologica,-0.1617510699966122,0,5,5,58,0.0,0.08620689655172414,0,0,soporte_insuficiente_en_clase,,innovación tecnológica
Ejecución,innovador,0.4903256265830809,0,5,3,58,0.0,0.05172413793103448,0,0,unigrama_conservado_en_csv_completo,,innovador
Ejecución,innovadora,0.4903256265830809,0,5,3,58,0.0,0.05172413793103448,0,0,unigrama_conservado_en_csv_completo,,innovadora
Ejecución,innovadoras,-1.5603004464868873,0,5,14,58,0.0,0.2413793103448276,0,0,unigrama_conservado_en_csv_completo,,innovadoras
Ejecución,innovar,0.12775554719837268,0,5,4,58,0.0,0.06896551724137931,0,0,unigrama_conservado_en_csv_completo,,innovar
Ejecución,insercion,0.9757524537533226,0,5,2,58,0.0,0.034482758620689655,0,0,unigrama_conservado_en_csv_completo,,inserción
Ejecución,instancias,3.297680548640685,1,5,1,58,0.2,0.017241379310344827,1,1,unigrama_conservado_en_csv_completo,,instancias
Ejecución,instituciones,2.1601770248907504,2,5,5,58,0.4,0.08620689655172414,1,1,unigrama_conservado_en_csv_completo,,instituciones
Ejecución,instituciones de educacion,0.9757524537533226,0,5,2,58,0.0,0.034482758620689655,0,0,soporte_insuficiente_en_clase,,instituciones de educación
Ejecución,integra,-0.1617510699966122,0,5,5,58,0.0,0.08620689655172414,0,0,unigrama_conservado_en_csv_completo,,integra
Ejecución,integracion,0.9757524537533229,1,5,7,58,0.2,0.1206896551724138,1,1,unigrama_conservado_en_csv_completo,,integración
Ejecución,integrador,0.9757524537533226,0,5,2,58,0.0,0.034482758620689655,0,0,unigrama_conservado_en_csv_completo,,integrador
Ejecución,integrador de tecnologias,0.9757524537533226,0,5,2,58,0.0,0.034482758620689655,0,0,soporte_insuficiente_en_clase,,integrador de tecnologías
Ejecución,integral,-1.5603004464868873,0,5,14,58,0.0,0.2413793103448276,0,0,unigrama_conservado_en_csv_completo,,integral
Ejecución,integrales,-0.1617510699966122,0,5,5,58,0.0,0.08620689655172414,0,0,unigrama_conservado_en_csv_completo,,integrales
Ejecución,integran,0.4903256265830809,0,5,3,58,0.0,0.05172413793103448,0,0,unigrama_conservado_en_csv_completo,,integran
Ejecución,integran informacion,0.9757524537533226,0,5,2,58,0.0,0.034482758620689655,0,0,soporte_insuficiente_en_clase,,integran información
Ejecución,integrando,0.4903256265830809,0,5,3,58,0.0,0.05172413793103448,0,0,unigrama_conservado_en_csv_completo,,integrando
Ejecución,integrar,-0.9502469648029003,0,5,9,58,0.0,0.15517241379310345,0,0,unigrama_conservado_en_csv_completo,,integrar
Ejecución,integrar equipos,0.4903256265830809,0,5,3,58,0.0,0.05172413793103448,0,0,soporte_insuficiente_en_clase,,integrar equipos
Ejecución,integridad,0.9757524537533226,0,5,2,58,0.0,0.034482758620689655,0,0,unigrama_conservado_en_csv_completo,,integridad
Ejecución,integro,0.9757524537533226,0,5,2,58,0.0,0.034482758620689655,0,0,unigrama_conservado_en_csv_completo,,íntegro
Ejecución,inteligencia,0.7616276484004754,2,5,14,58,0.4,0.2413793103448276,1,1,unigrama_conservado_en_csv_completo,,inteligencia
Ejecución,inteligencia artificial,-1.4572069535227836,0,5,13,58,0.0,0.22413793103448276,0,0,soporte_insuficiente_en_clase,,inteligencia artificial
Ejecución,inteligentes,0.4903256265830809,0,5,3,58,0.0,0.05172413793103448,0,0,unigrama_conservado_en_csv_completo,,inteligentes
Ejecución,interdisciplinario,0.9757524537533226,0,5,2,58,0.0,0.034482758620689655,0,0,unigrama_conservado_en_csv_completo,,interdisciplinario
Ejecución,interdisciplinarios,-0.6092100469678334,0,5,7,58,0.0,0.1206896551724138,0,0,unigrama_conservado_en_csv_completo,,interdisciplinarios
Ejecución,intereses,0.4903256265830809,0,5,3,58,0.0,0.05172413793103448,0,0,unigrama_conservado_en_csv_completo,,intereses
Ejecución,internacional,0.12775554719837268,0,5,4,58,0.0,0.06896551724137931,0,0,unigrama_conservado_en_csv_completo,,internacional
Ejecución,internacionales,0.4903256265830809,0,5,3,58,0.0,0.05172413793103448,0,0,unigrama_conservado_en_csv_completo,,internacionales
Ejecución,investigacion,-0.6092100469678334,0,5,7,58,0.0,0.1206896551724138,0,0,unigrama_conservado_en_csv_completo,,investigación
Ejecución,investigacion aplicada,0.9757524537533226,0,5,2,58,0.0,0.034482758620689655,0,0,soporte_insuficiente_en_clase,,investigación aplicada
Ejecución,involucren,3.297680548640685,1,5,1,58,0.2,0.017241379310344827,1,1,unigrama_conservado_en_csv_completo,,involucren
Ejecución,jefe,-0.40275916950040713,0,5,6,58,0.0,0.10344827586206896,0,0,unigrama_conservado_en_csv_completo,,jefe
Ejecución,labor,0.9757524537533226,0,5,2,58,0.0,0.034482758620689655,0,0,unigrama_conservado_en_csv_completo,,labor
Ejecución,laborales,2.0752881273042374,1,5,3,58,0.2,0.05172413793103448,1,1,unigrama_conservado_en_csv_completo,,laborales
Ejecución,lagos,0.9757524537533226,0,5,2,58,0.0,0.034482758620689655,0,0,unigrama_conservado_en_csv_completo,,lagos
Ejecución,learning,0.9757524537533226,0,5,2,58,0.0,0.034482758620689655,0,0,unigrama_conservado_en_csv_completo,,learning
Ejecución,legal,0.4903256265830809,0,5,3,58,0.0,0.05172413793103448,0,0,unigrama_conservado_en_csv_completo,,legal
Ejecución,legal vigente,0.4903256265830809,0,5,3,58,0.0,0.05172413793103448,0,0,soporte_insuficiente_en_clase,,legal vigente
Ejecución,legales,0.9757524537533226,0,5,2,58,0.0,0.034482758620689655,0,0,unigrama_conservado_en_csv_completo,,legales
Ejecución,legislacion,0.4903256265830809,0,5,3,58,0.0,0.05172413793103448,0,0,unigrama_conservado_en_csv_completo,,legislación
Ejecución,legislacion vigente,0.9757524537533226,0,5,2,58,0.0,0.034482758620689655,0,0,soporte_insuficiente_en_clase,,legislación vigente
Ejecución,lengua,3.297680548640685,1,5,1,58,0.2,0.017241379310344827,1,1,unigrama_conservado_en_csv_completo,,lengua
Ejecución,lengua materna,3.297680548640685,1,5,1,58,0.2,0.017241379310344827,1,1,soporte_insuficiente_en_clase,,lengua materna
Ejecución,lenguajes,2.1601770248907504,2,5,5,58,0.4,0.08620689655172414,1,1,unigrama_conservado_en_csv_completo,,lenguajes
Ejecución,licenciado,0.9757524537533226,0,5,2,58,0.0,0.034482758620689655,0,0,unigrama_conservado_en_csv_completo,,licenciado
Ejecución,lider,0.9757524537533226,0,5,2,58,0.0,0.034482758620689655,0,0,unigrama_conservado_en_csv_completo,,líder
Ejecución,lidera,0.4903256265830809,0,5,3,58,0.0,0.05172413793103448,0,0,unigrama_conservado_en_csv_completo,,lidera
Ejecución,lidera proyectos,0.9757524537533226,0,5,2,58,0.0,0.034482758620689655,0,0,soporte_insuficiente_en_clase,,lidera proyectos
Ejecución,liderando,0.4903256265830809,0,5,3,58,0.0,0.05172413793103448,0,0,unigrama_conservado_en_csv_completo,,liderando
Ejecución,liderar,-1.4572069535227836,0,5,13,58,0.0,0.22413793103448276,0,0,unigrama_conservado_en_csv_completo,,liderar
Ejecución,liderar equipos,-0.9502469648029003,0,5,9,58,0.0,0.15517241379310345,0,0,soporte_insuficiente_en_clase,,liderar equipos
Ejecución,liderar equipos de trabajo,-0.1617510699966122,0,5,5,58,0.0,0.08620689655172414,0,0,soporte_insuficiente_en_clase,,liderar equipos de trabajo
Ejecución,liderar equipos multidisciplinarios,0.12775554719837268,0,5,4,58,0.0,0.06896551724137931,0,0,soporte_insuficiente_en_clase,,liderar equipos multidisciplinarios
Ejecución,liderar procesos,0.9757524537533226,0,5,2,58,0.0,0.034482758620689655,0,0,soporte_insuficiente_en_clase,,liderar procesos
Ejecución,liderar proyectos,0.9757524537533226,0,5,2,58,0.0,0.034482758620689655,0,0,soporte_insuficiente_en_clase,,liderar proyectos
Ejecución,liderazgo,-1.3461756411340398,0,5,12,58,0.0,0.20689655172413793,0,0,unigrama_conservado_en_csv_completo,,liderazgo
Ejecución,linea,0.9757524537533226,0,5,2,58,0.0,0.034482758620689655,0,0,unigrama_conservado_en_csv_completo,,línea
Ejecución,lineas,0.9757524537533226,0,5,2,58,0.0,0.034482758620689655,0,0,unigrama_conservado_en_csv_completo,,líneas
Ejecución,logico,0.9757524537533226,0,5,2,58,0.0,0.034482758620689655,0,0,unigrama_conservado_en_csv_completo,,lógico
Ejecución,lograrlo,0.9757524537533226,0,5,2,58,0.0,0.034482758620689655,0,0,unigrama_conservado_en_csv_completo,,lograrlo
Ejecución,logro,0.12775554719837268,0,5,4,58,0.0,0.06896551724137931,0,0,unigrama_conservado_en_csv_completo,,logro
Ejecución,machine,0.9757524537533226,0,5,2,58,0.0,0.034482758620689655,0,0,unigrama_conservado_en_csv_completo,,machine
Ejecución,machine learning,0.9757524537533226,0,5,2,58,0.0,0.034482758620689655,0,0,soporte_insuficiente_en_clase,,machine learning
Ejecución,magallanes,0.9757524537533226,0,5,2,58,0.0,0.034482758620689655,0,0,unigrama_conservado_en_csv_completo,,magallanes
Ejecución,malla,0.4903256265830809,0,5,3,58,0.0,0.05172413793103448,0,0,unigrama_conservado_en_csv_completo,,malla
Ejecución,manager,0.9757524537533226,0,5,2,58,0.0,0.034482758620689655,0,0,unigrama_conservado_en_csv_completo,,manager
Ejecución,manejo,-0.1617510699966122,0,5,5,58,0.0,0.08620689655172414,0,0,unigrama_conservado_en_csv_completo,,manejo
Ejecución,manejo de tecnologias,0.9757524537533226,0,5,2,58,0.0,0.034482758620689655,0,0,soporte_insuficiente_en_clase,,manejo de tecnologías
Ejecución,manera,-1.7467135707177681,0,5,16,58,0.0,0.27586206896551724,0,0,unigrama_conservado_en_csv_completo,,manera
Ejecución,manera autonoma,0.9757524537533226,0,5,2,58,0.0,0.034482758620689655,0,0,soporte_insuficiente_en_clase,,manera autónoma
Ejecución,manera critica,0.9757524537533226,0,5,2,58,0.0,0.034482758620689655,0,0,soporte_insuficiente_en_clase,,manera crítica
Ejecución,manera efectiva,0.4903256265830809,0,5,3,58,0.0,0.05172413793103448,0,0,soporte_insuficiente_en_clase,,manera efectiva
Ejecución,manera integral,0.9757524537533226,0,5,2,58,0.0,0.034482758620689655,0,0,soporte_insuficiente_en_clase,,manera integral
Ejecución,mantencion,2.1601770248907504,2,5,5,58,0.4,0.08620689655172414,1,1,unigrama_conservado_en_csv_completo,,mantención
Ejecución,mantener,0.12775554719837268,0,5,4,58,0.0,0.06896551724137931,0,0,unigrama_conservado_en_csv_completo,,mantener
Ejecución,mantener sistemas,0.9757524537533226,0,5,2,58,0.0,0.034482758620689655,0,0,soporte_insuficiente_en_clase,,mantener sistemas
Ejecución,mantenimiento,2.560714954474479,1,5,2,58,0.2,0.034482758620689655,1,1,unigrama_conservado_en_csv_completo,,mantenimiento
Ejecución,marcado,2.0752881273042374,1,5,3,58,0.2,0.05172413793103448,1,1,unigrama_conservado_en_csv_completo,,marcado
Ejecución,marcado sello,3.297680548640685,1,5,1,58,0.2,0.017241379310344827,1,1,soporte_insuficiente_en_clase,,marcado sello
Ejecución,marcado sello valorico,3.297680548640685,1,5,1,58,0.2,0.017241379310344827,1,1,soporte_insuficiente_en_clase,,marcado sello valórico
Ejecución,marco,-0.1617510699966122,0,5,5,58,0.0,0.08620689655172414,0,0,unigrama_conservado_en_csv_completo,,marco
Ejecución,marcos,0.9757524537533226,0,5,2,58,0.0,0.034482758620689655,0,0,unigrama_conservado_en_csv_completo,,marcos
Ejecución,maria,0.9757524537533226,0,5,2,58,0.0,0.034482758620689655,0,0,unigrama_conservado_en_csv_completo,,maría
Ejecución,master,0.9757524537533226,0,5,2,58,0.0,0.034482758620689655,0,0,unigrama_conservado_en_csv_completo,,master
Ejecución,matematicas,3.297680548640685,1,5,1,58,0.2,0.017241379310344827,1,1,unigrama_conservado_en_csv_completo,,matemáticas
Ejecución,materna,3.297680548640685,1,5,1,58,0.2,0.017241379310344827,1,1,unigrama_conservado_en_csv_completo,,materna
Ejecución,mayor,0.4903256265830809,0,5,3,58,0.0,0.05172413793103448,0,0,unigrama_conservado_en_csv_completo,,mayor
Ejecución,mediante,-1.225881407416328,0,5,11,58,0.0,0.1896551724137931,0,0,unigrama_conservado_en_csv_completo,,mediante
Ejecución,mediante el uso,0.12775554719837268,0,5,4,58,0.0,0.06896551724137931,0,0,soporte_insuficiente_en_clase,,mediante el uso
Ejecución,mediante el uso avanzado,0.9757524537533226,0,5,2,58,0.0,0.034482758620689655,0,0,soporte_insuficiente_en_clase,,mediante el uso avanzado
Ejecución,mediante soluciones,0.9757524537533226,0,5,2,58,0.0,0.034482758620689655,0,0,soporte_insuficiente_en_clase,,mediante soluciones
Ejecución,medio,-1.0946368741380752,0,5,10,58,0.0,0.1724137931034483,0,0,unigrama_conservado_en_csv_completo,,medio
Ejecución,medio ambiente,-0.1617510699966122,0,5,5,58,0.0,0.08620689655172414,0,0,soporte_insuficiente_en_clase,,medio ambiente
Ejecución,medioambiental,0.4903256265830809,0,5,3,58,0.0,0.05172413793103448,0,0,unigrama_conservado_en_csv_completo,,medioambiental
Ejecución,mejora,-1.3461756411340398,0,5,12,58,0.0,0.20689655172413793,0,0,unigrama_conservado_en_csv_completo,,mejora
Ejecución,mejora continua,-0.1617510699966122,0,5,5,58,0.0,0.08620689655172414,0,0,soporte_insuficiente_en_clase,,mejora continua
Ejecución,mejora de procesos,0.12775554719837268,0,5,4,58,0.0,0.06896551724137931,0,0,soporte_insuficiente_en_clase,,mejora de procesos
Ejecución,mejorar,0.4903256265830809,0,5,3,58,0.0,0.05172413793103448,0,0,unigrama_conservado_en_csv_completo,,mejorar
Ejecución,mejoras,0.9757524537533226,0,5,2,58,0.0,0.034482758620689655,0,0,unigrama_conservado_en_csv_completo,,mejoras
Ejecución,mejores,0.4903256265830809,0,5,3,58,0.0,0.05172413793103448,0,0,unigrama_conservado_en_csv_completo,,mejores
Ejecución,mencion,0.4903256265830809,0,5,3,58,0.0,0.05172413793103448,0,0,unigrama_conservado_en_csv_completo,,mención
Ejecución,mercado,0.12775554719837268,0,5,4,58,0.0,0.06896551724137931,0,0,unigrama_conservado_en_csv_completo,,mercado
Ejecución,mercado laboral,0.4903256265830809,0,5,3,58,0.0,0.05172413793103448,0,0,soporte_insuficiente_en_clase,,mercado laboral
Ejecución,metodologias,0.4903256265830811,1,5,10,58,0.2,0.1724137931034483,1,1,unigrama_conservado_en_csv_completo,,metodologías
Ejecución,metodologias agiles,0.9757524537533226,0,5,2,58,0.0,0.034482758620689655,0,0,soporte_insuficiente_en_clase,,metodologías ágiles
Ejecución,metodos,0.4903256265830809,0,5,3,58,0.0,0.05172413793103448,0,0,unigrama_conservado_en_csv_completo,,métodos
Ejecución,metropolitana,0.4903256265830809,0,5,3,58,0.0,0.05172413793103448,0,0,unigrama_conservado_en_csv_completo,,metropolitana
Ejecución,mineria,0.9757524537533226,0,5,2,58,0.0,0.034482758620689655,0,0,unigrama_conservado_en_csv_completo,,minería
Ejecución,mineria de datos,0.9757524537533226,0,5,2,58,0.0,0.034482758620689655,0,0,soporte_insuficiente_en_clase,,minería de datos
Ejecución,mirada,0.4903256265830809,0,5,3,58,0.0,0.05172413793103448,0,0,unigrama_conservado_en_csv_completo,,mirada
Ejecución,mismo,0.4903256265830809,0,5,3,58,0.0,0.05172413793103448,0,0,unigrama_conservado_en_csv_completo,,mismo
Ejecución,mistral,0.9757524537533226,0,5,2,58,0.0,0.034482758620689655,0,0,unigrama_conservado_en_csv_completo,,mistral
Ejecución,modalidad,0.9757524537533226,0,5,2,58,0.0,0.034482758620689655,0,0,unigrama_conservado_en_csv_completo,,modalidad
Ejecución,modelar,1.7127180479195288,1,5,4,58,0.2,0.06896551724137931,1,1,unigrama_conservado_en_csv_completo,,modelar
Ejecución,modelo,0.9757524537533226,0,5,2,58,0.0,0.034482758620689655,0,0,unigrama_conservado_en_csv_completo,,modelo
Ejecución,modelos,-0.1617510699966122,0,5,5,58,0.0,0.08620689655172414,0,0,unigrama_conservado_en_csv_completo,,modelos
Ejecución,modelos de servicios,0.9757524537533226,0,5,2,58,0.0,0.034482758620689655,0,0,soporte_insuficiente_en_clase,,modelos de servicios
Ejecución,modelos operativos,0.9757524537533226,0,5,2,58,0.0,0.034482758620689655,0,0,soporte_insuficiente_en_clase,,modelos operativos
Ejecución,monitoreo,5.619608643528047,2,5,0,58,0.4,0.0,1,1,unigrama_conservado_en_csv_completo,,monitoreo
Ejecución,multi,0.9757524537533226,0,5,2,58,0.0,0.034482758620689655,0,0,unigrama_conservado_en_csv_completo,,multi
Ejecución,multiculturales,0.9757524537533226,0,5,2,58,0.0,0.034482758620689655,0,0,unigrama_conservado_en_csv_completo,,multiculturales
Ejecución,multidisciplinarios,-2.128584206061413,0,5,21,58,0.0,0.3620689655172414,0,0,unigrama_conservado_en_csv_completo,,multidisciplinarios
Ejecución,multiples,0.9757524537533226,0,5,2,58,0.0,0.034482758620689655,0,0,unigrama_conservado_en_csv_completo,,múltiples
Ejecución,mundo,-0.7897822926096545,0,5,8,58,0.0,0.13793103448275862,0,0,unigrama_conservado_en_csv_completo,,mundo
Ejecución,mundo del trabajo,0.9757524537533226,0,5,2,58,0.0,0.034482758620689655,0,0,soporte_insuficiente_en_clase,,mundo del trabajo
Ejecución,nacional,1.1822033312207492,1,5,6,58,0.2,0.10344827586206896,1,1,unigrama_conservado_en_csv_completo,,nacional
Ejecución,nacionales,0.9757524537533226,0,5,2,58,0.0,0.034482758620689655,0,0,unigrama_conservado_en_csv_completo,,nacionales
Ejecución,necesarias,0.9757524537533226,0,5,2,58,0.0,0.034482758620689655,0,0,unigrama_conservado_en_csv_completo,,necesarias
Ejecución,necesidades,0.4903256265830811,2,5,17,58,0.4,0.29310344827586204,2,2,unigrama_conservado_en_csv_completo,,necesidades
Ejecución,necesidades de la organizacion,0.9757524537533226,0,5,2,58,0.0,0.034482758620689655,0,0,soporte_insuficiente_en_clase,,necesidades de la organización
Ejecución,necesidades de las organizaciones,0.9757524537533226,0,5,2,58,0.0,0.034482758620689655,0,0,soporte_insuficiente_en_clase,,necesidades de las organizaciones
Ejecución,negocio,-0.1617510699966122,0,5,5,58,0.0,0.08620689655172414,0,0,unigrama_conservado_en_csv_completo,,negocio
Ejecución,negocios,1.532145802277708,2,5,8,58,0.4,0.13793103448275862,1,1,unigrama_conservado_en_csv_completo,,negocios
Ejecución,nivel,0.4903256265830811,1,5,10,58,0.2,0.1724137931034483,1,1,unigrama_conservado_en_csv_completo,,nivel
Ejecución,nivel nacional,0.9757524537533226,0,5,2,58,0.0,0.034482758620689655,0,0,soporte_insuficiente_en_clase,,nivel nacional
Ejecución,niveles,-0.1617510699966122,0,5,5,58,0.0,0.08620689655172414,0,0,unigrama_conservado_en_csv_completo,,niveles
Ejecución,niveles organizacionales,0.4903256265830809,0,5,3,58,0.0,0.05172413793103448,0,0,soporte_insuficiente_en_clase,,niveles organizacionales
Ejecución,normas,0.12775554719837268,0,5,4,58,0.0,0.06896551724137931,0,0,unigrama_conservado_en_csv_completo,,normas
Ejecución,normativa,0.12775554719837268,0,5,4,58,0.0,0.06896551724137931,0,0,unigrama_conservado_en_csv_completo,,normativa
Ejecución,normativa legal,0.4903256265830809,0,5,3,58,0.0,0.05172413793103448,0,0,soporte_insuficiente_en_clase,,normativa legal
Ejecución,normativa legal vigente,0.4903256265830809,0,5,3,58,0.0,0.05172413793103448,0,0,soporte_insuficiente_en_clase,,normativa legal vigente
Ejecución,norte,0.9757524537533226,0,5,2,58,0.0,0.034482758620689655,0,0,unigrama_conservado_en_csv_completo,,norte
Ejecución,nuestra,0.9757524537533226,0,5,2,58,0.0,0.034482758620689655,0,0,unigrama_conservado_en_csv_completo,,nuestra
Ejecución,nuestros,0.9757524537533226,0,5,2,58,0.0,0.034482758620689655,0,0,unigrama_conservado_en_csv_completo,,nuestros
Ejecución,nuevas,-0.9502469648029003,0,5,9,58,0.0,0.15517241379310345,0,0,unigrama_conservado_en_csv_completo,,nuevas
Ejecución,nuevas tecnologias,-0.1617510699966122,0,5,5,58,0.0,0.08620689655172414,0,0,soporte_insuficiente_en_clase,,nuevas tecnologías
Ejecución,nuevo,0.9757524537533226,0,5,2,58,0.0,0.034482758620689655,0,0,unigrama_conservado_en_csv_completo,,nuevo
Ejecución,nuevos,0.12775554719837268,0,5,4,58,0.0,0.06896551724137931,0,0,unigrama_conservado_en_csv_completo,,nuevos
Ejecución,objetivo,0.9757524537533226,0,5,2,58,0.0,0.034482758620689655,0,0,unigrama_conservado_en_csv_completo,,objetivo
Ejecución,objetivos,-0.7897822926096545,0,5,8,58,0.0,0.13793103448275862,0,0,unigrama_conservado_en_csv_completo,,objetivos
Ejecución,objetivos estrategicos,0.9757524537533226,0,5,2,58,0.0,0.034482758620689655,0,0,soporte_insuficiente_en_clase,,objetivos estratégicos
Ejecución,ocupacional,0.9757524537533226,0,5,2,58,0.0,0.034482758620689655,0,0,unigrama_conservado_en_csv_completo,,ocupacional
Ejecución,opera,0.4903256265830809,0,5,3,58,0.0,0.05172413793103448,0,0,unigrama_conservado_en_csv_completo,,opera
Ejecución,opera sistemas,0.9757524537533226,0,5,2,58,0.0,0.034482758620689655,0,0,soporte_insuficiente_en_clase,,opera sistemas
Ejecución,operacion,1.7127180479195288,1,5,4,58,0.2,0.06896551724137931,1,1,unigrama_conservado_en_csv_completo,,operación
Ejecución,operar,1.1822033312207492,1,5,6,58,0.2,0.10344827586206896,1,1,unigrama_conservado_en_csv_completo,,operar
Ejecución,operar productos,0.9757524537533226,0,5,2,58,0.0,0.034482758620689655,0,0,soporte_insuficiente_en_clase,,operar productos
Ejecución,operar sistemas,0.4903256265830809,0,5,3,58,0.0,0.05172413793103448,0,0,soporte_insuficiente_en_clase,,operar sistemas
Ejecución,operativa,0.4903256265830809,0,5,3,58,0.0,0.05172413793103448,0,0,unigrama_conservado_en_csv_completo,,operativa
Ejecución,operativos,0.12775554719837268,0,5,4,58,0.0,0.06896551724137931,0,0,unigrama_conservado_en_csv_completo,,operativos
Ejecución,oportunidades,-0.6092100469678334,0,5,7,58,0.0,0.1206896551724138,0,0,unigrama_conservado_en_csv_completo,,oportunidades
Ejecución,oportunidades de negocio,0.9757524537533226,0,5,2,58,0.0,0.034482758620689655,0,0,soporte_insuficiente_en_clase,,oportunidades de negocio
Ejecución,optimizacion,0.12775554719837268,0,5,4,58,0.0,0.06896551724137931,0,0,unigrama_conservado_en_csv_completo,,optimización
Ejecución,optimizacion de sistemas,0.9757524537533226,0,5,2,58,0.0,0.034482758620689655,0,0,soporte_insuficiente_en_clase,,optimización de sistemas
Ejecución,optimizar,0.4903256265830809,0,5,3,58,0.0,0.05172413793103448,0,0,unigrama_conservado_en_csv_completo,,optimizar
Ejecución,oral,-0.1617510699966122,0,5,5,58,0.0,0.08620689655172414,0,0,unigrama_conservado_en_csv_completo,,oral
Ejecución,orden,0.9757524537533226,0,5,2,58,0.0,0.034482758620689655,0,0,unigrama_conservado_en_csv_completo,,orden
Ejecución,organismos,0.9757524537533226,0,5,2,58,0.0,0.034482758620689655,0,0,unigrama_conservado_en_csv_completo,,organismos
Ejecución,organizacion,-1.6565157617461903,0,5,15,58,0.0,0.25862068965517243,0,0,unigrama_conservado_en_csv_completo,,organización
Ejecución,organizacional,2.0752881273042374,1,5,3,58,0.2,0.05172413793103448,1,1,unigrama_conservado_en_csv_completo,,organizacional
Ejecución,organizacionales,0.23878685958711676,1,5,12,58,0.2,0.20689655172413793,1,1,unigrama_conservado_en_csv_completo,,organizacionales
Ejecución,organizaciones,-0.9502469648029003,1,5,28,58,0.2,0.4827586206896552,1,1,unigrama_conservado_en_csv_completo,,organizaciones
Ejecución,organizaciones del sector,0.4903256265830809,0,5,3,58,0.0,0.05172413793103448,0,0,soporte_insuficiente_en_clase,,organizaciones del sector
Ejecución,organizaciones del sector publico,0.4903256265830809,0,5,3,58,0.0,0.05172413793103448,0,0,soporte_insuficiente_en_clase,,organizaciones del sector público
Ejecución,organizaciones publicas,0.12775554719837268,0,5,4,58,0.0,0.06896551724137931,0,0,soporte_insuficiente_en_clase,,organizaciones públicas
Ejecución,orienta,0.9757524537533226,0,5,2,58,0.0,0.034482758620689655,0,0,unigrama_conservado_en_csv_completo,,orienta
Ejecución,orientada,0.12775554719837268,0,5,4,58,0.0,0.06896551724137931,0,0,unigrama_conservado_en_csv_completo,,orientada
Ejecución,orientado,0.4903256265830809,0,5,3,58,0.0,0.05172413793103448,0,0,unigrama_conservado_en_csv_completo,,orientado
Ejecución,otorga,0.12775554719837268,0,5,4,58,0.0,0.06896551724137931,0,0,unigrama_conservado_en_csv_completo,,otorga
Ejecución,otorga el grado,0.9757524537533226,0,5,2,58,0.0,0.034482758620689655,0,0,soporte_insuficiente_en_clase,,otorga el grado
Ejecución,otras,0.4903256265830809,0,5,3,58,0.0,0.05172413793103448,0,0,unigrama_conservado_en_csv_completo,,otras
Ejecución,otros,-0.40275916950040713,0,5,6,58,0.0,0.10344827586206896,0,0,unigrama_conservado_en_csv_completo,,otros
Ejecución,pais,-0.7897822926096545,0,5,8,58,0.0,0.13793103448275862,0,0,unigrama_conservado_en_csv_completo,,país
Ejecución,parte,0.12775554719837268,0,5,4,58,0.0,0.06896551724137931,0,0,unigrama_conservado_en_csv_completo,,parte
Ejecución,participa,0.9757524537533226,0,5,2,58,0.0,0.034482758620689655,0,0,unigrama_conservado_en_csv_completo,,participa
Ejecución,participacion,0.9757524537533226,0,5,2,58,0.0,0.034482758620689655,0,0,unigrama_conservado_en_csv_completo,,participación
Ejecución,participar,0.4903256265830809,0,5,3,58,0.0,0.05172413793103448,0,0,unigrama_conservado_en_csv_completo,,participar
Ejecución,participar activamente,0.9757524537533226,0,5,2,58,0.0,0.034482758620689655,0,0,soporte_insuficiente_en_clase,,participar activamente
Ejecución,pensamiento,0.7951802081115019,1,5,8,58,0.2,0.13793103448275862,1,1,unigrama_conservado_en_csv_completo,,pensamiento
Ejecución,pensamiento critico,1.1822033312207492,1,5,6,58,0.2,0.10344827586206896,1,1,soporte_insuficiente_en_clase,,pensamiento crítico
Ejecución,pensar,0.9757524537533226,0,5,2,58,0.0,0.034482758620689655,0,0,unigrama_conservado_en_csv_completo,,pensar
Ejecución,pensar de manera,0.9757524537533226,0,5,2,58,0.0,0.034482758620689655,0,0,soporte_insuficiente_en_clase,,pensar de manera
Ejecución,pensar de manera critica,0.9757524537533226,0,5,2,58,0.0,0.034482758620689655,0,0,soporte_insuficiente_en_clase,,pensar de manera crítica
Ejecución,perfil,-0.5436217053402567,1,5,21,58,0.2,0.3620689655172414,1,1,unigrama_conservado_en_csv_completo,,perfil
Ejecución,perfil de egreso,0.02466205423426903,1,5,14,58,0.2,0.2413793103448276,1,1,soporte_insuficiente_en_clase,,perfil de egreso
Ejecución,perfil de egreso competencias,0.9757524537533226,0,5,2,58,0.0,0.034482758620689655,0,0,soporte_insuficiente_en_clase,,perfil de egreso competencias
Ejecución,perfil profesional,0.4903256265830809,0,5,3,58,0.0,0.05172413793103448,0,0,soporte_insuficiente_en_clase,,perfil profesional
Ejecución,permanente,0.3590810933048283,1,5,11,58,0.2,0.1896551724137931,1,1,unigrama_conservado_en_csv_completo,,permanente
Ejecución,permanente de la region,0.9757524537533226,0,5,2,58,0.0,0.034482758620689655,0,0,soporte_insuficiente_en_clase,,permanente de la región
Ejecución,permanentemente,0.9757524537533226,0,5,2,58,0.0,0.034482758620689655,0,0,unigrama_conservado_en_csv_completo,,permanentemente
Ejecución,permeabilidad,0.9757524537533226,0,5,2,58,0.0,0.034482758620689655,0,0,unigrama_conservado_en_csv_completo,,permeabilidad
Ejecución,permitan disenar,0.9757524537533226,0,5,2,58,0.0,0.034482758620689655,0,0,soporte_insuficiente_en_clase,,permitan diseñar
Ejecución,permitan estar,0.9757524537533226,0,5,2,58,0.0,0.034482758620689655,0,0,soporte_insuficiente_en_clase,,permitan estar
Ejecución,permitan estar en constante,0.9757524537533226,0,5,2,58,0.0,0.034482758620689655,0,0,soporte_insuficiente_en_clase,,permitan estar en constante
Ejecución,permite,0.819633251836041,3,5,19,58,0.6,0.3275862068965517,2,2,unigrama_conservado_en_csv_completo,,permite
Ejecución,permite abordar,0.9757524537533226,0,5,2,58,0.0,0.034482758620689655,0,0,soporte_insuficiente_en_clase,,permite abordar
Ejecución,permite analizar,3.297680548640685,1,5,1,58,0.2,0.017241379310344827,1,1,soporte_insuficiente_en_clase,,permite analizar
Ejecución,permite generar,0.9757524537533226,0,5,2,58,0.0,0.034482758620689655,0,0,soporte_insuficiente_en_clase,,permite generar
Ejecución,permite generar soluciones,0.9757524537533226,0,5,2,58,0.0,0.034482758620689655,0,0,soporte_insuficiente_en_clase,,permite generar soluciones
Ejecución,permite proponer,0.9757524537533226,0,5,2,58,0.0,0.034482758620689655,0,0,soporte_insuficiente_en_clase,,permite proponer
Ejecución,permiten,0.4903256265830809,0,5,3,58,0.0,0.05172413793103448,0,0,unigrama_conservado_en_csv_completo,,permiten
Ejecución,permitiendo,0.9757524537533226,0,5,2,58,0.0,0.034482758620689655,0,0,unigrama_conservado_en_csv_completo,,permitiendo
Ejecución,permitira,0.12775554719837268,0,5,4,58,0.0,0.06896551724137931,0,0,unigrama_conservado_en_csv_completo,,permitirá
Ejecución,persona humana,0.9757524537533226,0,5,2,58,0.0,0.034482758620689655,0,0,soporte_insuficiente_en_clase,,persona humana
Ejecución,persona titulada,0.9757524537533226,0,5,2,58,0.0,0.034482758620689655,0,0,soporte_insuficiente_en_clase,,persona titulada
Ejecución,personal,0.9757524537533226,0,5,2,58,0.0,0.034482758620689655,0,0,unigrama_conservado_en_csv_completo,,personal
Ejecución,personas,-1.4572069535227836,0,5,13,58,0.0,0.22413793103448276,0,0,unigrama_conservado_en_csv_completo,,personas
Ejecución,perspectiva,1.7127180479195288,1,5,4,58,0.2,0.06896551724137931,1,1,unigrama_conservado_en_csv_completo,,perspectiva
Ejecución,pertinencia,0.9757524537533226,0,5,2,58,0.0,0.034482758620689655,0,0,unigrama_conservado_en_csv_completo,,pertinencia
Ejecución,pertinentes,0.12775554719837268,0,5,4,58,0.0,0.06896551724137931,0,0,unigrama_conservado_en_csv_completo,,pertinentes
Ejecución,plan,-0.40275916950040713,0,5,6,58,0.0,0.10344827586206896,0,0,unigrama_conservado_en_csv_completo,,plan
Ejecución,plan comun,0.9757524537533226,0,5,2,58,0.0,0.034482758620689655,0,0,soporte_insuficiente_en_clase,,plan común
Ejecución,plan de estudios,0.4903256265830809,0,5,3,58,0.0,0.05172413793103448,0,0,soporte_insuficiente_en_clase,,plan de estudios
Ejecución,planes,0.9757524537533226,0,5,2,58,0.0,0.034482758620689655,0,0,unigrama_conservado_en_csv_completo,,planes
Ejecución,planificacion,0.12775554719837268,0,5,4,58,0.0,0.06896551724137931,0,0,unigrama_conservado_en_csv_completo,,planificación
Ejecución,planificar,0.9757524537533229,1,5,7,58,0.2,0.1206896551724138,1,1,unigrama_conservado_en_csv_completo,,planificar
Ejecución,planificar estrategias,2.560714954474479,1,5,2,58,0.2,0.034482758620689655,1,1,soporte_insuficiente_en_clase,,planificar estrategias
Ejecución,plantear,0.9757524537533226,0,5,2,58,0.0,0.034482758620689655,0,0,unigrama_conservado_en_csv_completo,,plantear
Ejecución,plataformas,-0.7897822926096545,0,5,8,58,0.0,0.13793103448275862,0,0,unigrama_conservado_en_csv_completo,,plataformas
Ejecución,plataformas de computo,0.9757524537533226,0,5,2,58,0.0,0.034482758620689655,0,0,soporte_insuficiente_en_clase,,plataformas de cómputo
Ejecución,poseen,0.9757524537533226,0,5,2,58,0.0,0.034482758620689655,0,0,unigrama_conservado_en_csv_completo,,poseen
Ejecución,postgrado,0.9757524537533226,0,5,2,58,0.0,0.034482758620689655,0,0,unigrama_conservado_en_csv_completo,,postgrado
Ejecución,practica,0.9757524537533226,0,5,2,58,0.0,0.034482758620689655,0,0,unigrama_conservado_en_csv_completo,,práctica
Ejecución,practicas,-0.6092100469678334,0,5,7,58,0.0,0.1206896551724138,0,0,unigrama_conservado_en_csv_completo,,prácticas
Ejecución,practicas de la industria,0.4903256265830809,0,5,3,58,0.0,0.05172413793103448,0,0,soporte_insuficiente_en_clase,,prácticas de la industria
Ejecución,practico,0.9757524537533226,0,5,2,58,0.0,0.034482758620689655,0,0,unigrama_conservado_en_csv_completo,,práctico
Ejecución,practicos,0.4903256265830809,0,5,3,58,0.0,0.05172413793103448,0,0,unigrama_conservado_en_csv_completo,,prácticos
Ejecución,preocupandose,0.9757524537533226,0,5,2,58,0.0,0.034482758620689655,0,0,unigrama_conservado_en_csv_completo,,preocupándose
Ejecución,preparacion,0.9757524537533226,0,5,2,58,0.0,0.034482758620689655,0,0,unigrama_conservado_en_csv_completo,,preparación
Ejecución,preparado,2.560714954474479,1,5,2,58,0.2,0.034482758620689655,1,1,unigrama_conservado_en_csv_completo,,preparado
Ejecución,preparados,0.9757524537533226,0,5,2,58,0.0,0.034482758620689655,0,0,unigrama_conservado_en_csv_completo,,preparados
Ejecución,presencial,0.4903256265830809,0,5,3,58,0.0,0.05172413793103448,0,0,unigrama_conservado_en_csv_completo,,presencial
Ejecución,presentan,0.4903256265830809,0,5,3,58,0.0,0.05172413793103448,0,0,unigrama_conservado_en_csv_completo,,presentan
Ejecución,primer,0.9757524537533226,0,5,2,58,0.0,0.034482758620689655,0,0,unigrama_conservado_en_csv_completo,,primer
Ejecución,primer ano,0.9757524537533226,0,5,2,58,0.0,0.034482758620689655,0,0,soporte_insuficiente_en_clase,,primer año
Ejecución,principios,-1.225881407416328,0,5,11,58,0.0,0.1896551724137931,0,0,unigrama_conservado_en_csv_completo,,principios
Ejecución,principios eticos,0.12775554719837268,0,5,4,58,0.0,0.06896551724137931,0,0,soporte_insuficiente_en_clase,,principios éticos
Ejecución,privacidad,0.9757524537533226,0,5,2,58,0.0,0.034482758620689655,0,0,unigrama_conservado_en_csv_completo,,privacidad
Ejecución,privadas,1.532145802277708,2,5,8,58,0.4,0.13793103448275862,1,1,unigrama_conservado_en_csv_completo,,privadas
Ejecución,privado,-0.1617510699966122,0,5,5,58,0.0,0.08620689655172414,0,0,unigrama_conservado_en_csv_completo,,privado
Ejecución,privados,0.4903256265830809,0,5,3,58,0.0,0.05172413793103448,0,0,unigrama_conservado_en_csv_completo,,privados
Ejecución,proactividad,0.4903256265830809,0,5,3,58,0.0,0.05172413793103448,0,0,unigrama_conservado_en_csv_completo,,proactividad
Ejecución,proactivo,0.9757524537533226,0,5,2,58,0.0,0.034482758620689655,0,0,unigrama_conservado_en_csv_completo,,proactivo
Ejecución,problemas,-0.3111286940348386,2,5,30,58,0.4,0.5172413793103449,2,2,unigrama_conservado_en_csv_completo,,problemas
Ejecución,problemas complejos,-1.0946368741380752,0,5,10,58,0.0,0.1724137931034483,0,0,soporte_insuficiente_en_clase,,problemas complejos
Ejecución,problemas complejos mediante,0.9757524537533226,0,5,2,58,0.0,0.034482758620689655,0,0,soporte_insuficiente_en_clase,,problemas complejos mediante
Ejecución,problemas con enfasis,0.9757524537533226,0,5,2,58,0.0,0.034482758620689655,0,0,soporte_insuficiente_en_clase,,problemas con énfasis
Ejecución,problematicas,1.1822033312207492,1,5,6,58,0.2,0.10344827586206896,1,1,unigrama_conservado_en_csv_completo,,problemáticas
Ejecución,procesamiento,-0.1617510699966122,0,5,5,58,0.0,0.08620689655172414,0,0,unigrama_conservado_en_csv_completo,,procesamiento
Ejecución,proceso,0.12775554719837268,0,5,4,58,0.0,0.06896551724137931,0,0,unigrama_conservado_en_csv_completo,,proceso
Ejecución,procesos,0.4903256265830811,3,5,24,58,0.6,0.41379310344827586,2,2,unigrama_conservado_en_csv_completo,,procesos
Ejecución,procesos de transformacion,0.9757524537533226,0,5,2,58,0.0,0.034482758620689655,0,0,soporte_insuficiente_en_clase,,procesos de transformación
Ejecución,procesos organizacionales,0.9757524537533226,0,5,2,58,0.0,0.034482758620689655,0,0,soporte_insuficiente_en_clase,,procesos organizacionales
Ejecución,produccion,0.12775554719837268,0,5,4,58,0.0,0.06896551724137931,0,0,unigrama_conservado_en_csv_completo,,producción
Ejecución,productivo,0.12775554719837268,0,5,4,58,0.0,0.06896551724137931,0,0,unigrama_conservado_en_csv_completo,,productivo
Ejecución,productos,-1.3461756411340398,0,5,12,58,0.0,0.20689655172413793,0,0,unigrama_conservado_en_csv_completo,,productos
Ejecución,productos de software,0.4903256265830809,0,5,3,58,0.0,0.05172413793103448,0,0,soporte_insuficiente_en_clase,,productos de software
Ejecución,profesion,-0.40275916950040713,0,5,6,58,0.0,0.10344827586206896,0,0,unigrama_conservado_en_csv_completo,,profesión
Ejecución,profesional,-0.04018909011569885,4,5,45,58,0.8,0.7758620689655172,3,3,unigrama_conservado_en_csv_completo,,profesional
Ejecución,profesional competente,0.9757524537533226,0,5,2,58,0.0,0.034482758620689655,0,0,soporte_insuficiente_en_clase,,profesional competente
Ejecución,profesional comprometido,3.297680548640685,1,5,1,58,0.2,0.017241379310344827,1,1,soporte_insuficiente_en_clase,,profesional comprometido
Ejecución,profesional innovador,0.9757524537533226,0,5,2,58,0.0,0.034482758620689655,0,0,soporte_insuficiente_en_clase,,profesional innovador
Ejecución,profesional integrador,0.9757524537533226,0,5,2,58,0.0,0.034482758620689655,0,0,soporte_insuficiente_en_clase,,profesional integrador
Ejecución,profesional integrador de tecnologias,0.9757524537533226,0,5,2,58,0.0,0.034482758620689655,0,0,soporte_insuficiente_en_clase,,profesional integrador de tecnologías
Ejecución,profesional integral,-0.1617510699966122,0,5,5,58,0.0,0.08620689655172414,0,0,soporte_insuficiente_en_clase,,profesional integral
Ejecución,profesional podra,0.4903256265830809,0,5,3,58,0.0,0.05172413793103448,0,0,soporte_insuficiente_en_clase,,profesional podrá
Ejecución,profesionales,-0.5436217053402567,1,5,21,58,0.2,0.3620689655172414,1,1,unigrama_conservado_en_csv_completo,,profesionales
Ejecución,profesionalmente,0.4903256265830809,0,5,3,58,0.0,0.05172413793103448,0,0,unigrama_conservado_en_csv_completo,,profesionalmente
Ejecución,profesionalmente en forma,0.9757524537533226,0,5,2,58,0.0,0.034482758620689655,0,0,soporte_insuficiente_en_clase,,profesionalmente en forma
Ejecución,profesionalmente en forma etica,0.9757524537533226,0,5,2,58,0.0,0.034482758620689655,0,0,soporte_insuficiente_en_clase,,profesionalmente en forma ética
Ejecución,profesor,0.9757524537533226,0,5,2,58,0.0,0.034482758620689655,0,0,unigrama_conservado_en_csv_completo,,profesor
Ejecución,profundizar,0.9757524537533226,0,5,2,58,0.0,0.034482758620689655,0,0,unigrama_conservado_en_csv_completo,,profundizar
Ejecución,programa,-1.225881407416328,0,5,11,58,0.0,0.1896551724137931,0,0,unigrama_conservado_en_csv_completo,,programa
Ejecución,programa formativo,0.9757524537533226,0,5,2,58,0.0,0.034482758620689655,0,0,soporte_insuficiente_en_clase,,programa formativo
Ejecución,programacion,1.712718047919529,2,5,7,58,0.4,0.1206896551724138,1,1,unigrama_conservado_en_csv_completo,,programación
Ejecución,programador,0.9757524537533226,0,5,2,58,0.0,0.034482758620689655,0,0,unigrama_conservado_en_csv_completo,,programador
Ejecución,programas,0.4903256265830809,0,5,3,58,0.0,0.05172413793103448,0,0,unigrama_conservado_en_csv_completo,,programas
Ejecución,promocion,0.4903256265830809,0,5,3,58,0.0,0.05172413793103448,0,0,unigrama_conservado_en_csv_completo,,promoción
Ejecución,promocion del bien,0.9757524537533226,0,5,2,58,0.0,0.034482758620689655,0,0,soporte_insuficiente_en_clase,,promoción del bien
Ejecución,promocion del bien comun,0.9757524537533226,0,5,2,58,0.0,0.034482758620689655,0,0,soporte_insuficiente_en_clase,,promoción del bien común
Ejecución,promoviendo,0.12775554719837268,0,5,4,58,0.0,0.06896551724137931,0,0,unigrama_conservado_en_csv_completo,,promoviendo
Ejecución,propios,-0.9502469648029003,0,5,9,58,0.0,0.15517241379310345,0,0,unigrama_conservado_en_csv_completo,,propios
Ejecución,propios emprendimientos,0.9757524537533226,0,5,2,58,0.0,0.034482758620689655,0,0,soporte_insuficiente_en_clase,,propios emprendimientos
Ejecución,proponer,0.12775554719837268,0,5,4,58,0.0,0.06896551724137931,0,0,unigrama_conservado_en_csv_completo,,proponer
Ejecución,proponer soluciones,0.9757524537533226,0,5,2,58,0.0,0.034482758620689655,0,0,soporte_insuficiente_en_clase,,proponer soluciones
Ejecución,proposito,0.4903256265830809,0,5,3,58,0.0,0.05172413793103448,0,0,unigrama_conservado_en_csv_completo,,propósito
Ejecución,propuestas,0.4903256265830809,0,5,3,58,0.0,0.05172413793103448,0,0,unigrama_conservado_en_csv_completo,,propuestas
Ejecución,proteccion,0.9757524537533226,0,5,2,58,0.0,0.034482758620689655,0,0,unigrama_conservado_en_csv_completo,,protección
Ejecución,proyecto,0.9757524537533226,0,5,2,58,0.0,0.034482758620689655,0,0,unigrama_conservado_en_csv_completo,,proyecto
Ejecución,proyectos,-0.37069796026810836,3,5,44,58,0.6,0.7586206896551724,3,3,unigrama_conservado_en_csv_completo,,proyectos
Ejecución,proyectos de tecnologias,0.4903256265830809,0,5,3,58,0.0,0.05172413793103448,0,0,soporte_insuficiente_en_clase,,proyectos de tecnologías
Ejecución,proyectos propios,0.9757524537533226,0,5,2,58,0.0,0.034482758620689655,0,0,soporte_insuficiente_en_clase,,proyectos propios
Ejecución,proyectos relacionados,0.4903256265830809,0,5,3,58,0.0,0.05172413793103448,0,0,soporte_insuficiente_en_clase,,proyectos relacionados
Ejecución,proyectos tecnologicos,-0.6092100469678334,0,5,7,58,0.0,0.1206896551724138,0,0,soporte_insuficiente_en_clase,,proyectos tecnológicos
Ejecución,pruebas,0.9757524537533226,0,5,2,58,0.0,0.034482758620689655,0,0,unigrama_conservado_en_csv_completo,,pruebas
Ejecución,publica,0.9757524537533226,0,5,2,58,0.0,0.034482758620689655,0,0,unigrama_conservado_en_csv_completo,,pública
Ejecución,publicas,1.532145802277708,2,5,8,58,0.4,0.13793103448275862,1,1,unigrama_conservado_en_csv_completo,,públicas
Ejecución,publico,0.12775554719837268,0,5,4,58,0.0,0.06896551724137931,0,0,unigrama_conservado_en_csv_completo,,público
Ejecución,publicos,0.12775554719837268,0,5,4,58,0.0,0.06896551724137931,0,0,unigrama_conservado_en_csv_completo,,públicos
Ejecución,pudiendo,0.4903256265830809,0,5,3,58,0.0,0.05172413793103448,0,0,unigrama_conservado_en_csv_completo,,pudiendo
Ejecución,pudiendo desempenarse,0.4903256265830809,0,5,3,58,0.0,0.05172413793103448,0,0,soporte_insuficiente_en_clase,,pudiendo desempeñarse
Ejecución,puede,-0.6092100469678334,0,5,7,58,0.0,0.1206896551724138,0,0,unigrama_conservado_en_csv_completo,,puede
Ejecución,puede desempenarse,0.4903256265830809,0,5,3,58,0.0,0.05172413793103448,0,0,soporte_insuficiente_en_clase,,puede desempeñarse
Ejecución,pueden,0.9757524537533226,0,5,2,58,0.0,0.034482758620689655,0,0,unigrama_conservado_en_csv_completo,,pueden
Ejecución,quehacer,1.1822033312207492,1,5,6,58,0.2,0.10344827586206896,1,1,unigrama_conservado_en_csv_completo,,quehacer
Ejecución,quehacer profesional,1.7127180479195288,1,5,4,58,0.2,0.06896551724137931,1,1,soporte_insuficiente_en_clase,,quehacer profesional
Ejecución,quien,0.4903256265830809,0,5,3,58,0.0,0.05172413793103448,0,0,unigrama_conservado_en_csv_completo,,quien
Ejecución,quienes,0.12775554719837268,0,5,4,58,0.0,0.06896551724137931,0,0,unigrama_conservado_en_csv_completo,,quienes
Ejecución,quienes egresan,0.9757524537533226,0,5,2,58,0.0,0.034482758620689655,0,0,soporte_insuficiente_en_clase,,quienes egresan
Ejecución,reales,0.12775554719837268,0,5,4,58,0.0,0.06896551724137931,0,0,unigrama_conservado_en_csv_completo,,reales
Ejecución,realidad,0.4903256265830809,0,5,3,58,0.0,0.05172413793103448,0,0,unigrama_conservado_en_csv_completo,,realidad
Ejecución,realiza,0.9757524537533226,0,5,2,58,0.0,0.034482758620689655,0,0,unigrama_conservado_en_csv_completo,,realiza
Ejecución,realizado,0.9757524537533226,0,5,2,58,0.0,0.034482758620689655,0,0,unigrama_conservado_en_csv_completo,,realizado
Ejecución,realizar,-0.1617510699966122,0,5,5,58,0.0,0.08620689655172414,0,0,unigrama_conservado_en_csv_completo,,realizar
Ejecución,reconoce,0.12775554719837268,0,5,4,58,0.0,0.06896551724137931,0,0,unigrama_conservado_en_csv_completo,,reconoce
Ejecución,reconocimiento,0.9757524537533226,0,5,2,58,0.0,0.034482758620689655,0,0,unigrama_conservado_en_csv_completo,,reconocimiento
Ejecución,recursos,0.864721141364579,2,5,13,58,0.4,0.22413793103448276,1,1,unigrama_conservado_en_csv_completo,,recursos
Ejecución,recursos computacionales,0.9757524537533226,0,5,2,58,0.0,0.034482758620689655,0,0,soporte_insuficiente_en_clase,,recursos computacionales
Ejecución,recursos humanos,0.9757524537533226,0,5,2,58,0.0,0.034482758620689655,0,0,soporte_insuficiente_en_clase,,recursos humanos
Ejecución,recursos tecnologicos,0.4903256265830809,0,5,3,58,0.0,0.05172413793103448,0,0,soporte_insuficiente_en_clase,,recursos tecnológicos
Ejecución,redes,-1.3461756411340398,0,5,12,58,0.0,0.20689655172413793,0,0,unigrama_conservado_en_csv_completo,,redes
Ejecución,redes de computadores,0.9757524537533226,0,5,2,58,0.0,0.034482758620689655,0,0,soporte_insuficiente_en_clase,,redes de computadores
Ejecución,redes de datos,0.4903256265830809,0,5,3,58,0.0,0.05172413793103448,0,0,soporte_insuficiente_en_clase,,redes de datos
Ejecución,reflexion,0.9757524537533226,0,5,2,58,0.0,0.034482758620689655,0,0,unigrama_conservado_en_csv_completo,,reflexión
Ejecución,reflexivo,0.9757524537533226,0,5,2,58,0.0,0.034482758620689655,0,0,unigrama_conservado_en_csv_completo,,reflexivo
Ejecución,region,-0.1617510699966122,0,5,5,58,0.0,0.08620689655172414,0,0,unigrama_conservado_en_csv_completo,,región
Ejecución,relacionadas,-0.1617510699966122,0,5,5,58,0.0,0.08620689655172414,0,0,unigrama_conservado_en_csv_completo,,relacionadas
Ejecución,relacionados,-0.6092100469678334,0,5,7,58,0.0,0.1206896551724138,0,0,unigrama_conservado_en_csv_completo,,relacionados
Ejecución,relacionados con las tecnologias,0.9757524537533226,0,5,2,58,0.0,0.034482758620689655,0,0,soporte_insuficiente_en_clase,,relacionados con las tecnologías
Ejecución,relevante,0.9757524537533226,0,5,2,58,0.0,0.034482758620689655,0,0,unigrama_conservado_en_csv_completo,,relevante
Ejecución,rendimiento,0.4903256265830809,0,5,3,58,0.0,0.05172413793103448,0,0,unigrama_conservado_en_csv_completo,,rendimiento
Ejecución,requeridas,0.9757524537533226,0,5,2,58,0.0,0.034482758620689655,0,0,unigrama_conservado_en_csv_completo,,requeridas
Ejecución,requerimientos,-0.9502469648029003,0,5,9,58,0.0,0.15517241379310345,0,0,unigrama_conservado_en_csv_completo,,requerimientos
Ejecución,requerimientos de la industria,0.9757524537533226,0,5,2,58,0.0,0.034482758620689655,0,0,soporte_insuficiente_en_clase,,requerimientos de la industria
Ejecución,requerimientos de la organizacion,0.9757524537533226,0,5,2,58,0.0,0.034482758620689655,0,0,soporte_insuficiente_en_clase,,requerimientos de la organización
Ejecución,requerimientos del cliente,0.9757524537533226,0,5,2,58,0.0,0.034482758620689655,0,0,soporte_insuficiente_en_clase,,requerimientos del cliente
Ejecución,requieren,0.12775554719837268,0,5,4,58,0.0,0.06896551724137931,0,0,unigrama_conservado_en_csv_completo,,requieren
Ejecución,requisitos,0.9757524537533226,0,5,2,58,0.0,0.034482758620689655,0,0,unigrama_conservado_en_csv_completo,,requisitos
Ejecución,resguardar,0.9757524537533226,0,5,2,58,0.0,0.034482758620689655,0,0,unigrama_conservado_en_csv_completo,,resguardar
Ejecución,resilientes,0.9757524537533226,0,5,2,58,0.0,0.034482758620689655,0,0,unigrama_conservado_en_csv_completo,,resilientes
Ejecución,resolucion,-0.40275916950040713,0,5,6,58,0.0,0.10344827586206896,0,0,unigrama_conservado_en_csv_completo,,resolución
Ejecución,resolucion de problemas,-0.1617510699966122,0,5,5,58,0.0,0.08620689655172414,0,0,soporte_insuficiente_en_clase,,resolución de problemas
Ejecución,resolucion de problemas complejos,0.9757524537533226,0,5,2,58,0.0,0.034482758620689655,0,0,soporte_insuficiente_en_clase,,resolución de problemas complejos
Ejecución,resolver,0.6131823743686147,3,5,22,58,0.6,0.3793103448275862,3,3,unigrama_conservado_en_csv_completo,,resolver
Ejecución,resolver diversas necesidades,3.297680548640685,1,5,1,58,0.2,0.017241379310344827,1,1,soporte_insuficiente_en_clase,,resolver diversas necesidades
Ejecución,resolver las diferencias,0.9757524537533226,0,5,2,58,0.0,0.034482758620689655,0,0,soporte_insuficiente_en_clase,,resolver las diferencias
Ejecución,resolver problemas complejos,-0.40275916950040713,0,5,6,58,0.0,0.10344827586206896,0,0,soporte_insuficiente_en_clase,,resolver problemas complejos
Ejecución,resolver problemas complejos mediante,0.9757524537533226,0,5,2,58,0.0,0.034482758620689655,0,0,soporte_insuficiente_en_clase,,resolver problemas complejos mediante
Ejecución,resolver problemas con enfasis,0.9757524537533226,0,5,2,58,0.0,0.034482758620689655,0,0,soporte_insuficiente_en_clase,,resolver problemas con énfasis
Ejecución,resolviendo,0.9757524537533226,0,5,2,58,0.0,0.034482758620689655,0,0,unigrama_conservado_en_csv_completo,,resolviendo
Ejecución,respetando,1.7127180479195288,1,5,4,58,0.2,0.06896551724137931,1,1,unigrama_conservado_en_csv_completo,,respetando
Ejecución,respetando la diversidad,0.4903256265830809,0,5,3,58,0.0,0.05172413793103448,0,0,soporte_insuficiente_en_clase,,respetando la diversidad
Ejecución,respeto,1.7127180479195288,1,5,4,58,0.2,0.06896551724137931,1,1,unigrama_conservado_en_csv_completo,,respeto
Ejecución,respondan,0.9757524537533226,0,5,2,58,0.0,0.034482758620689655,0,0,unigrama_conservado_en_csv_completo,,respondan
Ejecución,responden,0.9757524537533226,0,5,2,58,0.0,0.034482758620689655,0,0,unigrama_conservado_en_csv_completo,,responden
Ejecución,responder,0.4903256265830809,0,5,3,58,0.0,0.05172413793103448,0,0,unigrama_conservado_en_csv_completo,,responder
Ejecución,respondiendo,0.9757524537533226,0,5,2,58,0.0,0.034482758620689655,0,0,unigrama_conservado_en_csv_completo,,respondiendo
Ejecución,responsabilidad,0.8955821050693394,3,5,18,58,0.6,0.3103448275862069,3,3,unigrama_conservado_en_csv_completo,,responsabilidad
Ejecución,responsable,-0.7897822926096545,0,5,8,58,0.0,0.13793103448275862,0,0,unigrama_conservado_en_csv_completo,,responsable
Ejecución,respuesta,0.9757524537533226,0,5,2,58,0.0,0.034482758620689655,0,0,unigrama_conservado_en_csv_completo,,respuesta
Ejecución,restricciones,0.9757524537533226,0,5,2,58,0.0,0.034482758620689655,0,0,unigrama_conservado_en_csv_completo,,restricciones
Ejecución,resultados,0.4903256265830809,0,5,3,58,0.0,0.05172413793103448,0,0,unigrama_conservado_en_csv_completo,,resultados
Ejecución,resultados de aprendizaje,0.9757524537533226,0,5,2,58,0.0,0.034482758620689655,0,0,soporte_insuficiente_en_clase,,resultados de aprendizaje
Ejecución,revolucion,0.9757524537533226,0,5,2,58,0.0,0.034482758620689655,0,0,unigrama_conservado_en_csv_completo,,revolución
Ejecución,revolucion tecnologica,0.9757524537533226,0,5,2,58,0.0,0.034482758620689655,0,0,soporte_insuficiente_en_clase,,revolución tecnológica
Ejecución,riesgos,-0.40275916950040713,0,5,6,58,0.0,0.10344827586206896,0,0,unigrama_conservado_en_csv_completo,,riesgos
Ejecución,rigurosa,0.9757524537533226,0,5,2,58,0.0,0.034482758620689655,0,0,unigrama_conservado_en_csv_completo,,rigurosa
Ejecución,rigurosa base,0.9757524537533226,0,5,2,58,0.0,0.034482758620689655,0,0,soporte_insuficiente_en_clase,,rigurosa base
Ejecución,robotica,0.9757524537533226,0,5,2,58,0.0,0.034482758620689655,0,0,unigrama_conservado_en_csv_completo,,robótica
Ejecución,rol,0.4903256265830809,0,5,3,58,0.0,0.05172413793103448,0,0,unigrama_conservado_en_csv_completo,,rol
Ejecución,roles,0.9757524537533226,0,5,2,58,0.0,0.034482758620689655,0,0,unigrama_conservado_en_csv_completo,,roles
Ejecución,saberes,0.9757524537533226,0,5,2,58,0.0,0.034482758620689655,0,0,unigrama_conservado_en_csv_completo,,saberes
Ejecución,salud,0.9757524537533226,0,5,2,58,0.0,0.034482758620689655,0,0,unigrama_conservado_en_csv_completo,,salud
Ejecución,san,0.9757524537533226,0,5,2,58,0.0,0.034482758620689655,0,0,unigrama_conservado_en_csv_completo,,san
Ejecución,santa,0.9757524537533226,0,5,2,58,0.0,0.034482758620689655,0,0,unigrama_conservado_en_csv_completo,,santa
Ejecución,santa maria,0.9757524537533226,0,5,2,58,0.0,0.034482758620689655,0,0,soporte_insuficiente_en_clase,,santa maría
Ejecución,santisima,4.034646142806891,2,5,1,58,0.4,0.017241379310344827,1,1,unigrama_conservado_en_csv_completo,,santísima
Ejecución,santo,0.9757524537533226,0,5,2,58,0.0,0.034482758620689655,0,0,unigrama_conservado_en_csv_completo,,santo
Ejecución,santo tomas,0.9757524537533226,0,5,2,58,0.0,0.034482758620689655,0,0,soporte_insuficiente_en_clase,,santo tomas
Ejecución,satisfacer,0.4903256265830809,0,5,3,58,0.0,0.05172413793103448,0,0,unigrama_conservado_en_csv_completo,,satisfacer
Ejecución,satisfacer las necesidades,0.9757524537533226,0,5,2,58,0.0,0.034482758620689655,0,0,soporte_insuficiente_en_clase,,satisfacer las necesidades
Ejecución,satisfacer los requerimientos,0.9757524537533226,0,5,2,58,0.0,0.034482758620689655,0,0,soporte_insuficiente_en_clase,,satisfacer los requerimientos
Ejecución,sea,0.4903256265830809,0,5,3,58,0.0,0.05172413793103448,0,0,unigrama_conservado_en_csv_completo,,sea
Ejecución,sebastian,0.9757524537533226,0,5,2,58,0.0,0.034482758620689655,0,0,unigrama_conservado_en_csv_completo,,sebastián
Ejecución,sector,-0.6092100469678334,0,5,7,58,0.0,0.1206896551724138,0,0,unigrama_conservado_en_csv_completo,,sector
Ejecución,sector publico,0.12775554719837268,0,5,4,58,0.0,0.06896551724137931,0,0,soporte_insuficiente_en_clase,,sector público
Ejecución,sede,0.4903256265830809,0,5,3,58,0.0,0.05172413793103448,0,0,unigrama_conservado_en_csv_completo,,sede
Ejecución,segun,-0.40275916950040713,0,5,6,58,0.0,0.10344827586206896,0,0,unigrama_conservado_en_csv_completo,,según
Ejecución,segundo,0.9757524537533226,0,5,2,58,0.0,0.034482758620689655,0,0,unigrama_conservado_en_csv_completo,,segundo
Ejecución,seguridad,-1.9877216702215632,0,5,19,58,0.0,0.3275862068965517,0,0,unigrama_conservado_en_csv_completo,,seguridad
Ejecución,seguridad de la informacion,-0.7897822926096545,0,5,8,58,0.0,0.13793103448275862,0,0,soporte_insuficiente_en_clase,,seguridad de la información
Ejecución,sello distintivo,0.9757524537533226,0,5,2,58,0.0,0.034482758620689655,0,0,soporte_insuficiente_en_clase,,sello distintivo
Ejecución,sello valorico,3.297680548640685,1,5,1,58,0.2,0.017241379310344827,1,1,soporte_insuficiente_en_clase,,sello valórico
Ejecución,semestres,0.12775554719837268,0,5,4,58,0.0,0.06896551724137931,0,0,unigrama_conservado_en_csv_completo,,semestres
Ejecución,sentido,-0.9502469648029003,0,5,9,58,0.0,0.15517241379310345,0,0,unigrama_conservado_en_csv_completo,,sentido
Ejecución,sentido amplio,0.9757524537533226,0,5,2,58,0.0,0.034482758620689655,0,0,soporte_insuficiente_en_clase,,sentido amplio
Ejecución,sentido amplio de responsabilidad,0.9757524537533226,0,5,2,58,0.0,0.034482758620689655,0,0,soporte_insuficiente_en_clase,,sentido amplio de responsabilidad
Ejecución,sentido de responsabilidad,0.9757524537533226,0,5,2,58,0.0,0.034482758620689655,0,0,soporte_insuficiente_en_clase,,sentido de responsabilidad
Ejecución,sentido etico,0.9757524537533226,0,5,2,58,0.0,0.034482758620689655,0,0,soporte_insuficiente_en_clase,,sentido ético
Ejecución,serena,0.9757524537533226,0,5,2,58,0.0,0.034482758620689655,0,0,unigrama_conservado_en_csv_completo,,serena
Ejecución,servicio,-0.1617510699966122,0,5,5,58,0.0,0.08620689655172414,0,0,unigrama_conservado_en_csv_completo,,servicio
Ejecución,servicios,-1.9117728169882646,0,5,18,58,0.0,0.3103448275862069,0,0,unigrama_conservado_en_csv_completo,,servicios
Ejecución,servicios asociados,0.9757524537533226,0,5,2,58,0.0,0.034482758620689655,0,0,soporte_insuficiente_en_clase,,servicios asociados
Ejecución,servicios tecnologicos,0.9757524537533226,0,5,2,58,0.0,0.034482758620689655,0,0,soporte_insuficiente_en_clase,,servicios tecnológicos
Ejecución,siempre,0.9757524537533226,0,5,2,58,0.0,0.034482758620689655,0,0,unigrama_conservado_en_csv_completo,,siempre
Ejecución,siendo,-0.6092100469678334,0,5,7,58,0.0,0.1206896551724138,0,0,unigrama_conservado_en_csv_completo,,siendo
Ejecución,siendo capaz de aplicar,0.9757524537533226,0,5,2,58,0.0,0.034482758620689655,0,0,soporte_insuficiente_en_clase,,siendo capaz de aplicar
Ejecución,siendo capaz de resolver,0.9757524537533226,0,5,2,58,0.0,0.034482758620689655,0,0,soporte_insuficiente_en_clase,,siendo capaz de resolver
Ejecución,siguiendo,0.9757524537533226,0,5,2,58,0.0,0.034482758620689655,0,0,unigrama_conservado_en_csv_completo,,siguiendo
Ejecución,siguiente,0.9757524537533226,0,5,2,58,0.0,0.034482758620689655,0,0,unigrama_conservado_en_csv_completo,,siguiente
Ejecución,siguiente perfil,0.9757524537533226,0,5,2,58,0.0,0.034482758620689655,0,0,soporte_insuficiente_en_clase,,siguiente perfil
Ejecución,sintesis,0.9757524537533226,0,5,2,58,0.0,0.034482758620689655,0,0,unigrama_conservado_en_csv_completo,,síntesis
Ejecución,sistemas,0.4903256265830809,5,5,38,58,1.0,0.6551724137931034,4,4,unigrama_conservado_en_csv_completo,,sistemas
Ejecución,sistemas computacionales,1.1822033312207492,1,5,6,58,0.2,0.10344827586206896,1,1,soporte_insuficiente_en_clase,,sistemas computacionales
Ejecución,sistemas de informacion,0.02466205423426903,1,5,14,58,0.2,0.2413793103448276,1,1,soporte_insuficiente_en_clase,,sistemas de información
Ejecución,sistemas de redes,0.4903256265830809,0,5,3,58,0.0,0.05172413793103448,0,0,soporte_insuficiente_en_clase,,sistemas de redes
Ejecución,sistemas de software,0.4903256265830809,0,5,3,58,0.0,0.05172413793103448,0,0,soporte_insuficiente_en_clase,,sistemas de software
Ejecución,sistemas inteligentes,0.4903256265830809,0,5,3,58,0.0,0.05172413793103448,0,0,soporte_insuficiente_en_clase,,sistemas inteligentes
Ejecución,sistematica,0.9757524537533226,0,5,2,58,0.0,0.034482758620689655,0,0,unigrama_conservado_en_csv_completo,,sistemática
Ejecución,sistematicamente,0.9757524537533226,0,5,2,58,0.0,0.034482758620689655,0,0,unigrama_conservado_en_csv_completo,,sistemáticamente
Ejecución,sistematico,0.9757524537533226,0,5,2,58,0.0,0.034482758620689655,0,0,unigrama_conservado_en_csv_completo,,sistemático
Ejecución,sistemica,0.9757524537533226,0,5,2,58,0.0,0.034482758620689655,0,0,unigrama_conservado_en_csv_completo,,sistémica
Ejecución,situaciones,-0.40275916950040713,0,5,6,58,0.0,0.10344827586206896,0,0,unigrama_conservado_en_csv_completo,,situaciones
Ejecución,social,-0.16175106999661204,2,5,27,58,0.4,0.46551724137931033,2,2,unigrama_conservado_en_csv_completo,,social
Ejecución,sociales,-0.6092100469678334,0,5,7,58,0.0,0.1206896551724138,0,0,unigrama_conservado_en_csv_completo,,sociales
Ejecución,socialmente,0.9757524537533226,0,5,2,58,0.0,0.034482758620689655,0,0,unigrama_conservado_en_csv_completo,,socialmente
Ejecución,socialmente responsable,0.9757524537533226,0,5,2,58,0.0,0.034482758620689655,0,0,soporte_insuficiente_en_clase,,socialmente responsable
Ejecución,sociedad,-1.3461756411340398,0,5,12,58,0.0,0.20689655172413793,0,0,unigrama_conservado_en_csv_completo,,sociedad
Ejecución,software,0.6073650477733004,5,5,35,58,1.0,0.603448275862069,4,4,unigrama_conservado_en_csv_completo,,software
Ejecución,software innovadoras,0.9757524537533226,0,5,2,58,0.0,0.034482758620689655,0,0,soporte_insuficiente_en_clase,,software innovadoras
Ejecución,solidos,-0.40275916950040713,0,5,6,58,0.0,0.10344827586206896,0,0,unigrama_conservado_en_csv_completo,,sólidos
Ejecución,solucion,1.7127180479195288,1,5,4,58,0.2,0.06896551724137931,1,1,unigrama_conservado_en_csv_completo,,solución
Ejecución,solucionar,0.9757524537533226,0,5,2,58,0.0,0.034482758620689655,0,0,unigrama_conservado_en_csv_completo,,solucionar
Ejecución,solucionar problemas,0.9757524537533226,0,5,2,58,0.0,0.034482758620689655,0,0,soporte_insuficiente_en_clase,,solucionar problemas
Ejecución,soluciones,-0.7202413593565772,2,5,40,58,0.4,0.6896551724137931,2,2,unigrama_conservado_en_csv_completo,,soluciones
Ejecución,soluciones computacionales,-0.1617510699966122,0,5,5,58,0.0,0.08620689655172414,0,0,soporte_insuficiente_en_clase,,soluciones computacionales
Ejecución,soluciones consideran,0.9757524537533226,0,5,2,58,0.0,0.034482758620689655,0,0,soporte_insuficiente_en_clase,,soluciones consideran
Ejecución,soluciones consideran las arquitecturas,0.9757524537533226,0,5,2,58,0.0,0.034482758620689655,0,0,soporte_insuficiente_en_clase,,soluciones consideran las arquitecturas
Ejecución,soluciones creativas,0.9757524537533226,0,5,2,58,0.0,0.034482758620689655,0,0,soporte_insuficiente_en_clase,,soluciones creativas
Ejecución,soluciones de software,-0.40275916950040713,0,5,6,58,0.0,0.10344827586206896,0,0,soporte_insuficiente_en_clase,,soluciones de software
Ejecución,soluciones de software innovadoras,0.9757524537533226,0,5,2,58,0.0,0.034482758620689655,0,0,soporte_insuficiente_en_clase,,soluciones de software innovadoras
Ejecución,soluciones eficientes,0.12775554719837268,0,5,4,58,0.0,0.06896551724137931,0,0,soporte_insuficiente_en_clase,,soluciones eficientes
Ejecución,soluciones eficientes de software,0.9757524537533226,0,5,2,58,0.0,0.034482758620689655,0,0,soporte_insuficiente_en_clase,,soluciones eficientes de software
Ejecución,soluciones innovadoras,-0.40275916950040713,0,5,6,58,0.0,0.10344827586206896,0,0,soporte_insuficiente_en_clase,,soluciones innovadoras
Ejecución,soluciones integrales,0.4903256265830809,0,5,3,58,0.0,0.05172413793103448,0,0,soporte_insuficiente_en_clase,,soluciones integrales
Ejecución,soluciones tecnologicas,0.3590810933048283,1,5,11,58,0.2,0.1896551724137931,1,1,soporte_insuficiente_en_clase,,soluciones tecnológicas
Ejecución,soluciones tecnologicas innovadoras,0.9757524537533226,0,5,2,58,0.0,0.034482758620689655,0,0,soporte_insuficiente_en_clase,,soluciones tecnológicas innovadoras
Ejecución,soluciones tic,0.4903256265830809,0,5,3,58,0.0,0.05172413793103448,0,0,soporte_insuficiente_en_clase,,soluciones tic
Ejecución,soluciones tic requeridas,0.9757524537533226,0,5,2,58,0.0,0.034482758620689655,0,0,soporte_insuficiente_en_clase,,soluciones tic requeridas
Ejecución,soporte,0.4903256265830809,0,5,3,58,0.0,0.05172413793103448,0,0,unigrama_conservado_en_csv_completo,,soporte
Ejecución,sostenibilidad,0.12775554719837268,0,5,4,58,0.0,0.06896551724137931,0,0,unigrama_conservado_en_csv_completo,,sostenibilidad
Ejecución,sostenible,-1.0946368741380752,0,5,10,58,0.0,0.1724137931034483,0,0,unigrama_conservado_en_csv_completo,,sostenible
Ejecución,sostenibles,0.4903256265830809,0,5,3,58,0.0,0.05172413793103448,0,0,unigrama_conservado_en_csv_completo,,sostenibles
Ejecución,surgen,0.9757524537533226,0,5,2,58,0.0,0.034482758620689655,0,0,unigrama_conservado_en_csv_completo,,surgen
Ejecución,sustentabilidad,0.4903256265830809,0,5,3,58,0.0,0.05172413793103448,0,0,unigrama_conservado_en_csv_completo,,sustentabilidad
Ejecución,sustentable,-0.1617510699966122,0,5,5,58,0.0,0.08620689655172414,0,0,unigrama_conservado_en_csv_completo,,sustentable
Ejecución,tales,0.12775554719837268,0,5,4,58,0.0,0.06896551724137931,0,0,unigrama_conservado_en_csv_completo,,tales
Ejecución,tareas,0.9757524537533226,0,5,2,58,0.0,0.034482758620689655,0,0,unigrama_conservado_en_csv_completo,,tareas
Ejecución,tecnica,0.12775554719837268,0,5,4,58,0.0,0.06896551724137931,0,0,unigrama_conservado_en_csv_completo,,técnica
Ejecución,tecnica federico,0.9757524537533226,0,5,2,58,0.0,0.034482758620689655,0,0,soporte_insuficiente_en_clase,,técnica federico
Ejecución,tecnica federico santa,0.9757524537533226,0,5,2,58,0.0,0.034482758620689655,0,0,soporte_insuficiente_en_clase,,técnica federico santa
Ejecución,tecnica federico santa maria,0.9757524537533226,0,5,2,58,0.0,0.034482758620689655,0,0,soporte_insuficiente_en_clase,,técnica federico santa maría
Ejecución,tecnicas,-0.7897822926096545,0,5,8,58,0.0,0.13793103448275862,0,0,unigrama_conservado_en_csv_completo,,técnicas
Ejecución,tecnico,0.12775554719837268,0,5,4,58,0.0,0.06896551724137931,0,0,unigrama_conservado_en_csv_completo,,técnico
Ejecución,tecnicos,-0.6092100469678334,0,5,7,58,0.0,0.1206896551724138,0,0,unigrama_conservado_en_csv_completo,,técnicos
Ejecución,tecnologia,-1.0946368741380752,0,5,10,58,0.0,0.1724137931034483,0,0,unigrama_conservado_en_csv_completo,,tecnología
Ejecución,tecnologia de informacion,0.9757524537533226,0,5,2,58,0.0,0.034482758620689655,0,0,soporte_insuficiente_en_clase,,tecnología de información
Ejecución,tecnologia de la informacion,0.4903256265830809,0,5,3,58,0.0,0.05172413793103448,0,0,soporte_insuficiente_en_clase,,tecnología de la información
Ejecución,tecnologias,0.02466205423426903,4,5,43,58,0.8,0.7413793103448276,3,3,unigrama_conservado_en_csv_completo,,tecnologías
Ejecución,tecnologias de informacion,0.23878685958711676,1,5,12,58,0.2,0.20689655172413793,1,1,soporte_insuficiente_en_clase,,tecnologías de información
Ejecución,tecnologias de vanguardia,0.9757524537533226,0,5,2,58,0.0,0.034482758620689655,0,0,soporte_insuficiente_en_clase,,tecnologías de vanguardia
Ejecución,tecnologias digitales,0.9757524537533226,0,5,2,58,0.0,0.034482758620689655,0,0,soporte_insuficiente_en_clase,,tecnologías digitales
Ejecución,tecnologias emergentes,0.12775554719837268,0,5,4,58,0.0,0.06896551724137931,0,0,soporte_insuficiente_en_clase,,tecnologías emergentes
Ejecución,tecnologias relacionadas,0.9757524537533226,0,5,2,58,0.0,0.034482758620689655,0,0,soporte_insuficiente_en_clase,,tecnologías relacionadas
Ejecución,tecnologica,-0.16175106999661204,1,5,16,58,0.2,0.27586206896551724,1,1,unigrama_conservado_en_csv_completo,,tecnológica
Ejecución,tecnologica metropolitana,0.9757524537533226,0,5,2,58,0.0,0.034482758620689655,0,0,soporte_insuficiente_en_clase,,tecnológica metropolitana
Ejecución,tecnologicas,-0.2466399675831252,1,5,17,58,0.2,0.29310344827586204,1,1,unigrama_conservado_en_csv_completo,,tecnológicas
Ejecución,tecnologicas innovadoras,0.9757524537533226,0,5,2,58,0.0,0.034482758620689655,0,0,soporte_insuficiente_en_clase,,tecnológicas innovadoras
Ejecución,tecnologico,1.712718047919529,2,5,7,58,0.4,0.1206896551724138,1,1,unigrama_conservado_en_csv_completo,,tecnológico
Ejecución,tecnologicos,-1.9117728169882646,0,5,18,58,0.0,0.3103448275862069,0,0,unigrama_conservado_en_csv_completo,,tecnológicos
Ejecución,telecomunicaciones,-0.40275916950040713,0,5,6,58,0.0,0.10344827586206896,0,0,unigrama_conservado_en_csv_completo,,telecomunicaciones
Ejecución,teorica,0.9757524537533226,0,5,2,58,0.0,0.034482758620689655,0,0,unigrama_conservado_en_csv_completo,,teórica
Ejecución,teoricos,0.4903256265830809,0,5,3,58,0.0,0.05172413793103448,0,0,unigrama_conservado_en_csv_completo,,teóricos
Ejecución,termino,0.9757524537533226,0,5,2,58,0.0,0.034482758620689655,0,0,unigrama_conservado_en_csv_completo,,término
Ejecución,ti,-0.9502469648029003,0,5,9,58,0.0,0.15517241379310345,0,0,unigrama_conservado_en_csv_completo,,ti
Ejecución,ti junto,0.9757524537533226,0,5,2,58,0.0,0.034482758620689655,0,0,soporte_insuficiente_en_clase,,ti junto
Ejecución,tic,0.9757524537533229,1,5,7,58,0.2,0.1206896551724138,1,1,unigrama_conservado_en_csv_completo,,tic
Ejecución,tic requeridas,0.9757524537533226,0,5,2,58,0.0,0.034482758620689655,0,0,soporte_insuficiente_en_clase,,tic requeridas
Ejecución,tiempo,0.12775554719837268,0,5,4,58,0.0,0.06896551724137931,0,0,unigrama_conservado_en_csv_completo,,tiempo
Ejecución,tipo,0.12775554719837268,0,5,4,58,0.0,0.06896551724137931,0,0,unigrama_conservado_en_csv_completo,,tipo
Ejecución,tipo de organizacion,0.9757524537533226,0,5,2,58,0.0,0.034482758620689655,0,0,soporte_insuficiente_en_clase,,tipo de organización
Ejecución,titulada,0.9757524537533226,0,5,2,58,0.0,0.034482758620689655,0,0,unigrama_conservado_en_csv_completo,,titulada
Ejecución,titulo,-0.1617510699966122,0,5,5,58,0.0,0.08620689655172414,0,0,unigrama_conservado_en_csv_completo,,título
Ejecución,titulo profesional,0.12775554719837268,0,5,4,58,0.0,0.06896551724137931,0,0,soporte_insuficiente_en_clase,,título profesional
Ejecución,toma,0.23878685958711676,1,5,12,58,0.2,0.20689655172413793,1,1,unigrama_conservado_en_csv_completo,,toma
Ejecución,tomando,0.4903256265830809,0,5,3,58,0.0,0.05172413793103448,0,0,unigrama_conservado_en_csv_completo,,tomando
Ejecución,tomando en consideracion,0.9757524537533226,0,5,2,58,0.0,0.034482758620689655,0,0,soporte_insuficiente_en_clase,,tomando en consideración
Ejecución,tomar,0.4903256265830809,0,5,3,58,0.0,0.05172413793103448,0,0,unigrama_conservado_en_csv_completo,,tomar
Ejecución,tomar decisiones,0.4903256265830809,0,5,3,58,0.0,0.05172413793103448,0,0,soporte_insuficiente_en_clase,,tomar decisiones
Ejecución,tomas,0.9757524537533226,0,5,2,58,0.0,0.034482758620689655,0,0,unigrama_conservado_en_csv_completo,,tomas
Ejecución,trabaja,0.4903256265830809,0,5,3,58,0.0,0.05172413793103448,0,0,unigrama_conservado_en_csv_completo,,trabaja
Ejecución,trabaja colaborativamente,0.9757524537533226,0,5,2,58,0.0,0.034482758620689655,0,0,soporte_insuficiente_en_clase,,trabaja colaborativamente
Ejecución,trabajar,-1.225881407416328,0,5,11,58,0.0,0.1896551724137931,0,0,unigrama_conservado_en_csv_completo,,trabajar
Ejecución,trabajar colaborativamente,0.4903256265830809,0,5,3,58,0.0,0.05172413793103448,0,0,soporte_insuficiente_en_clase,,trabajar colaborativamente
Ejecución,trabajar colaborativamente en equipos,0.9757524537533226,0,5,2,58,0.0,0.034482758620689655,0,0,soporte_insuficiente_en_clase,,trabajar colaborativamente en equipos
Ejecución,trabajar en equipo,0.9757524537533226,0,5,2,58,0.0,0.034482758620689655,0,0,soporte_insuficiente_en_clase,,trabajar en equipo
Ejecución,trabajar en equipos,0.12775554719837268,0,5,4,58,0.0,0.06896551724137931,0,0,soporte_insuficiente_en_clase,,trabajar en equipos
Ejecución,trabajar en equipos multidisciplinarios,0.4903256265830809,0,5,3,58,0.0,0.05172413793103448,0,0,soporte_insuficiente_en_clase,,trabajar en equipos multidisciplinarios
Ejecución,trabajo,-0.21328137063669408,2,5,28,58,0.4,0.4827586206896552,2,2,unigrama_conservado_en_csv_completo,,trabajo
Ejecución,trabajo colaborativo,0.12775554719837268,0,5,4,58,0.0,0.06896551724137931,0,0,soporte_insuficiente_en_clase,,trabajo colaborativo
Ejecución,trabajo en equipo,1.4232114307245438,1,5,5,58,0.2,0.08620689655172414,1,1,soporte_insuficiente_en_clase,,trabajo en equipo
Ejecución,trabajo en equipos,0.4903256265830809,0,5,3,58,0.0,0.05172413793103448,0,0,soporte_insuficiente_en_clase,,trabajo en equipos
Ejecución,trabajo en equipos multidisciplinarios,0.9757524537533226,0,5,2,58,0.0,0.034482758620689655,0,0,soporte_insuficiente_en_clase,,trabajo en equipos multidisciplinarios
Ejecución,trabajo interdisciplinarios,0.4903256265830809,0,5,3,58,0.0,0.05172413793103448,0,0,soporte_insuficiente_en_clase,,trabajo interdisciplinarios
Ejecución,trabajo multidisciplinarios,0.12775554719837268,0,5,4,58,0.0,0.06896551724137931,0,0,soporte_insuficiente_en_clase,,trabajo multidisciplinarios
Ejecución,transferencia,0.4903256265830809,0,5,3,58,0.0,0.05172413793103448,0,0,unigrama_conservado_en_csv_completo,,transferencia
Ejecución,transformacion,-1.6565157617461903,0,5,15,58,0.0,0.25862068965517243,0,0,unigrama_conservado_en_csv_completo,,transformación
Ejecución,transformacion digital,-1.225881407416328,0,5,11,58,0.0,0.1896551724137931,0,0,soporte_insuficiente_en_clase,,transformación digital
Ejecución,trascendente,0.9757524537533226,0,5,2,58,0.0,0.034482758620689655,0,0,unigrama_conservado_en_csv_completo,,trascendente
Ejecución,traves,-1.8316024683042813,0,5,17,58,0.0,0.29310344827586204,0,0,unigrama_conservado_en_csv_completo,,través
Ejecución,traves del uso,0.9757524537533226,0,5,2,58,0.0,0.034482758620689655,0,0,soporte_insuficiente_en_clase,,través del uso
Ejecución,trayectoria,0.12775554719837268,0,5,4,58,0.0,0.06896551724137931,0,0,unigrama_conservado_en_csv_completo,,trayectoria
Ejecución,trayectoria formativa,0.9757524537533226,0,5,2,58,0.0,0.034482758620689655,0,0,soporte_insuficiente_en_clase,,trayectoria formativa
Ejecución,ucn,0.9757524537533226,0,5,2,58,0.0,0.034482758620689655,0,0,unigrama_conservado_en_csv_completo,,ucn
Ejecución,ucn posee competencias,0.9757524537533226,0,5,2,58,0.0,0.034482758620689655,0,0,soporte_insuficiente_en_clase,,ucn posee competencias
Ejecución,ucn posee competencias genericas,0.9757524537533226,0,5,2,58,0.0,0.034482758620689655,0,0,soporte_insuficiente_en_clase,,ucn posee competencias genéricas
Ejecución,ultimo,0.9757524537533226,0,5,2,58,0.0,0.034482758620689655,0,0,unigrama_conservado_en_csv_completo,,último
Ejecución,universitario,0.9757524537533226,0,5,2,58,0.0,0.034482758620689655,0,0,unigrama_conservado_en_csv_completo,,universitario
Ejecución,uso,0.02466205423426903,1,5,14,58,0.2,0.2413793103448276,1,1,unigrama_conservado_en_csv_completo,,uso
Ejecución,uso avanzado,0.9757524537533226,0,5,2,58,0.0,0.034482758620689655,0,0,soporte_insuficiente_en_clase,,uso avanzado
Ejecución,uso de herramientas,0.9757524537533226,0,5,2,58,0.0,0.034482758620689655,0,0,soporte_insuficiente_en_clase,,uso de herramientas
Ejecución,uso de herramientas tecnologicas,0.9757524537533226,0,5,2,58,0.0,0.034482758620689655,0,0,soporte_insuficiente_en_clase,,uso de herramientas tecnológicas
Ejecución,uso de metodologias,0.9757524537533226,0,5,2,58,0.0,0.034482758620689655,0,0,soporte_insuficiente_en_clase,,uso de metodologías
Ejecución,uso de recursos,0.9757524537533226,0,5,2,58,0.0,0.034482758620689655,0,0,soporte_insuficiente_en_clase,,uso de recursos
Ejecución,usuario,0.4903256265830809,0,5,3,58,0.0,0.05172413793103448,0,0,unigrama_conservado_en_csv_completo,,usuario
Ejecución,usuarios,0.12775554719837268,0,5,4,58,0.0,0.06896551724137931,0,0,unigrama_conservado_en_csv_completo,,usuarios
Ejecución,utiliza,0.4903256265830809,0,5,3,58,0.0,0.05172413793103448,0,0,unigrama_conservado_en_csv_completo,,utiliza
Ejecución,utiliza tecnicas,0.9757524537533226,0,5,2,58,0.0,0.034482758620689655,0,0,soporte_insuficiente_en_clase,,utiliza técnicas
Ejecución,utilizacion,0.9757524537533226,0,5,2,58,0.0,0.034482758620689655,0,0,unigrama_conservado_en_csv_completo,,utilización
Ejecución,utilizando,-0.9502469648029003,0,5,9,58,0.0,0.15517241379310345,0,0,unigrama_conservado_en_csv_completo,,utilizando
Ejecución,utilizando herramientas,0.12775554719837268,0,5,4,58,0.0,0.06896551724137931,0,0,soporte_insuficiente_en_clase,,utilizando herramientas
Ejecución,valiosa,0.9757524537533226,0,5,2,58,0.0,0.034482758620689655,0,0,unigrama_conservado_en_csv_completo,,valiosa
Ejecución,valor,-1.3461756411340398,0,5,12,58,0.0,0.20689655172413793,0,0,unigrama_conservado_en_csv_completo,,valor
Ejecución,valor en el contexto,0.9757524537533226,0,5,2,58,0.0,0.034482758620689655,0,0,soporte_insuficiente_en_clase,,valor en el contexto
Ejecución,valor estrategico,0.9757524537533226,0,5,2,58,0.0,0.034482758620689655,0,0,soporte_insuficiente_en_clase,,valor estratégico
Ejecución,valores,0.12775554719837268,0,5,4,58,0.0,0.06896551724137931,0,0,unigrama_conservado_en_csv_completo,,valores
Ejecución,valores eticos,0.9757524537533226,0,5,2,58,0.0,0.034482758620689655,0,0,soporte_insuficiente_en_clase,,valores éticos
Ejecución,valorica,0.9757524537533226,0,5,2,58,0.0,0.034482758620689655,0,0,unigrama_conservado_en_csv_completo,,valórica
Ejecución,valorico,3.297680548640685,1,5,1,58,0.2,0.017241379310344827,1,1,unigrama_conservado_en_csv_completo,,valórico
Ejecución,vanguardia,0.12775554719837268,0,5,4,58,0.0,0.06896551724137931,0,0,unigrama_conservado_en_csv_completo,,vanguardia
Ejecución,ver,0.4903256265830809,0,5,3,58,0.0,0.05172413793103448,0,0,unigrama_conservado_en_csv_completo,,ver
Ejecución,vez,0.9757524537533226,0,5,2,58,0.0,0.034482758620689655,0,0,unigrama_conservado_en_csv_completo,,vez
Ejecución,vida,-0.6092100469678334,0,5,7,58,0.0,0.1206896551724138,0,0,unigrama_conservado_en_csv_completo,,vida
Ejecución,vigente,-0.1617510699966122,0,5,5,58,0.0,0.08620689655172414,0,0,unigrama_conservado_en_csv_completo,,vigente
Ejecución,vigentes,0.9757524537533226,0,5,2,58,0.0,0.034482758620689655,0,0,unigrama_conservado_en_csv_completo,,vigentes
Ejecución,vinculacion,0.9757524537533226,0,5,2,58,0.0,0.034482758620689655,0,0,unigrama_conservado_en_csv_completo,,vinculación
Ejecución,vinculados,0.9757524537533226,0,5,2,58,0.0,0.034482758620689655,0,0,unigrama_conservado_en_csv_completo,,vinculados
Ejecución,vision,0.6347155359182559,1,5,9,58,0.2,0.15517241379310345,1,1,unigrama_conservado_en_csv_completo,,visión
Ejecución,vision integral,0.9757524537533226,0,5,2,58,0.0,0.034482758620689655,0,0,soporte_insuficiente_en_clase,,visión integral
Ejecución,vision orientada,0.9757524537533226,0,5,2,58,0.0,0.034482758620689655,0,0,soporte_insuficiente_en_clase,,visión orientada
Ejecución,visualizacion,0.9757524537533226,0,5,2,58,0.0,0.034482758620689655,0,0,unigrama_conservado_en_csv_completo,,visualización
Ejecución,volumenes,0.12775554719837268,0,5,4,58,0.0,0.06896551724137931,0,0,unigrama_conservado_en_csv_completo,,volúmenes
Ejecución,volumenes de datos,0.4903256265830809,0,5,3,58,0.0,0.05172413793103448,0,0,soporte_insuficiente_en_clase,,volúmenes de datos
Ejecución,web,0.9757524537533226,0,5,2,58,0.0,0.034482758620689655,0,0,unigrama_conservado_en_csv_completo,,web
Informática,abarcando,2.814968106167479,2,26,0,37,0.07692307692307693,0.0,2,2,unigrama_conservado_en_csv_completo,,abarcando
Informática,abordar,0.493040011280117,2,26,2,37,0.07692307692307693,0.05405405405405406,2,2,unigrama_conservado_en_csv_completo,,abordar
Informática,abstraccion,0.493040011280117,2,26,2,37,0.07692307692307693,0.05405405405405406,2,2,unigrama_conservado_en_csv_completo,,abstracción
Informática,academico,0.007613184109875269,2,26,3,37,0.07692307692307693,0.08108108108108109,2,2,unigrama_conservado_en_csv_completo,,académico
Informática,acciones,-0.729352410056331,1,26,3,37,0.038461538461538464,0.08108108108108109,1,1,unigrama_conservado_en_csv_completo,,acciones
Informática,acorde,-2.314314910777487,0,26,3,37,0.0,0.08108108108108109,0,0,unigrama_conservado_en_csv_completo,,acorde
Informática,actitud,1.341036917835067,4,26,2,37,0.15384615384615385,0.05405405405405406,4,4,unigrama_conservado_en_csv_completo,,actitud
Informática,actitud de liderazgo,0.493040011280117,1,26,1,37,0.038461538461538464,0.02702702702702703,1,1,soporte_insuficiente_en_clase,,actitud de liderazgo
Informática,actitud emprendedora,0.493040011280117,1,26,1,37,0.038461538461538464,0.02702702702702703,1,1,soporte_insuficiente_en_clase,,actitud emprendedora
Informática,activa,1.2300056054463233,2,26,1,37,0.07692307692307693,0.02702702702702703,2,2,unigrama_conservado_en_csv_completo,,activa
Informática,activamente,-0.24392558288608923,1,26,2,37,0.038461538461538464,0.05405405405405406,1,1,unigrama_conservado_en_csv_completo,,activamente
Informática,actividades,1.2300056054463233,2,26,1,37,0.07692307692307693,0.02702702702702703,2,2,unigrama_conservado_en_csv_completo,,actividades
Informática,actua,3.300394933337721,3,26,0,37,0.11538461538461539,0.0,3,3,unigrama_conservado_en_csv_completo,,actúa
Informática,actualizacion,1.341036917835067,4,26,2,37,0.15384615384615385,0.05405405405405406,4,4,unigrama_conservado_en_csv_completo,,actualización
Informática,actualizar,0.493040011280117,1,26,1,37,0.038461538461538464,0.02702702702702703,1,1,unigrama_conservado_en_csv_completo,,actualizar
Informática,actualizarse,0.493040011280117,1,26,1,37,0.038461538461538464,0.02702702702702703,1,1,unigrama_conservado_en_csv_completo,,actualizarse
Informática,actualizarse permanentemente,0.493040011280117,1,26,1,37,0.038461538461538464,0.02702702702702703,1,1,soporte_insuficiente_en_clase,,actualizarse permanentemente
Informática,actuando,0.493040011280117,1,26,1,37,0.038461538461538464,0.02702702702702703,1,1,unigrama_conservado_en_csv_completo,,actuando
Informática,actuar,1.7154324326165649,3,26,1,37,0.11538461538461539,0.02702702702702703,3,3,unigrama_conservado_en_csv_completo,,actuar
Informática,adapta,-1.8288880836072454,0,26,2,37,0.0,0.05405405405405406,0,0,unigrama_conservado_en_csv_completo,,adapta
Informática,adaptacion,1.2300056054463233,2,26,1,37,0.07692307692307693,0.02702702702702703,2,2,unigrama_conservado_en_csv_completo,,adaptación
Informática,adaptandose,3.300394933337721,3,26,0,37,0.11538461538461539,0.0,3,3,unigrama_conservado_en_csv_completo,,adaptándose
Informática,adaptarse,0.13046993189540856,3,26,4,37,0.11538461538461539,0.10810810810810811,3,3,unigrama_conservado_en_csv_completo,,adaptarse
Informática,adaptarse activa,0.493040011280117,1,26,1,37,0.038461538461538464,0.02702702702702703,1,1,soporte_insuficiente_en_clase,,adaptarse activa
Informática,adecuada,1.2300056054463233,2,26,1,37,0.07692307692307693,0.02702702702702703,2,2,unigrama_conservado_en_csv_completo,,adecuada
Informática,adelante,-1.8288880836072454,0,26,2,37,0.0,0.05405405405405406,0,0,unigrama_conservado_en_csv_completo,,adelante
Informática,ademas,0.15200309344505006,7,26,9,37,0.2692307692307692,0.24324324324324326,7,7,unigrama_conservado_en_csv_completo,,además
Informática,ademas de planificar,0.493040011280117,1,26,1,37,0.038461538461538464,0.02702702702702703,1,1,soporte_insuficiente_en_clase,,además de planificar
Informática,adicionalmente,1.2300056054463233,2,26,1,37,0.07692307692307693,0.02702702702702703,2,2,unigrama_conservado_en_csv_completo,,adicionalmente
Informática,administracion,2.078002512001273,4,26,1,37,0.15384615384615385,0.02702702702702703,4,4,unigrama_conservado_en_csv_completo,,administración
Informática,administrador,0.493040011280117,1,26,1,37,0.038461538461538464,0.02702702702702703,1,1,unigrama_conservado_en_csv_completo,,administrador
Informática,administrar,0.9784668384503586,3,26,2,37,0.11538461538461539,0.05405405405405406,3,3,unigrama_conservado_en_csv_completo,,administrar
Informática,administrar proyectos,0.493040011280117,1,26,1,37,0.038461538461538464,0.02702702702702703,1,1,soporte_insuficiente_en_clase,,administrar proyectos
Informática,admision,0.493040011280117,1,26,1,37,0.038461538461538464,0.02702702702702703,1,1,unigrama_conservado_en_csv_completo,,admisión
Informática,adopcion,-1.8288880836072454,0,26,2,37,0.0,0.05405405405405406,0,0,unigrama_conservado_en_csv_completo,,adopción
Informática,adquiridos,-1.8288880836072454,0,26,2,37,0.0,0.05405405405405406,0,0,unigrama_conservado_en_csv_completo,,adquiridos
Informática,adquisicion,0.493040011280117,1,26,1,37,0.038461538461538464,0.02702702702702703,1,1,unigrama_conservado_en_csv_completo,,adquisición
Informática,agil,-1.8288880836072454,0,26,2,37,0.0,0.05405405405405406,0,0,unigrama_conservado_en_csv_completo,,ágil
Informática,agiles,3.662965012722429,4,26,0,37,0.15384615384615385,0.0,4,4,unigrama_conservado_en_csv_completo,,ágiles
Informática,alcance,1.2300056054463233,2,26,1,37,0.07692307692307693,0.02702702702702703,2,2,unigrama_conservado_en_csv_completo,,alcance
Informática,algoritmos,-1.8288880836072454,0,26,2,37,0.0,0.05405405405405406,0,0,unigrama_conservado_en_csv_completo,,algoritmos
Informática,alinearlos,-1.8288880836072454,0,26,2,37,0.0,0.05405405405405406,0,0,unigrama_conservado_en_csv_completo,,alinearlos
Informática,altamente,-1.8288880836072454,0,26,2,37,0.0,0.05405405405405406,0,0,unigrama_conservado_en_csv_completo,,altamente
Informática,ambiental,0.13046993189540856,3,26,4,37,0.11538461538461539,0.10810810810810811,3,3,unigrama_conservado_en_csv_completo,,ambiental
Informática,ambientales,1.7154324326165649,3,26,1,37,0.11538461538461539,0.02702702702702703,3,3,unigrama_conservado_en_csv_completo,,ambientales
Informática,ambiente,0.007613184109875269,2,26,3,37,0.07692307692307693,0.08108108108108109,2,2,unigrama_conservado_en_csv_completo,,ambiente
Informática,ambito,0.493040011280117,7,26,7,37,0.2692307692307692,0.1891891891891892,7,7,unigrama_conservado_en_csv_completo,,ámbito
Informática,ambitos,-1.0919224894410393,2,26,7,37,0.07692307692307693,0.1891891891891892,2,2,unigrama_conservado_en_csv_completo,,ámbitos
Informática,amplia,0.493040011280117,1,26,1,37,0.038461538461538464,0.02702702702702703,1,1,unigrama_conservado_en_csv_completo,,amplia
Informática,amplio,-0.24392558288608923,1,26,2,37,0.038461538461538464,0.05405405405405406,1,1,unigrama_conservado_en_csv_completo,,amplio
Informática,amplio de responsabilidad,0.493040011280117,1,26,1,37,0.038461538461538464,0.02702702702702703,1,1,soporte_insuficiente_en_clase,,amplio de responsabilidad
Informática,amplio de responsabilidad social,0.493040011280117,1,26,1,37,0.038461538461538464,0.02702702702702703,1,1,soporte_insuficiente_en_clase,,amplio de responsabilidad social
Informática,analisis,-0.2439255828860894,4,26,7,37,0.15384615384615385,0.1891891891891892,4,4,unigrama_conservado_en_csv_completo,,análisis
Informática,analista,-0.729352410056331,1,26,3,37,0.038461538461538464,0.08108108108108109,1,1,unigrama_conservado_en_csv_completo,,analista
Informática,analista de sistemas,0.493040011280117,1,26,1,37,0.038461538461538464,0.02702702702702703,1,1,soporte_insuficiente_en_clase,,analista de sistemas
Informática,analitica,0.8556100906648252,4,26,3,37,0.15384615384615385,0.08108108108108109,4,4,unigrama_conservado_en_csv_completo,,analítica
Informática,analizar,0.28658913381269047,6,26,7,37,0.23076923076923078,0.1891891891891892,6,6,unigrama_conservado_en_csv_completo,,analizar
Informática,analizar grandes,0.493040011280117,1,26,1,37,0.038461538461538464,0.02702702702702703,1,1,soporte_insuficiente_en_clase,,analizar grandes
Informática,analizar grandes volumenes,0.493040011280117,1,26,1,37,0.038461538461538464,0.02702702702702703,1,1,soporte_insuficiente_en_clase,,analizar grandes volúmenes
Informática,anterior,-1.8288880836072454,0,26,2,37,0.0,0.05405405405405406,0,0,unigrama_conservado_en_csv_completo,,anterior
Informática,aplica,0.9784668384503586,3,26,2,37,0.11538461538461539,0.05405405405405406,3,3,unigrama_conservado_en_csv_completo,,aplica
Informática,aplicacion,0.20353339408513188,4,26,5,37,0.15384615384615385,0.13513513513513514,4,4,unigrama_conservado_en_csv_completo,,aplicación
Informática,aplicaciones,0.8556100906648252,4,26,3,37,0.15384615384615385,0.08108108108108109,4,4,unigrama_conservado_en_csv_completo,,aplicaciones
Informática,aplicada,-0.2439255828860894,4,26,7,37,0.15384615384615385,0.1891891891891892,4,4,unigrama_conservado_en_csv_completo,,aplicada
Informática,aplicadas,2.814968106167479,2,26,0,37,0.07692307692307693,0.0,2,2,unigrama_conservado_en_csv_completo,,aplicadas
Informática,aplicando,0.9404989882513382,7,26,5,37,0.2692307692307692,0.13513513513513514,7,7,unigrama_conservado_en_csv_completo,,aplicando
Informática,aplicando criterios,0.493040011280117,1,26,1,37,0.038461538461538464,0.02702702702702703,1,1,soporte_insuficiente_en_clase,,aplicando criterios
Informática,aplicar,-0.4244978285279103,4,26,8,37,0.15384615384615385,0.21621621621621623,4,4,unigrama_conservado_en_csv_completo,,aplicar
Informática,aplicar principios,0.493040011280117,1,26,1,37,0.038461538461538464,0.02702702702702703,1,1,soporte_insuficiente_en_clase,,aplicar principios
Informática,aporta,0.493040011280117,1,26,1,37,0.038461538461538464,0.02702702702702703,1,1,unigrama_conservado_en_csv_completo,,aporta
Informática,aportando,-0.24392558288608923,1,26,2,37,0.038461538461538464,0.05405405405405406,1,1,unigrama_conservado_en_csv_completo,,aportando
Informática,aporte,0.493040011280117,1,26,1,37,0.038461538461538464,0.02702702702702703,1,1,unigrama_conservado_en_csv_completo,,aporte
Informática,apoyar,1.341036917835067,4,26,2,37,0.15384615384615385,0.05405405405405406,4,4,unigrama_conservado_en_csv_completo,,apoyar
Informática,aprender,0.007613184109875269,2,26,3,37,0.07692307692307693,0.08108108108108109,2,2,unigrama_conservado_en_csv_completo,,aprender
Informática,aprender de forma,0.493040011280117,1,26,1,37,0.038461538461538464,0.02702702702702703,1,1,soporte_insuficiente_en_clase,,aprender de forma
Informática,aprender de forma autonoma,0.493040011280117,1,26,1,37,0.038461538461538464,0.02702702702702703,1,1,soporte_insuficiente_en_clase,,aprender de forma autónoma
Informática,aprendizaje,0.8340769291151839,9,26,7,37,0.34615384615384615,0.1891891891891892,9,9,unigrama_conservado_en_csv_completo,,aprendizaje
Informática,area,0.7340481107839116,6,26,5,37,0.23076923076923078,0.13513513513513514,6,6,unigrama_conservado_en_csv_completo,,área
Informática,areas,-0.4398457928613464,5,26,10,37,0.19230769230769232,0.2702702702702703,5,5,unigrama_conservado_en_csv_completo,,áreas
Informática,arquitectura,1.2300056054463233,2,26,1,37,0.07692307692307693,0.02702702702702703,2,2,unigrama_conservado_en_csv_completo,,arquitectura
Informática,arquitecturas,1.2300056054463233,2,26,1,37,0.07692307692307693,0.02702702702702703,2,2,unigrama_conservado_en_csv_completo,,arquitecturas
Informática,arquitecturas ti,0.493040011280117,1,26,1,37,0.038461538461538464,0.02702702702702703,1,1,soporte_insuficiente_en_clase,,arquitecturas ti
Informática,arquitecturas ti junto,0.493040011280117,1,26,1,37,0.038461538461538464,0.02702702702702703,1,1,soporte_insuficiente_en_clase,,arquitecturas ti junto
Informática,artificial,-0.13499121133292535,5,26,8,37,0.19230769230769232,0.21621621621621623,5,5,unigrama_conservado_en_csv_completo,,artificial
Informática,asegurando,1.2300056054463233,2,26,1,37,0.07692307692307693,0.02702702702702703,2,2,unigrama_conservado_en_csv_completo,,asegurando
Informática,asesor,0.493040011280117,1,26,1,37,0.038461538461538464,0.02702702702702703,1,1,unigrama_conservado_en_csv_completo,,asesor
Informática,asesorias,3.300394933337721,3,26,0,37,0.11538461538461539,0.0,3,3,unigrama_conservado_en_csv_completo,,asesorías
Informática,asi,-0.7293524100563313,4,26,10,37,0.15384615384615385,0.2702702702702703,4,4,unigrama_conservado_en_csv_completo,,así
Informática,asimismo,1.6305435350300517,5,26,2,37,0.19230769230769232,0.05405405405405406,5,5,unigrama_conservado_en_csv_completo,,asimismo
Informática,asociadas,2.814968106167479,2,26,0,37,0.07692307692307693,0.0,2,2,unigrama_conservado_en_csv_completo,,asociadas
Informática,asociados,1.341036917835067,4,26,2,37,0.15384615384615385,0.05405405405405406,4,4,unigrama_conservado_en_csv_completo,,asociados
Informática,aspectos,-0.729352410056331,1,26,3,37,0.038461538461538464,0.08108108108108109,1,1,unigrama_conservado_en_csv_completo,,aspectos
Informática,asumir,0.493040011280117,1,26,1,37,0.038461538461538464,0.02702702702702703,1,1,unigrama_conservado_en_csv_completo,,asumir
Informática,atendiendo,2.814968106167479,2,26,0,37,0.07692307692307693,0.0,2,2,unigrama_conservado_en_csv_completo,,atendiendo
Informática,auditoria,2.814968106167479,2,26,0,37,0.07692307692307693,0.0,2,2,unigrama_conservado_en_csv_completo,,auditoría
Informática,autoaprendizaje,1.7154324326165649,3,26,1,37,0.11538461538461539,0.02702702702702703,3,3,unigrama_conservado_en_csv_completo,,autoaprendizaje
Informática,autogestion,1.2300056054463233,2,26,1,37,0.07692307692307693,0.02702702702702703,2,2,unigrama_conservado_en_csv_completo,,autogestión
Informática,automatico,0.493040011280117,1,26,1,37,0.038461538461538464,0.02702702702702703,1,1,unigrama_conservado_en_csv_completo,,automático
Informática,automatizacion,-0.24392558288608923,1,26,2,37,0.038461538461538464,0.05405405405405406,1,1,unigrama_conservado_en_csv_completo,,automatización
Informática,automatizando,-1.8288880836072454,0,26,2,37,0.0,0.05405405405405406,0,0,unigrama_conservado_en_csv_completo,,automatizando
Informática,automatizando procesos,-1.8288880836072454,0,26,2,37,0.0,0.05405405405405406,0,0,soporte_insuficiente_en_clase,,automatizando procesos
Informática,autonoma,1.1451167078598101,5,26,3,37,0.19230769230769232,0.08108108108108109,5,5,unigrama_conservado_en_csv_completo,,autónoma
Informática,autonomia,0.493040011280117,1,26,1,37,0.038461538461538464,0.02702702702702703,1,1,unigrama_conservado_en_csv_completo,,autonomía
Informática,avanzadas,0.493040011280117,1,26,1,37,0.038461538461538464,0.02702702702702703,1,1,unigrama_conservado_en_csv_completo,,avanzadas
Informática,avanzado,-0.24392558288608923,1,26,2,37,0.038461538461538464,0.05405405405405406,1,1,unigrama_conservado_en_csv_completo,,avanzado
Informática,avda,0.493040011280117,1,26,1,37,0.038461538461538464,0.02702702702702703,1,1,unigrama_conservado_en_csv_completo,,avda
Informática,bajo,0.9784668384503586,3,26,2,37,0.11538461538461539,0.05405405405405406,3,3,unigrama_conservado_en_csv_completo,,bajo
Informática,basadas,0.9784668384503586,3,26,2,37,0.11538461538461539,0.05405405405405406,3,3,unigrama_conservado_en_csv_completo,,basadas
Informática,basadas en tecnologias,0.493040011280117,1,26,1,37,0.038461538461538464,0.02702702702702703,1,1,soporte_insuficiente_en_clase,,basadas en tecnologías
Informática,basados,0.493040011280117,2,26,2,37,0.07692307692307693,0.05405405405405406,2,2,unigrama_conservado_en_csv_completo,,basados
Informática,basados en tecnologias,0.493040011280117,1,26,1,37,0.038461538461538464,0.02702702702702703,1,1,soporte_insuficiente_en_clase,,basados en tecnologías
Informática,base,-0.6064956622707975,3,26,7,37,0.11538461538461539,0.1891891891891892,3,3,unigrama_conservado_en_csv_completo,,base
Informática,base de datos,0.493040011280117,1,26,1,37,0.038461538461538464,0.02702702702702703,1,1,soporte_insuficiente_en_clase,,base de datos
Informática,base tecnologica,0.493040011280117,1,26,1,37,0.038461538461538464,0.02702702702702703,1,1,soporte_insuficiente_en_clase,,base tecnológica
Informática,bases,1.0235547279788966,6,26,4,37,0.23076923076923078,0.10810810810810811,6,6,unigrama_conservado_en_csv_completo,,bases
Informática,basica,-1.8288880836072454,0,26,2,37,0.0,0.05405405405405406,0,0,unigrama_conservado_en_csv_completo,,básica
Informática,basicas,-1.291231297664446,4,26,15,37,0.15384615384615385,0.40540540540540543,4,4,unigrama_conservado_en_csv_completo,,básicas
Informática,bien,0.8556100906648252,4,26,3,37,0.15384615384615385,0.08108108108108109,4,4,unigrama_conservado_en_csv_completo,,bien
Informática,bienes,-1.8288880836072454,0,26,2,37,0.0,0.05405405405405406,0,0,unigrama_conservado_en_csv_completo,,bienes
Informática,bio,-1.8288880836072454,0,26,2,37,0.0,0.05405405405405406,0,0,unigrama_conservado_en_csv_completo,,bío
Informática,brindando,0.493040011280117,1,26,1,37,0.038461538461538464,0.02702702702702703,1,1,unigrama_conservado_en_csv_completo,,brindando
Informática,buen,2.814968106167479,2,26,0,37,0.07692307692307693,0.0,2,2,unigrama_conservado_en_csv_completo,,buen
Informática,buscando,2.814968106167479,2,26,0,37,0.07692307692307693,0.0,2,2,unigrama_conservado_en_csv_completo,,buscando
Informática,busqueda,-0.24392558288608923,1,26,2,37,0.038461538461538464,0.05405405405405406,1,1,unigrama_conservado_en_csv_completo,,búsqueda
Informática,cada,1.2300056054463233,2,26,1,37,0.07692307692307693,0.02702702702702703,2,2,unigrama_conservado_en_csv_completo,,cada
Informática,calidad,1.0,13,26,9,37,0.5,0.24324324324324326,13,13,unigrama_conservado_en_csv_completo,,calidad
Informática,calidad de vida,-1.8288880836072454,0,26,2,37,0.0,0.05405405405405406,0,0,soporte_insuficiente_en_clase,,calidad de vida
Informática,calificados,0.493040011280117,1,26,1,37,0.038461538461538464,0.02702702702702703,1,1,unigrama_conservado_en_csv_completo,,calificados
Informática,cambio,0.007613184109875269,2,26,3,37,0.07692307692307693,0.08108108108108109,2,2,unigrama_conservado_en_csv_completo,,cambio
Informática,cambio tecnologico,-1.8288880836072454,0,26,2,37,0.0,0.05405405405405406,0,0,soporte_insuficiente_en_clase,,cambio tecnológico
Informática,cambios,0.493040011280117,1,26,1,37,0.038461538461538464,0.02702702702702703,1,1,unigrama_conservado_en_csv_completo,,cambios
Informática,campo,0.493040011280117,4,26,4,37,0.15384615384615385,0.10810810810810811,4,4,unigrama_conservado_en_csv_completo,,campo
Informática,campo de desarrollo,0.493040011280117,1,26,1,37,0.038461538461538464,0.02702702702702703,1,1,soporte_insuficiente_en_clase,,campo de desarrollo
Informática,campo de desarrollo profesional,0.493040011280117,1,26,1,37,0.038461538461538464,0.02702702702702703,1,1,soporte_insuficiente_en_clase,,campo de desarrollo profesional
Informática,campo ocupacional,0.493040011280117,1,26,1,37,0.038461538461538464,0.02702702702702703,1,1,soporte_insuficiente_en_clase,,campo ocupacional
Informática,capacidad,0.38994651831601335,13,26,14,37,0.5,0.3783783783783784,13,13,unigrama_conservado_en_csv_completo,,capacidad
Informática,capacidad analitica,-0.729352410056331,1,26,3,37,0.038461538461538464,0.08108108108108109,1,1,soporte_insuficiente_en_clase,,capacidad analítica
Informática,capacidad de comunicacion,-1.8288880836072454,0,26,2,37,0.0,0.05405405405405406,0,0,soporte_insuficiente_en_clase,,capacidad de comunicación
Informática,capacidades,-0.3549568952748331,2,26,4,37,0.07692307692307693,0.10810810810810811,2,2,unigrama_conservado_en_csv_completo,,capacidades
Informática,capacitado,0.20353339408513188,4,26,5,37,0.15384615384615385,0.13513513513513514,4,4,unigrama_conservado_en_csv_completo,,capacitado
Informática,capital,0.493040011280117,1,26,1,37,0.038461538461538464,0.02702702702702703,1,1,unigrama_conservado_en_csv_completo,,capital
Informática,caracteristicas,0.493040011280117,2,26,2,37,0.07692307692307693,0.05405405405405406,2,2,unigrama_conservado_en_csv_completo,,características
Informática,caracteriza,0.493040011280117,2,26,2,37,0.07692307692307693,0.05405405405405406,2,2,unigrama_conservado_en_csv_completo,,caracteriza
Informática,caracterizan,0.493040011280117,1,26,1,37,0.038461538461538464,0.02702702702702703,1,1,unigrama_conservado_en_csv_completo,,caracterizan
Informática,caracterizandose,0.493040011280117,1,26,1,37,0.038461538461538464,0.02702702702702703,1,1,unigrama_conservado_en_csv_completo,,caracterizándose
Informática,cargos,-0.24392558288608923,1,26,2,37,0.038461538461538464,0.05405405405405406,1,1,unigrama_conservado_en_csv_completo,,cargos
Informática,centra,-1.8288880836072454,0,26,2,37,0.0,0.05405405405405406,0,0,unigrama_conservado_en_csv_completo,,centra
Informática,centrada,1.7154324326165649,3,26,1,37,0.11538461538461539,0.02702702702702703,3,3,unigrama_conservado_en_csv_completo,,centrada
Informática,centrado,-0.24392558288608923,1,26,2,37,0.038461538461538464,0.05405405405405406,1,1,unigrama_conservado_en_csv_completo,,centrado
Informática,central,0.493040011280117,1,26,1,37,0.038461538461538464,0.02702702702702703,1,1,unigrama_conservado_en_csv_completo,,central
Informática,certificacion,-1.8288880836072454,0,26,2,37,0.0,0.05405405405405406,0,0,unigrama_conservado_en_csv_completo,,certificación
Informática,certificaciones,0.493040011280117,1,26,1,37,0.038461538461538464,0.02702702702702703,1,1,unigrama_conservado_en_csv_completo,,certificaciones
Informática,ciberseguridad,1.7154324326165649,3,26,1,37,0.11538461538461539,0.02702702702702703,3,3,unigrama_conservado_en_csv_completo,,ciberseguridad
Informática,ciclo,0.9784668384503586,3,26,2,37,0.11538461538461539,0.05405405405405406,3,3,unigrama_conservado_en_csv_completo,,ciclo
Informática,ciencia,-0.4244978285279103,4,26,8,37,0.15384615384615385,0.21621621621621623,4,4,unigrama_conservado_en_csv_completo,,ciencia
Informática,ciencia de la computacion,0.493040011280117,1,26,1,37,0.038461538461538464,0.02702702702702703,1,1,soporte_insuficiente_en_clase,,ciencia de la computación
Informática,ciencia de los datos,0.493040011280117,1,26,1,37,0.038461538461538464,0.02702702702702703,1,1,soporte_insuficiente_en_clase,,ciencia de los datos
Informática,ciencias,-1.6021172217602233,5,26,23,37,0.19230769230769232,0.6216216216216216,5,5,unigrama_conservado_en_csv_completo,,ciencias
Informática,ciencias basicas,-1.6538013770491544,3,26,15,37,0.11538461538461539,0.40540540540540543,3,3,prevalencia_suavizada_no_superior_al_resto,,ciencias básicas
Informática,ciencias de la computacion,-0.729352410056331,1,26,3,37,0.038461538461538464,0.08108108108108109,1,1,soporte_insuficiente_en_clase,,ciencias de la computación
Informática,ciencias geologicas,0.493040011280117,1,26,1,37,0.038461538461538464,0.02702702702702703,1,1,soporte_insuficiente_en_clase,,ciencias geológicas
Informática,cientifica,0.493040011280117,1,26,1,37,0.038461538461538464,0.02702702702702703,1,1,unigrama_conservado_en_csv_completo,,científica
Informática,cientifico,-2.676884990162195,0,26,4,37,0.0,0.10810810810810811,0,0,unigrama_conservado_en_csv_completo,,científico
Informática,cientificos,1.7154324326165649,3,26,1,37,0.11538461538461539,0.02702702702702703,3,3,unigrama_conservado_en_csv_completo,,científicos
Informática,cisco,0.493040011280117,1,26,1,37,0.038461538461538464,0.02702702702702703,1,1,unigrama_conservado_en_csv_completo,,cisco
Informática,ciudadania,1.2300056054463233,2,26,1,37,0.07692307692307693,0.02702702702702703,2,2,unigrama_conservado_en_csv_completo,,ciudadanía
Informática,cliente,3.300394933337721,3,26,0,37,0.11538461538461539,0.0,3,3,unigrama_conservado_en_csv_completo,,cliente
Informática,clientes,2.814968106167479,2,26,0,37,0.07692307692307693,0.0,2,2,unigrama_conservado_en_csv_completo,,clientes
Informática,cloud,0.493040011280117,1,26,1,37,0.038461538461538464,0.02702702702702703,1,1,unigrama_conservado_en_csv_completo,,cloud
Informática,coherencia,-1.8288880836072454,0,26,2,37,0.0,0.05405405405405406,0,0,unigrama_conservado_en_csv_completo,,coherencia
Informática,coherente,2.814968106167479,2,26,0,37,0.07692307692307693,0.0,2,2,unigrama_conservado_en_csv_completo,,coherente
Informática,colaboracion,2.814968106167479,2,26,0,37,0.07692307692307693,0.0,2,2,unigrama_conservado_en_csv_completo,,colaboración
Informática,colaborar,1.2300056054463233,2,26,1,37,0.07692307692307693,0.02702702702702703,2,2,unigrama_conservado_en_csv_completo,,colaborar
Informática,colaborativa,-2.676884990162195,0,26,4,37,0.0,0.10810810810810811,0,0,unigrama_conservado_en_csv_completo,,colaborativa
Informática,colaborativamente,0.9784668384503586,3,26,2,37,0.11538461538461539,0.05405405405405406,3,3,unigrama_conservado_en_csv_completo,,colaborativamente
Informática,colaborativamente en equipos,0.493040011280117,1,26,1,37,0.038461538461538464,0.02702702702702703,1,1,soporte_insuficiente_en_clase,,colaborativamente en equipos
Informática,colaborativo,1.7154324326165649,3,26,1,37,0.11538461538461539,0.02702702702702703,3,3,unigrama_conservado_en_csv_completo,,colaborativo
Informática,colaborativos,0.493040011280117,1,26,1,37,0.038461538461538464,0.02702702702702703,1,1,unigrama_conservado_en_csv_completo,,colaborativos
Informática,combinado,-1.8288880836072454,0,26,2,37,0.0,0.05405405405405406,0,0,unigrama_conservado_en_csv_completo,,combinado
Informática,combinado de las tecnologias,-1.8288880836072454,0,26,2,37,0.0,0.05405405405405406,0,0,soporte_insuficiente_en_clase,,combinado de las tecnologías
Informática,comercial,0.493040011280117,1,26,1,37,0.038461538461538464,0.02702702702702703,1,1,unigrama_conservado_en_csv_completo,,comercial
Informática,competencias,0.027376438931305033,10,26,14,37,0.38461538461538464,0.3783783783783784,10,10,unigrama_conservado_en_csv_completo,,competencias
Informática,competencias del perfil,0.493040011280117,1,26,1,37,0.038461538461538464,0.02702702702702703,1,1,soporte_insuficiente_en_clase,,competencias del perfil
Informática,competencias genericas tales,0.493040011280117,1,26,1,37,0.038461538461538464,0.02702702702702703,1,1,soporte_insuficiente_en_clase,,competencias genéricas tales
Informática,competencias para liderar,-1.8288880836072454,0,26,2,37,0.0,0.05405405405405406,0,0,soporte_insuficiente_en_clase,,competencias para liderar
Informática,competencias para liderar equipos,-1.8288880836072454,0,26,2,37,0.0,0.05405405405405406,0,0,soporte_insuficiente_en_clase,,competencias para liderar equipos
Informática,competencias profesionales,-0.24392558288608923,1,26,2,37,0.038461538461538464,0.05405405405405406,1,1,soporte_insuficiente_en_clase,,competencias profesionales
Informática,competencias tecnicas,-1.8288880836072454,0,26,2,37,0.0,0.05405405405405406,0,0,soporte_insuficiente_en_clase,,competencias técnicas
Informática,competente,1.2300056054463233,2,26,1,37,0.07692307692307693,0.02702702702702703,2,2,unigrama_conservado_en_csv_completo,,competente
Informática,complejidad,0.493040011280117,1,26,1,37,0.038461538461538464,0.02702702702702703,1,1,unigrama_conservado_en_csv_completo,,complejidad
Informática,complejos,-1.223167022719292,3,26,11,37,0.11538461538461539,0.2972972972972973,3,3,unigrama_conservado_en_csv_completo,,complejos
Informática,complejos mediante,-1.8288880836072454,0,26,2,37,0.0,0.05405405405405406,0,0,soporte_insuficiente_en_clase,,complejos mediante
Informática,complejos mediante el uso,-1.8288880836072454,0,26,2,37,0.0,0.05405405405405406,0,0,soporte_insuficiente_en_clase,,complejos mediante el uso
Informática,complementa,2.814968106167479,2,26,0,37,0.07692307692307693,0.0,2,2,unigrama_conservado_en_csv_completo,,complementa
Informática,completar,-0.24392558288608923,1,26,2,37,0.038461538461538464,0.05405405405405406,1,1,unigrama_conservado_en_csv_completo,,completar
Informática,componente,-1.8288880836072454,0,26,2,37,0.0,0.05405405405405406,0,0,unigrama_conservado_en_csv_completo,,componente
Informática,comportamiento,-1.8288880836072454,0,26,2,37,0.0,0.05405405405405406,0,0,unigrama_conservado_en_csv_completo,,comportamiento
Informática,comportamiento etico,-1.8288880836072454,0,26,2,37,0.0,0.05405405405405406,0,0,soporte_insuficiente_en_clase,,comportamiento ético
Informática,comprende,-1.8288880836072454,0,26,2,37,0.0,0.05405405405405406,0,0,unigrama_conservado_en_csv_completo,,comprende
Informática,comprender,0.493040011280117,1,26,1,37,0.038461538461538464,0.02702702702702703,1,1,unigrama_conservado_en_csv_completo,,comprender
Informática,comprometida,1.2300056054463233,2,26,1,37,0.07692307692307693,0.02702702702702703,2,2,unigrama_conservado_en_csv_completo,,comprometida
Informática,comprometido,-0.3549568952748331,2,26,4,37,0.07692307692307693,0.10810810810810811,2,2,unigrama_conservado_en_csv_completo,,comprometido
Informática,compromiso,-0.29545588352617136,5,26,9,37,0.19230769230769232,0.24324324324324326,5,5,unigrama_conservado_en_csv_completo,,compromiso
Informática,compromiso con la calidad,-1.8288880836072454,0,26,2,37,0.0,0.05405405405405406,0,0,soporte_insuficiente_en_clase,,compromiso con la calidad
Informática,compromiso social,-2.314314910777487,0,26,3,37,0.0,0.08108108108108109,0,0,soporte_insuficiente_en_clase,,compromiso social
Informática,computacion,-1.1768113870275523,5,26,17,37,0.19230769230769232,0.4594594594594595,5,5,unigrama_conservado_en_csv_completo,,computación
Informática,computacionales,-1.0919224894410395,3,26,10,37,0.11538461538461539,0.2702702702702703,3,3,unigrama_conservado_en_csv_completo,,computacionales
Informática,computadores,-1.8288880836072454,0,26,2,37,0.0,0.05405405405405406,0,0,unigrama_conservado_en_csv_completo,,computadores
Informática,computo,0.493040011280117,1,26,1,37,0.038461538461538464,0.02702702702702703,1,1,unigrama_conservado_en_csv_completo,,cómputo
Informática,comun,-0.15903668529957632,3,26,5,37,0.11538461538461539,0.13513513513513514,3,3,unigrama_conservado_en_csv_completo,,común
Informática,comunica,1.2300056054463233,2,26,1,37,0.07692307692307693,0.02702702702702703,2,2,unigrama_conservado_en_csv_completo,,comunica
Informática,comunica de manera,0.493040011280117,1,26,1,37,0.038461538461538464,0.02702702702702703,1,1,soporte_insuficiente_en_clase,,comunica de manera
Informática,comunicacion,-0.46389126682799703,8,26,16,37,0.3076923076923077,0.43243243243243246,8,8,unigrama_conservado_en_csv_completo,,comunicación
Informática,comunicaciones,0.7825466284751018,5,26,4,37,0.19230769230769232,0.10810810810810811,5,5,unigrama_conservado_en_csv_completo,,comunicaciones
Informática,comunicaciones junto,0.493040011280117,1,26,1,37,0.038461538461538464,0.02702702702702703,1,1,soporte_insuficiente_en_clase,,comunicaciones junto
Informática,comunicar,1.2300056054463233,2,26,1,37,0.07692307692307693,0.02702702702702703,2,2,unigrama_conservado_en_csv_completo,,comunicar
Informática,comunicar ideas,0.493040011280117,1,26,1,37,0.038461538461538464,0.02702702702702703,1,1,soporte_insuficiente_en_clase,,comunicar ideas
Informática,comunicarse,-0.885471611973613,2,26,6,37,0.07692307692307693,0.16216216216216217,2,2,unigrama_conservado_en_csv_completo,,comunicarse
Informática,comunicarse efectivamente en forma,0.493040011280117,1,26,1,37,0.038461538461538464,0.02702702702702703,1,1,soporte_insuficiente_en_clase,,comunicarse efectivamente en forma
Informática,comunidad,-0.24392558288608923,1,26,2,37,0.038461538461538464,0.05405405405405406,1,1,unigrama_conservado_en_csv_completo,,comunidad
Informática,concebir,-1.3814291066360243,1,26,5,37,0.038461538461538464,0.13513513513513514,1,1,unigrama_conservado_en_csv_completo,,concebir
Informática,conceptos,2.814968106167479,2,26,0,37,0.07692307692307693,0.0,2,2,unigrama_conservado_en_csv_completo,,conceptos
Informática,concibe,-1.8288880836072454,0,26,2,37,0.0,0.05405405405405406,0,0,unigrama_conservado_en_csv_completo,,concibe
Informática,confidencialidad,2.814968106167479,2,26,0,37,0.07692307692307693,0.0,2,2,unigrama_conservado_en_csv_completo,,confidencialidad
Informática,configuracion,0.493040011280117,1,26,1,37,0.038461538461538464,0.02702702702702703,1,1,unigrama_conservado_en_csv_completo,,configuración
Informática,conforme,0.493040011280117,1,26,1,37,0.038461538461538464,0.02702702702702703,1,1,unigrama_conservado_en_csv_completo,,conforme
Informática,conjunto,2.814968106167479,2,26,0,37,0.07692307692307693,0.0,2,2,unigrama_conservado_en_csv_completo,,conjunto
Informática,conocimiento,0.13046993189540856,3,26,4,37,0.11538461538461539,0.10810810810810811,3,3,unigrama_conservado_en_csv_completo,,conocimiento
Informática,conocimientos,-0.07255716457410814,12,26,18,37,0.46153846153846156,0.4864864864864865,12,12,unigrama_conservado_en_csv_completo,,conocimientos
Informática,consciente,0.493040011280117,1,26,1,37,0.038461538461538464,0.02702702702702703,1,1,unigrama_conservado_en_csv_completo,,consciente
Informática,considera,2.814968106167479,2,26,0,37,0.07692307692307693,0.0,2,2,unigrama_conservado_en_csv_completo,,considera
Informática,consideracion,2.814968106167479,2,26,0,37,0.07692307692307693,0.0,2,2,unigrama_conservado_en_csv_completo,,consideración
Informática,consideran,0.493040011280117,1,26,1,37,0.038461538461538464,0.02702702702702703,1,1,unigrama_conservado_en_csv_completo,,consideran
Informática,consideran las arquitecturas,0.493040011280117,1,26,1,37,0.038461538461538464,0.02702702702702703,1,1,soporte_insuficiente_en_clase,,consideran las arquitecturas
Informática,consideran las arquitecturas ti,0.493040011280117,1,26,1,37,0.038461538461538464,0.02702702702702703,1,1,soporte_insuficiente_en_clase,,consideran las arquitecturas ti
Informática,considerando,0.49304001128011676,6,26,6,37,0.23076923076923078,0.16216216216216217,6,6,unigrama_conservado_en_csv_completo,,considerando
Informática,considerando aspectos,0.493040011280117,1,26,1,37,0.038461538461538464,0.02702702702702703,1,1,soporte_insuficiente_en_clase,,considerando aspectos
Informática,considerando criterios,0.493040011280117,1,26,1,37,0.038461538461538464,0.02702702702702703,1,1,soporte_insuficiente_en_clase,,considerando criterios
Informática,considerando criterios de seguridad,0.493040011280117,1,26,1,37,0.038461538461538464,0.02702702702702703,1,1,soporte_insuficiente_en_clase,,considerando criterios de seguridad
Informática,considerando el impacto,0.493040011280117,1,26,1,37,0.038461538461538464,0.02702702702702703,1,1,soporte_insuficiente_en_clase,,considerando el impacto
Informática,constante,0.13046993189540856,3,26,4,37,0.11538461538461539,0.10810810810810811,3,3,unigrama_conservado_en_csv_completo,,constante
Informática,constante actualizacion,0.493040011280117,1,26,1,37,0.038461538461538464,0.02702702702702703,1,1,soporte_insuficiente_en_clase,,constante actualización
Informática,constante evolucion,-0.24392558288608923,1,26,2,37,0.038461538461538464,0.05405405405405406,1,1,soporte_insuficiente_en_clase,,constante evolución
Informática,construir,-0.3549568952748331,2,26,4,37,0.07692307692307693,0.10810810810810811,2,2,unigrama_conservado_en_csv_completo,,construir
Informática,consultor,0.13046993189540856,3,26,4,37,0.11538461538461539,0.10810810810810811,3,3,unigrama_conservado_en_csv_completo,,consultor
Informática,consultor empresarial,0.493040011280117,1,26,1,37,0.038461538461538464,0.02702702702702703,1,1,soporte_insuficiente_en_clase,,consultor empresarial
Informática,consultor empresarial de sistemas,0.493040011280117,1,26,1,37,0.038461538461538464,0.02702702702702703,1,1,soporte_insuficiente_en_clase,,consultor empresarial de sistemas
Informática,consultoria,3.300394933337721,3,26,0,37,0.11538461538461539,0.0,3,3,unigrama_conservado_en_csv_completo,,consultoría
Informática,contara,2.814968106167479,2,26,0,37,0.07692307692307693,0.0,2,2,unigrama_conservado_en_csv_completo,,contará
Informática,contexto,1.281535906086405,9,26,5,37,0.34615384615384615,0.13513513513513514,9,9,unigrama_conservado_en_csv_completo,,contexto
Informática,contexto global,-0.24392558288608923,1,26,2,37,0.038461538461538464,0.05405405405405406,1,1,soporte_insuficiente_en_clase,,contexto global
Informática,contexto social,0.493040011280117,1,26,1,37,0.038461538461538464,0.02702702702702703,1,1,soporte_insuficiente_en_clase,,contexto social
Informática,contextos,1.184917715917785,10,26,6,37,0.38461538461538464,0.16216216216216217,10,10,unigrama_conservado_en_csv_completo,,contextos
Informática,contextos organizacionales,-0.24392558288608923,1,26,2,37,0.038461538461538464,0.05405405405405406,1,1,soporte_insuficiente_en_clase,,contextos organizacionales
Informática,continua,1.3861248073636052,6,26,3,37,0.23076923076923078,0.08108108108108109,6,6,unigrama_conservado_en_csv_completo,,continua
Informática,continuar,-0.24392558288608923,1,26,2,37,0.038461538461538464,0.05405405405405406,1,1,unigrama_conservado_en_csv_completo,,continuar
Informática,continuar estudios,-1.8288880836072454,0,26,2,37,0.0,0.05405405405405406,0,0,soporte_insuficiente_en_clase,,continuar estudios
Informática,contribucion,-1.8288880836072454,0,26,2,37,0.0,0.05405405405405406,0,0,unigrama_conservado_en_csv_completo,,contribución
Informática,contribuir,0.13046993189540856,3,26,4,37,0.11538461538461539,0.10810810810810811,3,3,unigrama_conservado_en_csv_completo,,contribuir
Informática,contribuya,0.493040011280117,1,26,1,37,0.038461538461538464,0.02702702702702703,1,1,unigrama_conservado_en_csv_completo,,contribuya
Informática,coquimbo,-1.8288880836072454,0,26,2,37,0.0,0.05405405405405406,0,0,unigrama_conservado_en_csv_completo,,coquimbo
Informática,cosas,0.493040011280117,1,26,1,37,0.038461538461538464,0.02702702702702703,1,1,unigrama_conservado_en_csv_completo,,cosas
Informática,creacion,0.493040011280117,2,26,2,37,0.07692307692307693,0.05405405405405406,2,2,unigrama_conservado_en_csv_completo,,creación
Informática,crear,0.8556100906648252,4,26,3,37,0.15384615384615385,0.08108108108108109,4,4,unigrama_conservado_en_csv_completo,,crear
Informática,crear valor,0.493040011280117,1,26,1,37,0.038461538461538464,0.02702702702702703,1,1,soporte_insuficiente_en_clase,,crear valor
Informática,creativas,-1.8288880836072454,0,26,2,37,0.0,0.05405405405405406,0,0,unigrama_conservado_en_csv_completo,,creativas
Informática,creatividad,-1.8288880836072454,0,26,2,37,0.0,0.05405405405405406,0,0,unigrama_conservado_en_csv_completo,,creatividad
Informática,criterios,0.493040011280117,4,26,4,37,0.15384615384615385,0.10810810810810811,4,4,unigrama_conservado_en_csv_completo,,criterios
Informática,critico,0.49304001128011676,5,26,5,37,0.19230769230769232,0.13513513513513514,5,5,unigrama_conservado_en_csv_completo,,crítico
Informática,cuenta,-0.885471611973613,2,26,6,37,0.07692307692307693,0.16216216216216217,2,2,unigrama_conservado_en_csv_completo,,cuenta
Informática,cuerpo,1.2300056054463233,2,26,1,37,0.07692307692307693,0.02702702702702703,2,2,unigrama_conservado_en_csv_completo,,cuerpo
Informática,cuerpo docente,0.493040011280117,1,26,1,37,0.038461538461538464,0.02702702702702703,1,1,soporte_insuficiente_en_clase,,cuerpo docente
Informática,cuidado,2.814968106167479,2,26,0,37,0.07692307692307693,0.0,2,2,unigrama_conservado_en_csv_completo,,cuidado
Informática,cultura,0.9784668384503586,3,26,2,37,0.11538461538461539,0.05405405405405406,3,3,unigrama_conservado_en_csv_completo,,cultura
Informática,cultural,-1.8288880836072454,0,26,2,37,0.0,0.05405405405405406,0,0,unigrama_conservado_en_csv_completo,,cultural
Informática,cumpliendo,1.2300056054463233,2,26,1,37,0.07692307692307693,0.02702702702702703,2,2,unigrama_conservado_en_csv_completo,,cumpliendo
Informática,cumplimiento,0.493040011280117,2,26,2,37,0.07692307692307693,0.05405405405405406,2,2,unigrama_conservado_en_csv_completo,,cumplimiento
Informática,cumplimiento de los objetivos,0.493040011280117,1,26,1,37,0.038461538461538464,0.02702702702702703,1,1,soporte_insuficiente_en_clase,,cumplimiento de los objetivos
Informática,curricular,0.493040011280117,1,26,1,37,0.038461538461538464,0.02702702702702703,1,1,unigrama_conservado_en_csv_completo,,curricular
Informática,curriculum,0.493040011280117,1,26,1,37,0.038461538461538464,0.02702702702702703,1,1,unigrama_conservado_en_csv_completo,,curriculum
Informática,cursos,0.493040011280117,1,26,1,37,0.038461538461538464,0.02702702702702703,1,1,unigrama_conservado_en_csv_completo,,cursos
Informática,dando,-1.8288880836072454,0,26,2,37,0.0,0.05405405405405406,0,0,unigrama_conservado_en_csv_completo,,dando
Informática,dar,1.7154324326165649,3,26,1,37,0.11538461538461539,0.02702702702702703,3,3,unigrama_conservado_en_csv_completo,,dar
Informática,datos,0.493040011280117,17,26,17,37,0.6538461538461539,0.4594594594594595,17,17,unigrama_conservado_en_csv_completo,,datos
Informática,decisiones,0.7978945928085379,10,26,8,37,0.38461538461538464,0.21621621621621623,10,10,unigrama_conservado_en_csv_completo,,decisiones
Informática,decisiones en las organizaciones,0.493040011280117,1,26,1,37,0.038461538461538464,0.02702702702702703,1,1,soporte_insuficiente_en_clase,,decisiones en las organizaciones
Informática,decisiones estrategicas,-1.8288880836072454,0,26,2,37,0.0,0.05405405405405406,0,0,soporte_insuficiente_en_clase,,decisiones estratégicas
Informática,definidos,0.493040011280117,1,26,1,37,0.038461538461538464,0.02702702702702703,1,1,unigrama_conservado_en_csv_completo,,definidos
Informática,demandas,1.2300056054463233,2,26,1,37,0.07692307692307693,0.02702702702702703,2,2,unigrama_conservado_en_csv_completo,,demandas
Informática,demandas del entorno,0.493040011280117,1,26,1,37,0.038461538461538464,0.02702702702702703,1,1,soporte_insuficiente_en_clase,,demandas del entorno
Informática,demas,2.814968106167479,2,26,0,37,0.07692307692307693,0.0,2,2,unigrama_conservado_en_csv_completo,,demás
Informática,democraticos,-1.8288880836072454,0,26,2,37,0.0,0.05405405405405406,0,0,unigrama_conservado_en_csv_completo,,democráticos
Informática,demostrando,1.7154324326165649,3,26,1,37,0.11538461538461539,0.02702702702702703,3,3,unigrama_conservado_en_csv_completo,,demostrando
Informática,demostrar,1.2300056054463233,2,26,1,37,0.07692307692307693,0.02702702702702703,2,2,unigrama_conservado_en_csv_completo,,demostrar
Informática,den,0.493040011280117,1,26,1,37,0.038461538461538464,0.02702702702702703,1,1,unigrama_conservado_en_csv_completo,,den
Informática,dentro,-0.24392558288608923,1,26,2,37,0.038461538461538464,0.05405405405405406,1,1,unigrama_conservado_en_csv_completo,,dentro
Informática,departamento,-0.24392558288608923,1,26,2,37,0.038461538461538464,0.05405405405405406,1,1,unigrama_conservado_en_csv_completo,,departamento
Informática,derechos,0.493040011280117,1,26,1,37,0.038461538461538464,0.02702702702702703,1,1,unigrama_conservado_en_csv_completo,,derechos
Informática,derechos humanos,0.493040011280117,1,26,1,37,0.038461538461538464,0.02702702702702703,1,1,soporte_insuficiente_en_clase,,derechos humanos
Informática,desafios,0.20353339408513188,4,26,5,37,0.15384615384615385,0.13513513513513514,4,4,unigrama_conservado_en_csv_completo,,desafíos
Informática,desafios tecnologicos,0.493040011280117,1,26,1,37,0.038461538461538464,0.02702702702702703,1,1,soporte_insuficiente_en_clase,,desafíos tecnológicos
Informática,desarrolla,0.7340481107839116,6,26,5,37,0.23076923076923078,0.13513513513513514,6,6,unigrama_conservado_en_csv_completo,,desarrolla
Informática,desarrolla habilidades,-1.8288880836072454,0,26,2,37,0.0,0.05405405405405406,0,0,soporte_insuficiente_en_clase,,desarrolla habilidades
Informática,desarrolla habilidades para identificar,-1.8288880836072454,0,26,2,37,0.0,0.05405405405405406,0,0,soporte_insuficiente_en_clase,,desarrolla habilidades para identificar
Informática,desarrollados,-1.8288880836072454,0,26,2,37,0.0,0.05405405405405406,0,0,unigrama_conservado_en_csv_completo,,desarrollados
Informática,desarrollan,-1.8288880836072454,0,26,2,37,0.0,0.05405405405405406,0,0,unigrama_conservado_en_csv_completo,,desarrollan
Informática,desarrollando,0.493040011280117,1,26,1,37,0.038461538461538464,0.02702702702702703,1,1,unigrama_conservado_en_csv_completo,,desarrollando
Informática,desarrollar,1.0549188988882316,15,26,10,37,0.5769230769230769,0.2702702702702703,15,15,unigrama_conservado_en_csv_completo,,desarrollar
Informática,desarrollar iniciativas,0.493040011280117,1,26,1,37,0.038461538461538464,0.02702702702702703,1,1,soporte_insuficiente_en_clase,,desarrollar iniciativas
Informática,desarrollar proyectos,-1.0919224894410393,1,26,4,37,0.038461538461538464,0.10810810810810811,1,1,soporte_insuficiente_en_clase,,desarrollar proyectos
Informática,desarrollar proyectos de software,0.493040011280117,1,26,1,37,0.038461538461538464,0.02702702702702703,1,1,soporte_insuficiente_en_clase,,desarrollar proyectos de software
Informática,desarrollo,0.11116937593647273,16,26,21,37,0.6153846153846154,0.5675675675675675,16,16,unigrama_conservado_en_csv_completo,,desarrollo
Informática,desarrollo del pais,0.493040011280117,1,26,1,37,0.038461538461538464,0.02702702702702703,1,1,soporte_insuficiente_en_clase,,desarrollo del país
Informática,desarrollo permanente,0.493040011280117,1,26,1,37,0.038461538461538464,0.02702702702702703,1,1,soporte_insuficiente_en_clase,,desarrollo permanente
Informática,desarrollo profesional,0.493040011280117,1,26,1,37,0.038461538461538464,0.02702702702702703,1,1,soporte_insuficiente_en_clase,,desarrollo profesional
Informática,desarrollo sostenible,-1.0919224894410393,1,26,4,37,0.038461538461538464,0.10810810810810811,1,1,soporte_insuficiente_en_clase,,desarrollo sostenible
Informática,desarrollo tecnologico,0.493040011280117,1,26,1,37,0.038461538461538464,0.02702702702702703,1,1,soporte_insuficiente_en_clase,,desarrollo tecnológico
Informática,descripcion,1.2300056054463233,2,26,1,37,0.07692307692307693,0.02702702702702703,2,2,unigrama_conservado_en_csv_completo,,descripción
Informática,desempenar,0.493040011280117,1,26,1,37,0.038461538461538464,0.02702702702702703,1,1,unigrama_conservado_en_csv_completo,,desempeñar
Informática,desempenarse,-0.05444778402237646,6,26,9,37,0.23076923076923078,0.24324324324324326,6,6,unigrama_conservado_en_csv_completo,,desempeñarse
Informática,desempenarse en instituciones,0.493040011280117,1,26,1,37,0.038461538461538464,0.02702702702702703,1,1,soporte_insuficiente_en_clase,,desempeñarse en instituciones
Informática,desempenarse en organizaciones,0.493040011280117,1,26,1,37,0.038461538461538464,0.02702702702702703,1,1,soporte_insuficiente_en_clase,,desempeñarse en organizaciones
Informática,desempenarse profesionalmente,0.493040011280117,1,26,1,37,0.038461538461538464,0.02702702702702703,1,1,soporte_insuficiente_en_clase,,desempeñarse profesionalmente
Informática,desempenarse profesionalmente en forma,0.493040011280117,1,26,1,37,0.038461538461538464,0.02702702702702703,1,1,soporte_insuficiente_en_clase,,desempeñarse profesionalmente en forma
Informática,desempeno,1.2300056054463233,7,26,4,37,0.2692307692307692,0.10810810810810811,7,7,unigrama_conservado_en_csv_completo,,desempeño
Informática,desempeno profesional,0.493040011280117,1,26,1,37,0.038461538461538464,0.02702702702702703,1,1,soporte_insuficiente_en_clase,,desempeño profesional
Informática,desplegar,-1.8288880836072454,0,26,2,37,0.0,0.05405405405405406,0,0,unigrama_conservado_en_csv_completo,,desplegar
Informática,destaca,-0.24392558288608923,1,26,2,37,0.038461538461538464,0.05405405405405406,1,1,unigrama_conservado_en_csv_completo,,destaca
Informática,destrezas,2.814968106167479,2,26,0,37,0.07692307692307693,0.0,2,2,unigrama_conservado_en_csv_completo,,destrezas
Informática,diagnosticar,-0.24392558288608923,1,26,2,37,0.038461538461538464,0.05405405405405406,1,1,unigrama_conservado_en_csv_completo,,diagnosticar
Informática,dichos,-1.8288880836072454,0,26,2,37,0.0,0.05405405405405406,0,0,unigrama_conservado_en_csv_completo,,dichos
Informática,diferenciador,0.493040011280117,1,26,1,37,0.038461538461538464,0.02702702702702703,1,1,unigrama_conservado_en_csv_completo,,diferenciador
Informática,diferencias,0.493040011280117,1,26,1,37,0.038461538461538464,0.02702702702702703,1,1,unigrama_conservado_en_csv_completo,,diferencias
Informática,diferentes,0.9784668384503586,3,26,2,37,0.11538461538461539,0.05405405405405406,3,3,unigrama_conservado_en_csv_completo,,diferentes
Informática,diferentes contextos,0.493040011280117,1,26,1,37,0.038461538461538464,0.02702702702702703,1,1,soporte_insuficiente_en_clase,,diferentes contextos
Informática,digital,1.2300056054463233,7,26,4,37,0.2692307692307692,0.10810810810810811,7,7,unigrama_conservado_en_csv_completo,,digital
Informática,digitales,-0.03747470541866304,4,26,6,37,0.15384615384615385,0.16216216216216217,4,4,unigrama_conservado_en_csv_completo,,digitales
Informática,dinamicos,0.493040011280117,1,26,1,37,0.038461538461538464,0.02702702702702703,1,1,unigrama_conservado_en_csv_completo,,dinámicos
Informática,direccion,2.814968106167479,2,26,0,37,0.07692307692307693,0.0,2,2,unigrama_conservado_en_csv_completo,,dirección
Informática,director,0.493040011280117,1,26,1,37,0.038461538461538464,0.02702702702702703,1,1,unigrama_conservado_en_csv_completo,,director
Informática,director de proyectos,0.493040011280117,1,26,1,37,0.038461538461538464,0.02702702702702703,1,1,soporte_insuficiente_en_clase,,director de proyectos
Informática,disciplina,-1.0919224894410393,2,26,7,37,0.07692307692307693,0.1891891891891892,2,2,unigrama_conservado_en_csv_completo,,disciplina
Informática,disciplinar,0.007613184109875269,2,26,3,37,0.07692307692307693,0.08108108108108109,2,2,unigrama_conservado_en_csv_completo,,disciplinar
Informática,disciplinares,0.493040011280117,2,26,2,37,0.07692307692307693,0.05405405405405406,2,2,unigrama_conservado_en_csv_completo,,disciplinares
Informática,disena,-0.3549568952748331,2,26,4,37,0.07692307692307693,0.10810810810810811,2,2,unigrama_conservado_en_csv_completo,,diseña
Informática,disena soluciones,-1.8288880836072454,0,26,2,37,0.0,0.05405405405405406,0,0,soporte_insuficiente_en_clase,,diseña soluciones
Informática,disenan,-1.8288880836072454,0,26,2,37,0.0,0.05405405405405406,0,0,unigrama_conservado_en_csv_completo,,diseñan
Informática,disenar,-0.11701347040386972,9,26,14,37,0.34615384615384615,0.3783783783783784,9,9,unigrama_conservado_en_csv_completo,,diseñar
Informática,disenar sistemas,0.493040011280117,1,26,1,37,0.038461538461538464,0.02702702702702703,1,1,soporte_insuficiente_en_clase,,diseñar sistemas
Informática,diseno,-0.6913845598573107,5,26,12,37,0.19230769230769232,0.32432432432432434,5,5,unigrama_conservado_en_csv_completo,,diseño
Informática,disponibles,-1.8288880836072454,0,26,2,37,0.0,0.05405405405405406,0,0,unigrama_conservado_en_csv_completo,,disponibles
Informática,disposicion,-0.24392558288608923,1,26,2,37,0.038461538461538464,0.05405405405405406,1,1,unigrama_conservado_en_csv_completo,,disposición
Informática,dispositivos,2.814968106167479,2,26,0,37,0.07692307692307693,0.0,2,2,unigrama_conservado_en_csv_completo,,dispositivos
Informática,distingue,-0.24392558288608923,1,26,2,37,0.038461538461538464,0.05405405405405406,1,1,unigrama_conservado_en_csv_completo,,distingue
Informática,distintas areas,0.493040011280117,1,26,1,37,0.038461538461538464,0.02702702702702703,1,1,soporte_insuficiente_en_clase,,distintas áreas
Informática,distintivo,1.2300056054463233,2,26,1,37,0.07692307692307693,0.02702702702702703,2,2,unigrama_conservado_en_csv_completo,,distintivo
Informática,docente,1.2300056054463233,2,26,1,37,0.07692307692307693,0.02702702702702703,2,2,unigrama_conservado_en_csv_completo,,docente
Informática,domina,-1.8288880836072454,0,26,2,37,0.0,0.05405405405405406,0,0,unigrama_conservado_en_csv_completo,,domina
Informática,dominio,-1.8288880836072454,0,26,2,37,0.0,0.05405405405405406,0,0,unigrama_conservado_en_csv_completo,,dominio
Informática,duoc,2.814968106167479,2,26,0,37,0.07692307692307693,0.0,2,2,unigrama_conservado_en_csv_completo,,duoc
Informática,duracion,-0.729352410056331,1,26,3,37,0.038461538461538464,0.08108108108108109,1,1,unigrama_conservado_en_csv_completo,,duración
Informática,economico,-0.3549568952748331,2,26,4,37,0.07692307692307693,0.10810810810810811,2,2,unigrama_conservado_en_csv_completo,,económico
Informática,economicos,0.493040011280117,2,26,2,37,0.07692307692307693,0.05405405405405406,2,2,unigrama_conservado_en_csv_completo,,económicos
Informática,educacion,3.662965012722429,4,26,0,37,0.15384615384615385,0.0,4,4,unigrama_conservado_en_csv_completo,,educación
Informática,efectiva,0.6994908887475433,7,26,6,37,0.2692307692307692,0.16216216216216217,7,7,unigrama_conservado_en_csv_completo,,efectiva
Informática,efectivamente,0.9784668384503586,3,26,2,37,0.11538461538461539,0.05405405405405406,3,3,unigrama_conservado_en_csv_completo,,efectivamente
Informática,efectivamente en forma,0.493040011280117,1,26,1,37,0.038461538461538464,0.02702702702702703,1,1,soporte_insuficiente_en_clase,,efectivamente en forma
Informática,efectivamente en forma oral,0.493040011280117,1,26,1,37,0.038461538461538464,0.02702702702702703,1,1,soporte_insuficiente_en_clase,,efectivamente en forma oral
Informática,efectivas,0.493040011280117,1,26,1,37,0.038461538461538464,0.02702702702702703,1,1,unigrama_conservado_en_csv_completo,,efectivas
Informática,eficacia,-1.8288880836072454,0,26,2,37,0.0,0.05405405405405406,0,0,unigrama_conservado_en_csv_completo,,eficacia
Informática,eficiencia,0.3124677656382961,7,26,8,37,0.2692307692307692,0.21621621621621623,7,7,unigrama_conservado_en_csv_completo,,eficiencia
Informática,eficientes,0.493040011280117,4,26,4,37,0.15384615384615385,0.10810810810810811,4,4,unigrama_conservado_en_csv_completo,,eficientes
Informática,eficientes de software,0.493040011280117,1,26,1,37,0.038461538461538464,0.02702702702702703,1,1,soporte_insuficiente_en_clase,,eficientes de software
Informática,egresan,0.493040011280117,1,26,1,37,0.038461538461538464,0.02702702702702703,1,1,unigrama_conservado_en_csv_completo,,egresan
Informática,egreso,0.8340769291151839,9,26,7,37,0.34615384615384615,0.1891891891891892,9,9,unigrama_conservado_en_csv_completo,,egreso
Informática,ejecutar,0.493040011280117,2,26,2,37,0.07692307692307693,0.05405405405405406,2,2,unigrama_conservado_en_csv_completo,,ejecutar
Informática,ejecutar proyectos,-0.24392558288608923,1,26,2,37,0.038461538461538464,0.05405405405405406,1,1,soporte_insuficiente_en_clase,,ejecutar proyectos
Informática,ejecutivos,-0.24392558288608923,1,26,2,37,0.038461538461538464,0.05405405405405406,1,1,unigrama_conservado_en_csv_completo,,ejecutivos
Informática,ejercicio,2.078002512001273,4,26,1,37,0.15384615384615385,0.02702702702702703,4,4,unigrama_conservado_en_csv_completo,,ejercicio
Informática,elementos,2.814968106167479,2,26,0,37,0.07692307692307693,0.0,2,2,unigrama_conservado_en_csv_completo,,elementos
Informática,ello,1.341036917835067,4,26,2,37,0.15384615384615385,0.05405405405405406,4,4,unigrama_conservado_en_csv_completo,,ello
Informática,emergentes,-0.15903668529957632,3,26,5,37,0.11538461538461539,0.13513513513513514,3,3,unigrama_conservado_en_csv_completo,,emergentes
Informática,empleabilidad,0.493040011280117,1,26,1,37,0.038461538461538464,0.02702702702702703,1,1,unigrama_conservado_en_csv_completo,,empleabilidad
Informática,emprendedor,-0.24392558288608923,1,26,2,37,0.038461538461538464,0.05405405405405406,1,1,unigrama_conservado_en_csv_completo,,emprendedor
Informática,emprendedora,0.007613184109875269,2,26,3,37,0.07692307692307693,0.08108108108108109,2,2,unigrama_conservado_en_csv_completo,,emprendedora
Informática,emprender,-1.0919224894410393,1,26,4,37,0.038461538461538464,0.10810810810810811,1,1,unigrama_conservado_en_csv_completo,,emprender
Informática,emprendimiento,-0.2439255828860894,4,26,7,37,0.15384615384615385,0.1891891891891892,4,4,unigrama_conservado_en_csv_completo,,emprendimiento
Informática,emprendimientos,0.493040011280117,3,26,3,37,0.11538461538461539,0.08108108108108109,3,3,unigrama_conservado_en_csv_completo,,emprendimientos
Informática,emprendimientos basados,0.493040011280117,1,26,1,37,0.038461538461538464,0.02702702702702703,1,1,soporte_insuficiente_en_clase,,emprendimientos basados
Informática,empresa,-0.24392558288608923,1,26,2,37,0.038461538461538464,0.05405405405405406,1,1,unigrama_conservado_en_csv_completo,,empresa
Informática,empresarial,0.9784668384503586,3,26,2,37,0.11538461538461539,0.05405405405405406,3,3,unigrama_conservado_en_csv_completo,,empresarial
Informática,empresarial de sistemas,0.493040011280117,1,26,1,37,0.038461538461538464,0.02702702702702703,1,1,soporte_insuficiente_en_clase,,empresarial de sistemas
Informática,empresariales,2.814968106167479,2,26,0,37,0.07692307692307693,0.0,2,2,unigrama_conservado_en_csv_completo,,empresariales
Informática,empresas,-0.2439255828860894,4,26,7,37,0.15384615384615385,0.1891891891891892,4,4,unigrama_conservado_en_csv_completo,,empresas
Informática,encuentra,-0.24392558288608923,1,26,2,37,0.038461538461538464,0.05405405405405406,1,1,unigrama_conservado_en_csv_completo,,encuentra
Informática,encuentran,1.2300056054463233,2,26,1,37,0.07692307692307693,0.02702702702702703,2,2,unigrama_conservado_en_csv_completo,,encuentran
Informática,enfasis,0.493040011280117,2,26,2,37,0.07692307692307693,0.05405405405405406,2,2,unigrama_conservado_en_csv_completo,,énfasis
Informática,enfasis en la eficiencia,0.493040011280117,1,26,1,37,0.038461538461538464,0.02702702702702703,1,1,soporte_insuficiente_en_clase,,énfasis en la eficiencia
Informática,enfocado,2.814968106167479,2,26,0,37,0.07692307692307693,0.0,2,2,unigrama_conservado_en_csv_completo,,enfocado
Informática,enfoque,0.49304001128011676,5,26,5,37,0.19230769230769232,0.13513513513513514,5,5,unigrama_conservado_en_csv_completo,,enfoque
Informática,enfrentar,0.493040011280117,1,26,1,37,0.038461538461538464,0.02702702702702703,1,1,unigrama_conservado_en_csv_completo,,enfrentar
Informática,enfrentarse,0.493040011280117,1,26,1,37,0.038461538461538464,0.02702702702702703,1,1,unigrama_conservado_en_csv_completo,,enfrentarse
Informática,enlaces,0.493040011280117,1,26,1,37,0.038461538461538464,0.02702702702702703,1,1,unigrama_conservado_en_csv_completo,,enlaces
Informática,entorno,1.5925756848310315,7,26,3,37,0.2692307692307692,0.08108108108108109,7,7,unigrama_conservado_en_csv_completo,,entorno
Informática,entornos,0.007613184109875269,2,26,3,37,0.07692307692307693,0.08108108108108109,2,2,unigrama_conservado_en_csv_completo,,entornos
Informática,entregando,2.814968106167479,2,26,0,37,0.07692307692307693,0.0,2,2,unigrama_conservado_en_csv_completo,,entregando
Informática,entregar,1.2300056054463233,2,26,1,37,0.07692307692307693,0.02702702702702703,2,2,unigrama_conservado_en_csv_completo,,entregar
Informática,entrenamiento,0.493040011280117,1,26,1,37,0.038461538461538464,0.02702702702702703,1,1,unigrama_conservado_en_csv_completo,,entrenamiento
Informática,equipo,-0.15903668529957632,3,26,5,37,0.11538461538461539,0.13513513513513514,3,3,unigrama_conservado_en_csv_completo,,equipo
Informática,equipos,0.5779289088666298,17,26,16,37,0.6538461538461539,0.43243243243243246,17,17,unigrama_conservado_en_csv_completo,,equipos
Informática,equipos de desarrollo,0.493040011280117,1,26,1,37,0.038461538461538464,0.02702702702702703,1,1,soporte_insuficiente_en_clase,,equipos de desarrollo
Informática,equipos multi,0.493040011280117,1,26,1,37,0.038461538461538464,0.02702702702702703,1,1,soporte_insuficiente_en_clase,,equipos multi
Informática,equitativa,2.814968106167479,2,26,0,37,0.07692307692307693,0.0,2,2,unigrama_conservado_en_csv_completo,,equitativa
Informática,escenarios,1.2300056054463233,2,26,1,37,0.07692307692307693,0.02702702702702703,2,2,unigrama_conservado_en_csv_completo,,escenarios
Informática,escrita,2.078002512001273,4,26,1,37,0.15384615384615385,0.02702702702702703,4,4,unigrama_conservado_en_csv_completo,,escrita
Informática,escuela,-0.24392558288608923,1,26,2,37,0.038461538461538464,0.05405405405405406,1,1,unigrama_conservado_en_csv_completo,,escuela
Informática,espanol,-0.24392558288608923,1,26,2,37,0.038461538461538464,0.05405405405405406,1,1,unigrama_conservado_en_csv_completo,,español
Informática,especialidad,0.493040011280117,3,26,3,37,0.11538461538461539,0.08108108108108109,3,3,unigrama_conservado_en_csv_completo,,especialidad
Informática,especializacion,1.7154324326165649,3,26,1,37,0.11538461538461539,0.02702702702702703,3,3,unigrama_conservado_en_csv_completo,,especialización
Informática,especializados,1.2300056054463233,2,26,1,37,0.07692307692307693,0.02702702702702703,2,2,unigrama_conservado_en_csv_completo,,especializados
Informática,especificas,1.2300056054463233,2,26,1,37,0.07692307692307693,0.02702702702702703,2,2,unigrama_conservado_en_csv_completo,,específicas
Informática,espiritu,1.7154324326165649,3,26,1,37,0.11538461538461539,0.02702702702702703,3,3,unigrama_conservado_en_csv_completo,,espíritu
Informática,espiritu critico,0.493040011280117,1,26,1,37,0.038461538461538464,0.02702702702702703,1,1,soporte_insuficiente_en_clase,,espíritu crítico
Informática,establecer,0.493040011280117,1,26,1,37,0.038461538461538464,0.02702702702702703,1,1,unigrama_conservado_en_csv_completo,,establecer
Informática,establecidos,3.300394933337721,3,26,0,37,0.11538461538461539,0.0,3,3,unigrama_conservado_en_csv_completo,,establecidos
Informática,estan,-1.8288880836072454,0,26,2,37,0.0,0.05405405405405406,0,0,unigrama_conservado_en_csv_completo,,están
Informática,estandares,1.9336126026660985,9,26,3,37,0.34615384615384615,0.08108108108108109,9,9,unigrama_conservado_en_csv_completo,,estándares
Informática,estar,0.493040011280117,1,26,1,37,0.038461538461538464,0.02702702702702703,1,1,unigrama_conservado_en_csv_completo,,estar
Informática,estar en constante,0.493040011280117,1,26,1,37,0.038461538461538464,0.02702702702702703,1,1,soporte_insuficiente_en_clase,,estar en constante
Informática,estar en constante actualizacion,0.493040011280117,1,26,1,37,0.038461538461538464,0.02702702702702703,1,1,soporte_insuficiente_en_clase,,estar en constante actualización
Informática,estara,0.493040011280117,1,26,1,37,0.038461538461538464,0.02702702702702703,1,1,unigrama_conservado_en_csv_completo,,estará
Informática,estara capacitado,0.493040011280117,1,26,1,37,0.038461538461538464,0.02702702702702703,1,1,soporte_insuficiente_en_clase,,estará capacitado
Informática,estrategia,0.493040011280117,2,26,2,37,0.07692307692307693,0.05405405405405406,2,2,unigrama_conservado_en_csv_completo,,estrategia
Informática,estrategia de la organizacion,-1.8288880836072454,0,26,2,37,0.0,0.05405405405405406,0,0,soporte_insuficiente_en_clase,,estrategia de la organización
Informática,estrategias,0.007613184109875269,2,26,3,37,0.07692307692307693,0.08108108108108109,2,2,unigrama_conservado_en_csv_completo,,estrategias
Informática,estrategica,2.814968106167479,2,26,0,37,0.07692307692307693,0.0,2,2,unigrama_conservado_en_csv_completo,,estratégica
Informática,estrategicas,-0.729352410056331,1,26,3,37,0.038461538461538464,0.08108108108108109,1,1,unigrama_conservado_en_csv_completo,,estratégicas
Informática,estrategico,-0.729352410056331,1,26,3,37,0.038461538461538464,0.08108108108108109,1,1,unigrama_conservado_en_csv_completo,,estratégico
Informática,estrategicos,0.493040011280117,1,26,1,37,0.038461538461538464,0.02702702702702703,1,1,unigrama_conservado_en_csv_completo,,estratégicos
Informática,estudiantes,-1.8288880836072454,0,26,2,37,0.0,0.05405405405405406,0,0,unigrama_conservado_en_csv_completo,,estudiantes
Informática,estudio,-0.24392558288608923,1,26,2,37,0.038461538461538464,0.05405405405405406,1,1,unigrama_conservado_en_csv_completo,,estudio
Informática,etapas,-1.8288880836072454,0,26,2,37,0.0,0.05405405405405406,0,0,unigrama_conservado_en_csv_completo,,etapas
Informática,etapas del ciclo,-1.8288880836072454,0,26,2,37,0.0,0.05405405405405406,0,0,soporte_insuficiente_en_clase,,etapas del ciclo
Informática,etica,-0.5614077727422595,6,26,13,37,0.23076923076923078,0.35135135135135137,6,6,unigrama_conservado_en_csv_completo,,ética
Informática,etica profesional,0.493040011280117,1,26,1,37,0.038461538461538464,0.02702702702702703,1,1,soporte_insuficiente_en_clase,,ética profesional
Informática,etico,0.045581034308895686,5,26,7,37,0.19230769230769232,0.1891891891891892,5,5,unigrama_conservado_en_csv_completo,,ético
Informática,eticos,0.7825466284751018,5,26,4,37,0.19230769230769232,0.10810810810810811,5,5,unigrama_conservado_en_csv_completo,,éticos
Informática,evalua,-0.24392558288608923,1,26,2,37,0.038461538461538464,0.05405405405405406,1,1,unigrama_conservado_en_csv_completo,,evalúa
Informática,evaluacion,-0.885471611973613,2,26,6,37,0.07692307692307693,0.16216216216216217,2,2,unigrama_conservado_en_csv_completo,,evaluación
Informática,evaluacion de proyectos,0.493040011280117,1,26,1,37,0.038461538461538464,0.02702702702702703,1,1,soporte_insuficiente_en_clase,,evaluación de proyectos
Informática,evaluacion de soluciones,-1.8288880836072454,0,26,2,37,0.0,0.05405405405405406,0,0,soporte_insuficiente_en_clase,,evaluación de soluciones
Informática,evaluando,1.7154324326165649,3,26,1,37,0.11538461538461539,0.02702702702702703,3,3,unigrama_conservado_en_csv_completo,,evaluando
Informática,evaluar,0.7340481107839116,6,26,5,37,0.23076923076923078,0.13513513513513514,6,6,unigrama_conservado_en_csv_completo,,evaluar
Informática,evaluar proyectos,0.493040011280117,1,26,1,37,0.038461538461538464,0.02702702702702703,1,1,soporte_insuficiente_en_clase,,evaluar proyectos
Informática,evidencian,2.814968106167479,2,26,0,37,0.07692307692307693,0.0,2,2,unigrama_conservado_en_csv_completo,,evidencian
Informática,evidenciando,0.493040011280117,1,26,1,37,0.038461538461538464,0.02702702702702703,1,1,unigrama_conservado_en_csv_completo,,evidenciando
Informática,evolucion,0.7825466284751018,5,26,4,37,0.19230769230769232,0.10810810810810811,5,5,unigrama_conservado_en_csv_completo,,evolución
Informática,excelencia,-0.729352410056331,1,26,3,37,0.038461538461538464,0.08108108108108109,1,1,unigrama_conservado_en_csv_completo,,excelencia
Informática,exigencias,0.493040011280117,1,26,1,37,0.038461538461538464,0.02702702702702703,1,1,unigrama_conservado_en_csv_completo,,exigencias
Informática,experiencia,-0.24392558288608923,1,26,2,37,0.038461538461538464,0.05405405405405406,1,1,unigrama_conservado_en_csv_completo,,experiencia
Informática,experiencial,-1.8288880836072454,0,26,2,37,0.0,0.05405405405405406,0,0,unigrama_conservado_en_csv_completo,,experiencial
Informática,extraer,-1.0919224894410393,1,26,4,37,0.038461538461538464,0.10810810810810811,1,1,unigrama_conservado_en_csv_completo,,extraer
Informática,facilitar,2.814968106167479,2,26,0,37,0.07692307692307693,0.0,2,2,unigrama_conservado_en_csv_completo,,facilitar
Informática,facultad,-0.729352410056331,1,26,3,37,0.038461538461538464,0.08108108108108109,1,1,unigrama_conservado_en_csv_completo,,facultad
Informática,federico,0.493040011280117,1,26,1,37,0.038461538461538464,0.02702702702702703,1,1,unigrama_conservado_en_csv_completo,,federico
Informática,federico santa,0.493040011280117,1,26,1,37,0.038461538461538464,0.02702702702702703,1,1,soporte_insuficiente_en_clase,,federico santa
Informática,federico santa maria,0.493040011280117,1,26,1,37,0.038461538461538464,0.02702702702702703,1,1,soporte_insuficiente_en_clase,,federico santa maría
Informática,fin,0.8556100906648252,4,26,3,37,0.15384615384615385,0.08108108108108109,4,4,unigrama_conservado_en_csv_completo,,fin
Informática,finalidad,0.493040011280117,1,26,1,37,0.038461538461538464,0.02702702702702703,1,1,unigrama_conservado_en_csv_completo,,finalidad
Informática,financieros,0.493040011280117,1,26,1,37,0.038461538461538464,0.02702702702702703,1,1,unigrama_conservado_en_csv_completo,,financieros
Informática,fisica,0.493040011280117,1,26,1,37,0.038461538461538464,0.02702702702702703,1,1,unigrama_conservado_en_csv_completo,,física
Informática,flexiblemente,0.493040011280117,1,26,1,37,0.038461538461538464,0.02702702702702703,1,1,unigrama_conservado_en_csv_completo,,flexiblemente
Informática,fomentando,0.493040011280117,1,26,1,37,0.038461538461538464,0.02702702702702703,1,1,unigrama_conservado_en_csv_completo,,fomentando
Informática,forma,0.37274577756240496,11,26,12,37,0.4230769230769231,0.32432432432432434,11,11,unigrama_conservado_en_csv_completo,,forma
Informática,forma colaborativa,-2.314314910777487,0,26,3,37,0.0,0.08108108108108109,0,0,soporte_insuficiente_en_clase,,forma colaborativa
Informática,forma efectiva,0.493040011280117,1,26,1,37,0.038461538461538464,0.02702702702702703,1,1,soporte_insuficiente_en_clase,,forma efectiva
Informática,forma etica,-0.24392558288608923,1,26,2,37,0.038461538461538464,0.05405405405405406,1,1,soporte_insuficiente_en_clase,,forma ética
Informática,forma independiente,-0.24392558288608923,1,26,2,37,0.038461538461538464,0.05405405405405406,1,1,soporte_insuficiente_en_clase,,forma independiente
Informática,formacion,-0.6064956622707972,10,26,22,37,0.38461538461538464,0.5945945945945946,10,10,unigrama_conservado_en_csv_completo,,formación
Informática,formacion centrada,0.493040011280117,1,26,1,37,0.038461538461538464,0.02702702702702703,1,1,soporte_insuficiente_en_clase,,formación centrada
Informática,formacion de profesionales,-1.8288880836072454,0,26,2,37,0.0,0.05405405405405406,0,0,soporte_insuficiente_en_clase,,formación de profesionales
Informática,formacion en ciencias,-1.6224372061398191,1,26,6,37,0.038461538461538464,0.16216216216216217,1,1,soporte_insuficiente_en_clase,,formación en ciencias
Informática,formacion en ciencias basicas,-1.3814291066360243,1,26,5,37,0.038461538461538464,0.13513513513513514,1,1,soporte_insuficiente_en_clase,,formación en ciencias básicas
Informática,formacion etica,-1.8288880836072454,0,26,2,37,0.0,0.05405405405405406,0,0,soporte_insuficiente_en_clase,,formación ética
Informática,formacion implica,0.493040011280117,1,26,1,37,0.038461538461538464,0.02702702702702703,1,1,soporte_insuficiente_en_clase,,formación implica
Informática,formacion implica la adquisicion,0.493040011280117,1,26,1,37,0.038461538461538464,0.02702702702702703,1,1,soporte_insuficiente_en_clase,,formación implica la adquisición
Informática,formacion integral,-0.729352410056331,1,26,3,37,0.038461538461538464,0.08108108108108109,1,1,soporte_insuficiente_en_clase,,formación integral
Informática,formacion profesional,-2.314314910777487,0,26,3,37,0.0,0.08108108108108109,0,0,soporte_insuficiente_en_clase,,formación profesional
Informática,formada,-1.8288880836072454,0,26,2,37,0.0,0.05405405405405406,0,0,unigrama_conservado_en_csv_completo,,formada
Informática,formado,0.493040011280117,1,26,1,37,0.038461538461538464,0.02702702702702703,1,1,unigrama_conservado_en_csv_completo,,formado
Informática,formando,0.493040011280117,1,26,1,37,0.038461538461538464,0.02702702702702703,1,1,unigrama_conservado_en_csv_completo,,formando
Informática,formar,-0.3549568952748331,2,26,4,37,0.07692307692307693,0.10810810810810811,2,2,unigrama_conservado_en_csv_completo,,formar
Informática,formas,2.814968106167479,2,26,0,37,0.07692307692307693,0.0,2,2,unigrama_conservado_en_csv_completo,,formas
Informática,formativa,-0.24392558288608923,1,26,2,37,0.038461538461538464,0.05405405405405406,1,1,unigrama_conservado_en_csv_completo,,formativa
Informática,formativo,-0.729352410056331,1,26,3,37,0.038461538461538464,0.08108108108108109,1,1,unigrama_conservado_en_csv_completo,,formativo
Informática,formulacion,-0.24392558288608923,1,26,2,37,0.038461538461538464,0.05405405405405406,1,1,unigrama_conservado_en_csv_completo,,formulación
Informática,formulacion de proyectos,0.493040011280117,1,26,1,37,0.038461538461538464,0.02702702702702703,1,1,soporte_insuficiente_en_clase,,formulación de proyectos
Informática,formular,0.9784668384503586,3,26,2,37,0.11538461538461539,0.05405405405405406,3,3,unigrama_conservado_en_csv_completo,,formular
Informática,frontera,0.493040011280117,1,26,1,37,0.038461538461538464,0.02702702702702703,1,1,unigrama_conservado_en_csv_completo,,frontera
Informática,fuentes,2.814968106167479,2,26,0,37,0.07692307692307693,0.0,2,2,unigrama_conservado_en_csv_completo,,fuentes
Informática,fuerte,-1.8288880836072454,0,26,2,37,0.0,0.05405405405405406,0,0,unigrama_conservado_en_csv_completo,,fuerte
Informática,funcion,3.300394933337721,3,26,0,37,0.11538461538461539,0.0,3,3,unigrama_conservado_en_csv_completo,,función
Informática,funcionamiento,0.493040011280117,1,26,1,37,0.038461538461538464,0.02702702702702703,1,1,unigrama_conservado_en_csv_completo,,funcionamiento
Informática,funciones,1.2300056054463233,2,26,1,37,0.07692307692307693,0.02702702702702703,2,2,unigrama_conservado_en_csv_completo,,funciones
Informática,fundamental,1.2300056054463233,2,26,1,37,0.07692307692307693,0.02702702702702703,2,2,unigrama_conservado_en_csv_completo,,fundamental
Informática,fundamentales,-1.8288880836072454,0,26,2,37,0.0,0.05405405405405406,0,0,unigrama_conservado_en_csv_completo,,fundamentales
Informática,fundamentos,-3.207399706860975,0,26,6,37,0.0,0.16216216216216217,0,0,unigrama_conservado_en_csv_completo,,fundamentos
Informática,fundamentos de la computacion,-1.8288880836072454,0,26,2,37,0.0,0.05405405405405406,0,0,soporte_insuficiente_en_clase,,fundamentos de la computación
Informática,futuro,0.493040011280117,1,26,1,37,0.038461538461538464,0.02702702702702703,1,1,unigrama_conservado_en_csv_completo,,futuro
Informática,gabriela,2.814968106167479,2,26,0,37,0.07692307692307693,0.0,2,2,unigrama_conservado_en_csv_completo,,gabriela
Informática,garantizar,2.814968106167479,2,26,0,37,0.07692307692307693,0.0,2,2,unigrama_conservado_en_csv_completo,,garantizar
Informática,generacion,0.8556100906648252,4,26,3,37,0.15384615384615385,0.08108108108108109,4,4,unigrama_conservado_en_csv_completo,,generación
Informática,generacion de emprendimientos basados,0.493040011280117,1,26,1,37,0.038461538461538464,0.02702702702702703,1,1,soporte_insuficiente_en_clase,,generación de emprendimientos basados
Informática,general,-2.314314910777487,0,26,3,37,0.0,0.08108108108108109,0,0,unigrama_conservado_en_csv_completo,,general
Informática,generando valor,0.493040011280117,1,26,1,37,0.038461538461538464,0.02702702702702703,1,1,soporte_insuficiente_en_clase,,generando valor
Informática,genericas,0.007613184109875269,2,26,3,37,0.07692307692307693,0.08108108108108109,2,2,unigrama_conservado_en_csv_completo,,genéricas
Informática,genericas tales,0.493040011280117,1,26,1,37,0.038461538461538464,0.02702702702702703,1,1,soporte_insuficiente_en_clase,,genéricas tales
Informática,genero,2.814968106167479,2,26,0,37,0.07692307692307693,0.0,2,2,unigrama_conservado_en_csv_completo,,género
Informática,geologicas,0.493040011280117,1,26,1,37,0.038461538461538464,0.02702702702702703,1,1,unigrama_conservado_en_csv_completo,,geológicas
Informática,gerencial,-1.8288880836072454,0,26,2,37,0.0,0.05405405405405406,0,0,unigrama_conservado_en_csv_completo,,gerencial
Informática,gestion,0.06240565695025463,11,26,15,37,0.4230769230769231,0.40540540540540543,11,11,unigrama_conservado_en_csv_completo,,gestión
Informática,gestion de datos,0.493040011280117,1,26,1,37,0.038461538461538464,0.02702702702702703,1,1,soporte_insuficiente_en_clase,,gestión de datos
Informática,gestion de la informacion,-0.24392558288608923,1,26,2,37,0.038461538461538464,0.05405405405405406,1,1,soporte_insuficiente_en_clase,,gestión de la información
Informática,gestion organizacional,-1.8288880836072454,0,26,2,37,0.0,0.05405405405405406,0,0,soporte_insuficiente_en_clase,,gestión organizacional
Informática,gestiona,2.078002512001273,4,26,1,37,0.15384615384615385,0.02702702702702703,4,4,unigrama_conservado_en_csv_completo,,gestiona
Informática,gestiona recursos,0.493040011280117,1,26,1,37,0.038461538461538464,0.02702702702702703,1,1,soporte_insuficiente_en_clase,,gestiona recursos
Informática,gestionar,0.13046993189540887,10,26,13,37,0.38461538461538464,0.35135135135135137,10,10,unigrama_conservado_en_csv_completo,,gestionar
Informática,gestionar soluciones tecnologicas,0.493040011280117,1,26,1,37,0.038461538461538464,0.02702702702702703,1,1,soporte_insuficiente_en_clase,,gestionar soluciones tecnológicas
Informática,gestionar tecnologias,0.493040011280117,1,26,1,37,0.038461538461538464,0.02702702702702703,1,1,soporte_insuficiente_en_clase,,gestionar tecnologías
Informática,global,0.20353339408513188,4,26,5,37,0.15384615384615385,0.13513513513513514,4,4,unigrama_conservado_en_csv_completo,,global
Informática,globalizado,0.493040011280117,1,26,1,37,0.038461538461538464,0.02702702702702703,1,1,unigrama_conservado_en_csv_completo,,globalizado
Informática,globalizados,2.814968106167479,2,26,0,37,0.07692307692307693,0.0,2,2,unigrama_conservado_en_csv_completo,,globalizados
Informática,gobierno,2.814968106167479,2,26,0,37,0.07692307692307693,0.0,2,2,unigrama_conservado_en_csv_completo,,gobierno
Informática,gonzalo,0.493040011280117,1,26,1,37,0.038461538461538464,0.02702702702702703,1,1,unigrama_conservado_en_csv_completo,,gonzalo
Informática,grado,-1.8288880836072454,0,26,2,37,0.0,0.05405405405405406,0,0,unigrama_conservado_en_csv_completo,,grado
Informática,grandes,-0.729352410056331,1,26,3,37,0.038461538461538464,0.08108108108108109,1,1,unigrama_conservado_en_csv_completo,,grandes
Informática,grandes volumenes,-0.729352410056331,1,26,3,37,0.038461538461538464,0.08108108108108109,1,1,soporte_insuficiente_en_clase,,grandes volúmenes
Informática,grandes volumenes de datos,-0.24392558288608923,1,26,2,37,0.038461538461538464,0.05405405405405406,1,1,soporte_insuficiente_en_clase,,grandes volúmenes de datos
Informática,grupos,-0.24392558288608923,1,26,2,37,0.038461538461538464,0.05405405405405406,1,1,unigrama_conservado_en_csv_completo,,grupos
Informática,habilidades,-0.5710903261395986,5,26,11,37,0.19230769230769232,0.2972972972972973,5,5,unigrama_conservado_en_csv_completo,,habilidades
Informática,habilidades de comunicacion,-1.8288880836072454,0,26,2,37,0.0,0.05405405405405406,0,0,soporte_insuficiente_en_clase,,habilidades de comunicación
Informática,habilidades para identificar,-1.8288880836072454,0,26,2,37,0.0,0.05405405405405406,0,0,soporte_insuficiente_en_clase,,habilidades para identificar
Informática,hacer,3.300394933337721,3,26,0,37,0.11538461538461539,0.0,3,3,unigrama_conservado_en_csv_completo,,hacer
Informática,haciendo,0.493040011280117,1,26,1,37,0.038461538461538464,0.02702702702702703,1,1,unigrama_conservado_en_csv_completo,,haciendo
Informática,haciendo uso,0.493040011280117,1,26,1,37,0.038461538461538464,0.02702702702702703,1,1,soporte_insuficiente_en_clase,,haciendo uso
Informática,hardware,0.7825466284751018,5,26,4,37,0.19230769230769232,0.10810810810810811,5,5,unigrama_conservado_en_csv_completo,,hardware
Informática,hardware en diversos niveles,0.493040011280117,1,26,1,37,0.038461538461538464,0.02702702702702703,1,1,soporte_insuficiente_en_clase,,hardware en diversos niveles
Informática,herramientas,0.6535046834733631,9,26,8,37,0.34615384615384615,0.21621621621621623,9,9,unigrama_conservado_en_csv_completo,,herramientas
Informática,humanista,-1.8288880836072454,0,26,2,37,0.0,0.05405405405405406,0,0,unigrama_conservado_en_csv_completo,,humanista
Informática,ideas,1.2300056054463233,2,26,1,37,0.07692307692307693,0.02702702702702703,2,2,unigrama_conservado_en_csv_completo,,ideas
Informática,identificar,-0.15903668529957632,3,26,5,37,0.11538461538461539,0.13513513513513514,3,3,unigrama_conservado_en_csv_completo,,identificar
Informática,idioma,-1.6224372061398191,1,26,6,37,0.038461538461538464,0.16216216216216217,1,1,unigrama_conservado_en_csv_completo,,idioma
Informática,idioma ingles,-1.6224372061398191,1,26,6,37,0.038461538461538464,0.16216216216216217,1,1,soporte_insuficiente_en_clase,,idioma inglés
Informática,impacto,-0.15903668529957632,3,26,5,37,0.11538461538461539,0.13513513513513514,3,3,unigrama_conservado_en_csv_completo,,impacto
Informática,imparte,-1.8288880836072454,0,26,2,37,0.0,0.05405405405405406,0,0,unigrama_conservado_en_csv_completo,,imparte
Informática,imparte en la sede,-1.8288880836072454,0,26,2,37,0.0,0.05405405405405406,0,0,soporte_insuficiente_en_clase,,imparte en la sede
Informática,implantar,1.2300056054463233,2,26,1,37,0.07692307692307693,0.02702702702702703,2,2,unigrama_conservado_en_csv_completo,,implantar
Informática,implantar soluciones,0.493040011280117,1,26,1,37,0.038461538461538464,0.02702702702702703,1,1,soporte_insuficiente_en_clase,,implantar soluciones
Informática,implantar soluciones eficientes,0.493040011280117,1,26,1,37,0.038461538461538464,0.02702702702702703,1,1,soporte_insuficiente_en_clase,,implantar soluciones eficientes
Informática,implementa,2.078002512001273,4,26,1,37,0.15384615384615385,0.02702702702702703,4,4,unigrama_conservado_en_csv_completo,,implementa
Informática,implementacion,0.49304001128011676,6,26,6,37,0.23076923076923078,0.16216216216216217,6,6,unigrama_conservado_en_csv_completo,,implementación
Informática,implementando,1.2300056054463233,2,26,1,37,0.07692307692307693,0.02702702702702703,2,2,unigrama_conservado_en_csv_completo,,implementando
Informática,implementando estrategias,0.493040011280117,1,26,1,37,0.038461538461538464,0.02702702702702703,1,1,soporte_insuficiente_en_clase,,implementando estrategias
Informática,implementar,0.09711133494897756,9,26,12,37,0.34615384615384615,0.32432432432432434,9,9,unigrama_conservado_en_csv_completo,,implementar
Informática,implementar sistemas de redes,0.493040011280117,1,26,1,37,0.038461538461538464,0.02702702702702703,1,1,soporte_insuficiente_en_clase,,implementar sistemas de redes
Informática,implementar soluciones tic,0.493040011280117,1,26,1,37,0.038461538461538464,0.02702702702702703,1,1,soporte_insuficiente_en_clase,,implementar soluciones tic
Informática,implementar soluciones tic requeridas,0.493040011280117,1,26,1,37,0.038461538461538464,0.02702702702702703,1,1,soporte_insuficiente_en_clase,,implementar soluciones tic requeridas
Informática,implica,1.2300056054463233,2,26,1,37,0.07692307692307693,0.02702702702702703,2,2,unigrama_conservado_en_csv_completo,,implica
Informática,implica la adquisicion,0.493040011280117,1,26,1,37,0.038461538461538464,0.02702702702702703,1,1,soporte_insuficiente_en_clase,,implica la adquisición
Informática,inclusion,0.493040011280117,2,26,2,37,0.07692307692307693,0.05405405405405406,2,2,unigrama_conservado_en_csv_completo,,inclusión
Informática,inclusiva,0.493040011280117,1,26,1,37,0.038461538461538464,0.02702702702702703,1,1,unigrama_conservado_en_csv_completo,,inclusiva
Informática,incluyendo,-1.8288880836072454,0,26,2,37,0.0,0.05405405405405406,0,0,unigrama_conservado_en_csv_completo,,incluyendo
Informática,incorpora,0.493040011280117,1,26,1,37,0.038461538461538464,0.02702702702702703,1,1,unigrama_conservado_en_csv_completo,,incorpora
Informática,incorporacion,0.493040011280117,1,26,1,37,0.038461538461538464,0.02702702702702703,1,1,unigrama_conservado_en_csv_completo,,incorporación
Informática,incorporando,0.9784668384503586,3,26,2,37,0.11538461538461539,0.05405405405405406,3,3,unigrama_conservado_en_csv_completo,,incorporando
Informática,independiente,-0.729352410056331,1,26,3,37,0.038461538461538464,0.08108108108108109,1,1,unigrama_conservado_en_csv_completo,,independiente
Informática,individual,0.493040011280117,1,26,1,37,0.038461538461538464,0.02702702702702703,1,1,unigrama_conservado_en_csv_completo,,individual
Informática,indole,1.2300056054463233,2,26,1,37,0.07692307692307693,0.02702702702702703,2,2,unigrama_conservado_en_csv_completo,,índole
Informática,industria,2.2585747576430943,8,26,2,37,0.3076923076923077,0.05405405405405406,8,8,unigrama_conservado_en_csv_completo,,industria
Informática,industrial,-0.24392558288608923,1,26,2,37,0.038461538461538464,0.05405405405405406,1,1,unigrama_conservado_en_csv_completo,,industrial
Informática,industriales,2.814968106167479,2,26,0,37,0.07692307692307693,0.0,2,2,unigrama_conservado_en_csv_completo,,industriales
Informática,industrias,3.300394933337721,3,26,0,37,0.11538461538461539,0.0,3,3,unigrama_conservado_en_csv_completo,,industrias
Informática,informacion,0.06923230237354107,20,26,27,37,0.7692307692307693,0.7297297297297297,20,20,unigrama_conservado_en_csv_completo,,información
Informática,informacion en organizaciones,-1.8288880836072454,0,26,2,37,0.0,0.05405405405405406,0,0,soporte_insuficiente_en_clase,,información en organizaciones
Informática,informacion relevante,0.493040011280117,1,26,1,37,0.038461538461538464,0.02702702702702703,1,1,soporte_insuficiente_en_clase,,información relevante
Informática,infraestructura,0.007613184109875269,2,26,3,37,0.07692307692307693,0.08108108108108109,2,2,unigrama_conservado_en_csv_completo,,infraestructura
Informática,ingenieril,0.493040011280117,1,26,1,37,0.038461538461538464,0.02702702702702703,1,1,unigrama_conservado_en_csv_completo,,ingenieril
Informática,ingles,-1.4329594072761063,2,26,9,37,0.07692307692307693,0.24324324324324326,2,2,unigrama_conservado_en_csv_completo,,inglés
Informática,iniciativas,0.493040011280117,2,26,2,37,0.07692307692307693,0.05405405405405406,2,2,unigrama_conservado_en_csv_completo,,iniciativas
Informática,innovacion,-0.388315492221264,9,26,17,37,0.34615384615384615,0.4594594594594595,9,9,unigrama_conservado_en_csv_completo,,innovación
Informática,innovador,1.2300056054463233,2,26,1,37,0.07692307692307693,0.02702702702702703,2,2,unigrama_conservado_en_csv_completo,,innovador
Informática,innovadora,-0.24392558288608923,1,26,2,37,0.038461538461538464,0.05405405405405406,1,1,unigrama_conservado_en_csv_completo,,innovadora
Informática,innovadoras,0.8800631343893642,8,26,6,37,0.3076923076923077,0.16216216216216217,8,8,unigrama_conservado_en_csv_completo,,innovadoras
Informática,innovar,1.7154324326165649,3,26,1,37,0.11538461538461539,0.02702702702702703,3,3,unigrama_conservado_en_csv_completo,,innovar
Informática,insercion,0.493040011280117,1,26,1,37,0.038461538461538464,0.02702702702702703,1,1,unigrama_conservado_en_csv_completo,,inserción
Informática,instancias,0.493040011280117,1,26,1,37,0.038461538461538464,0.02702702702702703,1,1,unigrama_conservado_en_csv_completo,,instancias
Informática,instituciones,-0.644463512469818,2,26,5,37,0.07692307692307693,0.13513513513513514,2,2,unigrama_conservado_en_csv_completo,,instituciones
Informática,instituciones publicas,-2.9663916073571803,0,26,5,37,0.0,0.13513513513513514,0,0,soporte_insuficiente_en_clase,,instituciones públicas
Informática,integra,2.078002512001273,4,26,1,37,0.15384615384615385,0.02702702702702703,4,4,unigrama_conservado_en_csv_completo,,integra
Informática,integracion,0.493040011280117,4,26,4,37,0.15384615384615385,0.10810810810810811,4,4,unigrama_conservado_en_csv_completo,,integración
Informática,integrador,0.493040011280117,1,26,1,37,0.038461538461538464,0.02702702702702703,1,1,unigrama_conservado_en_csv_completo,,integrador
Informática,integrador de tecnologias,0.493040011280117,1,26,1,37,0.038461538461538464,0.02702702702702703,1,1,soporte_insuficiente_en_clase,,integrador de tecnologías
Informática,integral,-0.29545588352617136,5,26,9,37,0.19230769230769232,0.24324324324324326,5,5,unigrama_conservado_en_csv_completo,,integral
Informática,integrales,0.9784668384503586,3,26,2,37,0.11538461538461539,0.05405405405405406,3,3,unigrama_conservado_en_csv_completo,,integrales
Informática,integran,-0.24392558288608923,1,26,2,37,0.038461538461538464,0.05405405405405406,1,1,unigrama_conservado_en_csv_completo,,integran
Informática,integran informacion,0.493040011280117,1,26,1,37,0.038461538461538464,0.02702702702702703,1,1,soporte_insuficiente_en_clase,,integran información
Informática,integrando,1.2300056054463233,2,26,1,37,0.07692307692307693,0.02702702702702703,2,2,unigrama_conservado_en_csv_completo,,integrando
Informática,integrar,0.20353339408513188,4,26,5,37,0.15384615384615385,0.13513513513513514,4,4,unigrama_conservado_en_csv_completo,,integrar
Informática,integrar equipos,-0.24392558288608923,1,26,2,37,0.038461538461538464,0.05405405405405406,1,1,soporte_insuficiente_en_clase,,integrar equipos
Informática,integridad,2.814968106167479,2,26,0,37,0.07692307692307693,0.0,2,2,unigrama_conservado_en_csv_completo,,integridad
Informática,integro,0.493040011280117,1,26,1,37,0.038461538461538464,0.02702702702702703,1,1,unigrama_conservado_en_csv_completo,,íntegro
Informática,inteligencia,-0.19883769335755144,6,26,10,37,0.23076923076923078,0.2702702702702703,6,6,unigrama_conservado_en_csv_completo,,inteligencia
Informática,inteligencia artificial,-0.13499121133292535,5,26,8,37,0.19230769230769232,0.21621621621621623,5,5,prevalencia_suavizada_no_superior_al_resto,,inteligencia artificial
Informática,inteligentes,1.2300056054463233,2,26,1,37,0.07692307692307693,0.02702702702702703,2,2,unigrama_conservado_en_csv_completo,,inteligentes
Informática,interdisciplinario,-1.8288880836072454,0,26,2,37,0.0,0.05405405405405406,0,0,unigrama_conservado_en_csv_completo,,interdisciplinario
Informática,interdisciplinarios,1.6305435350300517,5,26,2,37,0.19230769230769232,0.05405405405405406,5,5,unigrama_conservado_en_csv_completo,,interdisciplinarios
Informática,intereses,-0.24392558288608923,1,26,2,37,0.038461538461538464,0.05405405405405406,1,1,unigrama_conservado_en_csv_completo,,intereses
Informática,internacional,0.493040011280117,2,26,2,37,0.07692307692307693,0.05405405405405406,2,2,unigrama_conservado_en_csv_completo,,internacional
Informática,internacionales,1.2300056054463233,2,26,1,37,0.07692307692307693,0.02702702702702703,2,2,unigrama_conservado_en_csv_completo,,internacionales
Informática,investigacion,-0.644463512469818,2,26,5,37,0.07692307692307693,0.13513513513513514,2,2,unigrama_conservado_en_csv_completo,,investigación
Informática,investigacion aplicada,-1.8288880836072454,0,26,2,37,0.0,0.05405405405405406,0,0,soporte_insuficiente_en_clase,,investigación aplicada
Informática,involucren,0.493040011280117,1,26,1,37,0.038461538461538464,0.02702702702702703,1,1,unigrama_conservado_en_csv_completo,,involucren
Informática,jefe,1.341036917835067,4,26,2,37,0.15384615384615385,0.05405405405405406,4,4,unigrama_conservado_en_csv_completo,,jefe
Informática,labor,2.814968106167479,2,26,0,37,0.07692307692307693,0.0,2,2,unigrama_conservado_en_csv_completo,,labor
Informática,laborales,1.7154324326165649,3,26,1,37,0.11538461538461539,0.02702702702702703,3,3,unigrama_conservado_en_csv_completo,,laborales
Informática,lagos,0.493040011280117,1,26,1,37,0.038461538461538464,0.02702702702702703,1,1,unigrama_conservado_en_csv_completo,,lagos
Informática,learning,0.493040011280117,1,26,1,37,0.038461538461538464,0.02702702702702703,1,1,unigrama_conservado_en_csv_completo,,learning
Informática,legal,1.2300056054463233,2,26,1,37,0.07692307692307693,0.02702702702702703,2,2,unigrama_conservado_en_csv_completo,,legal
Informática,legales,0.493040011280117,1,26,1,37,0.038461538461538464,0.02702702702702703,1,1,unigrama_conservado_en_csv_completo,,legales
Informática,legislacion,1.2300056054463233,2,26,1,37,0.07692307692307693,0.02702702702702703,2,2,unigrama_conservado_en_csv_completo,,legislación
Informática,legislacion vigente,0.493040011280117,1,26,1,37,0.038461538461538464,0.02702702702702703,1,1,soporte_insuficiente_en_clase,,legislación vigente
Informática,lengua,0.493040011280117,1,26,1,37,0.038461538461538464,0.02702702702702703,1,1,unigrama_conservado_en_csv_completo,,lengua
Informática,lengua materna,0.493040011280117,1,26,1,37,0.038461538461538464,0.02702702702702703,1,1,soporte_insuficiente_en_clase,,lengua materna
Informática,lenguajes,0.8556100906648252,4,26,3,37,0.15384615384615385,0.08108108108108109,4,4,unigrama_conservado_en_csv_completo,,lenguajes
Informática,licenciado,-1.8288880836072454,0,26,2,37,0.0,0.05405405405405406,0,0,unigrama_conservado_en_csv_completo,,licenciado
Informática,lider,-1.8288880836072454,0,26,2,37,0.0,0.05405405405405406,0,0,unigrama_conservado_en_csv_completo,,líder
Informática,lidera,-0.24392558288608923,1,26,2,37,0.038461538461538464,0.05405405405405406,1,1,unigrama_conservado_en_csv_completo,,lidera
Informática,lidera proyectos,0.493040011280117,1,26,1,37,0.038461538461538464,0.02702702702702703,1,1,soporte_insuficiente_en_clase,,lidera proyectos
Informática,liderando,1.2300056054463233,2,26,1,37,0.07692307692307693,0.02702702702702703,2,2,unigrama_conservado_en_csv_completo,,liderando
Informática,liderar,0.28658913381269047,6,26,7,37,0.23076923076923078,0.1891891891891892,6,6,unigrama_conservado_en_csv_completo,,liderar
Informática,liderar procesos,-1.8288880836072454,0,26,2,37,0.0,0.05405405405405406,0,0,soporte_insuficiente_en_clase,,liderar procesos
Informática,liderar proyectos,0.493040011280117,1,26,1,37,0.038461538461538464,0.02702702702702703,1,1,soporte_insuficiente_en_clase,,liderar proyectos
Informática,liderazgo,0.045581034308895686,5,26,7,37,0.19230769230769232,0.1891891891891892,5,5,unigrama_conservado_en_csv_completo,,liderazgo
Informática,linea,0.493040011280117,1,26,1,37,0.038461538461538464,0.02702702702702703,1,1,unigrama_conservado_en_csv_completo,,línea
Informática,lineas,2.814968106167479,2,26,0,37,0.07692307692307693,0.0,2,2,unigrama_conservado_en_csv_completo,,líneas
Informática,logico,0.493040011280117,1,26,1,37,0.038461538461538464,0.02702702702702703,1,1,unigrama_conservado_en_csv_completo,,lógico
Informática,lograrlo,0.493040011280117,1,26,1,37,0.038461538461538464,0.02702702702702703,1,1,unigrama_conservado_en_csv_completo,,lograrlo
Informática,logro,1.7154324326165649,3,26,1,37,0.11538461538461539,0.02702702702702703,3,3,unigrama_conservado_en_csv_completo,,logro
Informática,machine,0.493040011280117,1,26,1,37,0.038461538461538464,0.02702702702702703,1,1,unigrama_conservado_en_csv_completo,,machine
Informática,machine learning,0.493040011280117,1,26,1,37,0.038461538461538464,0.02702702702702703,1,1,soporte_insuficiente_en_clase,,machine learning
Informática,magallanes,0.493040011280117,1,26,1,37,0.038461538461538464,0.02702702702702703,1,1,unigrama_conservado_en_csv_completo,,magallanes
Informática,malla,1.2300056054463233,2,26,1,37,0.07692307692307693,0.02702702702702703,2,2,unigrama_conservado_en_csv_completo,,malla
Informática,manager,2.814968106167479,2,26,0,37,0.07692307692307693,0.0,2,2,unigrama_conservado_en_csv_completo,,manager
Informática,manejo,0.007613184109875269,2,26,3,37,0.07692307692307693,0.08108108108108109,2,2,unigrama_conservado_en_csv_completo,,manejo
Informática,manejo de tecnologias,0.493040011280117,1,26,1,37,0.038461538461538464,0.02702702702702703,1,1,soporte_insuficiente_en_clase,,manejo de tecnologías
Informática,manera,0.15200309344505006,7,26,9,37,0.2692307692307692,0.24324324324324326,7,7,unigrama_conservado_en_csv_completo,,manera
Informática,manera critica,0.493040011280117,1,26,1,37,0.038461538461538464,0.02702702702702703,1,1,soporte_insuficiente_en_clase,,manera crítica
Informática,manera efectiva,-0.24392558288608923,1,26,2,37,0.038461538461538464,0.05405405405405406,1,1,soporte_insuficiente_en_clase,,manera efectiva
Informática,manera integral,0.493040011280117,1,26,1,37,0.038461538461538464,0.02702702702702703,1,1,soporte_insuficiente_en_clase,,manera integral
Informática,mantencion,0.8556100906648252,4,26,3,37,0.15384615384615385,0.08108108108108109,4,4,unigrama_conservado_en_csv_completo,,mantención
Informática,mantener,0.493040011280117,2,26,2,37,0.07692307692307693,0.05405405405405406,2,2,unigrama_conservado_en_csv_completo,,mantener
Informática,mantenimiento,1.2300056054463233,2,26,1,37,0.07692307692307693,0.02702702702702703,2,2,unigrama_conservado_en_csv_completo,,mantenimiento
Informática,marcado,0.493040011280117,2,26,2,37,0.07692307692307693,0.05405405405405406,2,2,unigrama_conservado_en_csv_completo,,marcado
Informática,marcado sello,0.493040011280117,1,26,1,37,0.038461538461538464,0.02702702702702703,1,1,soporte_insuficiente_en_clase,,marcado sello
Informática,marcado sello valorico,0.493040011280117,1,26,1,37,0.038461538461538464,0.02702702702702703,1,1,soporte_insuficiente_en_clase,,marcado sello valórico
Informática,marco,0.007613184109875269,2,26,3,37,0.07692307692307693,0.08108108108108109,2,2,unigrama_conservado_en_csv_completo,,marco
Informática,marcos,2.814968106167479,2,26,0,37,0.07692307692307693,0.0,2,2,unigrama_conservado_en_csv_completo,,marcos
Informática,maria,0.493040011280117,1,26,1,37,0.038461538461538464,0.02702702702702703,1,1,unigrama_conservado_en_csv_completo,,maría
Informática,master,2.814968106167479,2,26,0,37,0.07692307692307693,0.0,2,2,unigrama_conservado_en_csv_completo,,master
Informática,matematicas,-1.8288880836072454,0,26,2,37,0.0,0.05405405405405406,0,0,unigrama_conservado_en_csv_completo,,matemáticas
Informática,materna,0.493040011280117,1,26,1,37,0.038461538461538464,0.02702702702702703,1,1,unigrama_conservado_en_csv_completo,,materna
Informática,mayor,1.2300056054463233,2,26,1,37,0.07692307692307693,0.02702702702702703,2,2,unigrama_conservado_en_csv_completo,,mayor
Informática,mediante,0.7340481107839116,6,26,5,37,0.23076923076923078,0.13513513513513514,6,6,unigrama_conservado_en_csv_completo,,mediante
Informática,mediante el uso,-0.729352410056331,1,26,3,37,0.038461538461538464,0.08108108108108109,1,1,soporte_insuficiente_en_clase,,mediante el uso
Informática,mediante el uso avanzado,-1.8288880836072454,0,26,2,37,0.0,0.05405405405405406,0,0,soporte_insuficiente_en_clase,,mediante el uso avanzado
Informática,mediante soluciones,0.493040011280117,1,26,1,37,0.038461538461538464,0.02702702702702703,1,1,soporte_insuficiente_en_clase,,mediante soluciones
Informática,medio,-0.03747470541866304,4,26,6,37,0.15384615384615385,0.16216216216216217,4,4,unigrama_conservado_en_csv_completo,,medio
Informática,medioambiental,-0.24392558288608923,1,26,2,37,0.038461538461538464,0.05405405405405406,1,1,unigrama_conservado_en_csv_completo,,medioambiental
Informática,mejora,0.9404989882513382,7,26,5,37,0.2692307692307692,0.13513513513513514,7,7,unigrama_conservado_en_csv_completo,,mejora
Informática,mejorar,1.2300056054463233,2,26,1,37,0.07692307692307693,0.02702702702702703,2,2,unigrama_conservado_en_csv_completo,,mejorar
Informática,mejoras,-1.8288880836072454,0,26,2,37,0.0,0.05405405405405406,0,0,unigrama_conservado_en_csv_completo,,mejoras
Informática,mejores,1.2300056054463233,2,26,1,37,0.07692307692307693,0.02702702702702703,2,2,unigrama_conservado_en_csv_completo,,mejores
Informática,mencion,1.2300056054463233,2,26,1,37,0.07692307692307693,0.02702702702702703,2,2,unigrama_conservado_en_csv_completo,,mención
Informática,mercado,3.662965012722429,4,26,0,37,0.15384615384615385,0.0,4,4,unigrama_conservado_en_csv_completo,,mercado
Informática,metodologias,2.4190394298363405,9,26,2,37,0.34615384615384615,0.05405405405405406,9,9,unigrama_conservado_en_csv_completo,,metodologías
Informática,metodos,1.2300056054463233,2,26,1,37,0.07692307692307693,0.02702702702702703,2,2,unigrama_conservado_en_csv_completo,,métodos
Informática,metropolitana,-0.24392558288608923,1,26,2,37,0.038461538461538464,0.05405405405405406,1,1,unigrama_conservado_en_csv_completo,,metropolitana
Informática,mineria,0.493040011280117,1,26,1,37,0.038461538461538464,0.02702702702702703,1,1,unigrama_conservado_en_csv_completo,,minería
Informática,mineria de datos,0.493040011280117,1,26,1,37,0.038461538461538464,0.02702702702702703,1,1,soporte_insuficiente_en_clase,,minería de datos
Informática,mirada,-0.24392558288608923,1,26,2,37,0.038461538461538464,0.05405405405405406,1,1,unigrama_conservado_en_csv_completo,,mirada
Informática,mismo,-2.314314910777487,0,26,3,37,0.0,0.08108108108108109,0,0,unigrama_conservado_en_csv_completo,,mismo
Informática,mistral,2.814968106167479,2,26,0,37,0.07692307692307693,0.0,2,2,unigrama_conservado_en_csv_completo,,mistral
Informática,modalidad,0.493040011280117,1,26,1,37,0.038461538461538464,0.02702702702702703,1,1,unigrama_conservado_en_csv_completo,,modalidad
Informática,modelar,-1.0919224894410393,1,26,4,37,0.038461538461538464,0.10810810810810811,1,1,unigrama_conservado_en_csv_completo,,modelar
Informática,modelo,-1.8288880836072454,0,26,2,37,0.0,0.05405405405405406,0,0,unigrama_conservado_en_csv_completo,,modelo
Informática,modelos,0.9784668384503586,3,26,2,37,0.11538461538461539,0.05405405405405406,3,3,unigrama_conservado_en_csv_completo,,modelos
Informática,modelos de servicios,0.493040011280117,1,26,1,37,0.038461538461538464,0.02702702702702703,1,1,soporte_insuficiente_en_clase,,modelos de servicios
Informática,modelos operativos,0.493040011280117,1,26,1,37,0.038461538461538464,0.02702702702702703,1,1,soporte_insuficiente_en_clase,,modelos operativos
Informática,monitoreo,-1.8288880836072454,0,26,2,37,0.0,0.05405405405405406,0,0,unigrama_conservado_en_csv_completo,,monitoreo
Informática,multi,0.493040011280117,1,26,1,37,0.038461538461538464,0.02702702702702703,1,1,unigrama_conservado_en_csv_completo,,multi
Informática,multiculturales,2.814968106167479,2,26,0,37,0.07692307692307693,0.0,2,2,unigrama_conservado_en_csv_completo,,multiculturales
Informática,multidisciplinarios,0.6242845445583693,11,26,10,37,0.4230769230769231,0.2702702702702703,11,11,unigrama_conservado_en_csv_completo,,multidisciplinarios
Informática,multiples,0.493040011280117,1,26,1,37,0.038461538461538464,0.02702702702702703,1,1,unigrama_conservado_en_csv_completo,,múltiples
Informática,mundo,0.493040011280117,4,26,4,37,0.15384615384615385,0.10810810810810811,4,4,unigrama_conservado_en_csv_completo,,mundo
Informática,nacional,0.8556100906648252,4,26,3,37,0.15384615384615385,0.08108108108108109,4,4,unigrama_conservado_en_csv_completo,,nacional
Informática,nacionales,-1.8288880836072454,0,26,2,37,0.0,0.05405405405405406,0,0,unigrama_conservado_en_csv_completo,,nacionales
Informática,necesarias,-1.8288880836072454,0,26,2,37,0.0,0.05405405405405406,0,0,unigrama_conservado_en_csv_completo,,necesarias
Informática,necesidades,0.05694089647344343,8,26,11,37,0.3076923076923077,0.2972972972972973,8,8,unigrama_conservado_en_csv_completo,,necesidades
Informática,negocio,0.007613184109875269,2,26,3,37,0.07692307692307693,0.08108108108108109,2,2,unigrama_conservado_en_csv_completo,,negocio
Informática,negocios,-0.6064956622707975,3,26,7,37,0.11538461538461539,0.1891891891891892,3,3,unigrama_conservado_en_csv_completo,,negocios
Informática,nivel,-0.7870679079126183,3,26,8,37,0.11538461538461539,0.21621621621621623,3,3,unigrama_conservado_en_csv_completo,,nivel
Informática,nivel nacional,0.493040011280117,1,26,1,37,0.038461538461538464,0.02702702702702703,1,1,soporte_insuficiente_en_clase,,nivel nacional
Informática,niveles,0.9784668384503586,3,26,2,37,0.11538461538461539,0.05405405405405406,3,3,unigrama_conservado_en_csv_completo,,niveles
Informática,normas,0.493040011280117,2,26,2,37,0.07692307692307693,0.05405405405405406,2,2,unigrama_conservado_en_csv_completo,,normas
Informática,normativa,1.7154324326165649,3,26,1,37,0.11538461538461539,0.02702702702702703,3,3,unigrama_conservado_en_csv_completo,,normativa
Informática,norte,0.493040011280117,1,26,1,37,0.038461538461538464,0.02702702702702703,1,1,unigrama_conservado_en_csv_completo,,norte
Informática,nuestra,-1.8288880836072454,0,26,2,37,0.0,0.05405405405405406,0,0,unigrama_conservado_en_csv_completo,,nuestra
Informática,nuestros,-1.8288880836072454,0,26,2,37,0.0,0.05405405405405406,0,0,unigrama_conservado_en_csv_completo,,nuestros
Informática,nuevas,0.20353339408513188,4,26,5,37,0.15384615384615385,0.13513513513513514,4,4,unigrama_conservado_en_csv_completo,,nuevas
Informática,nuevas tecnologias,-1.0919224894410393,1,26,4,37,0.038461538461538464,0.10810810810810811,1,1,soporte_insuficiente_en_clase,,nuevas tecnologías
Informática,nuevo,-1.8288880836072454,0,26,2,37,0.0,0.05405405405405406,0,0,unigrama_conservado_en_csv_completo,,nuevo
Informática,nuevos,-0.729352410056331,1,26,3,37,0.038461538461538464,0.08108108108108109,1,1,unigrama_conservado_en_csv_completo,,nuevos
Informática,objetivo,0.493040011280117,1,26,1,37,0.038461538461538464,0.02702702702702703,1,1,unigrama_conservado_en_csv_completo,,objetivo
Informática,objetivos,1.8715516345338468,6,26,2,37,0.23076923076923078,0.05405405405405406,6,6,unigrama_conservado_en_csv_completo,,objetivos
Informática,objetivos estrategicos,0.493040011280117,1,26,1,37,0.038461538461538464,0.02702702702702703,1,1,soporte_insuficiente_en_clase,,objetivos estratégicos
Informática,ocupacional,0.493040011280117,1,26,1,37,0.038461538461538464,0.02702702702702703,1,1,unigrama_conservado_en_csv_completo,,ocupacional
Informática,opera,-2.314314910777487,0,26,3,37,0.0,0.08108108108108109,0,0,unigrama_conservado_en_csv_completo,,opera
Informática,opera sistemas,-1.8288880836072454,0,26,2,37,0.0,0.05405405405405406,0,0,soporte_insuficiente_en_clase,,opera sistemas
Informática,operacion,0.9784668384503586,3,26,2,37,0.11538461538461539,0.05405405405405406,3,3,unigrama_conservado_en_csv_completo,,operación
Informática,operar,0.13046993189540856,3,26,4,37,0.11538461538461539,0.10810810810810811,3,3,unigrama_conservado_en_csv_completo,,operar
Informática,operar productos,0.493040011280117,1,26,1,37,0.038461538461538464,0.02702702702702703,1,1,soporte_insuficiente_en_clase,,operar productos
Informática,operar sistemas,-0.24392558288608923,1,26,2,37,0.038461538461538464,0.05405405405405406,1,1,soporte_insuficiente_en_clase,,operar sistemas
Informática,operativa,3.300394933337721,3,26,0,37,0.11538461538461539,0.0,3,3,unigrama_conservado_en_csv_completo,,operativa
Informática,operativos,0.493040011280117,2,26,2,37,0.07692307692307693,0.05405405405405406,2,2,unigrama_conservado_en_csv_completo,,operativos
Informática,oportunidades,1.6305435350300517,5,26,2,37,0.19230769230769232,0.05405405405405406,5,5,unigrama_conservado_en_csv_completo,,oportunidades
Informática,oportunidades de negocio,0.493040011280117,1,26,1,37,0.038461538461538464,0.02702702702702703,1,1,soporte_insuficiente_en_clase,,oportunidades de negocio
Informática,optimizacion,1.7154324326165649,3,26,1,37,0.11538461538461539,0.02702702702702703,3,3,unigrama_conservado_en_csv_completo,,optimización
Informática,optimizar,1.2300056054463233,2,26,1,37,0.07692307692307693,0.02702702702702703,2,2,unigrama_conservado_en_csv_completo,,optimizar
Informática,oral,2.078002512001273,4,26,1,37,0.15384615384615385,0.02702702702702703,4,4,unigrama_conservado_en_csv_completo,,oral
Informática,orden,0.493040011280117,1,26,1,37,0.038461538461538464,0.02702702702702703,1,1,unigrama_conservado_en_csv_completo,,orden
Informática,organismos,2.814968106167479,2,26,0,37,0.07692307692307693,0.0,2,2,unigrama_conservado_en_csv_completo,,organismos
Informática,organizacion,1.0405278065826102,9,26,6,37,0.34615384615384615,0.16216216216216217,9,9,unigrama_conservado_en_csv_completo,,organización
Informática,organizacional,-0.729352410056331,1,26,3,37,0.038461538461538464,0.08108108108108109,1,1,unigrama_conservado_en_csv_completo,,organizacional
Informática,organizacionales,0.28658913381269047,6,26,7,37,0.23076923076923078,0.1891891891891892,6,6,unigrama_conservado_en_csv_completo,,organizacionales
Informática,organizaciones,0.782546628475102,16,26,13,37,0.6153846153846154,0.35135135135135137,16,16,unigrama_conservado_en_csv_completo,,organizaciones
Informática,organizaciones del sector,-0.24392558288608923,1,26,2,37,0.038461538461538464,0.05405405405405406,1,1,soporte_insuficiente_en_clase,,organizaciones del sector
Informática,organizaciones del sector publico,-0.24392558288608923,1,26,2,37,0.038461538461538464,0.05405405405405406,1,1,soporte_insuficiente_en_clase,,organizaciones del sector público
Informática,orienta,2.814968106167479,2,26,0,37,0.07692307692307693,0.0,2,2,unigrama_conservado_en_csv_completo,,orienta
Informática,orientada,0.493040011280117,2,26,2,37,0.07692307692307693,0.05405405405405406,2,2,unigrama_conservado_en_csv_completo,,orientada
Informática,orientado,-0.24392558288608923,1,26,2,37,0.038461538461538464,0.05405405405405406,1,1,unigrama_conservado_en_csv_completo,,orientado
Informática,otorga,-2.676884990162195,0,26,4,37,0.0,0.10810810810810811,0,0,unigrama_conservado_en_csv_completo,,otorga
Informática,otorga el grado,-1.8288880836072454,0,26,2,37,0.0,0.05405405405405406,0,0,soporte_insuficiente_en_clase,,otorga el grado
Informática,otras,-0.24392558288608923,1,26,2,37,0.038461538461538464,0.05405405405405406,1,1,unigrama_conservado_en_csv_completo,,otras
Informática,otros,1.341036917835067,4,26,2,37,0.15384615384615385,0.05405405405405406,4,4,unigrama_conservado_en_csv_completo,,otros
Informática,pais,-0.885471611973613,2,26,6,37,0.07692307692307693,0.16216216216216217,2,2,unigrama_conservado_en_csv_completo,,país
Informática,parte,-0.729352410056331,1,26,3,37,0.038461538461538464,0.08108108108108109,1,1,unigrama_conservado_en_csv_completo,,parte
Informática,participa,0.493040011280117,1,26,1,37,0.038461538461538464,0.02702702702702703,1,1,unigrama_conservado_en_csv_completo,,participa
Informática,participacion,2.814968106167479,2,26,0,37,0.07692307692307693,0.0,2,2,unigrama_conservado_en_csv_completo,,participación
Informática,participar,-0.24392558288608923,1,26,2,37,0.038461538461538464,0.05405405405405406,1,1,unigrama_conservado_en_csv_completo,,participar
Informática,participar activamente,0.493040011280117,1,26,1,37,0.038461538461538464,0.02702702702702703,1,1,soporte_insuficiente_en_clase,,participar activamente
Informática,pensamiento,0.20353339408513188,4,26,5,37,0.15384615384615385,0.13513513513513514,4,4,unigrama_conservado_en_csv_completo,,pensamiento
Informática,pensar,0.493040011280117,1,26,1,37,0.038461538461538464,0.02702702702702703,1,1,unigrama_conservado_en_csv_completo,,pensar
Informática,pensar de manera,0.493040011280117,1,26,1,37,0.038461538461538464,0.02702702702702703,1,1,soporte_insuficiente_en_clase,,pensar de manera
Informática,pensar de manera critica,0.493040011280117,1,26,1,37,0.038461538461538464,0.02702702702702703,1,1,soporte_insuficiente_en_clase,,pensar de manera crítica
Informática,perfil,0.493040011280117,11,26,11,37,0.4230769230769231,0.2972972972972973,11,11,unigrama_conservado_en_csv_completo,,perfil
Informática,perfil profesional,-0.24392558288608923,1,26,2,37,0.038461538461538464,0.05405405405405406,1,1,soporte_insuficiente_en_clase,,perfil profesional
Informática,permanente,0.9404989882513382,7,26,5,37,0.2692307692307692,0.13513513513513514,7,7,unigrama_conservado_en_csv_completo,,permanente
Informática,permanente de la region,0.493040011280117,1,26,1,37,0.038461538461538464,0.02702702702702703,1,1,soporte_insuficiente_en_clase,,permanente de la región
Informática,permanentemente,0.493040011280117,1,26,1,37,0.038461538461538464,0.02702702702702703,1,1,unigrama_conservado_en_csv_completo,,permanentemente
Informática,permeabilidad,0.493040011280117,1,26,1,37,0.038461538461538464,0.02702702702702703,1,1,unigrama_conservado_en_csv_completo,,permeabilidad
Informática,permitan estar,0.493040011280117,1,26,1,37,0.038461538461538464,0.02702702702702703,1,1,soporte_insuficiente_en_clase,,permitan estar
Informática,permitan estar en constante,0.493040011280117,1,26,1,37,0.038461538461538464,0.02702702702702703,1,1,soporte_insuficiente_en_clase,,permitan estar en constante
Informática,permite,-0.27747814259711573,8,26,14,37,0.3076923076923077,0.3783783783783784,8,8,unigrama_conservado_en_csv_completo,,permite
Informática,permite abordar,0.493040011280117,1,26,1,37,0.038461538461538464,0.02702702702702703,1,1,soporte_insuficiente_en_clase,,permite abordar
Informática,permite analizar,-1.8288880836072454,0,26,2,37,0.0,0.05405405405405406,0,0,soporte_insuficiente_en_clase,,permite analizar
Informática,permite generar,0.493040011280117,1,26,1,37,0.038461538461538464,0.02702702702702703,1,1,soporte_insuficiente_en_clase,,permite generar
Informática,permite generar soluciones,0.493040011280117,1,26,1,37,0.038461538461538464,0.02702702702702703,1,1,soporte_insuficiente_en_clase,,permite generar soluciones
Informática,permite proponer,-1.8288880836072454,0,26,2,37,0.0,0.05405405405405406,0,0,soporte_insuficiente_en_clase,,permite proponer
Informática,permiten,-0.24392558288608923,1,26,2,37,0.038461538461538464,0.05405405405405406,1,1,unigrama_conservado_en_csv_completo,,permiten
Informática,permitiendo,-1.8288880836072454,0,26,2,37,0.0,0.05405405405405406,0,0,unigrama_conservado_en_csv_completo,,permitiendo
Informática,permitira,-0.729352410056331,1,26,3,37,0.038461538461538464,0.08108108108108109,1,1,unigrama_conservado_en_csv_completo,,permitirá
Informática,persona humana,0.493040011280117,1,26,1,37,0.038461538461538464,0.02702702702702703,1,1,soporte_insuficiente_en_clase,,persona humana
Informática,persona titulada,0.493040011280117,1,26,1,37,0.038461538461538464,0.02702702702702703,1,1,soporte_insuficiente_en_clase,,persona titulada
Informática,personal,0.493040011280117,1,26,1,37,0.038461538461538464,0.02702702702702703,1,1,unigrama_conservado_en_csv_completo,,personal
Informática,personas,0.28658913381269047,6,26,7,37,0.23076923076923078,0.1891891891891892,6,6,unigrama_conservado_en_csv_completo,,personas
Informática,perspectiva,-1.0919224894410393,1,26,4,37,0.038461538461538464,0.10810810810810811,1,1,unigrama_conservado_en_csv_completo,,perspectiva
Informática,pertinencia,-1.8288880836072454,0,26,2,37,0.0,0.05405405405405406,0,0,unigrama_conservado_en_csv_completo,,pertinencia
Informática,pertinentes,0.493040011280117,2,26,2,37,0.07692307692307693,0.05405405405405406,2,2,unigrama_conservado_en_csv_completo,,pertinentes
Informática,plan,-0.3549568952748331,2,26,4,37,0.07692307692307693,0.10810810810810811,2,2,unigrama_conservado_en_csv_completo,,plan
Informática,plan comun,-1.8288880836072454,0,26,2,37,0.0,0.05405405405405406,0,0,soporte_insuficiente_en_clase,,plan común
Informática,plan de estudios,-0.24392558288608923,1,26,2,37,0.038461538461538464,0.05405405405405406,1,1,soporte_insuficiente_en_clase,,plan de estudios
Informática,planes,-1.8288880836072454,0,26,2,37,0.0,0.05405405405405406,0,0,unigrama_conservado_en_csv_completo,,planes
Informática,planificacion,-0.729352410056331,1,26,3,37,0.038461538461538464,0.08108108108108109,1,1,unigrama_conservado_en_csv_completo,,planificación
Informática,planificar,1.1451167078598101,5,26,3,37,0.19230769230769232,0.08108108108108109,5,5,unigrama_conservado_en_csv_completo,,planificar
Informática,plantear,0.493040011280117,1,26,1,37,0.038461538461538464,0.02702702702702703,1,1,unigrama_conservado_en_csv_completo,,plantear
Informática,plataformas,1.8715516345338468,6,26,2,37,0.23076923076923078,0.05405405405405406,6,6,unigrama_conservado_en_csv_completo,,plataformas
Informática,plataformas de computo,0.493040011280117,1,26,1,37,0.038461538461538464,0.02702702702702703,1,1,soporte_insuficiente_en_clase,,plataformas de cómputo
Informática,poseen,-1.8288880836072454,0,26,2,37,0.0,0.05405405405405406,0,0,unigrama_conservado_en_csv_completo,,poseen
Informática,postgrado,0.493040011280117,1,26,1,37,0.038461538461538464,0.02702702702702703,1,1,unigrama_conservado_en_csv_completo,,postgrado
Informática,practica,-1.8288880836072454,0,26,2,37,0.0,0.05405405405405406,0,0,unigrama_conservado_en_csv_completo,,práctica
Informática,practicas,2.608517228700053,6,26,1,37,0.23076923076923078,0.02702702702702703,6,6,unigrama_conservado_en_csv_completo,,prácticas
Informática,practico,-1.8288880836072454,0,26,2,37,0.0,0.05405405405405406,0,0,unigrama_conservado_en_csv_completo,,práctico
Informática,practicos,-0.24392558288608923,1,26,2,37,0.038461538461538464,0.05405405405405406,1,1,unigrama_conservado_en_csv_completo,,prácticos
Informática,preocupandose,-1.8288880836072454,0,26,2,37,0.0,0.05405405405405406,0,0,unigrama_conservado_en_csv_completo,,preocupándose
Informática,preparacion,0.493040011280117,1,26,1,37,0.038461538461538464,0.02702702702702703,1,1,unigrama_conservado_en_csv_completo,,preparación
Informática,preparado,1.2300056054463233,2,26,1,37,0.07692307692307693,0.02702702702702703,2,2,unigrama_conservado_en_csv_completo,,preparado
Informática,preparados,0.493040011280117,1,26,1,37,0.038461538461538464,0.02702702702702703,1,1,unigrama_conservado_en_csv_completo,,preparados
Informática,presencial,1.2300056054463233,2,26,1,37,0.07692307692307693,0.02702702702702703,2,2,unigrama_conservado_en_csv_completo,,presencial
Informática,presentan,-0.24392558288608923,1,26,2,37,0.038461538461538464,0.05405405405405406,1,1,unigrama_conservado_en_csv_completo,,presentan
Informática,primer,-1.8288880836072454,0,26,2,37,0.0,0.05405405405405406,0,0,unigrama_conservado_en_csv_completo,,primer
Informática,primer ano,-1.8288880836072454,0,26,2,37,0.0,0.05405405405405406,0,0,soporte_insuficiente_en_clase,,primer año
Informática,principios,-0.2439255828860894,4,26,7,37,0.15384615384615385,0.1891891891891892,4,4,unigrama_conservado_en_csv_completo,,principios
Informática,privacidad,-1.8288880836072454,0,26,2,37,0.0,0.05405405405405406,0,0,unigrama_conservado_en_csv_completo,,privacidad
Informática,privadas,-0.03747470541866304,4,26,6,37,0.15384615384615385,0.16216216216216217,4,4,unigrama_conservado_en_csv_completo,,privadas
Informática,privado,0.9784668384503586,3,26,2,37,0.11538461538461539,0.05405405405405406,3,3,unigrama_conservado_en_csv_completo,,privado
Informática,privados,1.2300056054463233,2,26,1,37,0.07692307692307693,0.02702702702702703,2,2,unigrama_conservado_en_csv_completo,,privados
Informática,proactividad,-0.24392558288608923,1,26,2,37,0.038461538461538464,0.05405405405405406,1,1,unigrama_conservado_en_csv_completo,,proactividad
Informática,proactivo,-1.8288880836072454,0,26,2,37,0.0,0.05405405405405406,0,0,unigrama_conservado_en_csv_completo,,proactivo
Informática,problemas,-0.2206558035632421,12,26,20,37,0.46153846153846156,0.5405405405405406,12,12,unigrama_conservado_en_csv_completo,,problemas
Informática,problemas complejos,-1.2724947350828604,2,26,8,37,0.07692307692307693,0.21621621621621623,2,2,prevalencia_suavizada_no_superior_al_resto,,problemas complejos
Informática,problemas complejos mediante,-1.8288880836072454,0,26,2,37,0.0,0.05405405405405406,0,0,soporte_insuficiente_en_clase,,problemas complejos mediante
Informática,problemas con enfasis,0.493040011280117,1,26,1,37,0.038461538461538464,0.02702702702702703,1,1,soporte_insuficiente_en_clase,,problemas con énfasis
Informática,problematicas,1.6305435350300517,5,26,2,37,0.19230769230769232,0.05405405405405406,5,5,unigrama_conservado_en_csv_completo,,problemáticas
Informática,procesamiento,0.9784668384503586,3,26,2,37,0.11538461538461539,0.05405405405405406,3,3,unigrama_conservado_en_csv_completo,,procesamiento
Informática,proceso,-2.676884990162195,0,26,4,37,0.0,0.10810810810810811,0,0,unigrama_conservado_en_csv_completo,,proceso
Informática,procesos,0.5961335042442206,14,26,13,37,0.5384615384615384,0.35135135135135137,14,14,unigrama_conservado_en_csv_completo,,procesos
Informática,procesos organizacionales,0.493040011280117,1,26,1,37,0.038461538461538464,0.02702702702702703,1,1,soporte_insuficiente_en_clase,,procesos organizacionales
Informática,produccion,-0.729352410056331,1,26,3,37,0.038461538461538464,0.08108108108108109,1,1,unigrama_conservado_en_csv_completo,,producción
Informática,productivo,1.7154324326165649,3,26,1,37,0.11538461538461539,0.02702702702702703,3,3,unigrama_conservado_en_csv_completo,,productivo
Informática,productos,0.49304001128011676,6,26,6,37,0.23076923076923078,0.16216216216216217,6,6,unigrama_conservado_en_csv_completo,,productos
Informática,productos de software,-0.24392558288608923,1,26,2,37,0.038461538461538464,0.05405405405405406,1,1,soporte_insuficiente_en_clase,,productos de software
Informática,profesion,-0.3549568952748331,2,26,4,37,0.07692307692307693,0.10810810810810811,2,2,unigrama_conservado_en_csv_completo,,profesión
Informática,profesional,-0.15229510742052105,19,26,30,37,0.7307692307692307,0.8108108108108109,19,19,unigrama_conservado_en_csv_completo,,profesional
Informática,profesional competente,0.493040011280117,1,26,1,37,0.038461538461538464,0.02702702702702703,1,1,soporte_insuficiente_en_clase,,profesional competente
Informática,profesional comprometido,-1.8288880836072454,0,26,2,37,0.0,0.05405405405405406,0,0,soporte_insuficiente_en_clase,,profesional comprometido
Informática,profesional innovador,0.493040011280117,1,26,1,37,0.038461538461538464,0.02702702702702703,1,1,soporte_insuficiente_en_clase,,profesional innovador
Informática,profesional integrador,0.493040011280117,1,26,1,37,0.038461538461538464,0.02702702702702703,1,1,soporte_insuficiente_en_clase,,profesional integrador
Informática,profesional integrador de tecnologias,0.493040011280117,1,26,1,37,0.038461538461538464,0.02702702702702703,1,1,soporte_insuficiente_en_clase,,profesional integrador de tecnologías
Informática,profesionales,0.493040011280117,11,26,11,37,0.4230769230769231,0.2972972972972973,11,11,unigrama_conservado_en_csv_completo,,profesionales
Informática,profesionalmente,1.2300056054463233,2,26,1,37,0.07692307692307693,0.02702702702702703,2,2,unigrama_conservado_en_csv_completo,,profesionalmente
Informática,profesionalmente en forma,0.493040011280117,1,26,1,37,0.038461538461538464,0.02702702702702703,1,1,soporte_insuficiente_en_clase,,profesionalmente en forma
Informática,profesionalmente en forma etica,0.493040011280117,1,26,1,37,0.038461538461538464,0.02702702702702703,1,1,soporte_insuficiente_en_clase,,profesionalmente en forma ética
Informática,profesor,0.493040011280117,1,26,1,37,0.038461538461538464,0.02702702702702703,1,1,unigrama_conservado_en_csv_completo,,profesor
Informática,profundizar,0.493040011280117,1,26,1,37,0.038461538461538464,0.02702702702702703,1,1,unigrama_conservado_en_csv_completo,,profundizar
Informática,programa,-0.2439255828860894,4,26,7,37,0.15384615384615385,0.1891891891891892,4,4,unigrama_conservado_en_csv_completo,,programa
Informática,programa formativo,-1.8288880836072454,0,26,2,37,0.0,0.05405405405405406,0,0,soporte_insuficiente_en_clase,,programa formativo
Informática,programacion,1.3861248073636052,6,26,3,37,0.23076923076923078,0.08108108108108109,6,6,unigrama_conservado_en_csv_completo,,programación
Informática,programador,-1.8288880836072454,0,26,2,37,0.0,0.05405405405405406,0,0,unigrama_conservado_en_csv_completo,,programador
Informática,programas,-0.24392558288608923,1,26,2,37,0.038461538461538464,0.05405405405405406,1,1,unigrama_conservado_en_csv_completo,,programas
Informática,promocion,-0.24392558288608923,1,26,2,37,0.038461538461538464,0.05405405405405406,1,1,unigrama_conservado_en_csv_completo,,promoción
Informática,promocion del bien,-1.8288880836072454,0,26,2,37,0.0,0.05405405405405406,0,0,soporte_insuficiente_en_clase,,promoción del bien
Informática,promocion del bien comun,-1.8288880836072454,0,26,2,37,0.0,0.05405405405405406,0,0,soporte_insuficiente_en_clase,,promoción del bien común
Informática,promoviendo,3.662965012722429,4,26,0,37,0.15384615384615385,0.0,4,4,unigrama_conservado_en_csv_completo,,promoviendo
Informática,propios,0.7825466284751018,5,26,4,37,0.19230769230769232,0.10810810810810811,5,5,unigrama_conservado_en_csv_completo,,propios
Informática,propios emprendimientos,-1.8288880836072454,0,26,2,37,0.0,0.05405405405405406,0,0,soporte_insuficiente_en_clase,,propios emprendimientos
Informática,proponer,-0.729352410056331,1,26,3,37,0.038461538461538464,0.08108108108108109,1,1,unigrama_conservado_en_csv_completo,,proponer
Informática,proponer soluciones,0.493040011280117,1,26,1,37,0.038461538461538464,0.02702702702702703,1,1,soporte_insuficiente_en_clase,,proponer soluciones
Informática,proposito,-0.24392558288608923,1,26,2,37,0.038461538461538464,0.05405405405405406,1,1,unigrama_conservado_en_csv_completo,,propósito
Informática,propuestas,1.2300056054463233,2,26,1,37,0.07692307692307693,0.02702702702702703,2,2,unigrama_conservado_en_csv_completo,,propuestas
Informática,proteccion,2.814968106167479,2,26,0,37,0.07692307692307693,0.0,2,2,unigrama_conservado_en_csv_completo,,protección
Informática,proyecto,2.814968106167479,2,26,0,37,0.07692307692307693,0.0,2,2,unigrama_conservado_en_csv_completo,,proyecto
Informática,proyectos,-0.05444778402237646,19,26,28,37,0.7307692307692307,0.7567567567567568,19,19,unigrama_conservado_en_csv_completo,,proyectos
Informática,proyectos de software,-1.0919224894410393,1,26,4,37,0.038461538461538464,0.10810810810810811,1,1,soporte_insuficiente_en_clase,,proyectos de software
Informática,proyectos propios,-1.8288880836072454,0,26,2,37,0.0,0.05405405405405406,0,0,soporte_insuficiente_en_clase,,proyectos propios
Informática,proyectos relacionados,-0.24392558288608923,1,26,2,37,0.038461538461538464,0.05405405405405406,1,1,soporte_insuficiente_en_clase,,proyectos relacionados
Informática,pruebas,2.814968106167479,2,26,0,37,0.07692307692307693,0.0,2,2,unigrama_conservado_en_csv_completo,,pruebas
Informática,publica,2.814968106167479,2,26,0,37,0.07692307692307693,0.0,2,2,unigrama_conservado_en_csv_completo,,pública
Informática,publicas,-0.03747470541866304,4,26,6,37,0.15384615384615385,0.16216216216216217,4,4,unigrama_conservado_en_csv_completo,,públicas
Informática,publico,0.493040011280117,2,26,2,37,0.07692307692307693,0.05405405405405406,2,2,unigrama_conservado_en_csv_completo,,público
Informática,publicos,0.493040011280117,2,26,2,37,0.07692307692307693,0.05405405405405406,2,2,unigrama_conservado_en_csv_completo,,públicos
Informática,pudiendo,-0.24392558288608923,1,26,2,37,0.038461538461538464,0.05405405405405406,1,1,unigrama_conservado_en_csv_completo,,pudiendo
Informática,pudiendo desempenarse,-0.24392558288608923,1,26,2,37,0.038461538461538464,0.05405405405405406,1,1,soporte_insuficiente_en_clase,,pudiendo desempeñarse
Informática,puede,0.8556100906648252,4,26,3,37,0.15384615384615385,0.08108108108108109,4,4,unigrama_conservado_en_csv_completo,,puede
Informática,pueden,0.493040011280117,1,26,1,37,0.038461538461538464,0.02702702702702703,1,1,unigrama_conservado_en_csv_completo,,pueden
Informática,quehacer,0.13046993189540856,3,26,4,37,0.11538461538461539,0.10810810810810811,3,3,unigrama_conservado_en_csv_completo,,quehacer
Informática,quehacer profesional,-1.0919224894410393,1,26,4,37,0.038461538461538464,0.10810810810810811,1,1,soporte_insuficiente_en_clase,,quehacer profesional
Informática,quien,-0.24392558288608923,1,26,2,37,0.038461538461538464,0.05405405405405406,1,1,unigrama_conservado_en_csv_completo,,quien
Informática,quienes,-0.729352410056331,1,26,3,37,0.038461538461538464,0.08108108108108109,1,1,unigrama_conservado_en_csv_completo,,quienes
Informática,quienes egresan,0.493040011280117,1,26,1,37,0.038461538461538464,0.02702702702702703,1,1,soporte_insuficiente_en_clase,,quienes egresan
Informática,reales,0.493040011280117,2,26,2,37,0.07692307692307693,0.05405405405405406,2,2,unigrama_conservado_en_csv_completo,,reales
Informática,realidad,1.2300056054463233,2,26,1,37,0.07692307692307693,0.02702702702702703,2,2,unigrama_conservado_en_csv_completo,,realidad
Informática,realiza,2.814968106167479,2,26,0,37,0.07692307692307693,0.0,2,2,unigrama_conservado_en_csv_completo,,realiza
Informática,realizado,2.814968106167479,2,26,0,37,0.07692307692307693,0.0,2,2,unigrama_conservado_en_csv_completo,,realizado
Informática,realizar,0.007613184109875269,2,26,3,37,0.07692307692307693,0.08108108108108109,2,2,unigrama_conservado_en_csv_completo,,realizar
Informática,reconoce,-0.729352410056331,1,26,3,37,0.038461538461538464,0.08108108108108109,1,1,unigrama_conservado_en_csv_completo,,reconoce
Informática,reconocimiento,0.493040011280117,1,26,1,37,0.038461538461538464,0.02702702702702703,1,1,unigrama_conservado_en_csv_completo,,reconocimiento
Informática,recursos,0.3124677656382961,7,26,8,37,0.2692307692307692,0.21621621621621623,7,7,unigrama_conservado_en_csv_completo,,recursos
Informática,recursos computacionales,0.493040011280117,1,26,1,37,0.038461538461538464,0.02702702702702703,1,1,soporte_insuficiente_en_clase,,recursos computacionales
Informática,recursos digitales,-1.8288880836072454,0,26,2,37,0.0,0.05405405405405406,0,0,soporte_insuficiente_en_clase,,recursos digitales
Informática,recursos humanos,0.493040011280117,1,26,1,37,0.038461538461538464,0.02702702702702703,1,1,soporte_insuficiente_en_clase,,recursos humanos
Informática,redes,0.49304001128011676,6,26,6,37,0.23076923076923078,0.16216216216216217,6,6,unigrama_conservado_en_csv_completo,,redes
Informática,redes de computadores,-1.8288880836072454,0,26,2,37,0.0,0.05405405405405406,0,0,soporte_insuficiente_en_clase,,redes de computadores
Informática,reflexion,2.814968106167479,2,26,0,37,0.07692307692307693,0.0,2,2,unigrama_conservado_en_csv_completo,,reflexión
Informática,reflexivo,0.493040011280117,1,26,1,37,0.038461538461538464,0.02702702702702703,1,1,unigrama_conservado_en_csv_completo,,reflexivo
Informática,region,-1.0919224894410393,1,26,4,37,0.038461538461538464,0.10810810810810811,1,1,unigrama_conservado_en_csv_completo,,región
Informática,relacionadas,2.078002512001273,4,26,1,37,0.15384615384615385,0.02702702702702703,4,4,unigrama_conservado_en_csv_completo,,relacionadas
Informática,relacionados,0.8556100906648252,4,26,3,37,0.15384615384615385,0.08108108108108109,4,4,unigrama_conservado_en_csv_completo,,relacionados
Informática,relacionados con las tecnologias,-1.8288880836072454,0,26,2,37,0.0,0.05405405405405406,0,0,soporte_insuficiente_en_clase,,relacionados con las tecnologías
Informática,relevante,0.493040011280117,1,26,1,37,0.038461538461538464,0.02702702702702703,1,1,unigrama_conservado_en_csv_completo,,relevante
Informática,rendimiento,-0.24392558288608923,1,26,2,37,0.038461538461538464,0.05405405405405406,1,1,unigrama_conservado_en_csv_completo,,rendimiento
Informática,requeridas,0.493040011280117,1,26,1,37,0.038461538461538464,0.02702702702702703,1,1,unigrama_conservado_en_csv_completo,,requeridas
Informática,requerimientos,1.3861248073636052,6,26,3,37,0.23076923076923078,0.08108108108108109,6,6,unigrama_conservado_en_csv_completo,,requerimientos
Informática,requerimientos de la industria,0.493040011280117,1,26,1,37,0.038461538461538464,0.02702702702702703,1,1,soporte_insuficiente_en_clase,,requerimientos de la industria
Informática,requieren,-0.729352410056331,1,26,3,37,0.038461538461538464,0.08108108108108109,1,1,unigrama_conservado_en_csv_completo,,requieren
Informática,requisitos,0.493040011280117,1,26,1,37,0.038461538461538464,0.02702702702702703,1,1,unigrama_conservado_en_csv_completo,,requisitos
Informática,resguardar,0.493040011280117,1,26,1,37,0.038461538461538464,0.02702702702702703,1,1,unigrama_conservado_en_csv_completo,,resguardar
Informática,resilientes,0.493040011280117,1,26,1,37,0.038461538461538464,0.02702702702702703,1,1,unigrama_conservado_en_csv_completo,,resilientes
Informática,resolucion,1.341036917835067,4,26,2,37,0.15384615384615385,0.05405405405405406,4,4,unigrama_conservado_en_csv_completo,,resolución
Informática,resolucion de problemas complejos,-1.8288880836072454,0,26,2,37,0.0,0.05405405405405406,0,0,soporte_insuficiente_en_clase,,resolución de problemas complejos
Informática,resolver,-0.303426594634751,9,26,16,37,0.34615384615384615,0.43243243243243246,9,9,unigrama_conservado_en_csv_completo,,resolver
Informática,resolver diversas necesidades,-1.8288880836072454,0,26,2,37,0.0,0.05405405405405406,0,0,soporte_insuficiente_en_clase,,resolver diversas necesidades
Informática,resolver las diferencias,0.493040011280117,1,26,1,37,0.038461538461538464,0.02702702702702703,1,1,soporte_insuficiente_en_clase,,resolver las diferencias
Informática,resolver problemas,-0.24392558288608923,7,26,12,37,0.2692307692307692,0.32432432432432434,7,7,prevalencia_suavizada_no_superior_al_resto,,resolver problemas
Informática,resolver problemas complejos,-1.3814291066360243,1,26,5,37,0.038461538461538464,0.13513513513513514,1,1,soporte_insuficiente_en_clase,,resolver problemas complejos
Informática,resolver problemas complejos mediante,-1.8288880836072454,0,26,2,37,0.0,0.05405405405405406,0,0,soporte_insuficiente_en_clase,,resolver problemas complejos mediante
Informática,resolver problemas con enfasis,0.493040011280117,1,26,1,37,0.038461538461538464,0.02702702702702703,1,1,soporte_insuficiente_en_clase,,resolver problemas con énfasis
Informática,resolviendo,0.493040011280117,1,26,1,37,0.038461538461538464,0.02702702702702703,1,1,unigrama_conservado_en_csv_completo,,resolviendo
Informática,respetando,-1.0919224894410393,1,26,4,37,0.038461538461538464,0.10810810810810811,1,1,unigrama_conservado_en_csv_completo,,respetando
Informática,respetando la diversidad,-0.24392558288608923,1,26,2,37,0.038461538461538464,0.05405405405405406,1,1,soporte_insuficiente_en_clase,,respetando la diversidad
Informática,respeto,0.9784668384503586,3,26,2,37,0.11538461538461539,0.05405405405405406,3,3,unigrama_conservado_en_csv_completo,,respeto
Informática,respondan,2.814968106167479,2,26,0,37,0.07692307692307693,0.0,2,2,unigrama_conservado_en_csv_completo,,respondan
Informática,responden,-1.8288880836072454,0,26,2,37,0.0,0.05405405405405406,0,0,unigrama_conservado_en_csv_completo,,responden
Informática,responder,1.2300056054463233,2,26,1,37,0.07692307692307693,0.02702702702702703,2,2,unigrama_conservado_en_csv_completo,,responder
Informática,respondiendo,0.493040011280117,1,26,1,37,0.038461538461538464,0.02702702702702703,1,1,unigrama_conservado_en_csv_completo,,respondiendo
Informática,responsabilidad,-0.45805038823893657,7,26,14,37,0.2692307692307692,0.3783783783783784,7,7,unigrama_conservado_en_csv_completo,,responsabilidad
Informática,responsabilidad social,-0.5710903261395986,5,26,11,37,0.19230769230769232,0.2972972972972973,5,5,prevalencia_suavizada_no_superior_al_resto,,responsabilidad social
Informática,responsable,-0.885471611973613,2,26,6,37,0.07692307692307693,0.16216216216216217,2,2,unigrama_conservado_en_csv_completo,,responsable
Informática,respuesta,2.814968106167479,2,26,0,37,0.07692307692307693,0.0,2,2,unigrama_conservado_en_csv_completo,,respuesta
Informática,restricciones,0.493040011280117,1,26,1,37,0.038461538461538464,0.02702702702702703,1,1,unigrama_conservado_en_csv_completo,,restricciones
Informática,resultados,1.2300056054463233,2,26,1,37,0.07692307692307693,0.02702702702702703,2,2,unigrama_conservado_en_csv_completo,,resultados
Informática,revolucion,0.493040011280117,1,26,1,37,0.038461538461538464,0.02702702702702703,1,1,unigrama_conservado_en_csv_completo,,revolución
Informática,revolucion tecnologica,0.493040011280117,1,26,1,37,0.038461538461538464,0.02702702702702703,1,1,soporte_insuficiente_en_clase,,revolución tecnológica
Informática,riesgos,1.341036917835067,4,26,2,37,0.15384615384615385,0.05405405405405406,4,4,unigrama_conservado_en_csv_completo,,riesgos
Informática,rigurosa,0.493040011280117,1,26,1,37,0.038461538461538464,0.02702702702702703,1,1,unigrama_conservado_en_csv_completo,,rigurosa
Informática,rigurosa base,0.493040011280117,1,26,1,37,0.038461538461538464,0.02702702702702703,1,1,soporte_insuficiente_en_clase,,rigurosa base
Informática,robotica,0.493040011280117,1,26,1,37,0.038461538461538464,0.02702702702702703,1,1,unigrama_conservado_en_csv_completo,,robótica
Informática,rol,1.2300056054463233,2,26,1,37,0.07692307692307693,0.02702702702702703,2,2,unigrama_conservado_en_csv_completo,,rol
Informática,roles,2.814968106167479,2,26,0,37,0.07692307692307693,0.0,2,2,unigrama_conservado_en_csv_completo,,roles
Informática,saberes,2.814968106167479,2,26,0,37,0.07692307692307693,0.0,2,2,unigrama_conservado_en_csv_completo,,saberes
Informática,salud,0.493040011280117,1,26,1,37,0.038461538461538464,0.02702702702702703,1,1,unigrama_conservado_en_csv_completo,,salud
Informática,san,0.493040011280117,1,26,1,37,0.038461538461538464,0.02702702702702703,1,1,unigrama_conservado_en_csv_completo,,san
Informática,santa,0.493040011280117,1,26,1,37,0.038461538461538464,0.02702702702702703,1,1,unigrama_conservado_en_csv_completo,,santa
Informática,santa maria,0.493040011280117,1,26,1,37,0.038461538461538464,0.02702702702702703,1,1,soporte_insuficiente_en_clase,,santa maría
Informática,santisima,-2.314314910777487,0,26,3,37,0.0,0.08108108108108109,0,0,unigrama_conservado_en_csv_completo,,santísima
Informática,santo,2.814968106167479,2,26,0,37,0.07692307692307693,0.0,2,2,unigrama_conservado_en_csv_completo,,santo
Informática,satisfacer,-0.24392558288608923,1,26,2,37,0.038461538461538464,0.05405405405405406,1,1,unigrama_conservado_en_csv_completo,,satisfacer
Informática,satisfacer las necesidades,-1.8288880836072454,0,26,2,37,0.0,0.05405405405405406,0,0,soporte_insuficiente_en_clase,,satisfacer las necesidades
Informática,satisfacer los requerimientos,0.493040011280117,1,26,1,37,0.038461538461538464,0.02702702702702703,1,1,soporte_insuficiente_en_clase,,satisfacer los requerimientos
Informática,sea,1.2300056054463233,2,26,1,37,0.07692307692307693,0.02702702702702703,2,2,unigrama_conservado_en_csv_completo,,sea
Informática,sebastian,2.814968106167479,2,26,0,37,0.07692307692307693,0.0,2,2,unigrama_conservado_en_csv_completo,,sebastián
Informática,sector,0.8556100906648252,4,26,3,37,0.15384615384615385,0.08108108108108109,4,4,unigrama_conservado_en_csv_completo,,sector
Informática,sede,-0.24392558288608923,1,26,2,37,0.038461538461538464,0.05405405405405406,1,1,unigrama_conservado_en_csv_completo,,sede
Informática,segun,2.3675091291962578,5,26,1,37,0.19230769230769232,0.02702702702702703,5,5,unigrama_conservado_en_csv_completo,,según
Informática,segundo,-1.8288880836072454,0,26,2,37,0.0,0.05405405405405406,0,0,unigrama_conservado_en_csv_completo,,segundo
Informática,seguridad,0.9291391260867905,11,26,8,37,0.4230769230769231,0.21621621621621623,11,11,unigrama_conservado_en_csv_completo,,seguridad
Informática,sello distintivo,0.493040011280117,1,26,1,37,0.038461538461538464,0.02702702702702703,1,1,soporte_insuficiente_en_clase,,sello distintivo
Informática,sello valorico,0.493040011280117,1,26,1,37,0.038461538461538464,0.02702702702702703,1,1,soporte_insuficiente_en_clase,,sello valórico
Informática,semestres,-0.729352410056331,1,26,3,37,0.038461538461538464,0.08108108108108109,1,1,unigrama_conservado_en_csv_completo,,semestres
Informática,sentido,0.7825466284751018,5,26,4,37,0.19230769230769232,0.10810810810810811,5,5,unigrama_conservado_en_csv_completo,,sentido
Informática,sentido amplio,0.493040011280117,1,26,1,37,0.038461538461538464,0.02702702702702703,1,1,soporte_insuficiente_en_clase,,sentido amplio
Informática,sentido amplio de responsabilidad,0.493040011280117,1,26,1,37,0.038461538461538464,0.02702702702702703,1,1,soporte_insuficiente_en_clase,,sentido amplio de responsabilidad
Informática,sentido de responsabilidad,-1.8288880836072454,0,26,2,37,0.0,0.05405405405405406,0,0,soporte_insuficiente_en_clase,,sentido de responsabilidad
Informática,sentido etico,0.493040011280117,1,26,1,37,0.038461538461538464,0.02702702702702703,1,1,soporte_insuficiente_en_clase,,sentido ético
Informática,serena,-1.8288880836072454,0,26,2,37,0.0,0.05405405405405406,0,0,unigrama_conservado_en_csv_completo,,serena
Informática,servicio,0.9784668384503586,3,26,2,37,0.11538461538461539,0.05405405405405406,3,3,unigrama_conservado_en_csv_completo,,servicio
Informática,servicios,0.7978945928085379,10,26,8,37,0.38461538461538464,0.21621621621621623,10,10,unigrama_conservado_en_csv_completo,,servicios
Informática,servicios asociados,0.493040011280117,1,26,1,37,0.038461538461538464,0.02702702702702703,1,1,soporte_insuficiente_en_clase,,servicios asociados
Informática,siempre,-1.8288880836072454,0,26,2,37,0.0,0.05405405405405406,0,0,unigrama_conservado_en_csv_completo,,siempre
Informática,siendo,-0.644463512469818,2,26,5,37,0.07692307692307693,0.13513513513513514,2,2,unigrama_conservado_en_csv_completo,,siendo
Informática,siendo capaz de aplicar,-1.8288880836072454,0,26,2,37,0.0,0.05405405405405406,0,0,soporte_insuficiente_en_clase,,siendo capaz de aplicar
Informática,siendo capaz de resolver,0.493040011280117,1,26,1,37,0.038461538461538464,0.02702702702702703,1,1,soporte_insuficiente_en_clase,,siendo capaz de resolver
Informática,siguiendo,0.493040011280117,1,26,1,37,0.038461538461538464,0.02702702702702703,1,1,unigrama_conservado_en_csv_completo,,siguiendo
Informática,siguiente,0.493040011280117,1,26,1,37,0.038461538461538464,0.02702702702702703,1,1,unigrama_conservado_en_csv_completo,,siguiente
Informática,siguiente perfil,0.493040011280117,1,26,1,37,0.038461538461538464,0.02702702702702703,1,1,soporte_insuficiente_en_clase,,siguiente perfil
Informática,sintesis,2.814968106167479,2,26,0,37,0.07692307692307693,0.0,2,2,unigrama_conservado_en_csv_completo,,síntesis
Informática,sistemas,0.030068034937571386,18,26,25,37,0.6923076923076923,0.6756756756756757,18,18,unigrama_conservado_en_csv_completo,,sistemas
Informática,sistemas computacionales,-1.6224372061398191,1,26,6,37,0.038461538461538464,0.16216216216216217,1,1,soporte_insuficiente_en_clase,,sistemas computacionales
Informática,sistemas de redes,-0.24392558288608923,1,26,2,37,0.038461538461538464,0.05405405405405406,1,1,soporte_insuficiente_en_clase,,sistemas de redes
Informática,sistemas de software,-0.24392558288608923,1,26,2,37,0.038461538461538464,0.05405405405405406,1,1,soporte_insuficiente_en_clase,,sistemas de software
Informática,sistematica,-1.8288880836072454,0,26,2,37,0.0,0.05405405405405406,0,0,unigrama_conservado_en_csv_completo,,sistemática
Informática,sistematicamente,2.814968106167479,2,26,0,37,0.07692307692307693,0.0,2,2,unigrama_conservado_en_csv_completo,,sistemáticamente
Informática,sistematico,0.493040011280117,1,26,1,37,0.038461538461538464,0.02702702702702703,1,1,unigrama_conservado_en_csv_completo,,sistemático
Informática,sistemica,0.493040011280117,1,26,1,37,0.038461538461538464,0.02702702702702703,1,1,unigrama_conservado_en_csv_completo,,sistémica
Informática,situaciones,1.341036917835067,4,26,2,37,0.15384615384615385,0.05405405405405406,4,4,unigrama_conservado_en_csv_completo,,situaciones
Informática,social,-0.4000447848033713,10,26,19,37,0.38461538461538464,0.5135135135135135,10,10,unigrama_conservado_en_csv_completo,,social
Informática,sociales,0.8556100906648252,4,26,3,37,0.15384615384615385,0.08108108108108109,4,4,unigrama_conservado_en_csv_completo,,sociales
Informática,socialmente,-1.8288880836072454,0,26,2,37,0.0,0.05405405405405406,0,0,unigrama_conservado_en_csv_completo,,socialmente
Informática,socialmente responsable,-1.8288880836072454,0,26,2,37,0.0,0.05405405405405406,0,0,soporte_insuficiente_en_clase,,socialmente responsable
Informática,sociedad,-0.4244978285279103,4,26,8,37,0.15384615384615385,0.21621621621621623,4,4,unigrama_conservado_en_csv_completo,,sociedad
Informática,software,-0.0772757134766377,16,26,24,37,0.6153846153846154,0.6486486486486487,16,16,unigrama_conservado_en_csv_completo,,software
Informática,software innovadoras,0.493040011280117,1,26,1,37,0.038461538461538464,0.02702702702702703,1,1,soporte_insuficiente_en_clase,,software innovadoras
Informática,solidos,-0.3549568952748331,2,26,4,37,0.07692307692307693,0.10810810810810811,2,2,unigrama_conservado_en_csv_completo,,sólidos
Informática,solucion,0.9784668384503586,3,26,2,37,0.11538461538461539,0.05405405405405406,3,3,unigrama_conservado_en_csv_completo,,solución
Informática,solucionar,-1.8288880836072454,0,26,2,37,0.0,0.05405405405405406,0,0,unigrama_conservado_en_csv_completo,,solucionar
Informática,solucionar problemas,-1.8288880836072454,0,26,2,37,0.0,0.05405405405405406,0,0,soporte_insuficiente_en_clase,,solucionar problemas
Informática,soluciones,0.08778353279385855,18,26,24,37,0.6923076923076923,0.6486486486486487,18,18,unigrama_conservado_en_csv_completo,,soluciones
Informática,soluciones computacionales,-2.9663916073571803,0,26,5,37,0.0,0.13513513513513514,0,0,soporte_insuficiente_en_clase,,soluciones computacionales
Informática,soluciones consideran,0.493040011280117,1,26,1,37,0.038461538461538464,0.02702702702702703,1,1,soporte_insuficiente_en_clase,,soluciones consideran
Informática,soluciones consideran las arquitecturas,0.493040011280117,1,26,1,37,0.038461538461538464,0.02702702702702703,1,1,soporte_insuficiente_en_clase,,soluciones consideran las arquitecturas
Informática,soluciones creativas,-1.8288880836072454,0,26,2,37,0.0,0.05405405405405406,0,0,soporte_insuficiente_en_clase,,soluciones creativas
Informática,soluciones de software innovadoras,0.493040011280117,1,26,1,37,0.038461538461538464,0.02702702702702703,1,1,soporte_insuficiente_en_clase,,soluciones de software innovadoras
Informática,soluciones eficientes de software,0.493040011280117,1,26,1,37,0.038461538461538464,0.02702702702702703,1,1,soporte_insuficiente_en_clase,,soluciones eficientes de software
Informática,soluciones tic requeridas,0.493040011280117,1,26,1,37,0.038461538461538464,0.02702702702702703,1,1,soporte_insuficiente_en_clase,,soluciones tic requeridas
Informática,soporte,1.2300056054463233,2,26,1,37,0.07692307692307693,0.02702702702702703,2,2,unigrama_conservado_en_csv_completo,,soporte
Informática,sostenibilidad,0.493040011280117,2,26,2,37,0.07692307692307693,0.05405405405405406,2,2,unigrama_conservado_en_csv_completo,,sostenibilidad
Informática,sostenible,-1.2724947350828604,2,26,8,37,0.07692307692307693,0.21621621621621623,2,2,unigrama_conservado_en_csv_completo,,sostenible
Informática,sostenibles,-2.314314910777487,0,26,3,37,0.0,0.08108108108108109,0,0,unigrama_conservado_en_csv_completo,,sostenibles
Informática,surgen,0.493040011280117,1,26,1,37,0.038461538461538464,0.02702702702702703,1,1,unigrama_conservado_en_csv_completo,,surgen
Informática,sustentabilidad,1.2300056054463233,2,26,1,37,0.07692307692307693,0.02702702702702703,2,2,unigrama_conservado_en_csv_completo,,sustentabilidad
Informática,sustentable,0.9784668384503586,3,26,2,37,0.11538461538461539,0.05405405405405406,3,3,unigrama_conservado_en_csv_completo,,sustentable
Informática,tales,-0.729352410056331,1,26,3,37,0.038461538461538464,0.08108108108108109,1,1,unigrama_conservado_en_csv_completo,,tales
Informática,tareas,2.814968106167479,2,26,0,37,0.07692307692307693,0.0,2,2,unigrama_conservado_en_csv_completo,,tareas
Informática,tecnica,0.493040011280117,2,26,2,37,0.07692307692307693,0.05405405405405406,2,2,unigrama_conservado_en_csv_completo,,técnica
Informática,tecnica federico,0.493040011280117,1,26,1,37,0.038461538461538464,0.02702702702702703,1,1,soporte_insuficiente_en_clase,,técnica federico
Informática,tecnica federico santa,0.493040011280117,1,26,1,37,0.038461538461538464,0.02702702702702703,1,1,soporte_insuficiente_en_clase,,técnica federico santa
Informática,tecnica federico santa maria,0.493040011280117,1,26,1,37,0.038461538461538464,0.02702702702702703,1,1,soporte_insuficiente_en_clase,,técnica federico santa maría
Informática,tecnicas,-0.15903668529957632,3,26,5,37,0.11538461538461539,0.13513513513513514,3,3,unigrama_conservado_en_csv_completo,,técnicas
Informática,tecnico,-0.729352410056331,1,26,3,37,0.038461538461538464,0.08108108108108109,1,1,unigrama_conservado_en_csv_completo,,técnico
Informática,tecnicos,1.6305435350300517,5,26,2,37,0.19230769230769232,0.05405405405405406,5,5,unigrama_conservado_en_csv_completo,,técnicos
Informática,tecnologia,0.49304001128011676,5,26,5,37,0.19230769230769232,0.13513513513513514,5,5,unigrama_conservado_en_csv_completo,,tecnología
Informática,tecnologia de informacion,0.493040011280117,1,26,1,37,0.038461538461538464,0.02702702702702703,1,1,soporte_insuficiente_en_clase,,tecnología de información
Informática,tecnologias,-0.05444778402237646,19,26,28,37,0.7307692307692307,0.7567567567567568,19,19,unigrama_conservado_en_csv_completo,,tecnologías
Informática,tecnologias de informacion,-0.13499121133292535,5,26,8,37,0.19230769230769232,0.21621621621621623,5,5,prevalencia_suavizada_no_superior_al_resto,,tecnologías de información
Informática,tecnologias digitales,-1.8288880836072454,0,26,2,37,0.0,0.05405405405405406,0,0,soporte_insuficiente_en_clase,,tecnologías digitales
Informática,tecnologias relacionadas,0.493040011280117,1,26,1,37,0.038461538461538464,0.02702702702702703,1,1,soporte_insuficiente_en_clase,,tecnologías relacionadas
Informática,tecnologica,0.007613184109875269,7,26,10,37,0.2692307692307692,0.2702702702702703,7,7,unigrama_conservado_en_csv_completo,,tecnológica
Informática,tecnologica metropolitana,0.493040011280117,1,26,1,37,0.038461538461538464,0.02702702702702703,1,1,soporte_insuficiente_en_clase,,tecnológica metropolitana
Informática,tecnologicas,0.7978945928085379,10,26,8,37,0.38461538461538464,0.21621621621621623,10,10,unigrama_conservado_en_csv_completo,,tecnológicas
Informática,tecnologico,-2.0094603292490665,1,26,8,37,0.038461538461538464,0.21621621621621623,1,1,unigrama_conservado_en_csv_completo,,tecnológico
Informática,tecnologicos,1.4364564829137494,12,26,6,37,0.46153846153846156,0.16216216216216217,12,12,unigrama_conservado_en_csv_completo,,tecnológicos
Informática,telecomunicaciones,-0.3549568952748331,2,26,4,37,0.07692307692307693,0.10810810810810811,2,2,unigrama_conservado_en_csv_completo,,telecomunicaciones
Informática,teorica,-1.8288880836072454,0,26,2,37,0.0,0.05405405405405406,0,0,unigrama_conservado_en_csv_completo,,teórica
Informática,teoricos,-0.24392558288608923,1,26,2,37,0.038461538461538464,0.05405405405405406,1,1,unigrama_conservado_en_csv_completo,,teóricos
Informática,termino,-1.8288880836072454,0,26,2,37,0.0,0.05405405405405406,0,0,unigrama_conservado_en_csv_completo,,término
Informática,ti,0.7825466284751018,5,26,4,37,0.19230769230769232,0.10810810810810811,5,5,unigrama_conservado_en_csv_completo,,ti
Informática,ti junto,0.493040011280117,1,26,1,37,0.038461538461538464,0.02702702702702703,1,1,soporte_insuficiente_en_clase,,ti junto
Informática,tic,0.493040011280117,4,26,4,37,0.15384615384615385,0.10810810810810811,4,4,unigrama_conservado_en_csv_completo,,tic
Informática,tic requeridas,0.493040011280117,1,26,1,37,0.038461538461538464,0.02702702702702703,1,1,soporte_insuficiente_en_clase,,tic requeridas
Informática,tiempo,0.493040011280117,2,26,2,37,0.07692307692307693,0.05405405405405406,2,2,unigrama_conservado_en_csv_completo,,tiempo
Informática,tipo,0.493040011280117,2,26,2,37,0.07692307692307693,0.05405405405405406,2,2,unigrama_conservado_en_csv_completo,,tipo
Informática,tipo de organizacion,0.493040011280117,1,26,1,37,0.038461538461538464,0.02702702702702703,1,1,soporte_insuficiente_en_clase,,tipo de organización
Informática,titulada,0.493040011280117,1,26,1,37,0.038461538461538464,0.02702702702702703,1,1,unigrama_conservado_en_csv_completo,,titulada
Informática,titulo,-1.0919224894410393,1,26,4,37,0.038461538461538464,0.10810810810810811,1,1,unigrama_conservado_en_csv_completo,,título
Informática,titulo profesional,-0.729352410056331,1,26,3,37,0.038461538461538464,0.08108108108108109,1,1,soporte_insuficiente_en_clase,,título profesional
Informática,toma,0.6994908887475433,7,26,6,37,0.2692307692307692,0.16216216216216217,7,7,unigrama_conservado_en_csv_completo,,toma
Informática,tomando,1.2300056054463233,2,26,1,37,0.07692307692307693,0.02702702702702703,2,2,unigrama_conservado_en_csv_completo,,tomando
Informática,tomar,1.2300056054463233,2,26,1,37,0.07692307692307693,0.02702702702702703,2,2,unigrama_conservado_en_csv_completo,,tomar
Informática,tomas,2.814968106167479,2,26,0,37,0.07692307692307693,0.0,2,2,unigrama_conservado_en_csv_completo,,tomas
Informática,trabaja,1.2300056054463233,2,26,1,37,0.07692307692307693,0.02702702702702703,2,2,unigrama_conservado_en_csv_completo,,trabaja
Informática,trabaja colaborativamente,0.493040011280117,1,26,1,37,0.038461538461538464,0.02702702702702703,1,1,soporte_insuficiente_en_clase,,trabaja colaborativamente
Informática,trabajar,1.2300056054463233,7,26,4,37,0.2692307692307692,0.10810810810810811,7,7,unigrama_conservado_en_csv_completo,,trabajar
Informática,trabajar colaborativamente en equipos,0.493040011280117,1,26,1,37,0.038461538461538464,0.02702702702702703,1,1,soporte_insuficiente_en_clase,,trabajar colaborativamente en equipos
Informática,trabajar en equipo,0.493040011280117,1,26,1,37,0.038461538461538464,0.02702702702702703,1,1,soporte_insuficiente_en_clase,,trabajar en equipo
Informática,trabajar en equipos multidisciplinarios,-0.24392558288608923,1,26,2,37,0.038461538461538464,0.05405405405405406,1,1,soporte_insuficiente_en_clase,,trabajar en equipos multidisciplinarios
Informática,trabajo,0.11864449649861893,13,26,17,37,0.5,0.4594594594594595,13,13,unigrama_conservado_en_csv_completo,,trabajo
Informática,trabajo en equipo,-0.3549568952748331,2,26,4,37,0.07692307692307693,0.10810810810810811,2,2,prevalencia_suavizada_no_superior_al_resto,,trabajo en equipo
Informática,trabajo en equipos,-0.24392558288608923,1,26,2,37,0.038461538461538464,0.05405405405405406,1,1,soporte_insuficiente_en_clase,,trabajo en equipos
Informática,trabajo en equipos multidisciplinarios,-1.8288880836072454,0,26,2,37,0.0,0.05405405405405406,0,0,soporte_insuficiente_en_clase,,trabajo en equipos multidisciplinarios
Informática,transferencia,-0.24392558288608923,1,26,2,37,0.038461538461538464,0.05405405405405406,1,1,unigrama_conservado_en_csv_completo,,transferencia
Informática,transformacion,1.0405278065826102,9,26,6,37,0.34615384615384615,0.16216216216216217,9,9,unigrama_conservado_en_csv_completo,,transformación
Informática,trascendente,2.814968106167479,2,26,0,37,0.07692307692307693,0.0,2,2,unigrama_conservado_en_csv_completo,,trascendente
Informática,traves,0.6535046834733631,9,26,8,37,0.34615384615384615,0.21621621621621623,9,9,unigrama_conservado_en_csv_completo,,través
Informática,trayectoria,0.493040011280117,2,26,2,37,0.07692307692307693,0.05405405405405406,2,2,unigrama_conservado_en_csv_completo,,trayectoria
Informática,trayectoria formativa,0.493040011280117,1,26,1,37,0.038461538461538464,0.02702702702702703,1,1,soporte_insuficiente_en_clase,,trayectoria formativa
Informática,ucn,0.493040011280117,1,26,1,37,0.038461538461538464,0.02702702702702703,1,1,unigrama_conservado_en_csv_completo,,ucn
Informática,ucn posee competencias,0.493040011280117,1,26,1,37,0.038461538461538464,0.02702702702702703,1,1,soporte_insuficiente_en_clase,,ucn posee competencias
Informática,ucn posee competencias genericas,0.493040011280117,1,26,1,37,0.038461538461538464,0.02702702702702703,1,1,soporte_insuficiente_en_clase,,ucn posee competencias genéricas
Informática,ultimo,-1.8288880836072454,0,26,2,37,0.0,0.05405405405405406,0,0,unigrama_conservado_en_csv_completo,,último
Informática,universitario,0.493040011280117,1,26,1,37,0.038461538461538464,0.02702702702702703,1,1,unigrama_conservado_en_csv_completo,,universitario
Informática,uso,0.6736122569219377,8,26,7,37,0.3076923076923077,0.1891891891891892,8,8,unigrama_conservado_en_csv_completo,,uso
Informática,uso avanzado,-1.8288880836072454,0,26,2,37,0.0,0.05405405405405406,0,0,soporte_insuficiente_en_clase,,uso avanzado
Informática,uso de recursos,0.493040011280117,1,26,1,37,0.038461538461538464,0.02702702702702703,1,1,soporte_insuficiente_en_clase,,uso de recursos
Informática,usuario,3.300394933337721,3,26,0,37,0.11538461538461539,0.0,3,3,unigrama_conservado_en_csv_completo,,usuario
Informática,usuarios,0.493040011280117,2,26,2,37,0.07692307692307693,0.05405405405405406,2,2,unigrama_conservado_en_csv_completo,,usuarios
Informática,utiliza,1.2300056054463233,2,26,1,37,0.07692307692307693,0.02702702702702703,2,2,unigrama_conservado_en_csv_completo,,utiliza
Informática,utiliza tecnicas,0.493040011280117,1,26,1,37,0.038461538461538464,0.02702702702702703,1,1,soporte_insuficiente_en_clase,,utiliza técnicas
Informática,utilizacion,2.814968106167479,2,26,0,37,0.07692307692307693,0.0,2,2,unigrama_conservado_en_csv_completo,,utilización
Informática,utilizando,1.3861248073636052,6,26,3,37,0.23076923076923078,0.08108108108108109,6,6,unigrama_conservado_en_csv_completo,,utilizando
Informática,valiosa,0.493040011280117,1,26,1,37,0.038461538461538464,0.02702702702702703,1,1,unigrama_conservado_en_csv_completo,,valiosa
Informática,valor,0.9404989882513382,7,26,5,37,0.2692307692307692,0.13513513513513514,7,7,unigrama_conservado_en_csv_completo,,valor
Informática,valor estrategico,-1.8288880836072454,0,26,2,37,0.0,0.05405405405405406,0,0,soporte_insuficiente_en_clase,,valor estratégico
Informática,valores,-2.676884990162195,0,26,4,37,0.0,0.10810810810810811,0,0,unigrama_conservado_en_csv_completo,,valores
Informática,valores eticos,-1.8288880836072454,0,26,2,37,0.0,0.05405405405405406,0,0,soporte_insuficiente_en_clase,,valores éticos
Informática,valorica,0.493040011280117,1,26,1,37,0.038461538461538464,0.02702702702702703,1,1,unigrama_conservado_en_csv_completo,,valórica
Informática,valorico,0.493040011280117,1,26,1,37,0.038461538461538464,0.02702702702702703,1,1,unigrama_conservado_en_csv_completo,,valórico
Informática,vanguardia,1.7154324326165649,3,26,1,37,0.11538461538461539,0.02702702702702703,3,3,unigrama_conservado_en_csv_completo,,vanguardia
Informática,ver,-0.24392558288608923,1,26,2,37,0.038461538461538464,0.05405405405405406,1,1,unigrama_conservado_en_csv_completo,,ver
Informática,vez,0.493040011280117,1,26,1,37,0.038461538461538464,0.02702702702702703,1,1,unigrama_conservado_en_csv_completo,,vez
Informática,vida,0.13046993189540856,3,26,4,37,0.11538461538461539,0.10810810810810811,3,3,unigrama_conservado_en_csv_completo,,vida
Informática,vigente,0.9784668384503586,3,26,2,37,0.11538461538461539,0.05405405405405406,3,3,unigrama_conservado_en_csv_completo,,vigente
Informática,vigentes,0.493040011280117,1,26,1,37,0.038461538461538464,0.02702702702702703,1,1,unigrama_conservado_en_csv_completo,,vigentes
Informática,vinculacion,0.493040011280117,1,26,1,37,0.038461538461538464,0.02702702702702703,1,1,unigrama_conservado_en_csv_completo,,vinculación
Informática,vinculados,0.493040011280117,1,26,1,37,0.038461538461538464,0.02702702702702703,1,1,unigrama_conservado_en_csv_completo,,vinculados
Informática,vision,-0.03747470541866304,4,26,6,37,0.15384615384615385,0.16216216216216217,4,4,unigrama_conservado_en_csv_completo,,visión
Informática,vision integral,-1.8288880836072454,0,26,2,37,0.0,0.05405405405405406,0,0,soporte_insuficiente_en_clase,,visión integral
Informática,visualizacion,2.814968106167479,2,26,0,37,0.07692307692307693,0.0,2,2,unigrama_conservado_en_csv_completo,,visualización
Informática,volumenes,-0.729352410056331,1,26,3,37,0.038461538461538464,0.08108108108108109,1,1,unigrama_conservado_en_csv_completo,,volúmenes
Informática,volumenes de datos,-0.24392558288608923,1,26,2,37,0.038461538461538464,0.05405405405405406,1,1,soporte_insuficiente_en_clase,,volúmenes de datos
Informática,web,0.493040011280117,1,26,1,37,0.038461538461538464,0.02702702702702703,1,1,unigrama_conservado_en_csv_completo,,web
Informática,uso de herramientas,2.814968106167479,2,26,0,37,0.07692307692307693,0.0,2,2,subexpresion_mismo_soporte,uso de herramientas tecnologicas,uso de herramientas
Informática,egreso competencias,2.814968106167479,2,26,0,37,0.07692307692307693,0.0,2,2,subexpresion_mismo_soporte,perfil de egreso competencias,egreso competencias
Informática,legal vigente,1.2300056054463233,2,26,1,37,0.07692307692307693,0.02702702702702703,2,2,subexpresion_mismo_soporte,normativa legal vigente,legal vigente
Informática,normativa legal,1.2300056054463233,2,26,1,37,0.07692307692307693,0.02702702702702703,2,2,subexpresion_mismo_soporte,normativa legal vigente,normativa legal
Informática,tecnologicas innovadoras,2.814968106167479,2,26,0,37,0.07692307692307693,0.0,2,2,subexpresion_mismo_soporte,soluciones tecnologicas innovadoras,tecnológicas innovadoras
Informática,trabajo interdisciplinarios,1.2300056054463233,2,26,1,37,0.07692307692307693,0.02702702702702703,2,2,subexpresion_mismo_soporte,equipos de trabajo interdisciplinarios,trabajo interdisciplinarios
Informática,trabajo multidisciplinarios,0.493040011280117,2,26,2,37,0.07692307692307693,0.05405405405405406,2,2,subexpresion_mismo_soporte,equipos de trabajo multidisciplinarios,trabajo multidisciplinarios
