termino,motivo_exclusion,documentos
a,segmento_con_indicios_de_menu,1
a,segmento_de_identidad_institucional,3
a,stopword_o_unigrama_corto,57
a a,extremo_funcional,1
a a contribuir,extremo_funcional,1
a a contribuir al,extremo_funcional,1
a ambitos,extremo_vago_declarado,1
a ambitos de,extremo_funcional,1
a ambitos de negocios,extremo_funcional,1
a analista,extremo_funcional,1
a buenas,extremo_funcional,1
a buenas practicas,extremo_funcional,1
a buenas practicas y,extremo_funcional,1
a cada,extremo_funcional,1
a cada contexto,extremo_funcional,1
a chinquihue,extremo_funcional,1
a chinquihue km,fragmento_corto_no_reconocido,1
a civil,extremo_funcional,10
a civil en,extremo_funcional,8
a civil en computacion,extremo_funcional,5
a civil en informatica,extremo_funcional,3
a civil informatico,extremo_funcional,3
a civil informatico de,extremo_funcional,1
a como,extremo_funcional,1
a como observar,extremo_funcional,1
a completar,extremo_funcional,1
a completar una,extremo_funcional,1
a completar una formacion,extremo_funcional,1
a con,extremo_funcional,3
a con,segmento_de_identidad_institucional,1
a con el,extremo_funcional,3
a con el,segmento_de_identidad_institucional,1
a con el desarrollo,extremo_funcional,2
a con el respeto,extremo_funcional,1
a con el respeto,segmento_de_identidad_institucional,1
a construir,extremo_funcional,1
a construir nuevos,extremo_funcional,1
a construir nuevos modelos,extremo_funcional,1
a contribuir,extremo_funcional,1
a contribuir al,extremo_funcional,1
a contribuir al desarrollo,extremo_funcional,1
a de,extremo_funcional,15
a de calidad,extremo_funcional,1
a de calidad o,extremo_funcional,1
a de desarrollo,extremo_funcional,1
a de ejecucion,extremo_funcional,4
a de ejecucion en,extremo_funcional,4
a de esta,extremo_funcional,1
a de esta carrera,identidad_institucional_declarada,1
a de ingenieria,extremo_funcional,4
a de ingenieria civil,extremo_funcional,2
a de ingenieria ejecucion,extremo_funcional,1
a de ingenieria en,extremo_funcional,1
a de la,extremo_funcional,7
a de la carrera,identidad_institucional_declarada,2
a de la ucsc,extremo_funcional,1
a de la universidad,extremo_funcional,4
a de proyectos,extremo_funcional,1
a del,extremo_funcional,2
a del instituto,extremo_funcional,2
a del instituto tecnologico,extremo_funcional,2
a demandas,extremo_funcional,1
a demandas del,extremo_funcional,1
a demandas del escenario,extremo_funcional,1
a desarrollar,extremo_funcional,1
a desarrollar soluciones,extremo_funcional,1
a desarrollar soluciones tic,extremo_funcional,1
a desarrollarse,extremo_funcional,1
a desarrollarse en,extremo_funcional,1
a desarrollarse en distintas,extremo_funcional,1
a disposicion,extremo_funcional,1
a disposicion sus,extremo_funcional,1
a disposicion sus conocimientos,extremo_vago_declarado,1
a distintos,extremo_funcional,1
a distintos ambientes,extremo_funcional,1
a distintos ambientes laborales,extremo_funcional,1
a diversas,extremo_vago_declarado,2
a diversas problematicas,extremo_funcional,2
a diversas problematicas asociadas,extremo_funcional,1
a diversas problematicas de,extremo_funcional,2
a diversos,extremo_vago_declarado,1
a diversos problemas,extremo_funcional,1
a diversos problemas organizacionales,extremo_funcional,1
a docentes,extremo_funcional,1
a docentes de,extremo_funcional,1
a docentes de alto,extremo_vago_declarado,1
a ejecucion,extremo_funcional,1
a ejecucion en,extremo_funcional,1
a ejecucion en computacion,extremo_funcional,1
a empresas,extremo_funcional,2
a empresas productivas,extremo_funcional,1
a empresas productivas y,extremo_funcional,1
a empresas proveedoras,extremo_funcional,1
a empresas proveedoras de,extremo_funcional,1
a en,extremo_funcional,7
a en computacion,extremo_funcional,1
a en computacion e,extremo_funcional,1
a en el,extremo_funcional,2
a en el ambito,extremo_vago_declarado,2
a en informatica,extremo_funcional,4
a en informatica de,extremo_funcional,2
a en informatica empresarial,extremo_funcional,1
a en informatica y,extremo_funcional,1
a en los,extremo_funcional,1
a en los ambitos,extremo_vago_declarado,1
a enfrentar,extremo_funcional,1
a enfrentar desafios,extremo_funcional,1
a enfrentar desafios en,extremo_funcional,1
a entornos,extremo_funcional,1
a entornos profesionales,extremo_funcional,1
a entornos profesionales en,extremo_funcional,1
a equipos,extremo_funcional,2
a equipos de,extremo_funcional,2
a equipos de trabajo,extremo_funcional,2
a es,extremo_funcional,2
a es capaz,extremo_funcional,2
a es capaz de,extremo_funcional,2
a escenarios,extremo_funcional,2
a escenarios de,extremo_funcional,1
a escenarios de rapida,extremo_funcional,1
a escenarios laborales,extremo_funcional,1
a escenarios laborales complejos,extremo_funcional,1
a estandares,extremo_funcional,2
a estandares nacionales,extremo_funcional,1
a estandares nacionales e,extremo_funcional,1
a este,extremo_funcional,1
a este o,extremo_funcional,1
a este o esta,extremo_funcional,1
a estudiar,extremo_funcional,1
a estudiar a,extremo_funcional,1
a estudiar a una,extremo_funcional,1
a fin,extremo_funcional,1
a fin de,extremo_funcional,1
a fin de aportar,extremo_funcional,1
a forjar,extremo_funcional,1
a forjar una,extremo_funcional,1
a forjar una cultura,extremo_funcional,1
a identificar,extremo_funcional,1
a identificar y,extremo_funcional,1
a identificar y abordar,extremo_funcional,1
a incidentes,extremo_funcional,1
a ingeniero,extremo_funcional,1
a integrar,extremo_funcional,1
a integrar las,extremo_funcional,1
a integrar las tecnologias,extremo_funcional,1
a la,extremo_funcional,26
a la,segmento_con_indicios_de_menu,1
a la capacidad,extremo_funcional,2
a la capacidad de,extremo_funcional,1
a la capacidad teorica,extremo_funcional,1
a la ciberseguridad,extremo_funcional,1
a la construccion,extremo_funcional,1
a la construccion de,extremo_funcional,1
a la continuidad,extremo_funcional,1
a la continuidad operacional,extremo_funcional,1
a la dinamica,extremo_funcional,1
a la dinamica que,extremo_funcional,1
a la diversidad,extremo_funcional,1
a la diversidad y,extremo_funcional,1
a la estrategia,extremo_funcional,1
a la estrategia de,extremo_funcional,1
a la evolucion,extremo_funcional,2
a la evolucion constante,extremo_funcional,1
a la evolucion permanente,extremo_funcional,1
a la fiscalia,extremo_funcional,1
a la fiscalia metropolitana,extremo_funcional,1
a la formacion,extremo_funcional,1
a la formacion de,extremo_funcional,1
a la gestion,extremo_funcional,1
a la gestion y,extremo_funcional,1
a la inclusion,extremo_funcional,1
a la industria,extremo_funcional,1
a la informacion,extremo_funcional,2
a la informacion que,extremo_funcional,2
a la innovacion,extremo_funcional,3
a la innovacion tecnologica,extremo_funcional,2
a la innovacion y,extremo_funcional,1
a la labor,extremo_funcional,1
a la labor ingenieril,extremo_funcional,1
a la mejora,extremo_funcional,2
a la mejora de,extremo_funcional,2
a la nueva,extremo_funcional,1
a la nueva forma,extremo_funcional,1
a la planificacion,extremo_funcional,2
a la practica,extremo_funcional,1
a la realidad,extremo_funcional,1
a la realidad nacional,extremo_funcional,1
a la sociedad,extremo_funcional,2
a la sociedad con,extremo_funcional,1
a la toma,extremo_vago_declarado,2
a la toma de,extremo_funcional,2
a la transformacion,extremo_funcional,3
a la transformacion digital,extremo_funcional,2
a la universidad,extremo_funcional,1
a la universidad,segmento_con_indicios_de_menu,1
a la universidad de,extremo_funcional,1
a la universidad de,segmento_con_indicios_de_menu,1
a la viabilidad,extremo_funcional,1
a la viabilidad y,extremo_funcional,1
a la vida,extremo_funcional,1
a la vida y,extremo_funcional,1
a las,extremo_funcional,16
a las ciencias,extremo_funcional,1
a las ciencias de,extremo_funcional,1
a las circunstancias,extremo_funcional,1
a las circunstancias cotidianas,extremo_funcional,1
a las competencias,extremo_funcional,2
a las competencias especificas,extremo_funcional,1
a las competencias tecnicas,extremo_funcional,1
a las definiciones,extremo_funcional,1
a las definiciones y,extremo_funcional,1
a las demandas,extremo_funcional,2
a las demandas del,extremo_funcional,2
a las exigencias,extremo_funcional,2
a las exigencias que,extremo_funcional,1
a las exigencias y,extremo_funcional,1
a las metodologias,extremo_funcional,1
a las metodologias de,extremo_funcional,1
a las necesidades,extremo_funcional,3
a las necesidades de,extremo_funcional,1
a las necesidades del,extremo_funcional,1
a las necesidades tecnologicas,extremo_funcional,1
a las oportunidades,extremo_funcional,1
a las oportunidades de,extremo_funcional,1
a las organizaciones,extremo_funcional,2
a las organizaciones en,extremo_funcional,1
a las organizaciones y,extremo_funcional,1
a las personas,extremo_funcional,1
a las personas y,extremo_funcional,1
a las tecnologias,extremo_funcional,2
a las tecnologias de,extremo_funcional,2
a las tendencias,extremo_funcional,1
a las tendencias del,extremo_funcional,1
a los,extremo_funcional,12
a los desafios,extremo_funcional,4
a los desafios de,extremo_funcional,2
a los desafios del,extremo_funcional,1
a los desafios tecnologicos,extremo_funcional,1
a los principios,extremo_funcional,2
a los principios humanistas,extremo_funcional,1
a los principios inherentes,extremo_funcional,1
a los problemas,extremo_funcional,1
a los problemas del,extremo_funcional,1
a los procesos,extremo_funcional,1
a los procesos de,extremo_funcional,1
a los requerimientos,extremo_funcional,5
a los requerimientos de,extremo_funcional,4
a los requerimientos del,extremo_funcional,1
a necesidades,extremo_funcional,2
a necesidades del,extremo_funcional,1
a necesidades del entorno,extremo_funcional,1
a necesidades emergentes,extremo_funcional,1
a necesidades emergentes del,extremo_funcional,1
a nivel,extremo_funcional,8
a nivel de,extremo_funcional,1
a nivel de rendimiento,extremo_funcional,1
a nivel individual,extremo_funcional,1
a nivel individual como,extremo_funcional,1
a nivel intermedio,extremo_funcional,1
a nivel local,extremo_funcional,1
a nivel local o,extremo_funcional,1
a nivel nacional,extremo_funcional,2
a nivel nacional como,extremo_funcional,1
a nivel nacional y,extremo_funcional,1
a nivel regional,extremo_funcional,1
a nivel regional como,extremo_funcional,1
a nivel tecnico,extremo_funcional,1
a nivel teorico,extremo_funcional,1
a para,extremo_funcional,5
a para analizar,extremo_funcional,1
a para analizar y,extremo_funcional,1
a para comprender,extremo_funcional,1
a para comprender la,extremo_funcional,1
a para disenar,extremo_funcional,1
a para el,extremo_funcional,2
a para el desarrollo,extremo_funcional,2
a para enfrentarse,extremo_funcional,1
a para enfrentarse a,extremo_funcional,1
a partir,extremo_funcional,3
a partir,segmento_de_identidad_institucional,3
a partir de,extremo_funcional,3
a partir de,segmento_de_identidad_institucional,3
a partir de ello,extremo_funcional,1
a partir de las,extremo_funcional,1
a partir de los,extremo_funcional,1
a partir de una,segmento_de_identidad_institucional,3
a partir del,extremo_funcional,1
a partir del levantamiento,extremo_funcional,1
a por,extremo_funcional,1
a por la,extremo_funcional,1
a por la propuesta,extremo_funcional,1
a primer,extremo_funcional,1
a primer ano,extremo_funcional,1
a principios,extremo_funcional,3
a principios democraticos,extremo_funcional,1
a principios eticos,extremo_funcional,2
a problemas,extremo_funcional,4
a problemas de,extremo_funcional,2
a problemas de gestion,extremo_funcional,1
a problemas de la,extremo_funcional,1
a problemas practicos,extremo_funcional,1
a problemas practicos de,extremo_funcional,1
a problemas reales,extremo_funcional,1
a problematicas,extremo_funcional,2
a problematicas contextualizadas,extremo_funcional,1
a problematicas contextualizadas de,extremo_funcional,1
a problematicas y,extremo_funcional,1
a problematicas y necesidades,extremo_funcional,1
a profesional,extremo_funcional,16
a profesional abarca,extremo_funcional,1
a profesional abarca desde,extremo_funcional,1
a profesional capacitado,extremo_funcional,1
a profesional capaz,extremo_funcional,1
a profesional capaz de,extremo_funcional,1
a profesional competente,extremo_funcional,2
a profesional competente con,extremo_funcional,1
a profesional competente para,extremo_funcional,1
a profesional comprometido,extremo_funcional,2
a profesional con,extremo_funcional,3
a profesional con competencias,extremo_funcional,1
a profesional con un,extremo_funcional,1
a profesional con una,extremo_funcional,1
a profesional critico,extremo_funcional,1
a profesional innovador,extremo_funcional,2
a profesional que,extremo_funcional,4
a profesional que concibe,extremo_funcional,1
a profesional que disena,extremo_funcional,1
a profesional que evidencia,extremo_funcional,1
a profesional que resuelve,extremo_funcional,1
a profesional se,extremo_funcional,2
a profesional se encuentra,extremo_funcional,2
a prueba,extremo_funcional,1
a prueba los,extremo_funcional,1
a prueba los conocimientos,extremo_vago_declarado,1
a reconocer,extremo_funcional,1
a reconocer y,extremo_funcional,1
a reconocer y resguardar,extremo_funcional,1
a se,extremo_funcional,1
a se desempena,extremo_funcional,1
a se desempena en,extremo_funcional,1
a situaciones,extremo_funcional,2
a situaciones emergentes,extremo_funcional,1
a situaciones reales,extremo_funcional,1
a situaciones reales que,extremo_funcional,1
a su,extremo_funcional,7
a su area,extremo_funcional,1
a su area de,extremo_funcional,1
a su base,extremo_funcional,1
a su base formativa,extremo_funcional,1
a su entorno,extremo_funcional,1
a su profesion,extremo_funcional,3
a su profesion y,extremo_funcional,1
a su vez,extremo_funcional,1
a sus,extremo_funcional,4
a sus clientes,extremo_funcional,1
a sus modelos,extremo_funcional,2
a sus modelos de,extremo_funcional,2
a sus respectivas,extremo_funcional,1
a sus respectivas especialidades,extremo_funcional,1
a sus servicios,extremo_funcional,2
a sus servicios asociados,extremo_funcional,2
a tecnologias,extremo_funcional,1
a tecnologias emergentes,extremo_funcional,1
a traves,extremo_funcional,17
a traves de,extremo_funcional,14
a traves de alianzas,extremo_funcional,1
a traves de distintos,extremo_funcional,1
a traves de la,extremo_funcional,4
a traves de las,extremo_funcional,2
a traves de metodologias,extremo_funcional,1
a traves de plan,extremo_funcional,1
a traves de practicas,extremo_funcional,1
a traves de proyectos,extremo_funcional,1
a traves de soluciones,extremo_funcional,1
a traves de un,extremo_funcional,1
a traves de una,extremo_funcional,2
a traves del,extremo_funcional,7
a traves del analisis,extremo_funcional,1
a traves del castellano,extremo_funcional,1
a traves del cultivo,extremo_funcional,1
a traves del desarrollo,extremo_funcional,1
a traves del diseno,extremo_funcional,1
a traves del idioma,extremo_funcional,1
a traves del levantamiento,extremo_funcional,1
a traves del uso,extremo_funcional,2
a tus,extremo_funcional,1
a tus necesidades,extremo_funcional,1
a un,extremo_funcional,3
a un alto,extremo_vago_declarado,1
a un alto desempeno,extremo_funcional,1
a un mundo,extremo_funcional,1
a un mundo mas,extremo_funcional,1
a un titulo,extremo_funcional,1
a un titulo profesional,extremo_funcional,1
a una,extremo_funcional,3
a una de,extremo_funcional,2
a una de las,extremo_funcional,2
a una formacion,extremo_funcional,1
a una formacion continua,extremo_funcional,1
a una solida,extremo_funcional,1
a una solida formacion,extremo_funcional,1
abanico de,extremo_funcional,1
abanico de oportunidades y,extremo_funcional,1
abarca desde,extremo_funcional,1
abarca desde ser,extremo_funcional,1
abarca desde ser parte,expresion_funcional,1
abarcando areas desde,extremo_funcional,1
abarcando areas desde estadistica,expresion_funcional,1
abarcando todo,extremo_funcional,1
abarcando todo el,extremo_funcional,1
abarcando todo el ciclo,expresion_funcional,1
abordar el,extremo_funcional,1
abordar estos,extremo_funcional,1
abordar estos proyectos,expresion_funcional,1
abordar estos proyectos colaborativa,expresion_funcional,1
abordar y,extremo_funcional,1
abordar y solucionar,expresion_funcional,1
abordar y solucionar problemas,expresion_funcional,1
abstraccion en,extremo_funcional,1
abstraccion en ciencias de,extremo_funcional,1
abstractos de,extremo_funcional,1
abstractos de una,extremo_funcional,1
abstractos de una situacion,expresion_funcional,1
academico de,extremo_funcional,2
academico de postgrado para,extremo_funcional,1
academico universitario y,extremo_funcional,1
academico universitario y en,extremo_funcional,1
academico y,extremo_funcional,2
academico y en,extremo_funcional,1
academico y en salas,expresion_funcional,1
academico y profesional,expresion_funcional,1
academicos y,extremo_funcional,1
academicos y empresariales,expresion_funcional,1
acceder a,extremo_funcional,1
acceder a una,extremo_funcional,1
acceder a una formacion,expresion_funcional,1
acceso a,extremo_funcional,1
acceso a la,extremo_funcional,1
acceso a la informacion,expresion_funcional,1
accion profesional de,extremo_funcional,1
acciones de,extremo_funcional,1
acciones de implementacion y,extremo_funcional,1
acciones en,extremo_funcional,2
acciones en un,extremo_funcional,2
acciones en un contexto,expresion_funcional,2
aceituno ingeniero,denominacion_grado,1
aceituno ingeniero civil,denominacion_grado,1
aceituno ingeniero civil electronico,denominacion_grado,1
acomoda a,extremo_funcional,1
acomoda a tus,expresion_funcional,1
acomoda a tus necesidades,expresion_funcional,1
acorde a,extremo_vago_declarado,2
acorde a los,extremo_vago_declarado,1
acorde a los principios,extremo_vago_declarado,1
acorde a su,extremo_vago_declarado,1
acorde a su profesion,extremo_vago_declarado,1
acorde con,extremo_vago_declarado,1
acorde con los,extremo_vago_declarado,1
acorde con los intereses,extremo_vago_declarado,1
acordes a,extremo_funcional,1
acordes a los,extremo_funcional,1
acordes a los requerimientos,expresion_funcional,1
acreditacion,segmento_con_indicios_de_menu,1
acreditacion institucional,segmento_con_indicios_de_menu,1
acreditacion institucional acreditacion,segmento_con_indicios_de_menu,1
acreditacion institucional acreditacion y,segmento_con_indicios_de_menu,1
acreditacion y,segmento_con_indicios_de_menu,1
acreditacion y certificacion,segmento_con_indicios_de_menu,1
acreditacion y certificacion de,segmento_con_indicios_de_menu,1
actitud critica y,extremo_funcional,1
actitud critica y autocritica,expresion_funcional,1
actitud de,extremo_funcional,2
actitud de liderazgo y,extremo_funcional,2
actitud emprendedora y,extremo_funcional,1
actitud emprendedora y capacidad,expresion_funcional,1
activa y,extremo_funcional,2
activa y flexiblemente,expresion_funcional,2
activa y flexiblemente a,extremo_funcional,2
activamente en,extremo_funcional,3
activamente en la,extremo_funcional,2
activamente en las,extremo_funcional,1
actividades humanas para,extremo_funcional,1
actividades humanas para el,extremo_funcional,1
actividades que,extremo_funcional,1
actividades que permitan,expresion_funcional,1
actividades que permitan el,extremo_funcional,1
actividades sobre,extremo_funcional,1
actividades sobre la,extremo_funcional,1
actividades sobre la calidad,expresion_funcional,1
actua conforme,extremo_vago_declarado,1
actua conforme a,extremo_vago_declarado,1
actua conforme a principios,extremo_vago_declarado,1
actua en,extremo_vago_declarado,1
actua en contextos,extremo_vago_declarado,1
actua en contextos organizacionales,extremo_vago_declarado,1
actua eticamente,extremo_vago_declarado,1
actuales de,extremo_funcional,1
actuales de la,extremo_funcional,1
actualizacion continua de,extremo_funcional,1
actualizacion continua de los,extremo_funcional,1
actualizacion disciplinar permanente lo,extremo_funcional,1
actualizacion en,extremo_funcional,1
actualizacion en el,extremo_funcional,1
actualizacion en el ambito,extremo_vago_declarado,1
actualizacion permanente de,extremo_funcional,1
actualizacion permanente de sus,extremo_funcional,1
actualizacion y,extremo_funcional,2
actualizacion y adaptarse,expresion_funcional,2
actualizacion y adaptarse activa,expresion_funcional,2
actualizados en,extremo_funcional,1
actualizar procesos de,extremo_funcional,1
actualizar y,extremo_funcional,1
actualizar y profundizar,expresion_funcional,1
actualizar y profundizar sus,extremo_funcional,1
actualmente me,extremo_funcional,1
actualmente me desempeno,expresion_funcional,1
actualmente me desempeno como,extremo_funcional,1
actuando de,extremo_funcional,1
actuando siempre con,extremo_funcional,1
actuando siempre con una,extremo_funcional,1
actuar antes,extremo_funcional,1
actuar como,extremo_funcional,1
actuar como profesional,expresion_funcional,1
actuar como profesional considera,expresion_funcional,1
actuar en,extremo_funcional,1
actuar en distintos ambitos,extremo_vago_declarado,1
acuerdo,stopword_o_unigrama_corto,6
acuerdo a,extremo_funcional,4
acuerdo a buenas,expresion_funcional,1
acuerdo a buenas practicas,expresion_funcional,1
acuerdo a estandares,expresion_funcional,1
acuerdo a las,extremo_funcional,2
acuerdo a las definiciones,expresion_funcional,1
acuerdo a las metodologias,expresion_funcional,1
acuerdo a los,extremo_funcional,1
acuerdo a los principios,expresion_funcional,1
acuerdo con,extremo_funcional,2
acuerdo con las,extremo_funcional,1
acuerdo con los,extremo_funcional,1
adapta a,extremo_funcional,2
adapta a la,extremo_funcional,1
adapta a la nueva,expresion_funcional,1
adapta a situaciones,expresion_funcional,1
adapta a situaciones emergentes,expresion_funcional,1
adaptacion al,extremo_funcional,1
adaptacion al cambio,expresion_funcional,1
adaptandose a,extremo_vago_declarado,2
adaptandose a la,extremo_vago_declarado,2
adaptandose a la evolucion,extremo_vago_declarado,1
adaptandose a la innovacion,extremo_vago_declarado,1
adaptandose con,extremo_vago_declarado,1
adaptandose con responsabilidad,extremo_vago_declarado,1
adaptandose con responsabilidad a,extremo_vago_declarado,1
adaptar los,extremo_funcional,1
adaptar los procesos de,extremo_funcional,1
adaptarse a,extremo_funcional,4
adaptarse a entornos,expresion_funcional,1
adaptarse a entornos profesionales,expresion_funcional,1
adaptarse a escenarios,expresion_funcional,1
adaptarse a escenarios de,extremo_funcional,1
adaptarse a la,extremo_funcional,1
adaptarse a la dinamica,expresion_funcional,1
adaptarse a tecnologias,expresion_funcional,1
adaptarse a tecnologias emergentes,expresion_funcional,1
adaptarse activa y,extremo_funcional,2
adaptarse activa y flexiblemente,expresion_funcional,2
adaptarse con,extremo_funcional,1
adaptarse con facilidad a,extremo_funcional,1
adecuada seguridad de,extremo_funcional,1
adecuada seguridad de la,extremo_funcional,1
adecuada y,extremo_funcional,2
adecuada y coherente,expresion_funcional,1
adecuada y optima,expresion_funcional,1
adecuadamente en,extremo_funcional,1
adecuadamente en el,extremo_funcional,1
adecuadas a,extremo_funcional,1
adecuadas a cada,expresion_funcional,1
adecuadas a cada contexto,expresion_funcional,1
adecuado del,extremo_funcional,1
adecuado del tiempo y,extremo_funcional,1
adecuados para,extremo_funcional,1
adecuados para satisfacer los,extremo_funcional,1
adelante exitosamente los,extremo_funcional,1
ademas de,extremo_funcional,6
ademas de estandares de,extremo_funcional,1
ademas de habilidades para,extremo_funcional,1
ademas de lograr una,extremo_funcional,1
ademas de ser,extremo_funcional,2
ademas de ser un,extremo_funcional,2
ademas permitira que,extremo_funcional,1
ademas permitira que el,extremo_funcional,1
adicionalmente posee,extremo_generico_declarado,1
adicionalmente posee conocimientos,extremo_vago_declarado,1
adicionalmente posee conocimientos para,extremo_funcional,1
administracion de,extremo_funcional,4
administracion de base de,extremo_funcional,1
administracion de sistemas de,extremo_funcional,1
administracion de soluciones informaticas,denominacion_grado,1
administracion y,extremo_funcional,1
administracion y diseno,expresion_funcional,1
administracion y diseno de,extremo_funcional,1
administrador de,extremo_funcional,1
administrador de sistemas y,extremo_funcional,1
administradores de,extremo_funcional,1
administradores de bases de,extremo_funcional,1
administrar proyectos de,extremo_funcional,1
administrar proyectos informaticos,denominacion_grado,1
administrar proyectos informaticos a,extremo_funcional,1
administrar soluciones informaticas,denominacion_grado,1
administrar tecnologias de,extremo_funcional,1
administrar tecnologias de la,extremo_funcional,1
administrar y,extremo_funcional,1
administrar y optimizar,expresion_funcional,1
administrar y optimizar los,extremo_funcional,1
administrativo gerencial que,extremo_funcional,1
administrativo gerencial que le,extremo_funcional,1
adopcion de,extremo_funcional,1
adopcion y,extremo_funcional,1
adquieran conocimiento,extremo_vago_declarado,1
adquieran conocimiento tecnico al,extremo_funcional,1
adquiere nuevos conocimientos,extremo_vago_declarado,1
adquiridos en,extremo_funcional,1
adquiridos y,extremo_funcional,1
adquiridos y de,extremo_funcional,1
adquiridos y de la,extremo_funcional,1
adquirir conocimientos,extremo_vago_declarado,1
adquirir conocimientos y,extremo_funcional,1
adquirir conocimientos y herramientas,expresion_funcional,1
adquiriras competencias para,extremo_funcional,1
adquisicion y,extremo_funcional,2
adquisicion y aplicacion,expresion_funcional,2
adquisicion y aplicacion de,extremo_funcional,2
agentes que,extremo_funcional,1
agentes que influyen,expresion_funcional,1
agentes que influyen en,extremo_funcional,1
agil que,extremo_funcional,1
agil que incorpora,expresion_funcional,1
agil que incorpora experiencias,expresion_funcional,1
agiles de,extremo_funcional,1
agiles de innovacion y,extremo_funcional,1
agiles para,extremo_funcional,1
agrupaciones,segmento_con_indicios_de_menu,1
agrupaciones estudiantiles,segmento_con_indicios_de_menu,1
agrupaciones estudiantiles programa,segmento_con_indicios_de_menu,1
agrupaciones estudiantiles programa proenta,segmento_con_indicios_de_menu,1
agrupaciones y,segmento_con_indicios_de_menu,1
agrupaciones y programas,segmento_con_indicios_de_menu,1
agrupaciones y programas agrupaciones,segmento_con_indicios_de_menu,1
ai,fragmento_corto_no_reconocido,1
ai para,fragmento_corto_no_reconocido,1
ai para empresas,fragmento_corto_no_reconocido,1
ai para empresas en,fragmento_corto_no_reconocido,1
al,stopword_o_unigrama_corto,26
al aprendizaje,extremo_funcional,1
al aprendizaje continuo,extremo_funcional,1
al area,extremo_funcional,2
al area de,extremo_funcional,2
al area de la,extremo_funcional,2
al bien,extremo_funcional,1
al bien comun,extremo_funcional,1
al bien comun de,extremo_funcional,1
al bienestar,extremo_funcional,1
al bienestar social,extremo_funcional,1
al bienestar social mediante,extremo_funcional,1
al cambio,extremo_funcional,3
al cliente,extremo_funcional,1
al completar,extremo_funcional,2
al completar el,extremo_funcional,2
al completar el plan,extremo_funcional,1
al cuidado,extremo_funcional,1
al cuidado de,extremo_funcional,1
al cuidado de las,extremo_funcional,1
al cumplimiento,extremo_funcional,3
al cumplimiento de,extremo_funcional,3
al cumplimiento de estandares,extremo_funcional,1
al cumplimiento de los,extremo_funcional,2
al desarrollo,extremo_funcional,11
al desarrollo de,extremo_funcional,4
al desarrollo de proyectos,extremo_funcional,1
al desarrollo de sistemas,extremo_funcional,1
al desarrollo de software,extremo_funcional,1
al desarrollo de soluciones,extremo_funcional,1
al desarrollo del,extremo_funcional,1
al desarrollo del pais,extremo_funcional,1
al desarrollo disciplinar,extremo_funcional,1
al desarrollo disciplinar y,extremo_funcional,1
al desarrollo economico,extremo_funcional,1
al desarrollo economico y,extremo_funcional,1
al desarrollo sostenible,extremo_funcional,1
al desarrollo sostenible de,extremo_funcional,1
al desarrollo tecnologico,extremo_funcional,1
al desarrollo tecnologico y,extremo_funcional,1
al desarrollo y,extremo_funcional,2
al desarrollo y al,extremo_funcional,1
al desarrollo y evaluacion,extremo_funcional,1
al desempenarse,extremo_funcional,1
al desempenarse en,extremo_funcional,1
al desempenarse en diversos,extremo_vago_declarado,1
al diseno,extremo_funcional,2
al diseno de,extremo_funcional,1
al diseno de soluciones,extremo_funcional,1
al egresar,extremo_funcional,1
al egresar son,extremo_funcional,1
al estudiante,extremo_funcional,1
al estudiante en,extremo_funcional,1
al estudiante en las,extremo_funcional,1
al fomentar,extremo_funcional,1
al fomentar la,extremo_funcional,1
al fomentar la participacion,extremo_funcional,1
al logro,extremo_funcional,2
al logro de,extremo_funcional,2
al logro de los,extremo_funcional,1
al logro de resultados,extremo_funcional,1
al medio,extremo_funcional,1
al medio ambiente,extremo_funcional,1
al medio ambiente y,extremo_funcional,1
al mercado,extremo_funcional,1
al mercado laboral,extremo_funcional,1
al mercado laboral y,extremo_funcional,1
al mismo,extremo_funcional,2
al mismo tiempo,extremo_funcional,2
al mismo tiempo capaces,extremo_funcional,1
al mismo tiempo que,extremo_funcional,1
al mundo,extremo_funcional,1
al mundo digital,extremo_funcional,1
al procesamiento,extremo_funcional,1
al procesamiento informatico,extremo_funcional,1
al profesional,extremo_funcional,1
al profesional las,extremo_funcional,1
al profesional las competencias,extremo_funcional,1
al sello,extremo_funcional,1
al sello distintivo,extremo_funcional,1
al sello distintivo de,extremo_funcional,1
al sentido,extremo_funcional,1
al sentido de,extremo_funcional,1
al sentido de la,extremo_funcional,1
al servicio,extremo_funcional,1
al servicio de,extremo_funcional,1
al servicio de la,extremo_funcional,1
al soporte,extremo_funcional,1
al soporte tecnico,extremo_funcional,1
al soporte tecnico de,extremo_funcional,1
al termino,extremo_funcional,2
al termino de,extremo_funcional,1
al termino de la,extremo_funcional,1
al termino del,extremo_funcional,1
al uso,extremo_funcional,1
al uso de,extremo_funcional,1
al uso de la,extremo_funcional,1
al usuario,extremo_funcional,1
al usuario y,extremo_funcional,1
al usuario y al,extremo_funcional,1
alcance de,extremo_funcional,1
alcanzadas en,extremo_funcional,1
alcanzadas en el,extremo_funcional,1
algoritmos y,extremo_funcional,1
algoritmos y fundamentos,expresion_funcional,1
algoritmos y fundamentos teoricos,expresion_funcional,1
algunos,stopword_o_unigrama_corto,1
algunos campos,extremo_funcional,1
algunos campos de,extremo_funcional,1
algunos campos de analisis,extremo_funcional,1
alianzas estrategicas con,extremo_funcional,1
alinea a,extremo_funcional,1
alinea a las,extremo_funcional,1
alinea a las necesidades,expresion_funcional,1
alineado a,extremo_funcional,1
alineado a estandares,expresion_funcional,1
alineado a estandares nacionales,expresion_funcional,1
alinearlos a,extremo_funcional,1
alinearlos a la,extremo_funcional,1
alinearlos a la estrategia,expresion_funcional,1
alinearlos con,extremo_funcional,1
alinearlos con la,extremo_funcional,1
almacenada por,extremo_funcional,1
almacenada por los,extremo_funcional,1
almacenada por los sistemas,expresion_funcional,1
almacenar y,extremo_funcional,1
almacenar y recuperar,expresion_funcional,1
almacenar y recuperar informacion,expresion_funcional,1
alta,stopword_o_unigrama_corto,1
alta capacidad,extremo_vago_declarado,1
alta capacidad y,extremo_vago_declarado,1
alta capacidad y motivacion,extremo_vago_declarado,1
altamente competentes y,extremo_funcional,1
altamente competentes y responsables,expresion_funcional,1
altamente experiencial y,extremo_funcional,1
altamente experiencial y practico,expresion_funcional,1
altas,stopword_o_unigrama_corto,1
altas competencias,extremo_vago_declarado,1
altas competencias tecnicas,extremo_vago_declarado,1
altas competencias tecnicas y,extremo_vago_declarado,1
alternativas de,extremo_funcional,1
alto,stopword_o_unigrama_corto,7
alto compromiso,extremo_vago_declarado,2
alto compromiso con,extremo_vago_declarado,1
alto compromiso con la,extremo_vago_declarado,1
alto compromiso social,extremo_vago_declarado,1
alto desempeno,extremo_vago_declarado,1
alto nivel,extremo_vago_declarado,2
alto nivel academico,extremo_vago_declarado,1
alto nivel academico y,extremo_vago_declarado,1
alto nivel de,extremo_vago_declarado,1
alto nivel de abstraccion,extremo_vago_declarado,1
alto rendimiento,extremo_vago_declarado,1
alto rendimiento y,extremo_vago_declarado,1
alto rendimiento y aplicar,extremo_vago_declarado,1
alto sentido,extremo_vago_declarado,1
alto sentido etico,extremo_vago_declarado,1
alto sentido etico profesional,extremo_vago_declarado,1
altos,stopword_o_unigrama_corto,1
altos valores,extremo_vago_declarado,1
altos valores eticos,extremo_vago_declarado,1
alumnos se,extremo_funcional,1
alumnos se identifican,expresion_funcional,1
alumnos se identifican por,extremo_funcional,1
ambiental y,extremo_funcional,1
ambiental y liderazgo,expresion_funcional,1
ambiental y liderazgo emprendedor,expresion_funcional,1
ambientales de,extremo_funcional,1
ambientales de la,extremo_funcional,1
ambientales de la toma,extremo_vago_declarado,1
ambiente y,extremo_funcional,2
ambiente y ejerce,expresion_funcional,1
ambiente y ejerce su,extremo_funcional,1
ambiente y la,extremo_funcional,1
ambiente y la responsabilidad,expresion_funcional,1
ambientes,stopword_o_unigrama_corto,5
ambientes de,extremo_funcional,2
ambientes dinamicos y,extremo_funcional,1
ambientes dinamicos y globalizados,expresion_funcional,1
ambientes laborales y,extremo_funcional,1
ambientes laborales y a,extremo_funcional,1
ambientes locales y,extremo_funcional,1
ambientes locales y globales,expresion_funcional,1
ambito de,extremo_vago_declarado,9
ambito de desempeno,extremo_vago_declarado,2
ambito de la,extremo_vago_declarado,5
ambito de la especialidad,extremo_vago_declarado,1
ambito de la informatica,extremo_vago_declarado,1
ambito de la ingenieria,extremo_vago_declarado,3
ambito de las,extremo_vago_declarado,1
ambito de las ingenierias,extremo_vago_declarado,1
ambito de su,extremo_vago_declarado,3
ambito de su desempeno,extremo_vago_declarado,1
ambito de su disciplina,extremo_vago_declarado,2
ambito de su quehacer,extremo_vago_declarado,1
ambito empresarial,extremo_vago_declarado,1
ambito en,extremo_vago_declarado,1
ambito en que,extremo_vago_declarado,1
ambito en que gestiona,extremo_vago_declarado,1
ambito especifico,extremo_vago_declarado,1
ambito los,extremo_vago_declarado,1
ambito los egresados,extremo_vago_declarado,1
ambito los egresados y,extremo_vago_declarado,1
ambito nacional,extremo_vago_declarado,1
ambito nacional e,extremo_vago_declarado,1
ambito nacional e internacional,extremo_vago_declarado,1
ambito orientado,extremo_vago_declarado,1
ambito orientado al,extremo_vago_declarado,1
ambito orientado al desarrollo,extremo_vago_declarado,1
ambito personal,extremo_vago_declarado,1
ambito personal y,extremo_vago_declarado,1
ambito personal y profesional,extremo_vago_declarado,1
ambito se,extremo_vago_declarado,1
ambito se enmarca,extremo_vago_declarado,1
ambito se enmarca en,extremo_vago_declarado,1
ambito se orienta,extremo_vago_declarado,1
ambito se orienta a,extremo_vago_declarado,1
ambitos de,extremo_vago_declarado,4
ambitos de ciencias,extremo_vago_declarado,1
ambitos de ciencias de,extremo_vago_declarado,1
ambitos de diseno,extremo_vago_declarado,1
ambitos de diseno e,extremo_vago_declarado,1
ambitos de las,extremo_vago_declarado,1
ambitos de las ciencias,extremo_vago_declarado,1
ambitos de negocios,extremo_vago_declarado,1
ambitos de negocios e,extremo_vago_declarado,1
ambitos del,extremo_vago_declarado,2
ambitos del diseno,extremo_vago_declarado,2
ambitos profesionales,extremo_vago_declarado,1
ambitos que,extremo_vago_declarado,2
ambitos que desarrolla,extremo_vago_declarado,1
ambitos que desarrolla la,extremo_vago_declarado,1
ambitos que todo,extremo_vago_declarado,1
ambitos que todo egresado,extremo_vago_declarado,1
amenazas y,extremo_funcional,1
amenazas y debilidades,expresion_funcional,1
amenazas y debilidades en,extremo_funcional,1
americas el,extremo_funcional,1
americas el titulado,extremo_generico_declarado,1
americas el titulado de,extremo_funcional,1
amplia experiencia en,extremo_funcional,1
amplias posibilidades de,extremo_funcional,1
amplio abanico de,extremo_funcional,1
amplio de,extremo_funcional,2
amplio y,extremo_funcional,1
amplio y diverso,extremo_vago_declarado,1
analisis de,extremo_funcional,7
analisis de datos como,extremo_funcional,1
analisis de datos e,extremo_funcional,1
analisis de datos que,extremo_funcional,1
analisis y,extremo_funcional,3
analisis y mejoras,expresion_funcional,1
analisis y mejoras de,extremo_funcional,1
analisis y seguridad,expresion_funcional,1
analisis y seguridad de,extremo_funcional,1
analisis y sintesis,expresion_funcional,1
analisis y sintesis en,extremo_funcional,1
analista de,extremo_funcional,2
analista de sistemas informaticos,denominacion_grado,1
analista y,extremo_funcional,1
analista y desarrollador,expresion_funcional,1
analista y desarrollador de,extremo_funcional,1
analistas de,extremo_funcional,1
analitica de,extremo_funcional,2
analitica de datos con,extremo_funcional,1
analitica del,extremo_funcional,1
analitica e,extremo_funcional,1
analitica e innovadora,expresion_funcional,1
analitica y,extremo_funcional,2
analitica y metodologica,expresion_funcional,1
analitica y metodologica de,extremo_funcional,1
analitica y pensamiento,expresion_funcional,1
analitica y pensamiento critico,expresion_funcional,1
analiza situaciones del,extremo_funcional,1
analizar e,extremo_funcional,2
analizar e implementar,expresion_funcional,1
analizar e implementar soluciones,expresion_funcional,1
analizar e interpretar,expresion_funcional,1
analizar e interpretar grandes,expresion_funcional,1
analizar grandes volumenes de,extremo_funcional,2
analizar los,extremo_funcional,1
analizar los datos para,extremo_funcional,1
analizar oportunidades para,extremo_funcional,1
analizar situaciones y,extremo_funcional,1
analizar situaciones y problematicas,expresion_funcional,1
analizar y,extremo_funcional,1
analizar y disenar,expresion_funcional,1
analizar y disenar sistemas,expresion_funcional,1
ancavil ingeniero,denominacion_grado,1
ancavil ingeniero civil,denominacion_grado,1
ancavil ingeniero civil telematico,denominacion_grado,1
angulo larenas directora de,extremo_funcional,1
ano,stopword_o_unigrama_corto,5
ano de,extremo_funcional,1
anos,stopword_o_unigrama_corto,2
anos de,extremo_funcional,1
anos de experiencia en,extremo_funcional,1
anos en,extremo_funcional,1
anos en donde,extremo_funcional,1
anos en donde ha,extremo_funcional,1
anos ha,extremo_funcional,1
anos ha participado,expresion_funcional,1
anos ha participado en,extremo_funcional,1
anos y,extremo_funcional,1
anos y se,extremo_funcional,1
anos y se adapta,expresion_funcional,1
anterior le,extremo_funcional,1
anterior le permite,expresion_funcional,1
anterior le permite analizar,expresion_funcional,1
anterior se,extremo_funcional,1
anterior se traduce,expresion_funcional,1
anterior se traduce en,extremo_funcional,1
antes,stopword_o_unigrama_corto,1
antofagasta jefe de,extremo_funcional,1
antofagasta jefe de carrera,identidad_institucional_declarada,1
antropologia cristiana,contexto_institucional_geografico,1
antropologia cristiana como,extremo_funcional,1
antropologia cristiana como respuesta,expresion_funcional,1
apelaciones de,extremo_funcional,1
apelaciones de la,extremo_funcional,1
aplica ciencia de,extremo_funcional,1
aplica ciencia de los,extremo_funcional,1
aplica conocimientos,extremo_vago_declarado,1
aplica conocimientos de,extremo_funcional,1
aplica criterios de,extremo_funcional,1
aplica la,extremo_funcional,1
aplica tecnologias digitales y,extremo_funcional,1
aplicables en,extremo_funcional,1
aplicacion a,extremo_funcional,1
aplicacion a problemas,expresion_funcional,1
aplicacion a problemas de,extremo_funcional,1
aplicacion de,extremo_funcional,7
aplicacion de ciencia y,extremo_funcional,1
aplicacion de conocimientos,extremo_vago_declarado,2
aplicacion de conocimientos y,extremo_funcional,2
aplicacion de la,extremo_funcional,1
aplicacion de la ingenieria,denominacion_grado,1
aplicacion de las,extremo_funcional,1
aplicacion del,extremo_funcional,1
aplicacion del diseno de,extremo_funcional,1
aplicaciones e,extremo_funcional,1
aplicaciones e integracion,expresion_funcional,1
aplicaciones e integracion de,extremo_funcional,1
aplicaciones informaticas,denominacion_grado,2
aplicaciones multiplataforma e,extremo_funcional,1
aplicaciones multiplataforma e integracion,expresion_funcional,1
aplicaciones para,extremo_funcional,1
aplicaciones para la,extremo_funcional,1
aplicaciones y,extremo_funcional,2
aplicaciones y bases,expresion_funcional,1
aplicaciones y bases de,extremo_funcional,1
aplicaciones y sistemas,expresion_funcional,1
aplicaciones y sistemas informaticos,expresion_funcional,1
aplicada a,extremo_funcional,1
aplicada a problemas,expresion_funcional,1
aplicada a problemas reales,expresion_funcional,1
aplicada e,extremo_funcional,1
aplicada e informatica,expresion_funcional,1
aplicada le,extremo_funcional,1
aplicada le permite,expresion_funcional,1
aplicada le permite desempenarse,expresion_funcional,1
aplicada orientados al,extremo_funcional,1
aplicada orientados al desarrollo,expresion_funcional,1
aplicada para,extremo_funcional,1
aplicada y,extremo_funcional,3
aplicada y ciencia,expresion_funcional,1
aplicada y ciencia de,extremo_funcional,1
aplicada y formacion,expresion_funcional,1
aplicada y formacion general,expresion_funcional,1
aplicada y machine,expresion_funcional,1
aplicada y machine learning,expresion_funcional,1
aplicadas a,extremo_funcional,2
aplicadas a ambitos,extremo_vago_declarado,1
aplicadas a ambitos de,extremo_funcional,1
aplicadas a su,extremo_funcional,1
aplicadas a su area,expresion_funcional,1
aplicando algoritmos y,extremo_funcional,1
aplicando algoritmos y fundamentos,expresion_funcional,1
aplicando conocimientos,extremo_vago_declarado,4
aplicando conocimientos cientificos y,extremo_funcional,1
aplicando conocimientos de,extremo_funcional,1
aplicando conocimientos y,extremo_funcional,1
aplicando conocimientos y habilidades,expresion_funcional,1
aplicando criterios de,extremo_funcional,2
aplicando destrezas de,extremo_funcional,1
aplicando el,extremo_funcional,1
aplicando el ciclo de,extremo_funcional,1
aplicando estandares y,extremo_funcional,1
aplicando estandares y metodologias,expresion_funcional,1
aplicando las,extremo_funcional,1
aplicando las tecnologias de,extremo_funcional,1
aplicando para,extremo_funcional,1
aplicando para ello su,extremo_funcional,1
aplicando principios de,extremo_funcional,1
aplicando principios de la,extremo_funcional,1
aplicar al,extremo_funcional,1
aplicar al desarrollo,expresion_funcional,1
aplicar al desarrollo y,extremo_funcional,1
aplicar conocimientos,extremo_vago_declarado,2
aplicar conocimientos en,extremo_funcional,1
aplicar conocimientos en las,extremo_funcional,1
aplicar conocimientos especializados de,extremo_funcional,1
aplicar de,extremo_funcional,1
aplicar dichos,extremo_funcional,2
aplicar dichos conocimientos,extremo_vago_declarado,2
aplicar dichos conocimientos a,extremo_funcional,2
aplicar el,extremo_funcional,1
aplicar el conocimiento,extremo_vago_declarado,1
aplicar estandares de,extremo_funcional,1
aplicar herramientas y,extremo_funcional,1
aplicar herramientas y conocimientos,extremo_vago_declarado,1
aplicar innovadoramente el,extremo_funcional,1
aplicar innovadoramente el conocimiento,extremo_vago_declarado,1
aplicar las,extremo_funcional,1
aplicar nuevos conocimientos,extremo_vago_declarado,1
aplicar principios de,extremo_funcional,1
aplicar sistematicamente conocimientos,extremo_vago_declarado,1
aplicar soluciones de,extremo_funcional,1
aplicar tecnicas de,extremo_funcional,1
aplicar tecnologias emergentes y,extremo_funcional,1
aplicar un,extremo_funcional,1
aplicar un cuerpo,expresion_funcional,1
aplicar un cuerpo distintivo,expresion_funcional,1
aplicarlas en,extremo_funcional,1
aplicarlas en la,extremo_funcional,1
aporta a,extremo_funcional,1
aporta a la,extremo_funcional,1
aporta a la toma,extremo_vago_declarado,1
aporta al,extremo_funcional,1
aporta al desarrollo,expresion_funcional,1
aporta al desarrollo del,extremo_funcional,1
aportando a,extremo_funcional,1
aportando a la,extremo_funcional,1
aportando a la mejora,expresion_funcional,1
aportando de,extremo_funcional,1
aportando de esta,extremo_funcional,1
aportando de esta manera,expresion_funcional,1
aportando valor estrategico a,extremo_funcional,1
aportar soluciones a,extremo_funcional,1
aportar soluciones a los,extremo_funcional,1
aporte concreto a,extremo_funcional,1
aporte concreto a un,extremo_funcional,1
aporte fundamental a,extremo_funcional,1
aporte fundamental a la,extremo_funcional,1
aporten valor a,extremo_funcional,1
aporten valor a las,extremo_funcional,1
apoyar el,extremo_funcional,1
apoyar el desarrollo de,extremo_funcional,1
apoyar estrategicamente la,extremo_funcional,1
apoyar la,extremo_funcional,3
apoyar la gestion de,extremo_funcional,1
apoyar la toma,extremo_vago_declarado,2
apoyar la toma de,extremo_funcional,2
apoyar objetivos estrategicos de,extremo_funcional,1
apoyen la,extremo_funcional,1
apoyen la toma,extremo_vago_declarado,1
apoyen la toma de,extremo_funcional,1
apoyo del,extremo_funcional,1
apoyo del manejo de,extremo_funcional,1
aprender de,extremo_funcional,2
aprender y,extremo_funcional,3
aprender y actualizarse,expresion_funcional,2
aprender y actualizarse permanentemente,expresion_funcional,2
aprender y adquirir,expresion_funcional,1
aprender y adquirir conocimientos,extremo_vago_declarado,1
aprenderas a,extremo_funcional,1
aprenderas a integrar,expresion_funcional,1
aprenderas a integrar las,extremo_funcional,1
aprendizaje ambito,extremo_vago_declarado,1
aprendizaje ambito de,extremo_funcional,1
aprendizaje automatico y,extremo_funcional,1
aprendizaje automatico y la,extremo_funcional,1
aprendizaje autonomo y,extremo_funcional,1
aprendizaje autonomo y flexibilidad,expresion_funcional,1
aprendizaje continuo,extremo_generico_declarado,4
aprendizaje especificos al,extremo_funcional,1
aprendizaje especificos al completar,expresion_funcional,1
aprendizaje experiencial trabajando en,extremo_funcional,1
aprendizaje genericos al,extremo_funcional,1
aprendizaje genericos al completar,expresion_funcional,1
aprendizaje implementando estrategias que,extremo_funcional,1
aprendizaje segun,extremo_funcional,1
aprendizaje segun objetivos,expresion_funcional,1
aprendizaje segun objetivos establecidos,expresion_funcional,1
aprendizaje son,extremo_funcional,1
apropiadas de,extremo_funcional,1
aprovechando las,extremo_funcional,1
aprovechando las caracteristicas de,extremo_funcional,1
aptitudes y,extremo_funcional,1
aptitudes y habilidades,expresion_funcional,1
aptitudes y habilidades para,extremo_funcional,1
aquellos que,extremo_funcional,1
aquellos que se,extremo_funcional,1
aquellos que se dedican,expresion_funcional,1
area de,extremo_funcional,11
area de ciencia de,extremo_funcional,1
area de desarrollo de,extremo_funcional,1
area de gestion informatica,denominacion_grado,1
area de informatica,denominacion_grado,2
area de informatica para,extremo_funcional,1
area de la,extremo_funcional,5
area de la informatica,denominacion_grado,1
area de la ingenieria,denominacion_grado,1
area de las,extremo_funcional,3
areas clave como,extremo_funcional,1
areas clave como redes,expresion_funcional,1
areas como,extremo_funcional,1
areas como la,extremo_funcional,1
areas como la ingenieria,expresion_funcional,1
areas de,extremo_funcional,10
areas de desarrollo de,extremo_funcional,1
areas de desarrollo e,extremo_funcional,1
areas de desempeno que,extremo_funcional,1
areas de ingenieria,denominacion_grado,1
areas de ingenieria de,extremo_funcional,1
areas de la,extremo_funcional,2
areas de la informatica,denominacion_grado,1
areas de la ingenieria,denominacion_grado,1
areas de sistemas de,extremo_funcional,1
areas de su,extremo_funcional,1
areas de su especialidad,expresion_funcional,1
areas de tecnologia de,extremo_funcional,1
areas desde,extremo_funcional,1
areas desde estadistica,expresion_funcional,1
areas desde estadistica hasta,extremo_funcional,1
areas disciplinares de,extremo_funcional,1
areas estan en,extremo_funcional,1
argumentar y,extremo_funcional,1
argumentar y comprobar,expresion_funcional,1
argumentar y comprobar coherente,expresion_funcional,1
arquitecto de,extremo_funcional,1
arquitecto de tecnologias de,extremo_funcional,1
arquitectura de,extremo_funcional,3
arquitectura de hardware y,extremo_funcional,1
arquitecturas de,extremo_funcional,1
arquitecturas ti junto a,extremo_funcional,2
arte y,extremo_funcional,1
arte y la,extremo_funcional,1
arte y la cultura,expresion_funcional,1
articulando con,extremo_funcional,1
articulando con cursos y,extremo_funcional,1
artificial a,extremo_funcional,1
artificial a traves,expresion_funcional,1
artificial a traves del,extremo_funcional,1
artificial al,extremo_funcional,1
artificial al termino,expresion_funcional,1
artificial al termino del,extremo_funcional,1
artificial aplicada y,extremo_funcional,1
artificial aplicada y machine,expresion_funcional,1
artificial y,extremo_funcional,4
artificial y ciberseguridad,expresion_funcional,1
artificial y gestion,expresion_funcional,1
artificial y gestion de,extremo_funcional,1
artificial y metodologias,expresion_funcional,1
artificial y metodologias agiles,expresion_funcional,1
artificial y tecnologias,expresion_funcional,1
artificial y tecnologias educativas,expresion_funcional,1
as,fragmento_corto_no_reconocido,2
as civiles,fragmento_corto_no_reconocido,1
as civiles informaticos,fragmento_corto_no_reconocido,1
as de,fragmento_corto_no_reconocido,1
as de la,fragmento_corto_no_reconocido,1
as de la universidad,fragmento_corto_no_reconocido,1
as para,fragmento_corto_no_reconocido,1
as para identificar,fragmento_corto_no_reconocido,1
as para identificar necesidades,fragmento_corto_no_reconocido,1
as para trabajar,fragmento_corto_no_reconocido,1
as para trabajar en,fragmento_corto_no_reconocido,1
as y,fragmento_corto_no_reconocido,1
as y la,fragmento_corto_no_reconocido,1
as y la sociedad,fragmento_corto_no_reconocido,1
aseguramiento de,extremo_funcional,1
aseguramiento de la,extremo_funcional,1
asegurando la,extremo_funcional,1
asegurando la integridad y,extremo_funcional,1
asegurando rendimiento y,extremo_funcional,1
asegurando rendimiento y nuevas,expresion_funcional,1
asegurando su,extremo_funcional,1
asegurando su eficiencia,expresion_funcional,1
asegurando su eficiencia y,extremo_funcional,1
asegurar el,extremo_funcional,1
asegurar el cumplimiento del,extremo_funcional,1
asesor en,extremo_funcional,1
asesor en el,extremo_funcional,1
asesor en el ambito,extremo_vago_declarado,1
asesor o,extremo_funcional,1
asesor o consultor,expresion_funcional,1
asesor o consultor en,extremo_funcional,1
asesorando en,extremo_funcional,1
asesorias de,extremo_funcional,1
asesorias de consultoria en,extremo_funcional,1
asesorias y,extremo_funcional,2
asesorias y liderando,expresion_funcional,1
asesorias y liderando proyectos,expresion_funcional,1
asesorias y servicios,expresion_funcional,1
asesorias y servicios de,extremo_funcional,1
asi como,extremo_funcional,9
asi como como,extremo_funcional,1
asi como como tecnologia,expresion_funcional,1
asi como desarrollar,expresion_funcional,1
asi como desarrollar una,extremo_funcional,1
asi como gestionar,expresion_funcional,2
asi como gestionar los,extremo_funcional,1
asi como gestionar proyectos,expresion_funcional,1
asi como para,extremo_funcional,1
asi como para emprender,expresion_funcional,1
asi como tambien,extremo_funcional,4
asi como tambien a,extremo_funcional,1
asi como tambien para,extremo_funcional,1
asi el,extremo_funcional,1
asi mismo,extremo_funcional,1
asi realizar un,extremo_funcional,1
asi realizar un aporte,expresion_funcional,1
asi una,extremo_funcional,1
asi una trayectoria,expresion_funcional,1
asi una trayectoria profesional,expresion_funcional,1
asignaturas correspondientes a,extremo_funcional,1
asignaturas correspondientes a primer,expresion_funcional,1
asociada a,extremo_funcional,1
asociada a la,extremo_funcional,1
asociada a la innovacion,expresion_funcional,1
asociadas a,extremo_funcional,2
asociadas a la,extremo_funcional,2
asociadas a la continuidad,expresion_funcional,1
asociadas a la labor,expresion_funcional,1
asociado de,extremo_funcional,1
asociado de pre y,extremo_funcional,1
asociados a,extremo_funcional,2
asociados a la,extremo_funcional,1
asociados a la inclusion,expresion_funcional,1
asociados a las,extremo_funcional,1
asociados a las tendencias,expresion_funcional,1
asociados al,extremo_funcional,1
asociados al soporte,expresion_funcional,1
asociados al soporte tecnico,expresion_funcional,1
aspectos de,extremo_funcional,1
aspectos de gestion de,extremo_funcional,1
asumiendo las,extremo_funcional,1
asumiendo las jefaturas de,extremo_funcional,1
asumir su,extremo_funcional,1
asumir su quehacer,expresion_funcional,1
asumir su quehacer profesional,expresion_funcional,1
asuntos de,extremo_funcional,1
atacama a,extremo_funcional,1
atacama a traves,expresion_funcional,1
atacama a traves del,extremo_funcional,1
atacama es,extremo_funcional,1
atacama es un,extremo_funcional,1
atacama es un profesional,expresion_funcional,1
atacama se,extremo_funcional,1
atacama se destaca,expresion_funcional,1
atacama se destaca por,extremo_funcional,1
atacama y,extremo_funcional,1
atacama y el,extremo_funcional,1
atacama y el pais,expresion_funcional,1
atendiendo a,extremo_funcional,1
atendiendo a las,extremo_funcional,1
atendiendo a las oportunidades,expresion_funcional,1
atendiendo al,extremo_funcional,1
atendiendo al cuidado,expresion_funcional,1
atendiendo al cuidado de,extremo_funcional,1
auditoria a,extremo_funcional,1
auditoria a la,extremo_funcional,1
auditoria a la ciberseguridad,expresion_funcional,1
auditoria informatica,denominacion_grado,1
aumenta al,extremo_funcional,1
aumentar la,extremo_funcional,1
aumentar la productividad y,extremo_funcional,1
austral de,extremo_funcional,1
austral de chile,contexto_institucional_geografico,1
austral de chile sera,extremo_generico_declarado,1
autoaprendizaje e,extremo_funcional,1
autoaprendizaje e investigacion,expresion_funcional,1
autoaprendizaje e investigacion sobre,extremo_funcional,1
autoaprendizaje permanente y,extremo_funcional,1
autoaprendizaje permanente y tenacidad,expresion_funcional,1
autoaprendizaje y,extremo_funcional,1
autoaprendizaje y autogestion,expresion_funcional,1
autocritica frente a,extremo_funcional,1
autocritica frente a las,extremo_funcional,1
autodesarrollo y,extremo_funcional,1
autodesarrollo y la,extremo_funcional,1
autodesarrollo y la autogestion,expresion_funcional,1
autogestion a,extremo_funcional,1
autogestion a traves,expresion_funcional,1
autogestion a traves de,extremo_funcional,1
autogestion y,extremo_funcional,1
autogestion y actualizacion,expresion_funcional,1
autogestion y actualizacion disciplinar,expresion_funcional,1
autogestiona su,extremo_funcional,1
autogestiona su aprendizaje,expresion_funcional,1
autogestiona su aprendizaje implementando,expresion_funcional,1
automatico de,extremo_funcional,1
automatico y,extremo_funcional,1
automatico y la,extremo_funcional,1
automatico y la analitica,expresion_funcional,1
automatizacion de,extremo_funcional,1
automatizacion de los,extremo_funcional,1
automatizado de,extremo_funcional,1
automatizados e,extremo_funcional,1
automatizados e inteligencia,expresion_funcional,1
automatizados e inteligencia artificial,expresion_funcional,1
autonoma de,extremo_funcional,2
autonoma de chile,contexto_institucional_geografico,2
autonoma de chile es,extremo_funcional,1
autonoma en,extremo_funcional,1
autonoma y,extremo_funcional,2
autonoma y continua,expresion_funcional,2
autonomia en,extremo_funcional,1
autonomia en la,extremo_funcional,1
autonomia en la toma,extremo_vago_declarado,1
autonomia y,extremo_funcional,1
autonomia y respeto,expresion_funcional,1
autonomia y respeto hacia,extremo_funcional,1
autonomo y,extremo_funcional,1
autonomo y flexibilidad,expresion_funcional,1
autonomo y flexibilidad para,extremo_funcional,1
avalada por,extremo_funcional,1
avalada por una,extremo_funcional,1
avalada por una vasta,expresion_funcional,1
avance de,extremo_funcional,1
avance de todas,extremo_funcional,1
avance de todas las,extremo_funcional,1
avances en,extremo_funcional,1
avances en las,extremo_funcional,1
avanzadas y,extremo_funcional,1
avanzadas y jefa,expresion_funcional,1
avanzadas y jefa de,extremo_funcional,1
avanzado sobre,extremo_funcional,1
avanzado sobre distintos,expresion_funcional,1
avanzado sobre distintos dominios,expresion_funcional,1
avanzado y,extremo_funcional,2
avanzado y combinado,expresion_funcional,2
avanzado y combinado de,extremo_funcional,2
aysen se,extremo_funcional,1
aysen se forman,expresion_funcional,1
aysen se forman en,extremo_funcional,1
aysen son,extremo_funcional,1
aysen son profesionales,expresion_funcional,1
aysen son profesionales que,extremo_funcional,1
ayuden en,extremo_funcional,1
ayuden en el,extremo_funcional,1
azure sc,fragmento_corto_no_reconocido,1
bajo ambientes de,extremo_funcional,1
bajo estandares internacionales en,extremo_funcional,1
bajo los,extremo_funcional,1
bajo un,extremo_funcional,1
bajo un marco,expresion_funcional,1
bajo un marco de,extremo_funcional,1
bajo una,extremo_funcional,1
bajo una perspectiva,expresion_funcional,1
bajo una perspectiva de,extremo_funcional,1
banca y,extremo_funcional,1
banca y ha,extremo_funcional,1
banca y ha realizado,expresion_funcional,1
basada en,extremo_funcional,1
basada en un,extremo_funcional,1
basada en un conjunto,expresion_funcional,1
basadas en,extremo_funcional,5
basadas en herramientas de,extremo_funcional,1
basadas en lenguajes de,extremo_funcional,1
basadas en metodologias de,extremo_funcional,1
basadas en tecnologias de,extremo_funcional,2
basados en,extremo_funcional,4
basados en tecnologias de,extremo_funcional,1
basados en tecnologias informaticas,denominacion_grado,1
basandose en,extremo_funcional,1
basandose en la,extremo_funcional,1
base a,extremo_funcional,1
base a una,extremo_funcional,1
base a una solida,expresion_funcional,1
base de,extremo_funcional,3
base de datos y,extremo_funcional,2
base de los,extremo_funcional,1
base de los conocimientos,extremo_vago_declarado,1
base disciplinar y,extremo_funcional,1
base disciplinar y tecnica,expresion_funcional,1
base en,extremo_funcional,2
base formativa en,extremo_funcional,1
base tecnologica para,extremo_funcional,1
bases de,extremo_funcional,9
bases de datos como,extremo_funcional,1
bases de datos en,extremo_funcional,1
bases de datos y,extremo_funcional,3
bases del,extremo_funcional,1
basica y,extremo_funcional,2
basica y aplicada,expresion_funcional,2
basica y aplicada le,extremo_funcional,1
basicas de,extremo_funcional,1
basicas de la,extremo_funcional,1
basicas de la ingenieria,denominacion_grado,1
basicas relacionadas con,extremo_funcional,1
basicas relacionadas con el,extremo_funcional,1
basicas y,extremo_funcional,4
basicas y ciencias,expresion_funcional,1
basicas y ciencias de,extremo_funcional,1
basicas y de,extremo_funcional,2
basicas y de la,extremo_funcional,2
basicas y utilizacion,expresion_funcional,1
basicas y utilizacion de,extremo_funcional,1
bernardo o,extremo_funcional,1
bi,fragmento_corto_no_reconocido,1
bien,segmento_de_identidad_institucional,2
bien comun,segmento_de_identidad_institucional,2
bien comun a,segmento_de_identidad_institucional,2
bien comun a partir,segmento_de_identidad_institucional,2
bien comun de,extremo_funcional,1
bien comun de la,extremo_funcional,1
bien comun y,extremo_funcional,1
bien comun y el,extremo_funcional,1
bienes como,extremo_funcional,1
bienes como de,extremo_funcional,1
bienes como de servicios,expresion_funcional,1
bienes raices de,extremo_funcional,1
bienestar social mediante el,extremo_funcional,1
bio es,extremo_funcional,1
bio es un,extremo_funcional,1
bio posee,extremo_generico_declarado,1
bio posee una,extremo_funcional,1
bio posee una solida,expresion_funcional,1
brindando oportunidades en,extremo_funcional,1
brindando soluciones tecnologicas de,extremo_funcional,1
buen uso de,extremo_funcional,2
buen uso de la,extremo_funcional,1
buenas,stopword_o_unigrama_corto,5
buenas practicas de,extremo_funcional,3
buenas practicas de la,extremo_funcional,3
buenas practicas durante,extremo_funcional,1
buenas practicas durante el,extremo_funcional,1
buenas practicas y,extremo_funcional,2
buenas practicas y el,extremo_funcional,1
buenas practicas y utilizando,expresion_funcional,1
buscamos formar ingenieros,denominacion_grado,1
buscamos formar ingenieros de,extremo_funcional,1
buscando el,extremo_funcional,2
buscando el logro de,extremo_funcional,1
busqueda constante de,extremo_funcional,1
busqueda de,extremo_funcional,2
busqueda de la,extremo_funcional,1
busqueda de nuevos conocimientos,extremo_vago_declarado,1
busqueda y,extremo_funcional,1
busqueda y procesamiento,expresion_funcional,1
busqueda y procesamiento de,extremo_funcional,1
cabe senalar que,extremo_funcional,1
cabe senalar que el,extremo_funcional,1
cada ambito,extremo_vago_declarado,1
cada ambito los,extremo_funcional,1
cada ambito los egresados,extremo_generico_declarado,1
calidad de,extremo_funcional,6
calidad de la,extremo_funcional,1
calidad de vida de,extremo_funcional,2
calidad en,extremo_funcional,1
calidad en el,extremo_funcional,1
calidad establecidos por,extremo_funcional,1
calidad establecidos por los,extremo_funcional,1
calidad o,extremo_funcional,1
calidad o de,extremo_funcional,1
calidad o de forma,expresion_funcional,1
calidad para,extremo_funcional,2
calidad para dar,extremo_vago_declarado,1
calidad para satisfacer los,extremo_funcional,1
calidad que,extremo_funcional,1
calidad que satisfacen,expresion_funcional,1
calidad que satisfacen necesidades,expresion_funcional,1
calidad relacionadas con,extremo_funcional,1
calidad relacionadas con el,extremo_funcional,1
calidad tecnica y,extremo_funcional,1
calidad tecnica y una,extremo_funcional,1
calidad y,extremo_funcional,7
calidad y criterios,expresion_funcional,1
calidad y criterios de,extremo_funcional,1
calidad y eficiencia,expresion_funcional,1
calidad y la,extremo_funcional,2
calidad y la efectividad,expresion_funcional,1
calidad y la innovacion,expresion_funcional,1
calidad y seguridad,expresion_funcional,3
calidad y seguridad de,extremo_funcional,1
calidad y seguridad en,extremo_funcional,1
calificados como,extremo_funcional,1
calificados como ejecutivos,expresion_funcional,1
calificados como ejecutivos idoneos,expresion_funcional,1
calificados para,extremo_funcional,1
cambio en,extremo_funcional,1
cambios en,extremo_funcional,1
cambios en los,extremo_funcional,1
cambios tecnologicos y,extremo_funcional,1
cambios tecnologicos y promueve,expresion_funcional,1
camino a,extremo_funcional,1
camino a chinquihue,expresion_funcional,1
camino a chinquihue km,fragmento_corto_no_reconocido,1
campo academico universitario y,extremo_funcional,1
campo de,extremo_funcional,4
campo de las,extremo_funcional,1
campo laboral de,extremo_funcional,1
campo laboral de ingenieria,denominacion_grado,1
campo laboral la,extremo_funcional,1
campo laboral la o,extremo_funcional,1
campo ocupacional de,extremo_funcional,1
campo ocupacional de este,extremo_funcional,1
campo ocupacional el,extremo_funcional,2
campos de,extremo_funcional,1
campos de analisis de,extremo_funcional,1
campus,segmento_con_indicios_de_menu,1
campus y,extremo_funcional,1
campus y,segmento_con_indicios_de_menu,1
campus y sedes,expresion_funcional,1
campus y sedes campus,expresion_funcional,1
campus y su,segmento_con_indicios_de_menu,1
campus y su entorno,segmento_con_indicios_de_menu,1
capaces,termino_generico_aislado,13
capaces de,extremo_funcional,13
capaces de adaptarse,extremo_generico_declarado,1
capaces de adaptarse a,extremo_funcional,1
capaces de aplicar,extremo_generico_declarado,2
capaces de aplicar de,extremo_funcional,1
capaces de aplicar herramientas,extremo_generico_declarado,1
capaces de aplicar sistematicamente,extremo_generico_declarado,1
capaces de colaborar,extremo_generico_declarado,1
capaces de colaborar con,extremo_funcional,1
capaces de desempenarse,extremo_generico_declarado,1
capaces de desempenarse como,extremo_funcional,1
capaces de disenar,extremo_generico_declarado,2
capaces de disenar y,extremo_funcional,1
capaces de generar,extremo_generico_declarado,1
capaces de generar soluciones,extremo_generico_declarado,1
capaces de gestionar,extremo_generico_declarado,2
capaces de gestionar estos,extremo_funcional,1
capaces de gestionar para,extremo_funcional,1
capaces de idear,extremo_generico_declarado,1
capaces de implantar,extremo_generico_declarado,1
capaces de implantar sistemas,extremo_generico_declarado,1
capaces de liderar,extremo_generico_declarado,1
capaces de liderar proyectos,extremo_generico_declarado,1
capaces de reaccionar,extremo_generico_declarado,1
capaces de reaccionar y,extremo_funcional,1
capaces de reflexionar,extremo_generico_declarado,1
capaces de reflexionar de,extremo_funcional,1
capacidad analitica e,extremo_funcional,1
capacidad analitica e innovadora,expresion_funcional,1
capacidad analitica y,extremo_funcional,2
capacidad analitica y metodologica,expresion_funcional,1
capacidad analitica y pensamiento,expresion_funcional,1
capacidad de,extremo_funcional,20
capacidad de aprender y,extremo_funcional,1
capacidad de aprendizaje continuo,extremo_generico_declarado,1
capacidad de autoaprendizaje e,extremo_funcional,1
capacidad de autogestion y,extremo_funcional,1
capacidad de comunicacion en,extremo_funcional,1
capacidad de concebir y,extremo_funcional,1
capacidad de innovar y,extremo_funcional,1
capacidad de insercion en,extremo_funcional,1
capacidad de participar en,extremo_funcional,1
capacidad de toma,extremo_vago_declarado,1
capacidad de toma de,extremo_funcional,1
capacidad de trabajar en,extremo_funcional,5
capacidad de trabajo en,extremo_funcional,1
capacidad innovadora al,extremo_funcional,1
capacidad innovadora al desempenarse,expresion_funcional,1
capacidad para,extremo_funcional,7
capacidad para aplicar el,extremo_funcional,1
capacidad y,extremo_funcional,1
capacidad y motivacion,expresion_funcional,1
capacidad y motivacion por,extremo_funcional,1
capacidades de,extremo_funcional,1
capacidades de gestion de,extremo_funcional,1
capacidades del,extremo_funcional,1
capacidades del perfil de,extremo_funcional,1
capacidades para,extremo_funcional,1
capacidades para desempenarse en,extremo_funcional,1
capacidades pertinentes para,extremo_funcional,1
capacidades sello y,extremo_funcional,1
capacidades sello y de,extremo_funcional,1
capacita para,extremo_funcional,1
capacitado para,extremo_funcional,5
capacitado para aplicar conocimientos,extremo_vago_declarado,1
capacitado para comunicarse a,extremo_funcional,1
capacitado para supervisar y,extremo_funcional,1
capacitate junto a,extremo_funcional,1
capacitate junto a docentes,expresion_funcional,1
capaz,termino_generico_aislado,21
capaz de,extremo_funcional,21
capaz de adaptarse,extremo_generico_declarado,1
capaz de adaptarse con,extremo_funcional,1
capaz de analizar,extremo_generico_declarado,3
capaz de analizar requerimientos,extremo_generico_declarado,1
capaz de analizar situaciones,extremo_generico_declarado,1
capaz de aplicar,extremo_generico_declarado,2
capaz de aplicar dichos,extremo_funcional,2
capaz de comunicarse,extremo_generico_declarado,1
capaz de comunicarse adecuadamente,extremo_generico_declarado,1
capaz de concebir,extremo_generico_declarado,3
capaz de crear,extremo_generico_declarado,1
capaz de crear valor,extremo_generico_declarado,1
capaz de desempenarse,extremo_generico_declarado,2
capaz de desempenarse en,extremo_funcional,2
capaz de diagnosticar,extremo_generico_declarado,2
capaz de diagnosticar necesidades,extremo_generico_declarado,1
capaz de diagnosticar y,extremo_funcional,1
capaz de entender,extremo_generico_declarado,1
capaz de entender un,extremo_funcional,1
capaz de entregar,extremo_generico_declarado,1
capaz de entregar soluciones,extremo_generico_declarado,1
capaz de integrar,extremo_generico_declarado,1
capaz de integrar y,extremo_funcional,1
capaz de pensar,extremo_generico_declarado,2
capaz de pensar de,extremo_funcional,2
capaz de realizar,extremo_generico_declarado,1
capaz de realizar el,extremo_funcional,1
capaz de resolver,extremo_generico_declarado,2
capaz de resolver las,extremo_funcional,2
capaz de utilizar,extremo_generico_declarado,1
capaz de utilizar las,extremo_funcional,1
capital intelectual con,extremo_funcional,1
caracteristicas de,extremo_funcional,1
caracteristicas de estos,extremo_funcional,1
caracteristicas de estos elementos,expresion_funcional,1
caracteristicas del,extremo_funcional,2
caracteriza la,extremo_funcional,1
caracteriza por,extremo_funcional,3
caracteriza por demostrar,expresion_funcional,1
caracteriza por demostrar compromiso,expresion_funcional,1
caracteriza por su,extremo_funcional,2
caracteriza por su capacidad,expresion_funcional,1
caracteriza por su proactividad,expresion_funcional,1
caracterizan por,extremo_funcional,2
caracterizan por ser,extremo_funcional,1
caracterizan por ser profesionales,expresion_funcional,1
caracterizan por su,extremo_funcional,1
caracterizan por su capacidad,expresion_funcional,1
caracterizandose como,extremo_funcional,2
caracterizandose como un,extremo_funcional,2
caracterizandose como un profesional,expresion_funcional,2
caracterizar y,extremo_funcional,1
caracterizar y modelar,expresion_funcional,1
caracterizar y modelar sistemas,expresion_funcional,1
cargo de,extremo_funcional,1
cargo de sus,extremo_funcional,1
cargo de sus decisiones,expresion_funcional,1
cargos de,extremo_funcional,1
cargos de docencia y,extremo_funcional,1
cargos desde,extremo_funcional,1
cargos desde niveles,expresion_funcional,1
cargos desde niveles operativos,expresion_funcional,1
cargos directivos en,extremo_funcional,1
cargos ejecutivos en,extremo_funcional,1
carrera,identidad_institucional_declarada,27
carrera antofagasta,identidad_institucional_declarada,1
carrera antofagasta jefe,identidad_institucional_declarada,1
carrera antofagasta jefe de,identidad_institucional_declarada,1
carrera combina,identidad_institucional_declarada,1
carrera combina la,identidad_institucional_declarada,1
carrera combina la formacion,identidad_institucional_declarada,1
carrera coquimbo,identidad_institucional_declarada,1
carrera de,identidad_institucional_declarada,14
carrera de informatica,identidad_institucional_declarada,1
carrera de informatica tiene,identidad_institucional_declarada,1
carrera de ingenieria,identidad_institucional_declarada,13
carrera de ingenieria civil,identidad_institucional_declarada,7
carrera de ingenieria en,identidad_institucional_declarada,6
carrera disenar,identidad_institucional_declarada,1
carrera disenar y,identidad_institucional_declarada,1
carrera disenar y generar,identidad_institucional_declarada,1
carrera dura,identidad_institucional_declarada,1
carrera el,identidad_institucional_declarada,2
carrera el sello,identidad_institucional_declarada,1
carrera el sello de,identidad_institucional_declarada,1
carrera es,identidad_institucional_declarada,1
carrera es formar,identidad_institucional_declarada,1
carrera es formar ingenieras,identidad_institucional_declarada,1
carrera la,identidad_institucional_declarada,2
carrera la carrera,identidad_institucional_declarada,1
carrera la carrera de,identidad_institucional_declarada,1
carrera la sociedad,identidad_institucional_declarada,1
carrera la sociedad necesita,identidad_institucional_declarada,1
carrera lo,identidad_institucional_declarada,1
carrera lo constituye,identidad_institucional_declarada,1
carrera lo constituye su,identidad_institucional_declarada,1
carrera nacional,identidad_institucional_declarada,1
carrera nacional duoc,identidad_institucional_declarada,1
carrera nacional duoc uc,identidad_institucional_declarada,1
carrera o,identidad_institucional_declarada,1
carrera o programa,identidad_institucional_declarada,1
carrera o programa de,identidad_institucional_declarada,1
carrera otorga,identidad_institucional_declarada,2
carrera otorga las,identidad_institucional_declarada,1
carrera otorga las siguientes,identidad_institucional_declarada,1
carrera otorga una,identidad_institucional_declarada,1
carrera otorga una vision,identidad_institucional_declarada,1
carrera profesional,identidad_institucional_declarada,1
carrera profesional sin,identidad_institucional_declarada,1
carrera profesional sin licenciatura,identidad_institucional_declarada,1
carrera que,identidad_institucional_declarada,1
carrera que a,identidad_institucional_declarada,1
carrera que a traves,identidad_institucional_declarada,1
carrera se,identidad_institucional_declarada,2
carrera se imparte,identidad_institucional_declarada,2
carrera se imparte en,identidad_institucional_declarada,2
carrera son,identidad_institucional_declarada,2
carrera tiene,identidad_institucional_declarada,1
carrera tiene ingreso,identidad_institucional_declarada,1
carrera tiene ingreso a,identidad_institucional_declarada,1
carreras,identidad_institucional_declarada,3
carreras,segmento_con_indicios_de_menu,1
carreras conoce,segmento_con_indicios_de_menu,1
carreras conoce nuestros,segmento_con_indicios_de_menu,1
carreras conoce nuestros campus,segmento_con_indicios_de_menu,1
carreras de,identidad_institucional_declarada,3
carreras de especializacion,identidad_institucional_declarada,1
carreras de informatica,identidad_institucional_declarada,1
carreras de informatica en,identidad_institucional_declarada,1
carreras de ingenieria,identidad_institucional_declarada,1
carreras de ingenieria civil,identidad_institucional_declarada,1
casos de,extremo_funcional,1
catedras de,extremo_funcional,1
catedras de la,extremo_funcional,1
catolica,segmento_de_identidad_institucional,1
catolica,stopword_o_unigrama_corto,9
catolica de,extremo_funcional,5
catolica de,segmento_de_identidad_institucional,1
catolica de la,extremo_funcional,3
catolica de la,segmento_de_identidad_institucional,1
catolica de la institucion,segmento_de_identidad_institucional,1
catolica de la santisima,contexto_institucional_geografico,3
catolica de temuco,contexto_institucional_geografico,1
catolica de temuco es,extremo_funcional,1
catolica de valparaiso,contexto_institucional_geografico,1
catolica del,extremo_funcional,3
catolica del maule,contexto_institucional_geografico,1
catolica del norte,contexto_institucional_geografico,2
catolica del norte tiene,extremo_funcional,2
cautelando la,extremo_funcional,1
cautelando la confidencialidad de,extremo_funcional,1
centra en,extremo_funcional,1
centra en la,extremo_funcional,1
centra su,extremo_funcional,1
centra su mirada,expresion_funcional,1
centra su mirada en,extremo_funcional,1
centrada en,extremo_funcional,4
centrada en el,extremo_funcional,3
centrada en las,extremo_funcional,1
centrado en,extremo_funcional,3
centrado en el,extremo_funcional,1
centrado en las,extremo_funcional,2
central de,extremo_funcional,1
central de chile,contexto_institucional_geografico,1
central de chile es,extremo_funcional,1
central es,extremo_funcional,1
central es capaz,expresion_funcional,1
central es capaz de,extremo_funcional,1
certificacion,segmento_con_indicios_de_menu,1
certificacion de,segmento_con_indicios_de_menu,1
certificacion de carreras,segmento_con_indicios_de_menu,1
certificacion de carreras conoce,segmento_con_indicios_de_menu,1
certificaciones internacionales de,extremo_funcional,1
certificaciones internacionales en,extremo_funcional,1
certificaciones junto con,extremo_funcional,1
certificaciones junto con el,extremo_funcional,1
cesar vallejo de,extremo_funcional,1
chile,stopword_o_unigrama_corto,7
chile es,extremo_funcional,2
chile es un,extremo_funcional,2
chile es un profesional,expresion_funcional,1
chile sera,extremo_generico_declarado,1
chile sera capaz,extremo_generico_declarado,1
chile sera capaz de,extremo_funcional,1
chile son,extremo_funcional,1
chile son profesionales,expresion_funcional,1
chile son profesionales que,extremo_funcional,1
chiloe nivel formativo carrera,identidad_institucional_declarada,1
chinquihue km,fragmento_corto_no_reconocido,1
ciberseguridad en,extremo_funcional,1
ciberseguridad forma profesionales que,extremo_funcional,1
ciberseguridad o,extremo_funcional,1
ciberseguridad o ingenieria,expresion_funcional,1
ciberseguridad o ingenieria civil,expresion_funcional,1
ciclo completo del,extremo_funcional,1
ciclo de,extremo_funcional,4
ciclo de vida de,extremo_funcional,3
ciclo de vida del,extremo_funcional,1
ciencia de,extremo_funcional,9
ciencia de datos y,extremo_funcional,2
ciencia de la,extremo_funcional,3
ciencia de la ingenieria,denominacion_grado,1
ciencia de los,extremo_funcional,2
ciencia e,extremo_funcional,1
ciencia e ingenieria,expresion_funcional,1
ciencia e ingenieria computacional,expresion_funcional,1
ciencia para,extremo_funcional,1
ciencia para la,extremo_funcional,1
ciencia y,extremo_funcional,3
ciencia y tecnologia,expresion_funcional,2
ciencia y tecnologias,expresion_funcional,1
ciencia y tecnologias para,extremo_funcional,1
ciencias al,extremo_funcional,1
ciencias al completar,expresion_funcional,1
ciencias al completar el,extremo_funcional,1
ciencias basicas de,extremo_funcional,1
ciencias basicas de la,extremo_funcional,1
ciencias basicas y,extremo_funcional,4
ciencias basicas y ciencias,expresion_funcional,1
ciencias basicas y de,extremo_funcional,2
ciencias basicas y utilizacion,expresion_funcional,1
ciencias de,extremo_funcional,15
ciencias de la,extremo_funcional,15
ciencias de la ingenieria,denominacion_grado,15
ciencias digitales y,extremo_funcional,1
ciencias digitales y tecnologias,expresion_funcional,1
ciencias en,extremo_funcional,1
ciencias geologicas escuela de,extremo_funcional,1
ciencias geologicas jefe de,extremo_funcional,1
cientifica y,extremo_funcional,1
cientifica y tecnologica,expresion_funcional,1
cientifica y tecnologica en,extremo_funcional,1
cientifico e,extremo_funcional,1
cientifico e ingenieril,expresion_funcional,1
cientifico e ingenieril y,extremo_funcional,1
cientifico y,extremo_funcional,1
cientifico y tecnologico,expresion_funcional,1
cientifico y tecnologico aplicado,expresion_funcional,1
cientificos propios de,extremo_funcional,1
cientificos propios de la,extremo_funcional,1
cientificos y,extremo_funcional,1
cientificos y tecnologicos,expresion_funcional,1
cientificos y tecnologicos desarrollados,expresion_funcional,1
cifra que,extremo_funcional,1
cifra que aumenta,expresion_funcional,1
cifra que aumenta al,extremo_funcional,1
circundante y,extremo_funcional,1
circundante y pone,expresion_funcional,1
circundante y pone a,extremo_funcional,1
circunstancias cotidianas de,extremo_funcional,1
circunstancias cotidianas de su,extremo_funcional,1
ciudadana inspirada en,extremo_funcional,1
ciudadania en,extremo_funcional,1
civicos y,extremo_funcional,1
civicos y de,extremo_funcional,1
civicos y de responsabilidad,expresion_funcional,1
civil,denominacion_grado,30
civil electronico,denominacion_grado,1
civil en,extremo_funcional,20
civil en computacion,denominacion_grado,10
civil en computacion de,extremo_funcional,1
civil en computacion e,extremo_funcional,6
civil en computacion es,extremo_funcional,1
civil en informatica,denominacion_grado,10
civil en informatica buscan,denominacion_grado,1
civil en informatica contempla,denominacion_grado,1
civil en informatica de,extremo_funcional,2
civil en informatica e,extremo_funcional,3
civil en informatica egresado,extremo_generico_declarado,1
civil en informatica y,extremo_funcional,3
civil industrial,denominacion_grado,1
civil industrial centra,denominacion_grado,1
civil industrial centra su,extremo_funcional,1
civil informatica,denominacion_grado,7
civil informatica de,extremo_funcional,4
civil informatica de la,extremo_funcional,4
civil informatica las,extremo_funcional,1
civil informatica y,extremo_funcional,1
civil informatica y sus,extremo_funcional,1
civil informatico,denominacion_grado,6
civil informatico de,extremo_funcional,3
civil informatico de la,extremo_funcional,3
civil o,extremo_funcional,1
civil o plan,expresion_funcional,1
civil o plan comun,expresion_funcional,1
civil plan,denominacion_grado,1
civil plan comun,denominacion_grado,1
civil telematico,denominacion_grado,1
civil telematico e,extremo_funcional,1
civil telematico e ingeniero,expresion_funcional,1
civil ufro,denominacion_grado,1
civiles informaticos,denominacion_grado,1
cl,fragmento_corto_no_reconocido,1
cl admision,fragmento_corto_no_reconocido,1
clara y,extremo_funcional,1
clara y coherente,expresion_funcional,1
clara y coherente sus,extremo_funcional,1
clases en,extremo_funcional,1
clases en diversas,extremo_vago_declarado,1
clases en diversas universidades,contexto_institucional_geografico,1
clasica de,extremo_funcional,1
clave como,extremo_funcional,1
clave como redes,expresion_funcional,1
clave como redes y,extremo_funcional,1
cliente y,extremo_funcional,1
cliente y los,extremo_funcional,1
cliente y los objetivos,expresion_funcional,1
coherencia con,extremo_funcional,1
coherencia con el,extremo_funcional,1
coherencia etica entre,extremo_funcional,1
coherencia etica entre sus,extremo_funcional,1
coherente sus,extremo_funcional,1
coherente sus ideas,expresion_funcional,1
coherente sus ideas a,extremo_funcional,1
coherente y,extremo_funcional,1
coherente y sistematicamente,expresion_funcional,1
coherente y sistematicamente sus,extremo_funcional,1
colabora en,extremo_funcional,1
colabora en proyectos de,extremo_funcional,1
colaboracion y,extremo_funcional,1
colaboracion y comunicacion,expresion_funcional,1
colaboracion y comunicacion efectiva,expresion_funcional,1
colaboraciones con,extremo_funcional,1
colaboraciones con empresas y,extremo_funcional,1
colaborando en,extremo_funcional,1
colaborando en la,extremo_funcional,1
colaborando en la ejecucion,denominacion_grado,1
colaborar con,extremo_funcional,1
colaborar con equipos de,extremo_funcional,1
colaborar en,extremo_funcional,1
colaborar y,extremo_funcional,1
colaborar y vincularse,expresion_funcional,1
colaborar y vincularse con,extremo_funcional,1
colaborativa en,extremo_funcional,1
colaborativa y,extremo_funcional,1
colaborativa y autonomamente,expresion_funcional,1
colaborativa y autonomamente mediante,expresion_funcional,1
colaborativamente en,extremo_funcional,2
colaborativamente para,extremo_funcional,1
colaborativamente para evaluar y,extremo_funcional,1
colaborativo y,extremo_funcional,1
colaborativo y comunicacion,expresion_funcional,1
colaborativos y,extremo_funcional,1
colaborativos y comunicarse,expresion_funcional,1
colaborativos y comunicarse efectivamente,expresion_funcional,1
combina la,extremo_funcional,1
combinado de,extremo_funcional,2
combinado de las,extremo_funcional,2
como,stopword_o_unigrama_corto,40
como adb,extremo_funcional,1
como como,extremo_funcional,1
como como tecnologia,extremo_funcional,1
como como tecnologia de,extremo_funcional,1
como consultor,extremo_funcional,3
como consultor bi,fragmento_corto_no_reconocido,1
como consultor o,extremo_funcional,1
como consultor o asesor,extremo_funcional,1
como de,extremo_funcional,4
como de servicios,extremo_funcional,1
como de sistemas,extremo_funcional,2
como de sistemas informaticos,extremo_funcional,2
como de software,extremo_funcional,1
como de software y,extremo_funcional,1
como delivery,extremo_funcional,1
como delivery manager,extremo_funcional,1
como delivery manager en,extremo_funcional,1
como desarrolladores,extremo_funcional,1
como desarrolladores de,extremo_funcional,1
como desarrolladores de software,extremo_funcional,1
como desarrollar,extremo_funcional,1
como desarrollar una,extremo_funcional,1
como desarrollar una perspectiva,extremo_funcional,1
como directivo,extremo_funcional,1
como directivo de,extremo_funcional,1
como directivo de nivel,extremo_funcional,1
como docente,extremo_funcional,1
como docente de,extremo_funcional,1
como docente de mas,extremo_funcional,1
como docente universitario,extremo_funcional,1
como docente universitario e,extremo_funcional,1
como doctor,extremo_funcional,1
como doctor en,extremo_funcional,1
como doctor en ciencias,extremo_funcional,1
como ejecutivos,extremo_funcional,2
como ejecutivos de,extremo_funcional,1
como ejecutivos de negocios,extremo_funcional,1
como ejecutivos idoneos,extremo_funcional,1
como ejecutivos idoneos para,extremo_funcional,1
como elementos,extremo_funcional,1
como elementos distintivos,extremo_funcional,1
como elementos distintivos de,extremo_funcional,1
como en,extremo_funcional,3
como en el,extremo_funcional,2
como en el idioma,extremo_funcional,1
como en el trabajo,extremo_funcional,1
como en ingles,extremo_funcional,1
como es,extremo_funcional,1
como es el,extremo_funcional,1
como es el perfil,extremo_funcional,1
como evaluadora,extremo_funcional,1
como evaluadora de,extremo_funcional,1
como evaluadora de proyectos,extremo_funcional,1
como extranjeras,extremo_funcional,1
como facultad,extremo_funcional,1
como fuentes,extremo_funcional,1
como fuentes de,extremo_funcional,1
como fuentes de desarrollo,extremo_funcional,1
como gestionar,extremo_funcional,2
como gestionar los,extremo_funcional,1
como gestionar los recursos,extremo_funcional,1
como gestionar proyectos,extremo_funcional,1
como herramienta,extremo_funcional,1
como herramienta del,extremo_funcional,1
como herramienta del desarrollo,extremo_funcional,1
como ingeniera,extremo_funcional,1
como ingeniera o,extremo_funcional,1
como ingeniera o ingeniero,extremo_funcional,1
como ingeniero,extremo_funcional,1
como ingeniero de,extremo_funcional,1
como ingeniero de software,extremo_funcional,1
como inteligencia,extremo_funcional,1
como inteligencia artificial,extremo_funcional,1
como internacional,extremo_funcional,1
como internet,extremo_funcional,1
como internet de,extremo_funcional,1
como internet de las,extremo_funcional,1
como jefe,extremo_funcional,3
como jefe de,extremo_funcional,3
como jefe de departamento,extremo_funcional,1
como jefe de proyectos,extremo_funcional,1
como jefe de unidades,extremo_funcional,1
como la,extremo_funcional,2
como la estadistica,extremo_funcional,1
como la ingenieria,extremo_funcional,1
como la ingenieria de,extremo_funcional,1
como lider,extremo_funcional,1
como lider de,extremo_funcional,1
como lider de cualquier,extremo_funcional,1
como nacional,extremo_funcional,1
como observar,extremo_funcional,1
como para,extremo_funcional,1
como para emprender,extremo_funcional,1
como para emprender e,extremo_funcional,1
como postgrado,extremo_funcional,1
como postgrado y,extremo_funcional,1
como postgrado y como,extremo_funcional,1
como prestador,extremo_funcional,1
como prestador de,extremo_funcional,1
como prestador de servicios,extremo_funcional,1
como privadas,extremo_funcional,1
como privado,extremo_funcional,1
como privados,extremo_funcional,1
como profesional,extremo_funcional,2
como profesional considera,extremo_funcional,1
como profesional considera la,extremo_funcional,1
como profesional integral,extremo_funcional,1
como profesional integral se,extremo_funcional,1
como proposito,extremo_funcional,1
como proposito formar,extremo_funcional,1
como proposito formar ingenieros,extremo_funcional,1
como redes,extremo_funcional,1
como redes y,extremo_funcional,1
como redes y comunicaciones,extremo_funcional,1
como responsable,extremo_funcional,1
como responsable de,extremo_funcional,1
como responsable de la,extremo_funcional,1
como respuesta,extremo_funcional,1
como respuesta valiosa,extremo_funcional,1
como respuesta valiosa al,extremo_funcional,1
como sello,extremo_funcional,1
como sello diferenciador,extremo_funcional,1
como sello diferenciador la,extremo_funcional,1
como strategy,extremo_funcional,1
como strategy account,extremo_funcional,1
como strategy account manager,extremo_funcional,1
como tambien,extremo_funcional,6
como tambien a,extremo_funcional,2
como tambien a desarrollarse,extremo_funcional,1
como tambien a empresas,extremo_funcional,1
como tambien aumentar,extremo_funcional,1
como tambien aumentar la,extremo_funcional,1
como tambien para,extremo_funcional,1
como tambien para disenar,extremo_funcional,1
como tecnologia,extremo_funcional,2
como tecnologia de,extremo_funcional,2
como tecnologia de la,extremo_funcional,2
como un,extremo_funcional,4
como un espiritu,extremo_funcional,1
como un espiritu critico,extremo_funcional,1
como un profesional,extremo_funcional,2
como un profesional integrador,extremo_funcional,2
como un referente,extremo_funcional,1
como un referente en,extremo_funcional,1
como una,extremo_funcional,1
como una forma,extremo_funcional,1
como una forma de,extremo_funcional,1
como universidad,extremo_funcional,1
como universidad bernardo,extremo_funcional,1
como universidad bernardo o,extremo_funcional,1
competencias alcanzadas en,extremo_funcional,1
competencias alcanzadas en el,extremo_funcional,1
competencias con,extremo_funcional,1
competencias con un,extremo_funcional,1
competencias con un alto,extremo_vago_declarado,1
competencias de,extremo_funcional,3
competencias de la,extremo_funcional,1
competencias de la carrera,identidad_institucional_declarada,1
competencias de un,extremo_funcional,1
competencias de un ingeniero,expresion_funcional,1
competencias del,extremo_funcional,2
competencias del perfil de,extremo_funcional,2
competencias en,extremo_funcional,2
competencias en distintos ambitos,extremo_vago_declarado,1
competencias especificas de,extremo_funcional,1
competencias especificas de la,extremo_funcional,1
competencias genericas orientadas al,extremo_funcional,1
competencias genericas tales como,extremo_funcional,2
competencias genericas y,extremo_funcional,1
competencias genericas y especificas,expresion_funcional,1
competencias para,extremo_funcional,7
competencias para crear y,extremo_funcional,1
competencias para el,extremo_funcional,1
competencias para enfrentar los,extremo_funcional,1
competencias para gestionar y,extremo_funcional,1
competencias que,extremo_funcional,3
competencias que les,extremo_funcional,2
competencias que les faculta,expresion_funcional,1
competencias que les permitan,expresion_funcional,1
competencias que lo,extremo_funcional,1
competencias que lo habilitan,expresion_funcional,1
competencias se,extremo_funcional,2
competencias se encuentran,expresion_funcional,2
competencias se encuentran analizar,expresion_funcional,1
competencias se encuentran modelar,expresion_funcional,1
competencias sello de,extremo_funcional,1
competencias sello de la,extremo_funcional,1
competencias tecnicas para,extremo_funcional,1
competencias tecnicas para la,extremo_funcional,1
competencias tecnicas y,extremo_funcional,2
competencias tecnicas y conocimientos,extremo_vago_declarado,1
competencias tecnicas y profesionales,expresion_funcional,1
competencias transversales de,extremo_funcional,1
competencias transversales que,extremo_funcional,1
competencias transversales que desarrollaras,expresion_funcional,1
competente con,extremo_funcional,1
competente con solidos conocimientos,extremo_vago_declarado,1
competente para,extremo_funcional,2
competente para el,extremo_funcional,1
competentes y,extremo_funcional,1
competentes y responsables,expresion_funcional,1
competentes y responsables en,extremo_funcional,1
complejidad y,extremo_funcional,1
complejidad y naturaleza,expresion_funcional,1
complejo y,extremo_funcional,1
complejo y dinamico,expresion_funcional,1
complejos con,extremo_funcional,1
complejos con el,extremo_funcional,1
complejos de,extremo_funcional,1
complejos de la,extremo_funcional,1
complejos de la ingenieria,denominacion_grado,1
complejos en,extremo_funcional,4
complejos en el,extremo_funcional,1
complejos en los,extremo_funcional,1
complejos en los ambitos,extremo_vago_declarado,1
complejos en su,extremo_funcional,1
complejos en su area,expresion_funcional,1
complejos mediante el,extremo_funcional,2
complejos para,extremo_funcional,1
complejos para resolver diversas,extremo_vago_declarado,1
complejos que,extremo_funcional,1
complejos que requieran,expresion_funcional,1
complejos que requieran soluciones,expresion_funcional,1
complejos utilizando tecnologias de,extremo_funcional,1
complejos vinculados al,extremo_funcional,1
complejos vinculados al diseno,expresion_funcional,1
complejos y,extremo_funcional,3
complejos y desarrollar,expresion_funcional,1
complejos y desarrollar proyectos,expresion_funcional,1
complejos y masivos,expresion_funcional,1
complejos y resolver,expresion_funcional,1
complejos y resolver problemas,expresion_funcional,1
complementa su,extremo_funcional,2
complementa su formacion,expresion_funcional,2
complementa su formacion con,extremo_funcional,1
complementa su formacion disciplinar,expresion_funcional,1
completar el,extremo_funcional,2
completar el plan de,extremo_funcional,1
completar una,extremo_funcional,1
completar una formacion,expresion_funcional,1
completar una formacion profesional,expresion_funcional,1
completo del,extremo_funcional,1
completo del desarrollo de,extremo_funcional,1
componente administrativo gerencial que,extremo_funcional,1
componente cientifico y,extremo_funcional,1
componente cientifico y tecnologico,expresion_funcional,1
componentes,stopword_o_unigrama_corto,5
componentes en,extremo_funcional,1
componentes en tecnologias de,extremo_funcional,1
componentes que,extremo_funcional,1
componentes que conformen,expresion_funcional,1
componentes que conformen la,extremo_funcional,1
componentes y,extremo_funcional,1
componentes y sistemas,expresion_funcional,1
comportamiento etico y,extremo_funcional,1
comportamiento etico y socialmente,expresion_funcional,1
comprenda los,extremo_funcional,1
comprenda los desafios que,extremo_funcional,1
comprende el,extremo_funcional,1
comprende los,extremo_funcional,1
comprende los principios de,extremo_funcional,1
comprender la,extremo_funcional,1
comprender y,extremo_funcional,1
comprender y resolver,expresion_funcional,1
comprender y resolver las,extremo_funcional,1
comprendiendo las,extremo_funcional,1
comprension de,extremo_funcional,1
comprension de las,extremo_funcional,1
comprobar coherente y,extremo_funcional,1
comprobar coherente y sistematicamente,expresion_funcional,1
comprometida con,extremo_funcional,3
comprometida con los,extremo_funcional,2
comprometido,segmento_de_identidad_institucional,1
comprometido con,extremo_funcional,2
comprometido con,segmento_de_identidad_institucional,1
comprometido con el,extremo_funcional,1
comprometido con el,segmento_de_identidad_institucional,1
comprometido con el respeto,segmento_de_identidad_institucional,1
comprometido con la,extremo_funcional,1
comprometidos con,extremo_funcional,1
comprometidos con la,extremo_funcional,1
compromiso con,extremo_funcional,4
compromiso con el,extremo_funcional,1
compromiso con la,extremo_funcional,3
compromiso con los,extremo_funcional,1
compromiso etico los,extremo_funcional,1
compromiso etico y,extremo_funcional,2
compromiso etico y moral,expresion_funcional,1
compromiso etico y una,extremo_funcional,1
compromiso permanente con,extremo_funcional,1
compromiso permanente con su,extremo_funcional,1
compromiso y,extremo_funcional,1
compromiso y permanente,expresion_funcional,1
compromiso y permanente consciencia,expresion_funcional,1
computacion aplicada y,extremo_funcional,1
computacion aplicada y ciencia,expresion_funcional,1
computacion ciencia e,extremo_funcional,1
computacion ciencia e ingenieria,expresion_funcional,1
computacion de,extremo_funcional,1
computacion de la,extremo_funcional,1
computacion de la universidad,contexto_institucional_geografico,1
computacion desarrolla la,extremo_funcional,1
computacion e,extremo_funcional,12
computacion e informatica,expresion_funcional,12
computacion e informatica de,extremo_funcional,10
computacion e informatica el,extremo_funcional,1
computacion e informatica es,extremo_funcional,3
computacion e informatica para,extremo_funcional,1
computacion e informatica se,extremo_funcional,2
computacion es,extremo_funcional,1
computacion es un,extremo_funcional,1
computacion ingenieria,denominacion_grado,1
computacion ingenieria de,extremo_funcional,1
computacion ingenieria de datos,denominacion_grado,1
computacion y,extremo_funcional,2
computacion y de,extremo_funcional,1
computacion y de especialidad,expresion_funcional,1
computacion y tecnologias,expresion_funcional,1
computacion y tecnologias de,extremo_funcional,1
computacionales a,extremo_funcional,1
computacionales a nivel,expresion_funcional,1
computacionales a nivel de,extremo_funcional,1
computacionales e,extremo_funcional,1
computacionales e informaticos,expresion_funcional,1
computacionales e informaticos con,extremo_funcional,1
computacionales que,extremo_funcional,1
computacionales que responden,expresion_funcional,1
computacionales que responden a,extremo_funcional,1
computacionales y,extremo_funcional,4
computacionales y de,extremo_funcional,1
computacionales y de gestion,expresion_funcional,1
computacionales y ejecutivo,expresion_funcional,1
computacionales y ejecutivo de,extremo_funcional,1
computacionales y la,extremo_funcional,1
computacionales y la capacidad,expresion_funcional,1
computacionales y tic,expresion_funcional,1
computacionalmente con,extremo_funcional,1
computacionalmente con el,extremo_funcional,1
computadores o,extremo_funcional,1
computadores o tic,expresion_funcional,1
computadores y,extremo_funcional,1
computadores y servicios,expresion_funcional,1
computadores y servicios de,extremo_funcional,1
computo y,extremo_funcional,2
computo y comunicaciones,expresion_funcional,2
computo y comunicaciones junto,expresion_funcional,2
comun,segmento_de_identidad_institucional,2
comun a,segmento_de_identidad_institucional,2
comun a partir,segmento_de_identidad_institucional,2
comun a partir de,segmento_de_identidad_institucional,2
comun de,extremo_funcional,1
comun de la,extremo_funcional,1
comun ingenieria,denominacion_grado,1
comun ingenieria civil,denominacion_grado,1
comun ingenieria civil ufro,denominacion_grado,1
comun y,extremo_funcional,1
comun y el,extremo_funcional,1
comun y el reconocimiento,expresion_funcional,1
comunica a,extremo_funcional,1
comunica a traves,expresion_funcional,1
comunica a traves de,extremo_funcional,1
comunica de,extremo_funcional,2
comunica en,extremo_funcional,1
comunicacion como,extremo_funcional,1
comunicacion como herramienta,expresion_funcional,1
comunicacion como herramienta del,extremo_funcional,1
comunicacion con,extremo_funcional,1
comunicacion con capacidades para,extremo_funcional,1
comunicacion de,extremo_funcional,1
comunicacion e,extremo_funcional,1
comunicacion e inteligencia,expresion_funcional,1
comunicacion e inteligencia artificial,expresion_funcional,1
comunicacion efectiva con,extremo_funcional,1
comunicacion efectiva con el,extremo_funcional,1
comunicacion efectiva de,extremo_funcional,1
comunicacion efectiva y,extremo_funcional,1
comunicacion efectiva y uso,expresion_funcional,1
comunicacion en,extremo_funcional,1
comunicacion en un,extremo_funcional,1
comunicacion en un segundo,expresion_funcional,1
comunicacion o,extremo_funcional,1
comunicacion o ingles,expresion_funcional,1
comunicacion y,extremo_funcional,3
comunicacion y la,extremo_funcional,1
comunicacion y la ingenieria,expresion_funcional,1
comunicacion y liderazgo,expresion_funcional,1
comunicacion y liderazgo que,extremo_funcional,1
comunicacion y un,extremo_funcional,1
comunicacion y un alto,extremo_vago_declarado,1
comunicaciones de,extremo_funcional,1
comunicaciones de la,extremo_funcional,1
comunicaciones de la universidad,contexto_institucional_geografico,1
comunicaciones en,extremo_funcional,2
comunicaciones en funcion de,extremo_funcional,1
comunicaciones en la,extremo_funcional,1
comunicaciones en la universidad,contexto_institucional_geografico,1
comunicaciones junto a,extremo_funcional,2
comunicaciones junto a sus,extremo_funcional,2
comunicaciones para,extremo_funcional,1
comunicaciones y,extremo_funcional,2
comunicaciones y automatizacion,expresion_funcional,2
comunicando de,extremo_funcional,1
comunicandolo de,extremo_funcional,1
comunicar efectivamente sus,extremo_funcional,1
comunicar efectivamente sus propuestas,expresion_funcional,1
comunicar en,extremo_funcional,1
comunicar ideas de,extremo_funcional,1
comunicarse a,extremo_funcional,1
comunicarse a traves,expresion_funcional,1
comunicarse a traves del,extremo_funcional,1
comunicarse adecuadamente en,extremo_funcional,1
comunicarse adecuadamente en el,extremo_funcional,1
comunicarse de,extremo_funcional,1
comunicarse efectivamente en,extremo_funcional,2
comunicarse efectivamente tanto,extremo_funcional,1
comunicarse efectivamente tanto en,extremo_funcional,1
comunicarse y,extremo_funcional,1
comunicarse y desenvolverse,expresion_funcional,1
comunicarse y desenvolverse con,extremo_funcional,1
con,segmento_de_identidad_institucional,2
con,stopword_o_unigrama_corto,55
con altas,extremo_vago_declarado,1
con altas competencias,extremo_funcional,1
con altas competencias tecnicas,extremo_funcional,1
con alto,extremo_vago_declarado,1
con alto compromiso,extremo_funcional,1
con alto compromiso con,extremo_funcional,1
con altos,extremo_vago_declarado,1
con altos valores,extremo_funcional,1
con altos valores eticos,extremo_funcional,1
con amplia,extremo_funcional,1
con amplia experiencia,extremo_funcional,1
con amplia experiencia en,extremo_funcional,1
con autonomia,extremo_funcional,1
con autonomia y,extremo_funcional,1
con autonomia y respeto,extremo_funcional,1
con calidad,extremo_funcional,1
con capacidad,extremo_funcional,3
con capacidad de,extremo_funcional,3
con capacidad de identificar,extremo_funcional,1
con capacidad de trabajar,extremo_funcional,2
con capacidades,extremo_funcional,1
con capacidades para,extremo_funcional,1
con capacidades para desempenarse,extremo_funcional,1
con competencias,extremo_funcional,3
con competencias en,extremo_funcional,1
con competencias en gestion,extremo_funcional,1
con competencias genericas,extremo_funcional,1
con competencias genericas orientadas,extremo_funcional,1
con competencias que,extremo_funcional,1
con competencias que les,extremo_funcional,1
con componentes,extremo_funcional,1
con componentes en,extremo_funcional,1
con componentes en tecnologias,extremo_funcional,1
con compromiso,extremo_funcional,2
con compromiso etico,extremo_funcional,1
con compromiso etico los,extremo_funcional,1
con compromiso social,extremo_funcional,1
con conocimiento,extremo_vago_declarado,1
con conocimiento y,extremo_funcional,1
con conocimiento y pensamiento,extremo_funcional,1
con conocimientos,extremo_vago_declarado,2
con conocimientos en,extremo_funcional,2
con conocimientos en lenguajes,extremo_funcional,2
con curiosidad,extremo_funcional,1
con curiosidad por,extremo_funcional,1
con curiosidad por aprender,extremo_funcional,1
con cursos,extremo_funcional,2
con cursos de,extremo_funcional,1
con cursos de formacion,extremo_funcional,1
con cursos y,extremo_funcional,1
con diversas,extremo_vago_declarado,1
con diversas habilidades,extremo_funcional,1
con diversas habilidades y,extremo_funcional,1
con el,extremo_funcional,17
con el,segmento_de_identidad_institucional,2
con el apoyo,extremo_funcional,1
con el apoyo del,extremo_funcional,1
con el area,extremo_funcional,1
con el area de,extremo_funcional,1
con el desarrollo,extremo_funcional,4
con el desarrollo permanente,extremo_funcional,2
con el desarrollo sostenible,extremo_funcional,1
con el equipo,extremo_funcional,1
con el equipo interno,extremo_funcional,1
con el fin,extremo_funcional,6
con el fin de,extremo_funcional,6
con el legado,extremo_funcional,1
con el legado testamentario,extremo_funcional,1
con el manejo,extremo_funcional,1
con el manejo de,extremo_funcional,1
con el medio,extremo_funcional,2
con el medio ambiente,extremo_funcional,1
con el medio para,extremo_funcional,1
con el objetivo,extremo_funcional,1
con el objetivo de,extremo_funcional,1
con el procesamiento,extremo_funcional,1
con el procesamiento automatizado,extremo_funcional,1
con el proposito,extremo_funcional,1
con el proposito de,extremo_funcional,1
con el respeto,extremo_funcional,1
con el respeto,segmento_de_identidad_institucional,2
con el respeto de,extremo_funcional,1
con el respeto de,segmento_de_identidad_institucional,2
con el titulo,extremo_funcional,1
con el titulo profesional,extremo_funcional,1
con el trabajo,extremo_funcional,1
con el trabajo bien,extremo_funcional,1
con ello,extremo_funcional,1
con empresas,extremo_funcional,2
con empresas de,extremo_funcional,1
con empresas de certificacion,extremo_funcional,1
con empresas y,extremo_funcional,1
con empresas y trabajo,extremo_funcional,1
con enfasis,extremo_funcional,3
con enfasis en,extremo_funcional,3
con enfasis en el,extremo_funcional,1
con enfasis en la,extremo_funcional,3
con enfoque,extremo_funcional,3
con enfoque de,extremo_funcional,1
con enfoque de genero,extremo_funcional,1
con enfoque en,extremo_funcional,2
con enfoque en el,extremo_funcional,1
con enfoque en la,extremo_funcional,1
con equipos,extremo_funcional,4
con equipos de,extremo_funcional,1
con equipos de trabajo,extremo_funcional,1
con equipos interdisciplinarios,extremo_funcional,1
con equipos multidisciplinarios,extremo_funcional,2
con equipos multidisciplinarios en,extremo_funcional,1
con espiritu,extremo_funcional,1
con espiritu critico,extremo_funcional,1
con facilidad,extremo_funcional,1
con facilidad a,extremo_funcional,1
con facilidad a distintos,extremo_funcional,1
con foco,extremo_funcional,1
con foco en,extremo_funcional,1
con foco en la,extremo_funcional,1
con formacion,extremo_funcional,3
con formacion cientifica,extremo_funcional,1
con formacion cientifica y,extremo_funcional,1
con formacion para,extremo_funcional,1
con formacion para gestionar,extremo_funcional,1
con formacion profesional,extremo_funcional,1
con formacion profesional en,extremo_funcional,1
con habilidades,extremo_funcional,5
con habilidades de,extremo_funcional,4
con habilidades de analisis,extremo_funcional,1
con habilidades de autoaprendizaje,extremo_funcional,1
con habilidades de comunicacion,extremo_funcional,1
con habilidades de innovacion,extremo_funcional,1
con habilidades y,extremo_funcional,1
con habilidades y destrezas,extremo_funcional,1
con innovacion,extremo_funcional,2
con innovacion y,extremo_funcional,1
con innovacion y responsabilidad,extremo_funcional,1
con la,extremo_funcional,11
con la,segmento_de_identidad_institucional,2
con la arquitectura,extremo_funcional,1
con la arquitectura de,extremo_funcional,1
con la busqueda,extremo_funcional,1
con la busqueda de,extremo_funcional,1
con la calidad,extremo_funcional,2
con la calidad y,extremo_funcional,1
con la capacidad,extremo_funcional,1
con la capacidad de,extremo_funcional,1
con la estrategia,extremo_funcional,1
con la estrategia de,extremo_funcional,1
con la finalidad,extremo_funcional,2
con la finalidad de,extremo_funcional,2
con la industria,extremo_funcional,2
con la industria y,extremo_funcional,1
con la promocion,extremo_funcional,1
con la promocion,segmento_de_identidad_institucional,2
con la promocion del,extremo_funcional,1
con la promocion del,segmento_de_identidad_institucional,2
con la realidad,extremo_funcional,1
con la realidad social,extremo_funcional,1
con la sustentabilidad,extremo_funcional,1
con la sustentabilidad y,extremo_funcional,1
con las,extremo_funcional,7
con las capacidades,extremo_funcional,1
con las capacidades pertinentes,extremo_funcional,1
con las demas,extremo_funcional,1
con las demas personas,extremo_funcional,1
con las especificaciones,extremo_funcional,1
con las especificaciones tecnicas,extremo_funcional,1
con las necesidades,extremo_funcional,1
con las necesidades de,extremo_funcional,1
con las nuevas,extremo_funcional,1
con las nuevas tecnologias,extremo_funcional,1
con las pasantias,extremo_funcional,1
con las pasantias a,extremo_funcional,1
con las tecnologias,extremo_funcional,2
con las tecnologias de,extremo_funcional,2
con liderazgo,extremo_funcional,1
con los,extremo_funcional,8
con los demas,extremo_funcional,1
con los estandares,extremo_funcional,2
con los estandares de,extremo_funcional,2
con los intereses,extremo_funcional,1
con los intereses y,extremo_funcional,1
con los problemas,extremo_funcional,2
con los problemas de,extremo_funcional,1
con los problemas publicos,extremo_funcional,1
con los procesos,extremo_funcional,1
con los procesos de,extremo_funcional,1
con los requerimientos,extremo_funcional,2
con los requerimientos de,extremo_funcional,1
con los requerimientos del,extremo_funcional,1
con mas,extremo_funcional,1
con mas de,extremo_funcional,1
con multiples,extremo_funcional,1
con multiples habilidades,extremo_funcional,1
con multiples habilidades esenciales,extremo_funcional,1
con normas,extremo_funcional,1
con normas y,extremo_funcional,1
con normas y estandares,extremo_funcional,1
con orientacion,extremo_funcional,1
con orientacion a,extremo_funcional,1
con orientacion a sus,extremo_funcional,1
con otros,extremo_funcional,1
con pasantias,extremo_funcional,1
con pasantias en,extremo_funcional,1
con pasantias en la,extremo_funcional,1
con pensamiento,extremo_funcional,3
con pensamiento analitico,extremo_funcional,1
con pensamiento critico,extremo_funcional,2
con pensamiento critico y,extremo_funcional,2
con pertinencia,extremo_funcional,2
con pertinencia a,extremo_funcional,1
con pertinencia a los,extremo_funcional,1
con pertinencia y,extremo_funcional,1
con pertinencia y eficiencia,extremo_funcional,1
con principios,extremo_funcional,2
con principios eticos,extremo_funcional,2
con principios eticos y,extremo_funcional,2
con programas,extremo_funcional,1
con programas informaticos,extremo_funcional,1
con respeto,extremo_funcional,1
con respeto a,extremo_funcional,1
con respeto a principios,extremo_funcional,1
con responsabilidad,extremo_funcional,4
con responsabilidad a,extremo_funcional,1
con responsabilidad a las,extremo_funcional,1
con responsabilidad profesional,extremo_funcional,1
con responsabilidad profesional y,extremo_funcional,1
con responsabilidad social,extremo_funcional,1
con responsabilidad y,extremo_funcional,1
con responsabilidad y orientacion,extremo_funcional,1
con sentido,extremo_funcional,2
con sentido de,extremo_funcional,1
con sentido de orden,extremo_funcional,1
con sentido etico,extremo_funcional,1
con sentido etico y,extremo_funcional,1
con solida,extremo_funcional,2
con solida formacion,extremo_funcional,2
con solida formacion en,extremo_funcional,2
con solidos,extremo_funcional,1
con solidos conocimientos,extremo_vago_declarado,1
con solidos conocimientos teoricos,extremo_funcional,1
con su,extremo_funcional,3
con su aprendizaje,extremo_funcional,1
con su entorno,extremo_funcional,1
con su profesion,extremo_funcional,1
con un,extremo_funcional,15
con un actuar,extremo_funcional,1
con un actuar etico,extremo_funcional,1
con un alto,extremo_vago_declarado,1
con un alto nivel,extremo_funcional,1
con un cuerpo,extremo_funcional,1
con un cuerpo docente,extremo_funcional,1
con un enfoque,extremo_funcional,4
con un enfoque centrado,extremo_funcional,1
con un enfoque de,extremo_funcional,1
con un enfoque integral,extremo_funcional,1
con un enfoque orientado,extremo_funcional,1
con un fuerte,extremo_funcional,1
con un fuerte componente,extremo_funcional,1
con un marcado,extremo_funcional,4
con un marcado compromiso,extremo_funcional,1
con un marcado espiritu,extremo_funcional,1
con un marcado sello,extremo_funcional,2
con un programa,extremo_funcional,2
con un programa formativo,extremo_funcional,2
con un sentido,extremo_funcional,2
con un sentido amplio,extremo_funcional,2
con un solido,extremo_funcional,1
con un solido compromiso,extremo_funcional,1
con una,extremo_funcional,12
con una busqueda,extremo_funcional,1
con una busqueda constante,extremo_funcional,1
con una cultura,extremo_funcional,1
con una cultura de,extremo_funcional,1
con una especializacion,extremo_funcional,1
con una especializacion en,extremo_funcional,1
con una mirada,extremo_funcional,2
con una mirada etica,extremo_funcional,1
con una mirada trascendente,extremo_funcional,1
con una perspectiva,extremo_funcional,1
con una perspectiva sistemica,extremo_funcional,1
con una responsabilidad,extremo_funcional,1
con una responsabilidad social,extremo_funcional,1
con una solida,extremo_funcional,3
con una solida base,extremo_funcional,1
con una solida formacion,extremo_funcional,2
con una trayectoria,extremo_funcional,1
con una trayectoria como,extremo_funcional,1
con una vision,extremo_funcional,3
con una vision centrada,extremo_funcional,1
con una vision orientada,extremo_funcional,1
con una vision sistemica,extremo_funcional,1
con valores,extremo_funcional,1
con valores asociados,extremo_funcional,1
con valores asociados a,extremo_funcional,1
con vision,extremo_funcional,2
con vision emprendedora,extremo_funcional,1
con vision sistemica,extremo_funcional,1
con vision sistemica y,extremo_funcional,1
concebir y,extremo_funcional,1
concebir y liderar,expresion_funcional,1
concebir y liderar procesos,expresion_funcional,1
concepcion,stopword_o_unigrama_corto,5
concepcion son,extremo_funcional,1
concepcion son profesionales,expresion_funcional,1
concepcion son profesionales calificados,expresion_funcional,1
conceptos e,extremo_funcional,1
conceptos e ideas,expresion_funcional,1
conceptos e ideas basicas,expresion_funcional,1
conceptos tecnicos complejos en,extremo_funcional,1
concibe y,extremo_funcional,1
concibe y disena,expresion_funcional,1
concibe y disena sistemas,expresion_funcional,1
conclusion estas,extremo_funcional,1
conclusion estas areas,expresion_funcional,1
conclusion estas areas estan,expresion_funcional,1
concreto a,extremo_funcional,1
concreto a un,extremo_funcional,1
concreto a un mundo,expresion_funcional,1
concreto y,extremo_funcional,1
concreto y medible,expresion_funcional,1
conducentes a,extremo_funcional,1
conducentes a un,extremo_funcional,1
conducentes a un titulo,expresion_funcional,1
conectividad y,extremo_funcional,1
conectividad y seguridad,expresion_funcional,1
confiando en,extremo_funcional,1
confiando en sus,extremo_funcional,1
confiando en sus habilidades,expresion_funcional,1
confidencialidad de,extremo_funcional,1
confidencialidad de la,extremo_funcional,1
configura y,extremo_funcional,1
configura y opera,expresion_funcional,1
configura y opera sistemas,expresion_funcional,1
configuracion y,extremo_funcional,2
configuracion y evaluacion,expresion_funcional,1
configuracion y evaluacion de,extremo_funcional,1
configuracion y mantencion,expresion_funcional,1
configuracion y mantencion de,extremo_funcional,1
conforman los,extremo_funcional,1
conforman los equipos en,extremo_funcional,1
conforme a,extremo_funcional,2
conforme a principios,expresion_funcional,2
conforme a principios democraticos,expresion_funcional,1
conforme a principios eticos,expresion_funcional,1
conformen la,extremo_funcional,1
conjunto de,extremo_funcional,1
conjunto sistematico de,extremo_funcional,1
conoce,segmento_con_indicios_de_menu,1
conoce nuestros,segmento_con_indicios_de_menu,1
conoce nuestros campus,segmento_con_indicios_de_menu,1
conoce nuestros campus y,segmento_con_indicios_de_menu,1
conocimiento a,extremo_vago_declarado,1
conocimiento a la,extremo_vago_declarado,1
conocimiento a la practica,extremo_vago_declarado,1
conocimiento de,extremo_vago_declarado,2
conocimiento de la,extremo_vago_declarado,1
conocimiento de la gestion,extremo_vago_declarado,1
conocimiento de los,extremo_vago_declarado,1
conocimiento de los y,extremo_vago_declarado,1
conocimiento en,extremo_vago_declarado,1
conocimiento en ciencia,extremo_vago_declarado,1
conocimiento en ciencia y,extremo_vago_declarado,1
conocimiento innovadoramente,extremo_vago_declarado,1
conocimiento innovadoramente en,extremo_vago_declarado,1
conocimiento innovadoramente en su,extremo_vago_declarado,1
conocimiento o,extremo_vago_declarado,1
conocimiento o un,extremo_vago_declarado,1
conocimiento o un mejor,extremo_vago_declarado,1
conocimiento profundo,extremo_vago_declarado,1
conocimiento profundo de,extremo_vago_declarado,1
conocimiento profundo de la,extremo_vago_declarado,1
conocimiento tecnico,extremo_vago_declarado,1
conocimiento tecnico al,extremo_vago_declarado,1
conocimiento tecnico al mismo,extremo_vago_declarado,1
conocimiento y,extremo_vago_declarado,2
conocimiento y desarrollar,extremo_vago_declarado,1
conocimiento y desarrollar autoaprendizaje,extremo_vago_declarado,1
conocimiento y pensamiento,extremo_vago_declarado,1
conocimiento y pensamiento critico,extremo_vago_declarado,1
conocimientos a,extremo_vago_declarado,2
conocimientos a la,extremo_vago_declarado,2
conocimientos a la planificacion,extremo_vago_declarado,2
conocimientos adquiridos,extremo_vago_declarado,2
conocimientos adquiridos en,extremo_vago_declarado,1
conocimientos adquiridos en simulacros,extremo_vago_declarado,1
conocimientos adquiridos y,extremo_vago_declarado,1
conocimientos adquiridos y de,extremo_vago_declarado,1
conocimientos cientificos,extremo_vago_declarado,2
conocimientos cientificos y,extremo_vago_declarado,1
conocimientos cientificos y tecnologicos,extremo_vago_declarado,1
conocimientos de,extremo_vago_declarado,7
conocimientos de ciencia,extremo_vago_declarado,2
conocimientos de ciencia de,extremo_vago_declarado,2
conocimientos de ciencias,extremo_vago_declarado,1
conocimientos de ciencias basicas,extremo_vago_declarado,1
conocimientos de grandes,extremo_vago_declarado,1
conocimientos de grandes volumenes,extremo_vago_declarado,1
conocimientos de la,extremo_vago_declarado,2
conocimientos de la ciencia,extremo_vago_declarado,1
conocimientos de la informatica,extremo_vago_declarado,1
conocimientos de las,extremo_vago_declarado,1
conocimientos de las ciencias,extremo_vago_declarado,1
conocimientos de matematica,extremo_vago_declarado,1
conocimientos de programacion,extremo_vago_declarado,1
conocimientos disciplinares,extremo_vago_declarado,1
conocimientos en,extremo_vago_declarado,7
conocimientos en ciencias,extremo_vago_declarado,2
conocimientos en ciencias basicas,extremo_vago_declarado,2
conocimientos en economia,extremo_vago_declarado,1
conocimientos en economia y,extremo_vago_declarado,1
conocimientos en el,extremo_vago_declarado,1
conocimientos en el area,extremo_vago_declarado,1
conocimientos en la,extremo_vago_declarado,1
conocimientos en la formulacion,extremo_vago_declarado,1
conocimientos en las,extremo_vago_declarado,1
conocimientos en las areas,extremo_vago_declarado,1
conocimientos en lenguajes,extremo_vago_declarado,2
conocimientos en lenguajes de,extremo_vago_declarado,2
conocimientos en tecnologias,extremo_vago_declarado,1
conocimientos en tecnologias y,extremo_vago_declarado,1
conocimientos especializados,extremo_vago_declarado,2
conocimientos especializados de,extremo_vago_declarado,1
conocimientos especializados de su,extremo_vago_declarado,1
conocimientos especializados propios,extremo_vago_declarado,1
conocimientos especializados propios de,extremo_vago_declarado,1
conocimientos ligados,extremo_vago_declarado,1
conocimientos ligados al,extremo_vago_declarado,1
conocimientos ligados al area,extremo_vago_declarado,1
conocimientos para,extremo_vago_declarado,1
conocimientos para aplicar,extremo_vago_declarado,1
conocimientos para aplicar soluciones,extremo_vago_declarado,1
conocimientos permite,extremo_vago_declarado,1
conocimientos permite a,extremo_vago_declarado,1
conocimientos permite a este,extremo_vago_declarado,1
conocimientos profundos,extremo_vago_declarado,1
conocimientos profundos de,extremo_vago_declarado,1
conocimientos profundos de ingenieria,extremo_vago_declarado,1
conocimientos solidos,extremo_vago_declarado,1
conocimientos solidos a,extremo_vago_declarado,1
conocimientos solidos a nivel,extremo_vago_declarado,1
conocimientos tecnicos,extremo_vago_declarado,1
conocimientos tecnicos y,extremo_vago_declarado,1
conocimientos tecnicos y cientificos,extremo_vago_declarado,1
conocimientos teoricos,extremo_vago_declarado,1
conocimientos teoricos y,extremo_vago_declarado,1
conocimientos teoricos y practicos,extremo_vago_declarado,1
conocimientos utilizando,extremo_vago_declarado,1
conocimientos utilizando estrategias,extremo_vago_declarado,1
conocimientos utilizando estrategias apropiadas,extremo_vago_declarado,1
conocimientos valiosos,extremo_vago_declarado,1
conocimientos valiosos y,extremo_vago_declarado,1
conocimientos valiosos y tomar,extremo_vago_declarado,1
conocimientos y,extremo_vago_declarado,9
conocimientos y capital,extremo_vago_declarado,1
conocimientos y capital intelectual,extremo_vago_declarado,1
conocimientos y competencias,extremo_vago_declarado,1
conocimientos y competencias tecnicas,extremo_vago_declarado,1
conocimientos y continuar,extremo_vago_declarado,1
conocimientos y continuar estudios,extremo_vago_declarado,1
conocimientos y emplear,extremo_vago_declarado,1
conocimientos y emplear las,extremo_vago_declarado,1
conocimientos y habilidades,extremo_vago_declarado,2
conocimientos y habilidades en,extremo_vago_declarado,1
conocimientos y habilidades para,extremo_vago_declarado,1
conocimientos y herramientas,extremo_vago_declarado,3
conocimientos y herramientas para,extremo_vago_declarado,1
conocimientos y herramientas que,extremo_vago_declarado,2
consciencia social con,extremo_funcional,1
consciencia social con su,extremo_funcional,1
consciente de,extremo_funcional,1
consciente de su,extremo_funcional,1
consciente de su libertad,expresion_funcional,1
consciente del,extremo_funcional,1
consciente del impacto de,extremo_funcional,1
conservador de,extremo_funcional,1
considera la,extremo_funcional,1
considera organizaciones de,extremo_funcional,1
considera organizaciones de todo,extremo_funcional,1
consideracion las,extremo_funcional,1
consideran las,extremo_funcional,2
considerando aspectos de,extremo_funcional,1
considerando bases de,extremo_funcional,1
considerando criterios de,extremo_funcional,2
considerando distintas plataformas y,extremo_funcional,1
considerando el,extremo_funcional,2
considerando el impacto de,extremo_funcional,2
considerando la,extremo_funcional,2
considerando la contextualizacion de,extremo_funcional,1
considerando las,extremo_funcional,2
considerando las normas y,extremo_funcional,1
considerando las oportunidades de,extremo_funcional,1
considerando los,extremo_funcional,1
considerando procedimientos y,extremo_funcional,1
considerando procedimientos y protocolos,expresion_funcional,1
considerando siempre el,extremo_funcional,1
considerar los,extremo_funcional,1
constante actualizacion y,extremo_funcional,2
constante actualizacion y adaptarse,expresion_funcional,2
constante de,extremo_funcional,2
constante de la,extremo_funcional,1
constante evolucion ofreciendo un,extremo_funcional,1
constituye su,extremo_funcional,1
constituye su conocimiento,extremo_vago_declarado,1
constituye su conocimiento de,extremo_funcional,1
constituyen los,extremo_funcional,1
constituyendose en,extremo_funcional,1
constituyendose en un,extremo_funcional,1
constituyendose en un aporte,expresion_funcional,1
construccion de,extremo_funcional,1
construccion de una,extremo_funcional,1
construccion de una sociedad,expresion_funcional,1
construir conocimiento,extremo_vago_declarado,1
construir conocimiento y,extremo_funcional,1
construir conocimiento y desarrollar,expresion_funcional,1
construir e,extremo_funcional,1
construir e implementar,expresion_funcional,1
construir e implementar soluciones,expresion_funcional,1
construir nuevos modelos de,extremo_funcional,1
construir otros conocimientos,extremo_vago_declarado,1
construir otros conocimientos y,extremo_funcional,1
construir productos de,extremo_funcional,1
construir y,extremo_funcional,1
construir y gestionar,expresion_funcional,1
construir y gestionar soluciones,expresion_funcional,1
construyendo asi una,extremo_funcional,1
construyendo asi una trayectoria,expresion_funcional,1
consultor bi,fragmento_corto_no_reconocido,1
consultor empresarial de,extremo_funcional,2
consultor en,extremo_funcional,1
consultor en el,extremo_funcional,1
consultor o,extremo_funcional,1
consultor o asesor,expresion_funcional,1
consultor o asesor en,extremo_funcional,1
consultor tecnologico y,extremo_funcional,1
consultor tecnologico y lider,expresion_funcional,1
consultores de,extremo_funcional,1
consultoria de,extremo_funcional,1
consultoria de proyectos y,extremo_funcional,1
consultoria en,extremo_funcional,1
consultoria en el,extremo_funcional,1
consultoria para,extremo_funcional,1
consultoria para chile,contexto_institucional_geografico,1
consumidor y,extremo_funcional,1
consumidor y notarias,expresion_funcional,1
contara con,extremo_funcional,2
contara con la,extremo_funcional,1
contara con un,extremo_funcional,1
contara con un solido,expresion_funcional,1
contaras con,extremo_funcional,1
contaras con las,extremo_funcional,1
contaras con pasantias en,extremo_funcional,1
contempla las,extremo_funcional,1
contempla las areas de,extremo_funcional,1
contexto de,extremo_funcional,8
contexto de actualizacion en,extremo_funcional,1
contexto de generacion de,extremo_funcional,1
contexto de ingenieria,denominacion_grado,1
contexto de las,extremo_funcional,2
contexto de su,extremo_funcional,2
contexto de su desempeno,expresion_funcional,1
contexto de su especialidad,expresion_funcional,1
contexto de su profesion,expresion_funcional,1
contexto de una,extremo_funcional,1
contexto de una organizacion,expresion_funcional,1
contexto del,extremo_funcional,1
contexto social y,extremo_funcional,1
contexto social y productivo,expresion_funcional,1
contextos academicos y,extremo_funcional,1
contextos academicos y empresariales,expresion_funcional,1
contextos de,extremo_funcional,1
contextos en,extremo_funcional,1
contextos en un,extremo_funcional,1
contextos en un entorno,expresion_funcional,1
contextos multiculturales e,extremo_funcional,1
contextos multiculturales e interdisciplinares,expresion_funcional,1
contextos organizacionales diversos,extremo_vago_declarado,1
contextos organizacionales y,extremo_funcional,1
contextos organizacionales y de,extremo_funcional,1
contextos para,extremo_funcional,1
contextos para la,extremo_funcional,1
contextos profesionales de,extremo_funcional,1
contextos profesionales de diversa,extremo_vago_declarado,1
contextos tradicionales y,extremo_funcional,1
contextos tradicionales y agiles,expresion_funcional,1
contextos vinculados a,extremo_funcional,1
contextos vinculados a su,extremo_funcional,1
contextualizacion de,extremo_funcional,1
contextualizada los,extremo_funcional,1
contextualizada los conocimientos,extremo_vago_declarado,1
contextualizada los conocimientos de,extremo_funcional,1
contextualizadas de,extremo_funcional,1
contextualizadas de la,extremo_funcional,1
continua asociados a,extremo_funcional,1
continua asociados a las,extremo_funcional,1
continua de,extremo_funcional,2
continua de las,extremo_funcional,1
continua de los,extremo_funcional,1
continua en,extremo_funcional,2
continua en las,extremo_funcional,1
continua en un,extremo_funcional,1
continua en un contexto,expresion_funcional,1
continua y,extremo_funcional,2
continua y buenas,expresion_funcional,1
continua y buenas practicas,expresion_funcional,1
continua y el,extremo_funcional,1
continua y el reconocimiento,expresion_funcional,1
continuacion de,extremo_funcional,1
continuacion de algunos,extremo_funcional,1
continuacion de algunos campos,expresion_funcional,1
continuar estudios conducentes a,extremo_funcional,1
continuar su,extremo_funcional,1
continuar su trayectoria,expresion_funcional,1
continuar su trayectoria formativa,expresion_funcional,1
continuas en,extremo_funcional,1
continuas en el,extremo_funcional,1
continuas en el ambito,extremo_vago_declarado,1
continuo,termino_generico_aislado,5
continuo en,extremo_funcional,1
continuo en el,extremo_funcional,1
continuo en el desarrollo,extremo_generico_declarado,1
contribucion de,extremo_funcional,1
contribucion de generacion de,extremo_funcional,1
contribucion y,extremo_funcional,1
contribucion y transformacion,expresion_funcional,1
contribucion y transformacion de,extremo_funcional,1
contribuir a,extremo_funcional,4
contribuir a la,extremo_funcional,3
contribuir a la formacion,expresion_funcional,1
contribuir a la mejora,expresion_funcional,1
contribuir a la toma,extremo_vago_declarado,1
contribuir a nivel,expresion_funcional,1
contribuir a nivel local,expresion_funcional,1
contribuir al,extremo_funcional,3
contribuir al desarrollo,expresion_funcional,2
contribuir al desarrollo economico,expresion_funcional,1
contribuir al desarrollo y,extremo_funcional,1
contribuir al logro,expresion_funcional,1
contribuir al logro de,extremo_funcional,1
contribuya a,extremo_funcional,2
contribuya a forjar,expresion_funcional,1
contribuya a forjar una,extremo_funcional,1
contribuya a la,extremo_funcional,1
contribuya a la construccion,expresion_funcional,1
contribuye al,extremo_funcional,1
contribuye al bien,expresion_funcional,1
contribuye al bien comun,expresion_funcional,1
contribuyen a,extremo_funcional,1
contribuyen a completar,expresion_funcional,1
contribuyen a completar una,extremo_funcional,1
contribuyendo,stopword_o_unigrama_corto,7
contribuyendo a,extremo_funcional,4
contribuyendo a la,extremo_funcional,3
contribuyendo a la transformacion,expresion_funcional,2
contribuyendo a la viabilidad,expresion_funcional,1
contribuyendo a los,extremo_funcional,1
contribuyendo a los procesos,expresion_funcional,1
contribuyendo al,extremo_funcional,4
contribuyendo al cumplimiento,expresion_funcional,1
contribuyendo al cumplimiento de,extremo_funcional,1
contribuyendo al desarrollo,expresion_funcional,3
contribuyendo al desarrollo de,extremo_funcional,1
contribuyendo al desarrollo economico,expresion_funcional,1
contribuyendo al desarrollo tecnologico,expresion_funcional,1
control de,extremo_funcional,1
control de calidad de,extremo_funcional,1
convalidacion de,extremo_funcional,1
convalidacion de estas,extremo_funcional,1
cooperacion mutua con,extremo_funcional,1
coordinacion de,extremo_funcional,1
coordinacion de los,extremo_funcional,1
coordinadora y,extremo_funcional,1
coordinadora y directora,expresion_funcional,1
coordinadora y directora del,extremo_funcional,1
coquimbo jefe de,extremo_funcional,1
coquimbo jefe de carrera,identidad_institucional_declarada,1
corfo por,extremo_funcional,1
corfo por mas,extremo_funcional,1
corfo por mas de,extremo_funcional,1
correcto uso de,extremo_funcional,1
correcto uso de las,extremo_funcional,1
correspondientes a,extremo_funcional,1
correspondientes a primer,expresion_funcional,1
correspondientes a primer ano,expresion_funcional,1
corte de,extremo_funcional,1
corte de apelaciones de,extremo_funcional,1
cotidianas de,extremo_funcional,1
cotidianas de su,extremo_funcional,1
cotidianas de su profesion,expresion_funcional,1
creacion de,extremo_funcional,3
creacion de productos de,extremo_funcional,1
creacion de valor y,extremo_funcional,1
creacion y,extremo_funcional,1
creacion y gestion,expresion_funcional,1
creacion y gestion integral,expresion_funcional,1
crear soluciones eficientes y,extremo_funcional,1
crear valor de,extremo_funcional,1
crear valor de los,extremo_funcional,1
crear valor e,extremo_funcional,1
crear valor e innovar,expresion_funcional,1
crear y,extremo_funcional,2
crear y administrar,expresion_funcional,1
crear y administrar proyectos,expresion_funcional,1
crear y liderar,expresion_funcional,1
crear y liderar soluciones,expresion_funcional,1
creativas basadas en,extremo_funcional,1
creatividad e,extremo_funcional,1
creatividad e innovacion,expresion_funcional,1
creativos de,extremo_funcional,1
cristian soto de,extremo_funcional,1
cristiana,segmento_de_identidad_institucional,4
cristiana,stopword_o_unigrama_corto,2
cristiana como,extremo_funcional,1
cristiana como respuesta,expresion_funcional,1
cristiana como respuesta valiosa,expresion_funcional,1
cristiana del,segmento_de_identidad_institucional,3
cristiana del mundo,segmento_de_identidad_institucional,3
cristiana del mundo y,segmento_de_identidad_institucional,3
cristiano,stopword_o_unigrama_corto,1
cristiano y,extremo_funcional,1
cristiano y compromiso,expresion_funcional,1
cristiano y compromiso social,expresion_funcional,1
cristianos,stopword_o_unigrama_corto,1
criterios de,extremo_funcional,7
criterios de eficiencia y,extremo_funcional,1
criterios de seguridad de,extremo_funcional,2
critica,stopword_o_unigrama_corto,6
critica con,extremo_funcional,1
critica con el,extremo_funcional,1
critica y,extremo_funcional,2
critica y autocritica,expresion_funcional,1
critica y autocritica frente,expresion_funcional,1
critica y desempenar,expresion_funcional,1
critica y desempenar tareas,expresion_funcional,1
critico y,extremo_funcional,2
critico y capacidad,expresion_funcional,1
critico y capacidad analitica,expresion_funcional,1
critico y sustentabilidad,expresion_funcional,1
criticos de,extremo_funcional,1
cual,stopword_o_unigrama_corto,2
cual es,extremo_funcional,1
cual es una,extremo_funcional,1
cual es una continuacion,extremo_funcional,1
cual permite,extremo_funcional,1
cual permite que,extremo_funcional,1
cual permite que el,extremo_funcional,1
cuales formulan y,extremo_funcional,1
cuales formulan y disenan,expresion_funcional,1
cualificaciones sectoriales del,extremo_funcional,1
cualquier,stopword_o_unigrama_corto,6
cualquier departamento,extremo_funcional,1
cualquier organizacion,extremo_funcional,1
cualquier organizacion como,extremo_funcional,1
cualquier organizacion como directivo,extremo_funcional,1
cualquier rubro,extremo_funcional,1
cualquier tipo,extremo_funcional,3
cualquier tipo de,extremo_funcional,2
cualquier tipo de organizacion,extremo_funcional,2
cualquiera,stopword_o_unigrama_corto,1
cualquiera de,extremo_funcional,1
cualquiera de sus,extremo_funcional,1
cualquiera de sus cuatro,extremo_funcional,1
cuantitativas en,extremo_funcional,1
cuantitativas en contextos de,extremo_funcional,1
cuenta con,extremo_funcional,7
cuenta con cursos de,extremo_funcional,1
cuenta con habilidades y,extremo_funcional,1
cuenta con las,extremo_funcional,1
cuenta con un,extremo_funcional,1
cuenta con una,extremo_funcional,2
cuenta con una cultura,expresion_funcional,1
cuenta con una solida,expresion_funcional,1
cuenta que,extremo_funcional,1
cuenta que ha,extremo_funcional,1
cuenta que ha recibido,expresion_funcional,1
cuentan con,extremo_funcional,1
cuentan con habilidades de,extremo_funcional,1
cuento con,extremo_funcional,1
cuento con mas,extremo_funcional,1
cuento con mas de,extremo_funcional,1
cuerpo distintivo de,extremo_funcional,1
cuerpo distintivo de conocimientos,extremo_vago_declarado,1
cuerpo docente de,extremo_funcional,1
cuidado de,extremo_funcional,1
cuidado de las,extremo_funcional,1
cultura ciudadana inspirada en,extremo_funcional,1
cultura como,extremo_funcional,1
cultura como fuentes,expresion_funcional,1
cultura como fuentes de,extremo_funcional,1
cultura de,extremo_funcional,1
cultura de innovacion y,extremo_funcional,1
cultura empresarial y,extremo_funcional,1
cultura empresarial y emprendedora,expresion_funcional,1
cultural y,extremo_funcional,2
cultural y ambiental,expresion_funcional,1
cultural y medioambiental,expresion_funcional,1
cultural y medioambiental de,extremo_funcional,1
cumplan con,extremo_funcional,1
cumplan con los,extremo_funcional,1
cumplen con,extremo_funcional,1
cumplen con los,extremo_funcional,1
cumplidos los,extremo_funcional,1
cumplidos los requisitos del,extremo_funcional,1
cumpliendo con,extremo_funcional,1
cumpliendo con normas y,extremo_funcional,1
cumpliendo la,extremo_funcional,1
cumpliendo la normativa y,extremo_funcional,1
cumpliendo las,extremo_funcional,1
cumpliendo las normas y,extremo_funcional,1
cumplimiento de,extremo_funcional,3
cumplimiento de los,extremo_funcional,2
cumplimiento del,extremo_funcional,1
cumplir con,extremo_funcional,1
cumplir con los,extremo_funcional,1
curiosidad por,extremo_funcional,1
curiosidad por aprender,expresion_funcional,1
curiosidad por aprender y,extremo_funcional,1
curricular campus y,extremo_funcional,1
curricular campus y sedes,expresion_funcional,1
curricular cuenta con,extremo_funcional,1
curricular ingenieria,denominacion_grado,1
curricular ingenieria en,extremo_funcional,1
curricular ingenieria en informatica,denominacion_grado,1
curriculum y,extremo_funcional,1
curriculum y evaluacion,expresion_funcional,1
cursar todas,extremo_funcional,1
cursar todas las,extremo_funcional,1
cursar todas las asignaturas,expresion_funcional,1
cursos de,extremo_funcional,1
cursos de formacion en,extremo_funcional,1
cursos y,extremo_funcional,1
cuyo enfoque,extremo_funcional,1
cuyo enfoque sea,extremo_funcional,1
cuyo enfoque sea la,extremo_funcional,1
d,fragmento_corto_no_reconocido,1
da,fragmento_corto_no_reconocido,1
da sentido,fragmento_corto_no_reconocido,1
da sentido a,fragmento_corto_no_reconocido,1
da sentido a la,fragmento_corto_no_reconocido,1
dando cuenta que,extremo_funcional,1
dando cuenta que ha,extremo_funcional,1
dando soluciones a,extremo_funcional,1
dando soluciones a diversas,extremo_vago_declarado,1
dar respuesta,extremo_vago_declarado,1
dar respuesta a,extremo_vago_declarado,1
dar respuesta a demandas,extremo_vago_declarado,1
dar respuestas,extremo_vago_declarado,1
dar respuestas eficientes,extremo_vago_declarado,1
dar respuestas eficientes a,extremo_vago_declarado,1
dar soluciones,extremo_vago_declarado,2
dar soluciones a,extremo_vago_declarado,1
dar soluciones a los,extremo_vago_declarado,1
dar soluciones tecnologicas,extremo_vago_declarado,1
dar soluciones tecnologicas de,extremo_vago_declarado,1
dar soporte,extremo_vago_declarado,1
dar soporte al,extremo_vago_declarado,1
dar soporte al diseno,extremo_vago_declarado,1
data y,extremo_funcional,1
data y transtecnia,expresion_funcional,1
datos avanzado sobre,extremo_funcional,1
datos avanzado sobre distintos,expresion_funcional,1
datos como,extremo_funcional,2
datos como de,extremo_funcional,1
datos como de sistemas,expresion_funcional,1
datos como la,extremo_funcional,1
datos como la estadistica,expresion_funcional,1
datos complejos para,extremo_funcional,1
datos con,extremo_funcional,1
datos con la,extremo_funcional,1
datos de,extremo_funcional,1
datos de diversas,extremo_vago_declarado,1
datos digitales criticos de,extremo_funcional,1
datos diversos,extremo_vago_declarado,1
datos e,extremo_funcional,2
datos e implementa,expresion_funcional,1
datos e implementa proyectos,expresion_funcional,1
datos e inteligencia,expresion_funcional,1
datos e inteligencia de,extremo_funcional,1
datos empresariales para,extremo_funcional,1
datos en,extremo_funcional,2
datos en la,extremo_funcional,1
datos en sus,extremo_funcional,1
datos en sus diferentes,expresion_funcional,1
datos ingenieria,denominacion_grado,1
datos ingenieria de,extremo_funcional,1
datos ingenieria de software,denominacion_grado,1
datos mediante tecnicas de,extremo_funcional,1
datos para,extremo_funcional,2
datos para dar,extremo_vago_declarado,1
datos que,extremo_funcional,2
datos que cumplen,expresion_funcional,1
datos que cumplen con,extremo_funcional,1
datos que describen,expresion_funcional,1
datos que describen sistemas,expresion_funcional,1
datos relacionales y,extremo_funcional,1
datos relacionales y no,extremo_funcional,1
datos sensibles de,extremo_funcional,1
datos tendran habilidades de,extremo_funcional,1
datos y,extremo_funcional,11
datos y aplicacion,expresion_funcional,1
datos y aplicacion de,extremo_funcional,1
datos y aplicaciones,expresion_funcional,1
datos y aplicaciones para,extremo_funcional,1
datos y calidad,expresion_funcional,1
datos y calidad de,extremo_funcional,1
datos y entrenamiento,expresion_funcional,1
datos y entrenamiento en,extremo_funcional,1
datos y gestion,expresion_funcional,1
datos y gestion de,extremo_funcional,1
datos y la,extremo_funcional,1
datos y la gestion,expresion_funcional,1
datos y otros,expresion_funcional,1
datos y otros relacionados,expresion_funcional,1
datos y plataformas,expresion_funcional,1
datos y plataformas digitales,expresion_funcional,1
datos y recursos,expresion_funcional,1
datos y recursos computacionales,expresion_funcional,1
datos y sistemas,expresion_funcional,1
datos y sistemas de,extremo_funcional,1
datos y telecomunicaciones,expresion_funcional,1
de,segmento_con_indicios_de_menu,1
de,segmento_de_identidad_institucional,3
de,stopword_o_unigrama_corto,63
de abstraccion,extremo_funcional,3
de abstraccion en,extremo_funcional,1
de abstraccion en ciencias,extremo_funcional,1
de acceso,extremo_funcional,1
de acceso a,extremo_funcional,1
de acceso a la,extremo_funcional,1
de accion,extremo_funcional,1
de accion profesional,extremo_funcional,1
de accion profesional de,extremo_funcional,1
de actualizacion,extremo_funcional,1
de actualizacion en,extremo_funcional,1
de actualizacion en el,extremo_funcional,1
de acuerdo,extremo_funcional,6
de acuerdo a,extremo_funcional,4
de acuerdo a buenas,extremo_funcional,1
de acuerdo a estandares,extremo_funcional,1
de acuerdo a las,extremo_funcional,2
de acuerdo a los,extremo_funcional,1
de acuerdo con,extremo_funcional,2
de acuerdo con las,extremo_funcional,1
de acuerdo con los,extremo_funcional,1
de adaptacion,extremo_funcional,1
de adaptarse,extremo_funcional,2
de adaptarse a,extremo_funcional,1
de adaptarse a la,extremo_funcional,1
de adaptarse con,extremo_funcional,1
de adaptarse con facilidad,extremo_funcional,1
de admision,extremo_funcional,1
de adopcion,extremo_funcional,1
de adopcion de,extremo_funcional,1
de adopcion de nuevas,extremo_funcional,1
de aguirre,extremo_funcional,1
de alcance,extremo_funcional,1
de alcance global,extremo_funcional,1
de algunos,extremo_funcional,1
de algunos campos,extremo_funcional,1
de algunos campos de,extremo_funcional,1
de alianzas,extremo_funcional,1
de alianzas estrategicas,extremo_funcional,1
de alianzas estrategicas con,extremo_funcional,1
de alinearlos,extremo_funcional,2
de alinearlos a,extremo_funcional,1
de alinearlos a la,extremo_funcional,1
de alinearlos con,extremo_funcional,1
de alinearlos con la,extremo_funcional,1
de alternativas,extremo_funcional,1
de alternativas de,extremo_funcional,1
de alternativas de solucion,extremo_funcional,1
de alto,extremo_vago_declarado,2
de alto nivel,extremo_funcional,1
de alto nivel academico,extremo_funcional,1
de alto rendimiento,extremo_funcional,1
de alto rendimiento y,extremo_funcional,1
de analisis,extremo_funcional,4
de analisis de,extremo_funcional,2
de analisis de datos,extremo_funcional,2
de analizar,extremo_funcional,4
de analizar grandes,extremo_funcional,1
de analizar grandes volumenes,extremo_funcional,1
de analizar requerimientos,extremo_funcional,1
de analizar situaciones,extremo_funcional,1
de analizar situaciones y,extremo_funcional,1
de apelaciones,extremo_funcional,1
de apelaciones de,extremo_funcional,1
de apelaciones de la,extremo_funcional,1
de aplicaciones,extremo_funcional,2
de aplicaciones multiplataforma,extremo_funcional,1
de aplicaciones multiplataforma e,extremo_funcional,1
de aplicar,extremo_funcional,4
de aplicar de,extremo_funcional,1
de aplicar de manera,extremo_funcional,1
de aplicar dichos,extremo_funcional,2
de aplicar dichos conocimientos,extremo_vago_declarado,2
de aplicar herramientas,extremo_funcional,1
de aplicar herramientas y,extremo_funcional,1
de aplicar innovadoramente,extremo_funcional,1
de aplicar innovadoramente el,extremo_funcional,1
de aplicar sistematicamente,extremo_funcional,1
de aplicar sistematicamente conocimientos,extremo_vago_declarado,1
de aportar,extremo_funcional,1
de aportar soluciones,extremo_funcional,1
de aportar soluciones a,extremo_funcional,1
de aprender,extremo_funcional,2
de aprender y,extremo_funcional,2
de aprender y actualizarse,extremo_funcional,2
de aprendizaje,extremo_funcional,7
de aprendizaje ambito,extremo_vago_declarado,1
de aprendizaje ambito de,extremo_funcional,1
de aprendizaje autonomo,extremo_funcional,1
de aprendizaje autonomo y,extremo_funcional,1
de aprendizaje continuo,extremo_funcional,1
de aprendizaje especificos,extremo_funcional,1
de aprendizaje especificos al,extremo_funcional,1
de aprendizaje experiencial,extremo_funcional,1
de aprendizaje experiencial trabajando,extremo_funcional,1
de aprendizaje genericos,extremo_funcional,1
de aprendizaje genericos al,extremo_funcional,1
de arquitectura,extremo_funcional,1
de arquitectura de,extremo_funcional,1
de arquitectura de software,extremo_funcional,1
de atacama,extremo_funcional,1
de atacama a,extremo_funcional,1
de atacama a traves,extremo_funcional,1
de atacama es,extremo_funcional,1
de atacama es un,extremo_funcional,1
de atacama se,extremo_funcional,1
de atacama se destaca,extremo_funcional,1
de atacama y,extremo_funcional,1
de atacama y el,extremo_funcional,1
de auto,extremo_funcional,1
de autoaprendizaje,extremo_funcional,2
de autoaprendizaje e,extremo_funcional,1
de autoaprendizaje e investigacion,extremo_funcional,1
de autoaprendizaje y,extremo_funcional,1
de autoaprendizaje y autogestion,extremo_funcional,1
de autogestion,extremo_funcional,1
de autogestion y,extremo_funcional,1
de autogestion y actualizacion,extremo_funcional,1
de aysen,extremo_funcional,1
de aysen se,extremo_funcional,1
de aysen se forman,extremo_funcional,1
de aysen son,extremo_funcional,1
de aysen son profesionales,extremo_funcional,1
de base,extremo_funcional,3
de base cientifico,extremo_funcional,1
de base de,extremo_funcional,1
de base de datos,extremo_funcional,1
de base tecnologica,extremo_funcional,1
de bases,extremo_funcional,3
de bases de,extremo_funcional,3
de bases de datos,extremo_funcional,3
de bienes,extremo_funcional,2
de bienes como,extremo_funcional,1
de bienes como de,extremo_funcional,1
de bienes raices,extremo_funcional,1
de bienes raices de,extremo_funcional,1
de buenas,extremo_funcional,2
de buenas practicas,extremo_funcional,2
de buenas practicas de,extremo_funcional,1
de busqueda,extremo_funcional,1
de busqueda y,extremo_funcional,1
de busqueda y procesamiento,extremo_funcional,1
de cada,extremo_funcional,2
de cada ambito,extremo_vago_declarado,1
de cada ambito los,extremo_funcional,1
de cada proyecto,extremo_funcional,1
de calidad,extremo_funcional,16
de calidad de,extremo_funcional,2
de calidad de proyectos,extremo_funcional,1
de calidad de vida,extremo_funcional,1
de calidad en,extremo_funcional,1
de calidad en el,extremo_funcional,1
de calidad establecidos,extremo_funcional,1
de calidad establecidos por,extremo_funcional,1
de calidad o,extremo_funcional,1
de calidad o de,extremo_funcional,1
de calidad para,extremo_funcional,2
de calidad para dar,extremo_vago_declarado,1
de calidad para satisfacer,extremo_funcional,1
de calidad que,extremo_funcional,1
de calidad que satisfacen,extremo_funcional,1
de calidad relacionadas,extremo_funcional,1
de calidad relacionadas con,extremo_funcional,1
de calidad tecnica,extremo_funcional,1
de calidad tecnica y,extremo_funcional,1
de calidad y,extremo_funcional,3
de calidad y seguridad,extremo_funcional,3
de cambio,extremo_funcional,1
de cambio en,extremo_funcional,1
de cambio en entornos,extremo_funcional,1
de capital,extremo_funcional,1
de capital humano,extremo_funcional,1
de carrera,identidad_institucional_declarada,3
de carrera antofagasta,identidad_institucional_declarada,1
de carrera antofagasta jefe,identidad_institucional_declarada,1
de carrera coquimbo,identidad_institucional_declarada,1
de carrera de,identidad_institucional_declarada,1
de carrera de ingenieria,identidad_institucional_declarada,1
de carrera nacional,identidad_institucional_declarada,1
de carrera nacional duoc,identidad_institucional_declarada,1
de carreras,identidad_institucional_declarada,1
de carreras,segmento_con_indicios_de_menu,1
de carreras conoce,segmento_con_indicios_de_menu,1
de carreras conoce nuestros,segmento_con_indicios_de_menu,1
de carreras de,identidad_institucional_declarada,1
de carreras de informatica,identidad_institucional_declarada,1
de ccna,extremo_funcional,1
de ccna instructor,extremo_funcional,1
de ccna instructor cyber,extremo_funcional,1
de certificacion,extremo_funcional,1
de certificacion internacional,extremo_funcional,1
de certificacion internacional incluidas,extremo_funcional,1
de chile,extremo_funcional,7
de chile es,extremo_funcional,2
de chile es un,extremo_funcional,2
de chile sera,extremo_funcional,1
de chile sera capaz,extremo_funcional,1
de chile son,extremo_funcional,1
de chile son profesionales,extremo_funcional,1
de ciberseguridad,extremo_funcional,1
de ciencia,extremo_funcional,5
de ciencia de,extremo_funcional,4
de ciencia de datos,extremo_funcional,4
de ciencia y,extremo_funcional,1
de ciencia y tecnologia,extremo_funcional,1
de ciencias,extremo_funcional,3
de ciencias basicas,extremo_funcional,1
de ciencias basicas y,extremo_funcional,1
de ciencias de,extremo_funcional,2
de ciencias de datos,extremo_funcional,1
de ciencias de la,extremo_funcional,1
de ciencias digitales,extremo_funcional,1
de ciencias digitales y,extremo_funcional,1
de colaborar,extremo_funcional,1
de colaborar con,extremo_funcional,1
de colaborar con equipos,extremo_funcional,1
de componentes,extremo_funcional,2
de componentes y,extremo_funcional,1
de componentes y sistemas,extremo_funcional,1
de comportamiento,extremo_funcional,1
de comportamiento etico,extremo_funcional,1
de compromiso,extremo_funcional,1
de compromiso con,extremo_funcional,1
de compromiso con la,extremo_funcional,1
de computacion,extremo_funcional,1
de computacion e,extremo_funcional,1
de computacion e informatica,extremo_funcional,1
de computadores,extremo_funcional,2
de computadores o,extremo_funcional,1
de computadores o tic,extremo_funcional,1
de computadores y,extremo_funcional,1
de computadores y servicios,extremo_funcional,1
de computo,extremo_funcional,2
de computo y,extremo_funcional,2
de computo y comunicaciones,extremo_funcional,2
de comunicacion,extremo_funcional,6
de comunicacion de,extremo_funcional,1
de comunicacion de datos,extremo_funcional,1
de comunicacion e,extremo_funcional,1
de comunicacion e inteligencia,extremo_funcional,1
de comunicacion en,extremo_funcional,1
de comunicacion en un,extremo_funcional,1
de comunicacion y,extremo_funcional,2
de comunicacion y liderazgo,extremo_funcional,1
de comunicacion y un,extremo_funcional,1
de comunicaciones,extremo_funcional,1
de comunicaciones de,extremo_funcional,1
de comunicaciones de la,extremo_funcional,1
de comunicarse,extremo_funcional,2
de comunicarse adecuadamente,extremo_funcional,1
de comunicarse adecuadamente en,extremo_funcional,1
de comunicarse efectivamente,extremo_funcional,1
de concebir,extremo_funcional,4
de concebir y,extremo_funcional,1
de concebir y liderar,extremo_funcional,1
de concepcion,extremo_funcional,1
de concepcion son,extremo_funcional,1
de concepcion son profesionales,extremo_funcional,1
de conocimientos,extremo_vago_declarado,4
de conocimientos cientificos,extremo_funcional,1
de conocimientos y,extremo_funcional,2
de conocimientos y herramientas,extremo_funcional,2
de constante,extremo_funcional,1
de constante evolucion,extremo_funcional,1
de constante evolucion tecnologica,extremo_funcional,1
de consultoria,extremo_funcional,3
de consultoria en,extremo_funcional,1
de consultoria en el,extremo_funcional,1
de consultoria para,extremo_funcional,1
de consultoria para chile,extremo_funcional,1
de contribuir,extremo_funcional,2
de contribuir a,extremo_funcional,1
de contribuir a la,extremo_funcional,1
de contribuir al,extremo_funcional,1
de contribuir al desarrollo,extremo_funcional,1
de cooperacion,extremo_funcional,1
de cooperacion mutua,extremo_funcional,1
de cooperacion mutua con,extremo_funcional,1
de coordinadora,extremo_funcional,1
de coordinadora y,extremo_funcional,1
de coordinadora y directora,extremo_funcional,1
de coquimbo,extremo_funcional,1
de crear,extremo_funcional,1
de crear valor,extremo_funcional,1
de crear valor e,extremo_funcional,1
de cualificaciones,extremo_funcional,1
de cualificaciones sectoriales,extremo_funcional,1
de cualificaciones sectoriales del,extremo_funcional,1
de cualquier,extremo_funcional,3
de cualquier departamento,extremo_funcional,1
de cualquier rubro,extremo_funcional,1
de cualquier tipo,extremo_funcional,1
de dar,extremo_vago_declarado,1
de dar soporte,extremo_funcional,1
de dar soporte al,extremo_funcional,1
de datos,extremo_funcional,31
de datos aplicados,extremo_funcional,1
de datos avanzado,extremo_funcional,1
de datos avanzado sobre,extremo_funcional,1
de datos como,extremo_funcional,2
de datos como de,extremo_funcional,1
de datos como la,extremo_funcional,1
de datos con,extremo_funcional,1
de datos con la,extremo_funcional,1
de datos diversos,extremo_vago_declarado,1
de datos e,extremo_funcional,1
de datos e inteligencia,extremo_funcional,1
de datos en,extremo_funcional,2
de datos en la,extremo_funcional,1
de datos en sus,extremo_funcional,1
de datos ingenieria,extremo_funcional,1
de datos ingenieria de,extremo_funcional,1
de datos mediante,extremo_funcional,1
de datos mediante tecnicas,extremo_funcional,1
de datos para,extremo_funcional,1
de datos para extraer,extremo_funcional,1
de datos que,extremo_funcional,2
de datos que cumplen,extremo_funcional,1
de datos que describen,extremo_funcional,1
de datos relacionales,extremo_funcional,1
de datos relacionales y,extremo_funcional,1
de datos relevantes,extremo_funcional,1
de datos sensibles,extremo_funcional,1
de datos sensibles de,extremo_funcional,1
de datos sismicos,extremo_funcional,1
de datos tendran,extremo_funcional,1
de datos tendran habilidades,extremo_funcional,1
de datos y,extremo_funcional,10
de datos y aplicacion,extremo_funcional,1
de datos y aplicaciones,extremo_funcional,1
de datos y calidad,extremo_funcional,1
de datos y entrenamiento,extremo_funcional,1
de datos y gestion,extremo_funcional,1
de datos y otros,extremo_funcional,1
de datos y plataformas,extremo_funcional,1
de datos y recursos,extremo_funcional,1
de datos y sistemas,extremo_funcional,1
de datos y telecomunicaciones,extremo_funcional,1
de decisiones,extremo_funcional,13
de decisiones basadas,extremo_funcional,1
de decisiones basadas en,extremo_funcional,1
de decisiones con,extremo_funcional,1
de decisiones con un,extremo_funcional,1
de decisiones en,extremo_funcional,3
de decisiones en las,extremo_funcional,2
de decisiones en proyectos,extremo_funcional,1
de decisiones estrategicas,extremo_funcional,1
de decisiones estrategicas de,extremo_funcional,1
de decisiones tecnologicas,extremo_funcional,1
de decisiones tecnologicas de,extremo_funcional,1
de decisiones y,extremo_funcional,6
de decisiones y apoyar,extremo_funcional,1
de decisiones y comunicacion,extremo_funcional,1
de decisiones y de,extremo_funcional,1
de decisiones y gestion,extremo_funcional,1
de decisiones y la,extremo_funcional,1
de decisiones y mejora,extremo_funcional,1
de departamento,extremo_funcional,1
de departamento de,extremo_funcional,1
de departamento de ciencias,extremo_funcional,1
de departamentos,extremo_funcional,1
de departamentos o,extremo_funcional,1
de departamentos o las,extremo_funcional,1
de desarrollar,extremo_funcional,1
de desarrollar aplicaciones,extremo_funcional,1
de desarrollar aplicaciones y,extremo_funcional,1
de desarrollo,extremo_funcional,12
de desarrollo de,extremo_funcional,4
de desarrollo de negocios,extremo_funcional,1
de desarrollo de software,extremo_funcional,4
de desarrollo e,extremo_funcional,1
de desarrollo e implementacion,extremo_funcional,1
de desarrollo personal,extremo_funcional,1
de desarrollo personal integral,extremo_funcional,1
de desarrollo profesional,extremo_funcional,2
de desarrollo profesional el,extremo_funcional,1
de desarrollo profesional tiene,extremo_funcional,1
de desarrollo seguro,extremo_funcional,1
de desarrollo sostenible,extremo_funcional,1
de desarrollo sustentable,extremo_funcional,1
de desarrollo sustentable y,extremo_funcional,1
de desarrollo tecnologico,extremo_funcional,1
de desarrollo y,extremo_funcional,1
de desarrollo y produccion,extremo_funcional,1
de desarrollos,extremo_funcional,1
de desarrollos seguro,extremo_funcional,1
de desarrollos seguro en,extremo_funcional,1
de desempenarse,extremo_funcional,3
de desempenarse como,extremo_funcional,1
de desempenarse como ejecutivos,extremo_funcional,1
de desempenarse en,extremo_funcional,2
de desempenarse en el,extremo_funcional,1
de desempenarse en las,extremo_funcional,1
de desempeno,extremo_funcional,5
de desempeno detectados,extremo_funcional,1
de desempeno laboral,extremo_funcional,1
de desempeno que,extremo_funcional,1
de desempeno que desarrollan,extremo_funcional,1
de diagnosticar,extremo_funcional,2
de diagnosticar necesidades,extremo_funcional,1
de diagnosticar necesidades y,extremo_funcional,1
de diagnosticar y,extremo_funcional,1
de diagnosticar y resolver,extremo_funcional,1
de dichas,extremo_funcional,1
de dichas organizaciones,extremo_funcional,1
de dichas organizaciones y,extremo_funcional,1
de dicho,extremo_funcional,1
de dicho departamento,extremo_funcional,1
de direccion,extremo_funcional,1
de direccion y,extremo_funcional,1
de direccion y gestion,extremo_funcional,1
de disenar,extremo_funcional,2
de disenar y,extremo_funcional,1
de disenar y desarrollar,extremo_funcional,1
de diseno,extremo_funcional,1
de diseno e,extremo_funcional,1
de diseno e implementacion,extremo_funcional,1
de distinta,extremo_funcional,1
de distinta complejidad,extremo_funcional,1
de distinta complejidad y,extremo_funcional,1
de distintas,extremo_funcional,2
de distintas organizaciones,extremo_funcional,2
de distintas organizaciones del,extremo_funcional,1
de distintos,extremo_funcional,2
de distintos medios,extremo_funcional,1
de distintos medios en,extremo_funcional,1
de distintos roles,extremo_funcional,1
de diversa,extremo_vago_declarado,4
de diversa complejidad,extremo_funcional,1
de diversa indole,extremo_funcional,3
de diversa indole y,extremo_funcional,1
de diversas,extremo_vago_declarado,1
de diversas caracteristicas,extremo_funcional,1
de diversidad,extremo_funcional,1
de docencia,extremo_funcional,1
de docencia y,extremo_funcional,1
de docencia y direccion,extremo_funcional,1
de don,extremo_funcional,1
de don federico,extremo_funcional,1
de don federico santa,extremo_funcional,1
de duoc,extremo_funcional,1
de duoc uc,fragmento_corto_no_reconocido,1
de duoc uc disena,fragmento_corto_no_reconocido,1
de educacion,extremo_funcional,3
de educacion continua,extremo_funcional,1
de educacion continua asociados,extremo_funcional,1
de educacion superior,extremo_funcional,2
de educacion superior como,extremo_funcional,1
de educacion superior en,extremo_funcional,1
de educacion superior y,extremo_funcional,1
de eficiencia,extremo_funcional,1
de eficiencia y,extremo_funcional,1
de eficiencia y eficacia,extremo_funcional,1
de egreso,extremo_funcional,16
de egreso campo,extremo_funcional,1
de egreso campo ocupacional,extremo_funcional,1
de egreso capacidades,extremo_funcional,1
de egreso capacidades sello,extremo_funcional,1
de egreso competencias,extremo_funcional,2
de egreso competencias de,extremo_funcional,2
de egreso cuenta,extremo_funcional,1
de egreso cuenta con,extremo_funcional,1
de egreso de,extremo_funcional,2
de egreso de la,extremo_funcional,1
de egreso de titulo,extremo_funcional,1
de egreso el,extremo_funcional,3
de egreso el ingeniero,extremo_funcional,1
de egreso incluye,extremo_funcional,1
de egreso ingenieria,extremo_funcional,1
de egreso ingenieria en,extremo_funcional,1
de egreso ingeniero,extremo_funcional,1
de egreso la,extremo_funcional,3
de egreso la carrera,identidad_institucional_declarada,1
de egreso la o,extremo_funcional,1
de egreso la persona,extremo_funcional,1
de egreso segun,extremo_funcional,1
de egreso segun el,extremo_funcional,1
de egreso ver,extremo_funcional,1
de egreso ver perfiles,extremo_funcional,1
de ejecucion,extremo_funcional,4
de ejecucion en,extremo_funcional,4
de ejecucion en computacion,extremo_funcional,2
de ejecucion en informatica,extremo_funcional,2
de ello,extremo_funcional,1
de ellos,extremo_funcional,1
de empleabilidad,extremo_funcional,2
de emprendimiento,extremo_funcional,1
de emprendimientos,extremo_funcional,3
de emprendimientos basados,extremo_funcional,2
de emprendimientos basados en,extremo_funcional,2
de emprendimientos y,extremo_funcional,1
de emprendimientos y negociacion,extremo_funcional,1
de empresas,extremo_funcional,1
de empresas y,extremo_funcional,1
de empresas y organizaciones,extremo_funcional,1
de ensenanza,extremo_funcional,1
de ensenanza aprendizaje,extremo_funcional,1
de ensenanza aprendizaje son,extremo_funcional,1
de entender,extremo_funcional,1
de entender un,extremo_funcional,1
de entender un problema,extremo_funcional,1
de entrada,extremo_funcional,1
de entrada para,extremo_funcional,1
de entrada para la,extremo_funcional,1
de entregar,extremo_funcional,1
de entregar soluciones,extremo_funcional,1
de entregar soluciones tecnologicas,extremo_funcional,1
de equipos,extremo_funcional,2
de equipos de,extremo_funcional,2
de equipos de desarrollo,extremo_funcional,1
de equipos de trabajo,extremo_funcional,1
de escuela,extremo_funcional,1
de escuela y,extremo_funcional,1
de escuela y director,extremo_funcional,1
de ese,extremo_funcional,1
de ese procesamiento,extremo_funcional,1
de especialidad,extremo_funcional,1
de especializacion,extremo_funcional,3
de especializacion de,extremo_funcional,1
de especializacion de la,extremo_funcional,1
de especializacion profesional,extremo_funcional,1
de esta,extremo_funcional,3
de esta carrera,identidad_institucional_declarada,1
de esta carrera lo,identidad_institucional_declarada,1
de esta disciplina,extremo_funcional,1
de esta disciplina y,extremo_funcional,1
de esta manera,extremo_funcional,1
de esta manera al,extremo_funcional,1
de establecer,extremo_funcional,1
de establecer relaciones,extremo_funcional,1
de establecer relaciones sanas,extremo_funcional,1
de estandares,extremo_funcional,2
de estandares de,extremo_funcional,1
de estandares de calidad,extremo_funcional,1
de estandares tecnicos,extremo_funcional,1
de estas,extremo_funcional,3
de estas acciones,extremo_funcional,2
de estas acciones en,extremo_funcional,2
de este,extremo_funcional,2
de estos,extremo_funcional,5
de estos conocimientos,extremo_vago_declarado,1
de estos conocimientos permite,extremo_funcional,1
de estos elementos,extremo_funcional,1
de estos para,extremo_funcional,1
de estos para la,extremo_funcional,1
de estudio,extremo_funcional,3
de estudio son,extremo_funcional,1
de estudios,extremo_funcional,3
de estudios tiene,extremo_funcional,1
de estudios tiene una,extremo_funcional,1
de evaluacion,extremo_funcional,1
de evaluacion de,extremo_funcional,1
de evaluacion de riesgos,extremo_funcional,1
de excelencia,extremo_funcional,3
de excelencia y,extremo_funcional,1
de excelencia y optimizacion,extremo_funcional,1
de experiencia,extremo_funcional,1
de experiencia en,extremo_funcional,1
de experiencia en gestion,extremo_funcional,1
de experiencia en la,extremo_funcional,1
de experiencia en tecnologia,extremo_funcional,1
de exposicion,extremo_funcional,1
de exposicion de,extremo_funcional,1
de exposicion de datos,extremo_funcional,1
de extraccion,extremo_funcional,1
de extraccion de,extremo_funcional,1
de extraccion de informacion,extremo_funcional,1
de facilitar,extremo_funcional,1
de facilitar su,extremo_funcional,1
de facilitar su insercion,extremo_funcional,1
de forma,extremo_funcional,12
de forma adecuada,extremo_funcional,1
de forma adecuada y,extremo_funcional,1
de forma autonoma,extremo_funcional,3
de forma autonoma y,extremo_funcional,2
de forma colaborativa,extremo_funcional,2
de forma comprometida,extremo_funcional,1
de forma comprometida con,extremo_funcional,1
de forma critica,extremo_funcional,1
de forma critica y,extremo_funcional,1
de forma efectiva,extremo_funcional,1
de forma efectiva sus,extremo_funcional,1
de forma independiente,extremo_funcional,2
de forma oral,extremo_funcional,1
de forma oral y,extremo_funcional,1
de forma que,extremo_funcional,1
de forma que contribuya,extremo_funcional,1
de forma sistematica,extremo_funcional,1
de forma sistematica y,extremo_funcional,1
de formacion,extremo_funcional,2
de formacion en,extremo_funcional,1
de formacion en todas,extremo_funcional,1
de formacion fundamental,extremo_funcional,1
de formacion para,extremo_funcional,1
de formacion para una,extremo_funcional,1
de fuentes,extremo_funcional,1
de fuentes diversas,extremo_vago_declarado,1
de genai,extremo_funcional,1
de generacion,extremo_funcional,1
de generacion de,extremo_funcional,1
de generacion de conocimientos,extremo_vago_declarado,1
de generacion de valor,extremo_funcional,1
de generar,extremo_funcional,2
de generar soluciones,extremo_funcional,1
de generar soluciones integrales,extremo_funcional,1
de generar valor,extremo_funcional,1
de generar valor en,extremo_funcional,1
de genero,extremo_funcional,2
de genero y,extremo_funcional,1
de genero y diversidad,extremo_funcional,1
de gestion,extremo_funcional,8
de gestion de,extremo_funcional,6
de gestion de la,extremo_funcional,1
de gestion de las,extremo_funcional,1
de gestion de proyectos,extremo_funcional,3
de gestion de tecnologias,extremo_funcional,1
de gestion informatica,extremo_funcional,2
de gestion informatica se,extremo_funcional,1
de gestion para,extremo_funcional,1
de gestion para resolver,extremo_funcional,1
de gestionar,extremo_funcional,2
de gestionar estos,extremo_funcional,1
de gestionar estos proyectos,extremo_funcional,1
de gestionar para,extremo_funcional,1
de gestionar para dar,extremo_vago_declarado,1
de giorgis,extremo_funcional,1
de gobierno,extremo_funcional,1
de gobierno y,extremo_funcional,1
de gobierno y gestion,extremo_funcional,1
de grandes,extremo_funcional,1
de grandes volumenes,extremo_funcional,1
de grandes volumenes de,extremo_funcional,1
de habilidades,extremo_funcional,2
de habilidades para,extremo_funcional,1
de habilidades para crear,extremo_funcional,1
de habilidades personales,extremo_funcional,1
de habilidades personales e,extremo_funcional,1
de hacer,extremo_funcional,1
de hacer un,extremo_funcional,1
de hacer un uso,extremo_funcional,1
de hardware,extremo_funcional,4
de hardware y,extremo_funcional,3
de hardware y la,extremo_funcional,1
de hardware y software,extremo_funcional,2
de herramientas,extremo_funcional,4
de herramientas tecnologicas,extremo_funcional,3
de herramientas tecnologicas aplicadas,extremo_funcional,1
de herramientas tecnologicas para,extremo_funcional,1
de homologacion,extremo_funcional,1
de homologacion o,extremo_funcional,1
de homologacion o convalidacion,extremo_funcional,1
de i,fragmento_corto_no_reconocido,1
de iacc,extremo_funcional,1
de idear,extremo_funcional,1
de identidad,segmento_de_identidad_institucional,1
de identidad catolica,segmento_de_identidad_institucional,1
de identidad catolica de,segmento_de_identidad_institucional,1
de identificar,extremo_funcional,1
de identificar problemas,extremo_funcional,1
de impacto,extremo_funcional,1
de impacto concreto,extremo_funcional,1
de impacto concreto y,extremo_funcional,1
de implantar,extremo_funcional,1
de implantar sistemas,extremo_funcional,1
de implantar sistemas informaticos,extremo_funcional,1
de implementacion,extremo_funcional,1
de implementacion y,extremo_funcional,1
de implementacion y administracion,extremo_funcional,1
de inacap,extremo_funcional,1
de inacap te,extremo_funcional,1
de inacap te distinguiran,extremo_funcional,1
de incertidumbre,extremo_funcional,1
de incidencias,extremo_funcional,1
de incidencias segun,extremo_funcional,1
de incidencias segun parametros,extremo_funcional,1
de inclusion,extremo_funcional,1
de inclusion y,extremo_funcional,1
de inclusion y respetuosa,extremo_funcional,1
de incorporacion,extremo_funcional,1
de individuos,extremo_funcional,1
de individuos con,extremo_funcional,1
de individuos con diversas,extremo_vago_declarado,1
de informacion,extremo_funcional,25
de informacion aplicando,extremo_funcional,1
de informacion aplicando las,extremo_funcional,1
de informacion asi,extremo_funcional,1
de informacion asi como,extremo_funcional,1
de informacion de,extremo_funcional,2
de informacion de acuerdo,extremo_funcional,1
de informacion de manera,extremo_funcional,1
de informacion desde,extremo_funcional,1
de informacion desde datos,extremo_funcional,1
de informacion emergente,extremo_funcional,1
de informacion en,extremo_funcional,2
de informacion en el,extremo_funcional,1
de informacion en organizaciones,extremo_funcional,1
de informacion para,extremo_funcional,2
de informacion para extraer,extremo_funcional,1
de informacion para la,extremo_funcional,1
de informacion procedente,extremo_funcional,1
de informacion procedente de,extremo_funcional,1
de informacion que,extremo_funcional,1
de informacion que se,extremo_funcional,1
de informacion realizado,extremo_funcional,1
de informacion relevante,extremo_funcional,1
de informacion relevante para,extremo_funcional,1
de informacion y,extremo_funcional,14
de informacion y administrar,extremo_funcional,1
de informacion y analisis,extremo_funcional,1
de informacion y comunicacion,extremo_funcional,3
de informacion y comunicaciones,extremo_funcional,3
de informacion y gestionar,extremo_funcional,1
de informacion y la,extremo_funcional,1
de informacion y las,extremo_funcional,1
de informacion y procesos,extremo_funcional,1
de informacion y tecnologias,extremo_funcional,1
de informacion y telecomunicaciones,extremo_funcional,1
de informatica,extremo_funcional,8
de informatica e,extremo_funcional,2
de informatica e innovacion,extremo_funcional,2
de informatica en,extremo_funcional,2
de informatica en organismos,extremo_funcional,1
de informatica en pregrado,extremo_funcional,1
de informatica hasta,extremo_funcional,1
de informatica hasta la,extremo_funcional,1
de informatica para,extremo_funcional,1
de informatica para empresas,extremo_funcional,1
de informatica tiene,extremo_funcional,1
de informatica tiene como,extremo_funcional,1
de infraestructura,extremo_funcional,1
de infraestructura de,extremo_funcional,1
de infraestructura de servicios,extremo_funcional,1
de ingenieria,extremo_funcional,34
de ingenieria a,extremo_funcional,1
de ingenieria a diversos,extremo_vago_declarado,1
de ingenieria civil,extremo_funcional,13
de ingenieria civil en,extremo_funcional,7
de ingenieria civil informatica,extremo_funcional,4
de ingenieria civil o,extremo_funcional,1
de ingenieria civil plan,extremo_funcional,1
de ingenieria de,extremo_funcional,4
de ingenieria de requisitos,extremo_funcional,1
de ingenieria de software,extremo_funcional,3
de ingenieria e,extremo_funcional,1
de ingenieria e integrar,extremo_funcional,1
de ingenieria ejecucion,extremo_funcional,1
de ingenieria ejecucion en,extremo_funcional,1
de ingenieria en,extremo_funcional,15
de ingenieria en computacion,extremo_funcional,1
de ingenieria en el,extremo_funcional,1
de ingenieria en informatica,extremo_funcional,11
de ingenieria en software,extremo_funcional,1
de ingenieria en su,extremo_funcional,1
de ingenieria en un,extremo_funcional,1
de ingenieria industrial,extremo_funcional,1
de ingenieria informatica,extremo_funcional,3
de ingenieria ingenieria,extremo_funcional,1
de ingenieria ingenieria civil,extremo_funcional,1
de ingenieria ucn,extremo_funcional,1
de ingenieria ucn coquimbo,extremo_funcional,1
de ingenieria y,extremo_funcional,3
de ingenieria y ciencias,extremo_funcional,2
de ingenieria y tecnologia,extremo_funcional,1
de ingeniero,extremo_funcional,3
de ingeniero civil,extremo_funcional,1
de ingeniero civil en,extremo_funcional,1
de ingles,extremo_funcional,1
de ingles a,extremo_funcional,1
de ingles a nivel,extremo_funcional,1
de innovacion,extremo_funcional,7
de innovacion y,extremo_funcional,5
de innovacion y control,extremo_funcional,1
de innovacion y emprendimiento,extremo_funcional,1
de innovacion y mejora,extremo_funcional,1
de innovacion y trabaja,extremo_funcional,1
de innovacion y uso,extremo_funcional,1
de innovar,extremo_funcional,1
de innovar y,extremo_funcional,1
de innovar y emprender,extremo_funcional,1
de insercion,extremo_funcional,1
de insercion en,extremo_funcional,1
de insercion en diferentes,extremo_funcional,1
de instituciones,extremo_funcional,1
de instituciones publicas,extremo_funcional,1
de instituciones publicas o,extremo_funcional,1
de integracion,extremo_funcional,3
de integracion de,extremo_funcional,1
de integracion de componentes,extremo_funcional,1
de integracion reciproca,extremo_funcional,1
de integracion reciproca entre,extremo_funcional,1
de integracion y,extremo_funcional,1
de integracion y productos,extremo_funcional,1
de integrar,extremo_funcional,1
de integrar y,extremo_funcional,1
de integrar y liderar,extremo_funcional,1
de inteligencia,extremo_funcional,2
de inteligencia artificial,extremo_funcional,2
de inteligencia artificial aplicada,extremo_funcional,1
de interes,extremo_funcional,1
de interes publico,extremo_funcional,1
de interes publico cuyo,extremo_funcional,1
de invencion,extremo_funcional,1
de invencion e,extremo_funcional,1
de invencion e innovacion,extremo_funcional,1
de investigacion,extremo_funcional,4
de investigacion aplicada,extremo_funcional,1
de investigacion aplicada orientados,extremo_funcional,1
de investigacion asociada,extremo_funcional,1
de investigacion asociada a,extremo_funcional,1
de investigacion basica,extremo_funcional,1
de investigacion basica y,extremo_funcional,1
de investigacion en,extremo_funcional,1
de investigacion en el,extremo_funcional,1
de iplacex,extremo_funcional,1
de iplacex es,extremo_funcional,1
de iplacex es un,extremo_funcional,1
de la,extremo_funcional,62
de la,segmento_con_indicios_de_menu,1
de la,segmento_de_identidad_institucional,3
de la aplicacion,extremo_funcional,1
de la aplicacion de,extremo_funcional,1
de la arquitectura,extremo_funcional,1
de la arquitectura de,extremo_funcional,1
de la calidad,extremo_funcional,1
de la calidad y,extremo_funcional,1
de la capacidad,extremo_funcional,1
de la capacidad analitica,extremo_funcional,1
de la carrera,identidad_institucional_declarada,16
de la carrera de,identidad_institucional_declarada,10
de la carrera disenar,identidad_institucional_declarada,1
de la carrera el,identidad_institucional_declarada,2
de la carrera la,identidad_institucional_declarada,2
de la carrera o,identidad_institucional_declarada,1
de la carrera son,identidad_institucional_declarada,1
de la ciberseguridad,extremo_funcional,1
de la ciencia,extremo_funcional,3
de la ciencia de,extremo_funcional,1
de la ciencia para,extremo_funcional,1
de la ciencia y,extremo_funcional,1
de la computacion,extremo_funcional,10
de la computacion ciencia,extremo_funcional,1
de la computacion cultiva,extremo_funcional,1
de la computacion desarrolla,extremo_funcional,1
de la computacion ingenieria,extremo_funcional,1
de la computacion y,extremo_funcional,2
de la comunicacion,extremo_funcional,1
de la comunicacion y,extremo_funcional,1
de la comunidad,extremo_funcional,2
de la dignidad,extremo_funcional,1
de la dignidad,segmento_de_identidad_institucional,2
de la dignidad de,extremo_funcional,1
de la dignidad de,segmento_de_identidad_institucional,2
de la disciplina,extremo_funcional,4
de la educacion,extremo_funcional,1
de la educacion para,extremo_funcional,1
de la eficiencia,extremo_funcional,1
de la eficiencia y,extremo_funcional,1
de la empresa,extremo_funcional,1
de la empresa y,extremo_funcional,1
de la escuela,extremo_funcional,1
de la escuela de,extremo_funcional,1
de la esfera,extremo_funcional,1
de la esfera publica,extremo_funcional,1
de la especialidad,extremo_funcional,4
de la especialidad de,extremo_funcional,1
de la existencia,extremo_funcional,1
de la existencia humana,extremo_funcional,1
de la experiencia,extremo_funcional,1
de la experiencia que,extremo_funcional,1
de la formacion,extremo_funcional,1
de la frontera,extremo_funcional,2
de la frontera,segmento_con_indicios_de_menu,1
de la frontera es,extremo_funcional,1
de la frontera la,segmento_con_indicios_de_menu,1
de la frontera podra,extremo_funcional,1
de la gestion,extremo_funcional,1
de la gestion organizacional,extremo_funcional,1
de la horra,extremo_funcional,1
de la industria,extremo_funcional,7
de la industria del,extremo_funcional,1
de la industria y,extremo_funcional,5
de la informacion,extremo_funcional,31
de la informacion a,extremo_funcional,1
de la informacion centrado,extremo_funcional,1
de la informacion de,extremo_funcional,1
de la informacion e,extremo_funcional,3
de la informacion en,extremo_funcional,3
de la informacion para,extremo_funcional,2
de la informacion y,extremo_funcional,13
de la informatica,extremo_funcional,7
de la informatica a,extremo_funcional,1
de la informatica y,extremo_funcional,2
de la infraestructura,extremo_funcional,2
de la infraestructura tecnologica,extremo_funcional,1
de la infraestructura y,extremo_funcional,1
de la ingenieria,extremo_funcional,30
de la ingenieria aplicada,extremo_funcional,1
de la ingenieria aplicando,extremo_funcional,1
de la ingenieria de,extremo_funcional,2
de la ingenieria e,extremo_funcional,2
de la ingenieria en,extremo_funcional,2
de la ingenieria incorporando,extremo_funcional,1
de la ingenieria informatica,extremo_funcional,3
de la ingenieria para,extremo_funcional,3
de la ingenieria y,extremo_funcional,7
de la institucion,segmento_de_identidad_institucional,3
de la inteligencia,extremo_funcional,1
de la inteligencia artificial,extremo_funcional,1
de la investigacion,extremo_funcional,1
de la mantencion,extremo_funcional,1
de la mantencion del,extremo_funcional,1
de la materializacion,extremo_funcional,1
de la materializacion de,extremo_funcional,1
de la mejora,extremo_funcional,1
de la mejora y,extremo_funcional,1
de la organizacion,extremo_funcional,8
de la organizacion desarrollando,extremo_funcional,1
de la organizacion en,extremo_funcional,3
de la organizacion y,extremo_funcional,1
de la persona,extremo_funcional,2
de la persona,segmento_de_identidad_institucional,2
de la persona humana,extremo_funcional,2
de la persona humana,segmento_de_identidad_institucional,2
de la pontificia,extremo_funcional,1
de la pontificia universidad,extremo_funcional,1
de la prestacion,extremo_funcional,1
de la prestacion de,extremo_funcional,1
de la profesion,extremo_funcional,1
de la region,extremo_funcional,4
de la region de,extremo_funcional,2
de la region y,extremo_funcional,3
de la revolucion,extremo_funcional,2
de la revolucion tecnologica,extremo_funcional,2
de la santisima,extremo_funcional,3
de la santisima concepcion,extremo_funcional,3
de la serena,extremo_funcional,2
de la serena es,extremo_funcional,1
de la sociedad,extremo_funcional,5
de la sociedad desde,extremo_funcional,1
de la toma,extremo_vago_declarado,1
de la toma de,extremo_funcional,1
de la transformacion,extremo_funcional,2
de la transformacion digital,extremo_funcional,2
de la trascendencia,extremo_funcional,1
de la u,fragmento_corto_no_reconocido,2
de la ucn,extremo_funcional,2
de la ucn posee,extremo_funcional,2
de la ucsc,extremo_funcional,1
de la ucsc es,extremo_funcional,1
de la universidad,extremo_funcional,37
de la universidad austral,extremo_funcional,1
de la universidad autonoma,extremo_funcional,2
de la universidad bernardo,extremo_funcional,1
de la universidad catolica,extremo_funcional,7
de la universidad central,extremo_funcional,1
de la universidad de,extremo_funcional,16
de la universidad del,extremo_funcional,3
de la universidad diego,extremo_funcional,1
de la universidad gabriela,extremo_funcional,1
de la universidad mayor,extremo_funcional,2
de la universidad tecnica,extremo_funcional,1
de la universidad tecnologica,extremo_funcional,2
de la universidad uiix,extremo_funcional,1
de la usm,extremo_funcional,1
de la usm forma,extremo_funcional,1
de la uss,extremo_funcional,1
de la uss es,extremo_funcional,1
de la utilizacion,extremo_funcional,1
de la utilizacion de,extremo_funcional,1
de la verdad,extremo_funcional,1
de la vida,extremo_funcional,1
de la vida,segmento_de_identidad_institucional,3
de la vida segun,segmento_de_identidad_institucional,3
de la visualizacion,extremo_funcional,1
de la visualizacion y,extremo_funcional,1
de las,extremo_funcional,29
de las americas,extremo_funcional,1
de las americas el,extremo_funcional,1
de las carreras,identidad_institucional_declarada,1
de las carreras de,identidad_institucional_declarada,1
de las ciencias,extremo_funcional,5
de las ciencias basicas,extremo_funcional,2
de las ciencias de,extremo_funcional,3
de las cosas,extremo_funcional,1
de las cuales,extremo_funcional,1
de las cuales formulan,extremo_funcional,1
de las distintas,extremo_funcional,1
de las distintas industrias,extremo_funcional,1
de las funciones,extremo_funcional,1
de las funciones asociadas,extremo_funcional,1
de las habilidades,extremo_funcional,1
de las habilidades necesarias,extremo_funcional,1
de las ingenierias,extremo_funcional,1
de las matematicas,extremo_funcional,1
de las necesidades,extremo_funcional,2
de las necesidades de,extremo_funcional,1
de las necesidades del,extremo_funcional,1
de las nuevas,extremo_funcional,1
de las nuevas tecnologias,extremo_funcional,1
de las organizaciones,extremo_funcional,10
de las organizaciones a,extremo_funcional,1
de las organizaciones en,extremo_funcional,1
de las personas,extremo_funcional,4
de las personas a,extremo_funcional,1
de las personas y,extremo_funcional,1
de las soluciones,extremo_funcional,4
de las soluciones de,extremo_funcional,1
de las soluciones propuestas,extremo_funcional,1
de las soluciones tecnologicas,extremo_funcional,1
de las tecnicas,extremo_funcional,1
de las tecnicas de,extremo_funcional,1
de las tecnologias,extremo_funcional,12
de las tecnologias de,extremo_funcional,8
de las tecnologias informaticas,extremo_funcional,1
de las tecnologias relacionadas,extremo_funcional,1
de las tecnologias y,extremo_funcional,1
de las tres,extremo_funcional,1
de las tres carreras,identidad_institucional_declarada,1
de licenciado,extremo_funcional,2
de licenciado en,extremo_funcional,1
de licenciado en ciencias,extremo_funcional,1
de liderar,extremo_funcional,4
de liderar equipos,extremo_funcional,3
de liderar equipos colaborativos,extremo_funcional,1
de liderar equipos de,extremo_funcional,1
de liderar equipos multidisciplinarios,extremo_funcional,1
de liderar proyectos,extremo_funcional,1
de liderar proyectos que,extremo_funcional,1
de liderazgo,extremo_funcional,3
de liderazgo y,extremo_funcional,2
de liderazgo y proactividad,extremo_funcional,2
de lograr,extremo_funcional,1
de lograr una,extremo_funcional,1
de lograr una comunicacion,extremo_funcional,1
de los,extremo_funcional,15
de los conocimientos,extremo_vago_declarado,1
de los conocimientos adquiridos,extremo_funcional,1
de los datos,extremo_funcional,3
de los datos digitales,extremo_funcional,1
de los datos e,extremo_funcional,1
de los datos y,extremo_funcional,1
de los derechos,extremo_funcional,1
de los derechos humanos,extremo_funcional,1
de los lagos,extremo_funcional,2
de los lagos es,extremo_funcional,1
de los lagos posee,extremo_funcional,1
de los negocios,extremo_funcional,1
de los objetivos,extremo_funcional,2
de los objetivos estrategicos,extremo_funcional,1
de los objetivos organizacionales,extremo_funcional,1
de los procesos,extremo_funcional,1
de los procesos organizacionales,extremo_funcional,1
de los profesionales,extremo_funcional,1
de los profesionales para,extremo_funcional,1
de los programas,extremo_funcional,1
de los programas y,extremo_funcional,1
de los recursos,extremo_funcional,1
de los recursos tecnologicos,extremo_funcional,1
de los requerimientos,extremo_funcional,1
de los sectores,extremo_funcional,1
de los sectores productivos,extremo_funcional,1
de los sistemas,extremo_funcional,2
de los sistemas computacionales,extremo_funcional,1
de los territorios,extremo_funcional,1
de los y,extremo_funcional,1
de los y las,extremo_funcional,1
de magallanes,extremo_funcional,2
de magister,extremo_funcional,1
de magister y,extremo_funcional,1
de magister y diplomado,extremo_funcional,1
de manera,extremo_funcional,15
de manera autonoma,extremo_funcional,2
de manera autonoma en,extremo_funcional,1
de manera clara,extremo_funcional,1
de manera clara y,extremo_funcional,1
de manera critica,extremo_funcional,2
de manera efectiva,extremo_funcional,3
de manera efectiva en,extremo_funcional,2
de manera efectiva mediante,extremo_funcional,1
de manera eficiente,extremo_funcional,2
de manera eficiente y,extremo_funcional,2
de manera etica,extremo_funcional,1
de manera global,extremo_funcional,1
de manera independiente,extremo_funcional,1
de manera independiente como,extremo_funcional,1
de manera integral,extremo_funcional,2
de manera metodica,extremo_funcional,1
de manera oral,extremo_funcional,1
de manera oral y,extremo_funcional,1
de manera profesional,extremo_funcional,1
de marcos,extremo_funcional,1
de marcos de,extremo_funcional,1
de marcos de trabajo,extremo_funcional,1
de mas,extremo_funcional,1
de mas de,extremo_funcional,1
de matematica,extremo_funcional,1
de matematicas,extremo_funcional,1
de mediana,extremo_funcional,1
de mediana envergadura,extremo_funcional,1
de mediana envergadura de,extremo_funcional,1
de mejora,extremo_funcional,1
de metas,extremo_funcional,1
de metodologias,extremo_funcional,3
de metodologias agiles,extremo_funcional,1
de metodologias agiles de,extremo_funcional,1
de metodologias de,extremo_funcional,1
de metodologias de vanguardia,extremo_funcional,1
de mexico,extremo_funcional,1
de mifuturo,extremo_funcional,1
de mineria,extremo_funcional,1
de mineria de,extremo_funcional,1
de mineria de datos,extremo_funcional,1
de mvp,extremo_funcional,1
de negocio,extremo_funcional,5
de negocio en,extremo_funcional,2
de negocio en el,extremo_funcional,1
de negocio en organizaciones,extremo_funcional,1
de negocio y,extremo_funcional,1
de negocio y continuar,extremo_funcional,1
de negocios,extremo_funcional,8
de negocios basados,extremo_funcional,1
de negocios basados en,extremo_funcional,1
de negocios e,extremo_funcional,1
de negocios e industria,extremo_funcional,1
de negocios en,extremo_funcional,1
de negocios en el,extremo_funcional,1
de negocios y,extremo_funcional,1
de negocios y tecnologia,extremo_funcional,1
de nivel,extremo_funcional,2
de nivel gerencial,extremo_funcional,1
de nivel superior,extremo_funcional,1
de nivel superior el,extremo_funcional,1
de nivel superior titulo,extremo_funcional,1
de nuestra,extremo_funcional,2
de nuestra carrera,identidad_institucional_declarada,2
de nuestra carrera es,identidad_institucional_declarada,1
de nuestra sociedad,extremo_funcional,1
de nuestra sociedad a,extremo_funcional,1
de nuestros,extremo_funcional,1
de nuestros profesionales,extremo_funcional,1
de nuestros profesionales es,extremo_funcional,1
de nuevas,extremo_funcional,2
de nuevas tecnologias,extremo_funcional,2
de nuevas tecnologias en,extremo_funcional,1
de nuevos,extremo_funcional,1
de nuevos aprendizajes,extremo_funcional,1
de nuevos conocimientos,extremo_vago_declarado,1
de nuevos conocimientos y,extremo_funcional,1
de objetivos,extremo_funcional,1
de objetivos comunes,extremo_funcional,1
de ocupacion,extremo_funcional,1
de ocupacion en,extremo_funcional,1
de ocupacion en el,extremo_funcional,1
de operacion,extremo_funcional,1
de oportunidades,extremo_funcional,1
de oportunidades y,extremo_funcional,1
de oportunidades y desafios,extremo_funcional,1
de orden,extremo_funcional,1
de orden y,extremo_funcional,1
de orden y constancia,extremo_funcional,1
de organizacion,extremo_funcional,2
de organizaciones,extremo_funcional,4
de organizaciones en,extremo_funcional,1
de organizaciones en distintos,extremo_funcional,1
de organizaciones publicas,extremo_funcional,2
de organizaciones publicas o,extremo_funcional,2
de participar,extremo_funcional,1
de participar en,extremo_funcional,1
de participar en proyectos,extremo_funcional,1
de pensar,extremo_funcional,2
de pensar de,extremo_funcional,2
de pensar de manera,extremo_funcional,2
de peru,extremo_funcional,1
de peru e,extremo_funcional,1
de peru e ingenieria,extremo_funcional,1
de plan,extremo_funcional,1
de plan comun,extremo_funcional,1
de plan comun ingenieria,extremo_funcional,1
de planes,extremo_funcional,1
de planes para,extremo_funcional,1
de planes para la,extremo_funcional,1
de planificar,extremo_funcional,2
de postgrado,extremo_funcional,2
de postgrado en,extremo_funcional,1
de postgrado en la,extremo_funcional,1
de postgrado para,extremo_funcional,1
de postgrado para el,extremo_funcional,1
de practicas,extremo_funcional,1
de pre,extremo_funcional,1
de pre y,extremo_funcional,1
de pre y posgrado,extremo_funcional,1
de problemas,extremo_funcional,5
de problemas complejos,extremo_funcional,2
de problemas complejos y,extremo_funcional,1
de problemas de,extremo_funcional,2
de problemas de forma,extremo_funcional,1
de problemas de su,extremo_funcional,1
de problematicas,extremo_funcional,1
de problematicas y,extremo_funcional,1
de procesos,extremo_funcional,5
de procesos de,extremo_funcional,1
de procesos de negocios,extremo_funcional,1
de procesos informaticos,extremo_funcional,1
de produccion,extremo_funcional,1
de produccion de,extremo_funcional,1
de produccion de bienes,extremo_funcional,1
de productos,extremo_funcional,3
de productos de,extremo_funcional,1
de productos de innovacion,extremo_funcional,1
de productos y,extremo_funcional,2
de productos y servicios,extremo_funcional,1
de productos y sistemas,extremo_funcional,1
de profesionales,extremo_funcional,2
de profesionales capaces,extremo_funcional,1
de profesionales capaces de,extremo_funcional,1
de profesionales que,extremo_funcional,1
de profesionales que quieran,extremo_funcional,1
de profundizar,extremo_funcional,1
de programacion,extremo_funcional,7
de programacion y,extremo_funcional,3
de programacion y analitica,extremo_funcional,1
de programacion y buenas,extremo_funcional,1
de propuestas,extremo_funcional,1
de propuestas innovadoras,extremo_funcional,1
de proteccion,extremo_funcional,1
de proteccion y,extremo_funcional,1
de proteccion y resguardo,extremo_funcional,1
de proyectos,extremo_funcional,25
de proyectos corfo,extremo_funcional,1
de proyectos corfo por,extremo_funcional,1
de proyectos de,extremo_funcional,8
de proyectos de informatica,extremo_funcional,2
de proyectos de ingenieria,extremo_funcional,3
de proyectos de la,extremo_funcional,1
de proyectos de software,extremo_funcional,1
de proyectos de tecnologias,extremo_funcional,1
de proyectos de ti,extremo_funcional,1
de proyectos en,extremo_funcional,1
de proyectos en postgrado,extremo_funcional,1
de proyectos informaticos,extremo_funcional,6
de proyectos informaticos y,extremo_funcional,2
de proyectos mooc,extremo_funcional,1
de proyectos que,extremo_funcional,1
de proyectos que requieren,extremo_funcional,1
de proyectos relacionados,extremo_funcional,1
de proyectos relacionados con,extremo_funcional,1
de proyectos tecnologicos,extremo_funcional,5
de proyectos ti,extremo_funcional,1
de proyectos universidad,extremo_funcional,1
de proyectos universidad mayor,extremo_funcional,1
de proyectos y,extremo_funcional,2
de proyectos y en,extremo_funcional,1
de proyectos y servicios,extremo_funcional,1
de punta,extremo_funcional,1
de quienes,extremo_funcional,1
de quienes conforman,extremo_funcional,1
de quienes conforman los,extremo_funcional,1
de rapida,extremo_funcional,1
de rapida evolucion,extremo_funcional,1
de rapida evolucion digital,extremo_funcional,1
de razonamiento,extremo_funcional,1
de razonamiento logico,extremo_funcional,1
de reaccionar,extremo_funcional,1
de reaccionar y,extremo_funcional,1
de reaccionar y actuar,extremo_funcional,1
de realizar,extremo_funcional,2
de realizar el,extremo_funcional,1
de realizar el analisis,extremo_funcional,1
de realizar tareas,extremo_funcional,1
de realizar tareas profesionales,extremo_funcional,1
de recursos,extremo_funcional,3
de recursos computacionales,extremo_funcional,1
de recursos liderar,extremo_funcional,1
de recursos liderar equipos,extremo_funcional,1
de recursos tecnologicos,extremo_funcional,1
de recursos tecnologicos en,extremo_funcional,1
de redes,extremo_funcional,7
de redes de,extremo_funcional,3
de redes de computadores,extremo_funcional,2
de redes de datos,extremo_funcional,1
de redes y,extremo_funcional,2
de redes y telecomunicaciones,extremo_funcional,2
de reflexion,extremo_funcional,1
de reflexion y,extremo_funcional,1
de reflexion y aprendizaje,extremo_funcional,1
de reflexionar,extremo_funcional,1
de reflexionar de,extremo_funcional,1
de reflexionar de forma,extremo_funcional,1
de rendimiento,extremo_funcional,1
de requisitos,extremo_funcional,1
de resolver,extremo_funcional,5
de resolver las,extremo_funcional,2
de resolver las diferencias,extremo_funcional,2
de resolver problemas,extremo_funcional,3
de resolver problemas desafiantes,extremo_funcional,1
de resolver problemas y,extremo_funcional,1
de responsabilidad,extremo_funcional,6
de responsabilidad social,extremo_funcional,5
de responsabilidad y,extremo_funcional,1
de responsabilidad y bien,extremo_funcional,1
de resultados,extremo_funcional,2
de resultados de,extremo_funcional,1
de resultados de procesos,extremo_funcional,1
de riesgos,extremo_funcional,3
de riesgos en,extremo_funcional,1
de riesgos en su,extremo_funcional,1
de roles,extremo_funcional,1
de roles como,extremo_funcional,1
de roles como desarrolladores,extremo_funcional,1
de saberes,extremo_funcional,1
de saberes cognitivos,extremo_funcional,1
de salud,extremo_funcional,2
de salud y,extremo_funcional,1
de salud y de,extremo_funcional,1
de san,extremo_funcional,1
de san miguel,extremo_funcional,1
de santo,extremo_funcional,1
de santo tomas,extremo_funcional,1
de santo tomas son,extremo_funcional,1
de seguridad,extremo_funcional,6
de seguridad adecuados,extremo_funcional,1
de seguridad adecuados para,extremo_funcional,1
de seguridad de,extremo_funcional,4
de seguridad de la,extremo_funcional,4
de seguridad y,extremo_funcional,1
de seguridad y respondiendo,extremo_funcional,1
de ser,extremo_funcional,3
de ser resueltos,extremo_funcional,1
de ser resueltos computacionalmente,extremo_funcional,1
de ser un,extremo_funcional,2
de servicio,extremo_funcional,3
de servicio y,extremo_funcional,1
de servicio y un,extremo_funcional,1
de servicios,extremo_funcional,12
de servicios de,extremo_funcional,1
de servicios de desarrollo,extremo_funcional,1
de servicios especializados,extremo_funcional,1
de servicios especializados a,extremo_funcional,1
de servicios informaticos,extremo_funcional,1
de servicios informaticos y,extremo_funcional,1
de servicios para,extremo_funcional,1
de servicios para desarrollar,extremo_funcional,1
de servicios y,extremo_funcional,3
de servicios y modelos,extremo_funcional,2
de servicios y organizaciones,extremo_funcional,1
de sistemas,extremo_funcional,20
de sistemas computacionales,extremo_funcional,4
de sistemas computacionales a,extremo_funcional,1
de sistemas computacionales y,extremo_funcional,3
de sistemas de,extremo_funcional,9
de sistemas de informacion,extremo_funcional,9
de sistemas informaticos,extremo_funcional,6
de sistemas informaticos y,extremo_funcional,1
de sistemas integrados,extremo_funcional,1
de sistemas integrados que,extremo_funcional,1
de sistemas inteligentes,extremo_funcional,1
de sistemas por,extremo_funcional,1
de sistemas por la,extremo_funcional,1
de sistemas y,extremo_funcional,2
de sistemas y aplicaciones,extremo_funcional,1
de sistemas y redes,extremo_funcional,1
de software,extremo_funcional,37
de software a,extremo_funcional,1
de software a problematicas,extremo_funcional,1
de software bajo,extremo_funcional,1
de software bajo ambientes,extremo_funcional,1
de software de,extremo_funcional,1
de software de calidad,extremo_funcional,1
de software e,extremo_funcional,2
de software e ingenieria,extremo_funcional,1
de software e inteligencia,extremo_funcional,1
de software en,extremo_funcional,1
de software en los,extremo_funcional,1
de software encargandose,extremo_funcional,1
de software encargandose de,extremo_funcional,1
de software infraestructura,extremo_funcional,1
de software infraestructura de,extremo_funcional,1
de software innovadoras,extremo_funcional,2
de software innovadoras y,extremo_funcional,1
de software innovadores,extremo_funcional,1
de software innovadores para,extremo_funcional,1
de software que,extremo_funcional,1
de software que den,extremo_funcional,1
de software sostenibles,extremo_funcional,1
de software sostenibles y,extremo_funcional,1
de software y,extremo_funcional,13
de software y area,extremo_funcional,1
de software y base,extremo_funcional,1
de software y de,extremo_funcional,2
de software y hardware,extremo_funcional,2
de software y la,extremo_funcional,1
de software y marcos,extremo_funcional,1
de software y sistemas,extremo_funcional,2
de software y soluciones,extremo_funcional,2
de software y tecnologias,extremo_funcional,3
de solucion,extremo_funcional,2
de solucion y,extremo_funcional,1
de solucion y resolver,extremo_funcional,1
de soluciones,extremo_funcional,15
de soluciones computacionales,extremo_funcional,1
de soluciones con,extremo_funcional,1
de soluciones con enfasis,extremo_funcional,1
de soluciones informaticas,extremo_funcional,5
de soluciones informaticas avanzadas,extremo_funcional,1
de soluciones informaticas de,extremo_funcional,1
de soluciones informaticas eficientes,extremo_funcional,1
de soluciones informaticas en,extremo_funcional,1
de soluciones informaticas para,extremo_funcional,1
de soluciones innovadoras,extremo_funcional,2
de soluciones innovadoras a,extremo_funcional,1
de soluciones tecnologicas,extremo_funcional,6
de soluciones tecnologicas basadas,extremo_funcional,1
de soluciones tecnologicas pertinentes,extremo_funcional,1
de soluciones tecnologicas que,extremo_funcional,1
de soluciones ti,extremo_funcional,1
de soluciones ti complejas,extremo_funcional,1
de soluciones utilizando,extremo_funcional,1
de soluciones utilizando herramientas,extremo_funcional,1
de soporte,extremo_funcional,1
de soporte de,extremo_funcional,1
de soporte de redes,extremo_funcional,1
de sostenibilidad,extremo_funcional,1
de sostenibilidad economica,extremo_funcional,1
de su,extremo_funcional,8
de su area,extremo_funcional,1
de su area profesional,extremo_funcional,1
de su campo,extremo_funcional,1
de su campo disciplinar,extremo_funcional,1
de su desempeno,extremo_funcional,1
de su desempeno profesional,extremo_funcional,1
de su disciplina,extremo_funcional,3
de su disciplina para,extremo_funcional,1
de su ejercicio,extremo_funcional,1
de su ejercicio profesional,extremo_funcional,1
de su especialidad,extremo_funcional,3
de su libertad,extremo_funcional,1
de su liderazgo,extremo_funcional,1
de su liderazgo y,extremo_funcional,1
de su profesion,extremo_funcional,2
de su quehacer,extremo_funcional,1
de su quehacer profesional,extremo_funcional,1
de su trabajo,extremo_funcional,1
de su trabajo y,extremo_funcional,1
de sus,extremo_funcional,7
de sus actividades,extremo_funcional,1
de sus actividades sobre,extremo_funcional,1
de sus conocimientos,extremo_vago_declarado,1
de sus cuatro,extremo_funcional,1
de sus cuatro especialidades,extremo_funcional,1
de sus decisiones,extremo_funcional,1
de sus decisiones y,extremo_funcional,1
de sus diversos,extremo_vago_declarado,1
de sus diversos clientes,extremo_funcional,1
de sus objetivos,extremo_funcional,1
de sus objetivos con,extremo_funcional,1
de sus propios,extremo_funcional,1
de sus propios emprendimientos,extremo_funcional,1
de sus tareas,extremo_funcional,1
de sus tareas la,extremo_funcional,1
de talca,extremo_funcional,1
de talca son,extremo_funcional,1
de talca son profesionales,extremo_funcional,1
de tecnologia,extremo_funcional,3
de tecnologia de,extremo_funcional,2
de tecnologia de informacion,extremo_funcional,2
de tecnologias,extremo_funcional,13
de tecnologias agiles,extremo_funcional,1
de tecnologias de,extremo_funcional,10
de tecnologias de informacion,extremo_funcional,4
de tecnologias de integracion,extremo_funcional,1
de tecnologias de la,extremo_funcional,5
de tecnologias de punta,extremo_funcional,1
de tecnologias disponibles,extremo_funcional,1
de tecnologias disponibles acorde,extremo_vago_declarado,1
de tecnologias informaticas,extremo_funcional,2
de telecomunicaciones,extremo_funcional,2
de temuco,extremo_funcional,1
de temuco es,extremo_funcional,1
de temuco es una,extremo_funcional,1
de ti,extremo_funcional,2
de ti en,extremo_funcional,1
de ti en el,extremo_funcional,1
de tiempo,extremo_funcional,1
de titulo,extremo_funcional,1
de titulo profesional,extremo_funcional,1
de titulo profesional son,extremo_funcional,1
de todas,extremo_funcional,1
de todas las,extremo_funcional,1
de todas las actividades,extremo_funcional,1
de todo,extremo_funcional,1
de todo tipo,extremo_funcional,1
de toma,extremo_vago_declarado,1
de toma de,extremo_funcional,1
de toma de decisiones,extremo_funcional,1
de trabajar,extremo_funcional,5
de trabajar en,extremo_funcional,5
de trabajar en contextos,extremo_funcional,1
de trabajar en equipos,extremo_funcional,4
de trabajo,extremo_funcional,17
de trabajo de,extremo_funcional,1
de trabajo de alto,extremo_vago_declarado,1
de trabajo dedicados,extremo_funcional,1
de trabajo dedicados al,extremo_funcional,1
de trabajo en,extremo_funcional,2
de trabajo en diversos,extremo_vago_declarado,1
de trabajo en equipos,extremo_funcional,1
de trabajo interdisciplinarios,extremo_funcional,3
de trabajo interdisciplinarios de,extremo_funcional,1
de trabajo interdisciplinarios para,extremo_funcional,1
de trabajo involucrados,extremo_funcional,1
de trabajo involucrados en,extremo_funcional,1
de trabajo multidisciplinarios,extremo_funcional,4
de trabajo multidisciplinarios para,extremo_funcional,1
de trabajo multidisciplinarios y,extremo_funcional,1
de trabajo segun,extremo_funcional,1
de trabajo segun requerimientos,extremo_funcional,1
de trabajo y,extremo_funcional,1
de trabajo y regulatorios,extremo_funcional,1
de transformacion,extremo_funcional,2
de transformacion digital,extremo_funcional,1
de transformacion digital de,extremo_funcional,1
de transformacion tecnologica,extremo_funcional,1
de tus,extremo_funcional,1
de tus conocimientos,extremo_vago_declarado,1
de udla,extremo_funcional,1
de udla es,extremo_funcional,1
de udla es un,extremo_funcional,1
de udla podra,extremo_funcional,1
de udla podra actuar,extremo_funcional,1
de un,extremo_funcional,5
de un comportamiento,extremo_funcional,1
de un comportamiento etico,extremo_funcional,1
de un departamento,extremo_funcional,1
de un departamento de,extremo_funcional,1
de un entorno,extremo_funcional,1
de un entorno tecnologico,extremo_funcional,1
de un estilo,extremo_funcional,1
de un estilo de,extremo_funcional,1
de un ingeniero,extremo_funcional,1
de un ingeniero en,extremo_funcional,1
de una,extremo_funcional,9
de una,segmento_de_identidad_institucional,3
de una amenaza,extremo_funcional,1
de una organizacion,extremo_funcional,4
de una organizacion para,extremo_funcional,1
de una situacion,extremo_funcional,1
de una situacion particular,extremo_funcional,1
de una sociedad,extremo_funcional,1
de una sociedad mas,extremo_funcional,1
de una solida,extremo_funcional,1
de una solida formacion,extremo_funcional,1
de una vision,extremo_funcional,1
de una vision,segmento_de_identidad_institucional,3
de una vision cristiana,segmento_de_identidad_institucional,3
de una vision integral,extremo_funcional,1
de unidades,extremo_funcional,1
de unidades de,extremo_funcional,1
de unidades de informatica,extremo_funcional,1
de usuarios,extremo_funcional,2
de usuarios y,extremo_funcional,1
de usuarios y de,extremo_funcional,1
de utilizar,extremo_funcional,1
de utilizar las,extremo_funcional,1
de utilizar las competencias,extremo_funcional,1
de utilizarlos,extremo_funcional,1
de utilizarlos de,extremo_funcional,1
de utilizarlos de manera,extremo_funcional,1
de valor,extremo_funcional,2
de valor en,extremo_funcional,1
de valor en una,extremo_funcional,1
de valor y,extremo_funcional,1
de valor y la,extremo_funcional,1
de valores,extremo_funcional,1
de valores institucionales,identidad_institucional_declarada,1
de valores institucionales tales,identidad_institucional_declarada,1
de valparaiso,extremo_funcional,4
de valparaiso posee,extremo_funcional,2
de valparaiso posee conocimientos,extremo_vago_declarado,1
de valparaiso posee solidos,extremo_funcional,1
de vanguardia,extremo_funcional,4
de vanguardia para,extremo_funcional,1
de vanguardia para facilitar,extremo_funcional,1
de vanguardia que,extremo_funcional,1
de vanguardia que den,extremo_funcional,1
de vanguardia y,extremo_funcional,1
de vanguardia y estandares,extremo_funcional,1
de vida,extremo_funcional,6
de vida de,extremo_funcional,4
de vida de este,extremo_funcional,1
de vida de estos,extremo_funcional,2
de vida de las,extremo_funcional,1
de vida de nuestra,extremo_funcional,1
de vida del,extremo_funcional,1
de vida del desarrollo,extremo_funcional,1
de vida saludable,extremo_funcional,1
de vinculacion,extremo_funcional,2
de vinculacion con,extremo_funcional,1
de vinculacion con el,extremo_funcional,1
de vinculacion temprana,extremo_funcional,1
de vision,extremo_funcional,1
de vision integradora,extremo_funcional,1
debe desarrollar competencias en,extremo_funcional,1
deberan cursar todas,extremo_funcional,1
deberan cursar todas las,extremo_funcional,1
debido al,extremo_funcional,1
debido al sello,expresion_funcional,1
debido al sello distintivo,expresion_funcional,1
debilidades en,extremo_funcional,1
debilidades en los,extremo_funcional,1
decisiones basadas en,extremo_funcional,1
decisiones con,extremo_funcional,1
decisiones con un,extremo_funcional,1
decisiones con un enfoque,expresion_funcional,1
decisiones de,extremo_funcional,1
decisiones en,extremo_funcional,3
decisiones en las,extremo_funcional,2
decisiones en proyectos de,extremo_funcional,1
decisiones estrategicas de,extremo_funcional,1
decisiones estrategicas de las,extremo_funcional,1
decisiones estrategicas en,extremo_funcional,1
decisiones tecnologicas de,extremo_funcional,1
decisiones y,extremo_funcional,8
decisiones y apoyar,expresion_funcional,1
decisiones y apoyar la,extremo_funcional,1
decisiones y asumir,expresion_funcional,1
decisiones y asumir riesgos,expresion_funcional,1
decisiones y comunicacion,expresion_funcional,1
decisiones y comunicacion efectiva,expresion_funcional,1
decisiones y de,extremo_funcional,1
decisiones y de liderar,expresion_funcional,1
decisiones y enfrenta,expresion_funcional,1
decisiones y enfrenta con,extremo_funcional,1
decisiones y gestion,expresion_funcional,1
decisiones y gestion de,extremo_funcional,1
decisiones y la,extremo_funcional,1
decisiones y la estrategia,expresion_funcional,1
decisiones y mejora,expresion_funcional,1
decisiones y mejora continua,expresion_funcional,1
dedicados al,extremo_funcional,1
dedicados al desarrollo,expresion_funcional,1
dedicados al desarrollo de,extremo_funcional,1
dedican a,extremo_funcional,1
dedican a las,extremo_funcional,1
dedican a las ciencias,expresion_funcional,1
definiciones y,extremo_funcional,1
definiciones y requerimientos,expresion_funcional,1
definiciones y requerimientos de,extremo_funcional,1
definidos en,extremo_funcional,2
definidos en la,extremo_funcional,1
definidos en las,extremo_funcional,1
definir y,extremo_funcional,1
definir y planificar,expresion_funcional,1
definir y planificar estrategias,expresion_funcional,1
dejanos tu,extremo_funcional,1
dejanos tu telefono,expresion_funcional,1
dejanos tu telefono y,extremo_funcional,1
del,segmento_de_identidad_institucional,3
del,stopword_o_unigrama_corto,42
del ambito,extremo_vago_declarado,1
del ambito nacional,extremo_funcional,1
del ambito nacional e,extremo_funcional,1
del analisis,extremo_funcional,1
del aprendizaje,extremo_funcional,1
del area,extremo_funcional,2
del area de,extremo_funcional,2
del area de informatica,extremo_funcional,1
del area de las,extremo_funcional,1
del bien,extremo_funcional,2
del bien,segmento_de_identidad_institucional,2
del bien comun,extremo_funcional,2
del bien comun,segmento_de_identidad_institucional,2
del bien comun a,segmento_de_identidad_institucional,2
del bien comun y,extremo_funcional,1
del bio,extremo_funcional,2
del cambio,extremo_funcional,2
del cambio tecnologico,extremo_funcional,2
del campo,extremo_funcional,1
del campo ocupacional,extremo_funcional,1
del campo ocupacional el,extremo_funcional,1
del castellano,extremo_funcional,1
del ciclo,extremo_funcional,2
del ciclo de,extremo_funcional,2
del ciclo de vida,extremo_funcional,2
del cliente,extremo_funcional,2
del cliente y,extremo_funcional,1
del cliente y los,extremo_funcional,1
del compromiso,extremo_funcional,1
del compromiso etico,extremo_funcional,1
del conocimiento,extremo_vago_declarado,3
del conocimiento de,extremo_funcional,1
del conocimiento de los,extremo_funcional,1
del conocimiento en,extremo_funcional,1
del conocimiento en ciencia,extremo_funcional,1
del conocimiento profundo,extremo_funcional,1
del conocimiento profundo de,extremo_funcional,1
del consumidor,extremo_funcional,1
del consumidor y,extremo_funcional,1
del consumidor y notarias,extremo_funcional,1
del contexto,extremo_funcional,1
del cultivo,extremo_funcional,1
del curriculum,extremo_funcional,1
del curriculum innovado,extremo_funcional,1
del desarrollo,extremo_funcional,8
del desarrollo academico,extremo_funcional,1
del desarrollo academico y,extremo_funcional,1
del desarrollo de,extremo_funcional,4
del desarrollo de las,extremo_funcional,1
del desarrollo de software,extremo_funcional,3
del desarrollo sostenible,extremo_funcional,1
del desarrollo sostenible en,extremo_funcional,1
del desarrollo sustentable,extremo_funcional,1
del diseno,extremo_funcional,4
del diseno de,extremo_funcional,1
del diseno de software,extremo_funcional,1
del egresado,extremo_funcional,1
del egresado de,extremo_funcional,1
del egresado de ingenieria,extremo_funcional,1
del entorno,extremo_funcional,4
del escenario,extremo_funcional,1
del escenario productivo,extremo_funcional,1
del espiritu,extremo_funcional,1
del espiritu innovador,extremo_funcional,1
del espiritu innovador del,extremo_funcional,1
del funcionamiento,extremo_funcional,1
del funcionamiento optimo,extremo_funcional,1
del funcionamiento optimo de,extremo_funcional,1
del futuro,extremo_funcional,1
del idioma,extremo_funcional,3
del idioma ingles,extremo_funcional,3
del idioma ingles para,extremo_funcional,1
del idioma ingles y,extremo_funcional,1
del impacto,extremo_funcional,1
del impacto de,extremo_funcional,1
del impacto de su,extremo_funcional,1
del ingeniero,extremo_funcional,1
del instituto,extremo_funcional,6
del instituto profesional,extremo_funcional,4
del instituto profesional de,extremo_funcional,1
del instituto profesional iacc,extremo_funcional,1
del instituto profesional inacap,extremo_funcional,1
del instituto profesional virginio,extremo_funcional,1
del instituto tecnologico,extremo_funcional,2
del instituto tecnologico de,extremo_funcional,2
del levantamiento,extremo_funcional,1
del levantamiento de,extremo_funcional,1
del levantamiento de informacion,extremo_funcional,1
del magister,extremo_funcional,1
del magister de,extremo_funcional,1
del magister de educacion,extremo_funcional,1
del magister de gestion,extremo_funcional,1
del manejo,extremo_funcional,1
del manejo de,extremo_funcional,1
del manejo de tecnologias,extremo_funcional,1
del marco,extremo_funcional,1
del marco espanol,extremo_funcional,1
del marco espanol a,extremo_funcional,1
del maule,extremo_funcional,1
del medio,extremo_funcional,2
del medio ambiente,extremo_funcional,1
del mercado,extremo_funcional,1
del mercado laboral,extremo_funcional,1
del mundo,extremo_funcional,2
del mundo,segmento_de_identidad_institucional,3
del mundo cientifico,extremo_funcional,1
del mundo real,extremo_funcional,1
del mundo y,segmento_de_identidad_institucional,3
del mundo y de,segmento_de_identidad_institucional,3
del norte,extremo_funcional,2
del norte tiene,extremo_funcional,2
del norte tiene el,extremo_funcional,2
del nuevo,extremo_funcional,1
del nuevo perfil,extremo_funcional,1
del nuevo perfil de,extremo_funcional,1
del o,extremo_funcional,1
del o la,extremo_funcional,1
del o la egresado,extremo_funcional,1
del pais,extremo_funcional,4
del perfil,extremo_funcional,3
del perfil de,extremo_funcional,3
del perfil de egreso,extremo_funcional,3
del plan,extremo_funcional,3
del plan de,extremo_funcional,2
del plan de estudio,extremo_funcional,1
del plan de estudios,extremo_funcional,1
del plan estrategico,extremo_funcional,1
del plan estrategico de,extremo_funcional,1
del presupuesto,extremo_funcional,1
del proceso,extremo_funcional,2
del proceso de,extremo_funcional,2
del proceso de admision,extremo_funcional,1
del proceso de extraccion,extremo_funcional,1
del programa,extremo_funcional,2
del programa de,extremo_funcional,1
del programa de ingenieria,extremo_funcional,1
del proyecto,extremo_funcional,1
del quehacer,extremo_funcional,1
del quehacer de,extremo_funcional,1
del quehacer de organizaciones,extremo_funcional,1
del sector,extremo_funcional,5
del sector privado,extremo_funcional,1
del sector privado y,extremo_funcional,1
del sector productivo,extremo_funcional,1
del sector productivo y,extremo_funcional,1
del sector publico,extremo_funcional,4
del sector publico como,extremo_funcional,1
del sector publico o,extremo_funcional,1
del sector publico y,extremo_funcional,1
del sello,segmento_de_identidad_institucional,2
del sello identitario,segmento_de_identidad_institucional,2
del sello identitario de,segmento_de_identidad_institucional,2
del sistema,extremo_funcional,1
del sistema operativo,extremo_funcional,1
del sistema operativo y,extremo_funcional,1
del talento,extremo_funcional,1
del talento de,extremo_funcional,1
del talento de las,extremo_funcional,1
del tercer,extremo_funcional,1
del tercer sector,extremo_funcional,1
del tiempo,extremo_funcional,1
del tiempo y,extremo_funcional,1
del tiempo y del,extremo_funcional,1
del trabajo,extremo_funcional,3
del trabajo y,extremo_funcional,1
del uso,extremo_funcional,2
del uso de,extremo_funcional,1
del uso de metodologias,extremo_funcional,1
del uso eficiente,extremo_funcional,1
del uso eficiente y,extremo_funcional,1
delivery manager en,extremo_funcional,1
demanda la,extremo_funcional,1
demanda la sociedad en,extremo_funcional,1
demandas del,extremo_funcional,3
demas personas y,extremo_funcional,1
demas personas y trabajar,expresion_funcional,1
demos de,extremo_funcional,1
demostrando alta,extremo_vago_declarado,1
demostrando alta capacidad y,extremo_funcional,1
demostrando capacidad para,extremo_funcional,1
demostrando la,extremo_funcional,1
demostrando la capacidad de,extremo_funcional,1
demostrando vocacion de,extremo_funcional,1
demostrar coherencia etica entre,extremo_funcional,1
demostrar compromiso y,extremo_funcional,1
demostrar compromiso y permanente,expresion_funcional,1
demostrar en,extremo_funcional,1
demostrar en el,extremo_funcional,1
demostrara solidos conocimientos,extremo_vago_declarado,1
demuestra,termino_generico_aislado,5
demuestra capacidad,extremo_generico_declarado,3
demuestra capacidad cientifica,extremo_generico_declarado,1
demuestra capacidad de,extremo_funcional,1
demuestra capacidad de emprendimiento,extremo_generico_declarado,1
demuestra capacidad para,extremo_funcional,1
demuestra capacidad para aplicar,extremo_generico_declarado,1
demuestra conocimientos,extremo_vago_declarado,1
demuestra conocimientos solidos,extremo_generico_declarado,1
demuestra conocimientos solidos a,extremo_funcional,1
demuestra una,extremo_funcional,1
demuestra una solida,expresion_funcional,1
demuestra una solida formacion,expresion_funcional,1
den solucion a,extremo_funcional,1
den solucion a problemas,expresion_funcional,1
den un,extremo_funcional,1
den un valor,expresion_funcional,1
den un valor diferenciador,expresion_funcional,1
dentro de,extremo_funcional,1
dentro de cada ambito,extremo_vago_declarado,1
dentro del,extremo_funcional,2
dentro del area de,extremo_funcional,1
dentro del plan de,extremo_funcional,1
departamento de,extremo_funcional,2
departamento de ciencias de,extremo_funcional,1
departamento de informatica,denominacion_grado,1
departamento de informatica hasta,extremo_funcional,1
departamentos o,extremo_funcional,1
departamentos o las,extremo_funcional,1
departamentos o las gerencias,expresion_funcional,1
derechos humanos y,extremo_funcional,2
derechos humanos y la,extremo_funcional,1
derechos humanos y participando,expresion_funcional,1
desafios de,extremo_funcional,4
desafios de acceso a,extremo_funcional,1
desafios de la,extremo_funcional,2
desafios de un,extremo_funcional,1
desafios de un entorno,expresion_funcional,1
desafios del,extremo_funcional,2
desafios en,extremo_funcional,1
desafios en todos,extremo_funcional,1
desafios en todos los,extremo_funcional,1
desafios para,extremo_funcional,1
desafios para aquellos que,extremo_funcional,1
desafios que,extremo_funcional,2
desafios que le,extremo_funcional,1
desafios que le impone,expresion_funcional,1
desafios que se,extremo_funcional,1
desafios que se le,extremo_funcional,1
desafios tecnologicos para,extremo_funcional,1
desafios tecnologicos para la,extremo_funcional,1
desarrolla aplicaciones informaticas,denominacion_grado,1
desarrolla competencias para,extremo_funcional,1
desarrolla e,extremo_funcional,1
desarrolla e implementa,expresion_funcional,1
desarrolla e implementa soluciones,expresion_funcional,1
desarrolla en,extremo_funcional,1
desarrolla en un,extremo_funcional,1
desarrolla en un contexto,expresion_funcional,1
desarrolla habilidades para,extremo_funcional,2
desarrolla implementa y,extremo_funcional,1
desarrolla implementa y gestiona,expresion_funcional,1
desarrolla la,extremo_funcional,2
desarrolla la carrera,identidad_institucional_declarada,1
desarrolla la carrera son,identidad_institucional_declarada,1
desarrolla la linea de,extremo_funcional,1
desarrolla su,extremo_funcional,1
desarrolla su quehacer,expresion_funcional,1
desarrolla su quehacer profesional,expresion_funcional,1
desarrolla y,extremo_funcional,1
desarrolla y utiliza,expresion_funcional,1
desarrolla y utiliza tecnicas,expresion_funcional,1
desarrolladas en,extremo_funcional,1
desarrolladas en su,extremo_funcional,1
desarrolladas en su trayectoria,expresion_funcional,1
desarrollador de,extremo_funcional,1
desarrolladora y,extremo_funcional,1
desarrolladora y directora,expresion_funcional,1
desarrolladora y directora de,extremo_funcional,1
desarrolladores de,extremo_funcional,1
desarrollados durante,extremo_funcional,1
desarrollados durante el,extremo_funcional,1
desarrollados durante el trabajo,expresion_funcional,1
desarrollados en,extremo_funcional,1
desarrollados en base a,extremo_funcional,1
desarrollan competencias para,extremo_funcional,1
desarrollan nuestros profesionales en,extremo_funcional,1
desarrollando funciones de,extremo_funcional,1
desarrollando soluciones en,extremo_funcional,1
desarrollando soluciones en el,extremo_funcional,1
desarrollar actitud emprendedora y,extremo_funcional,1
desarrollar aplicaciones y,extremo_funcional,1
desarrollar aplicaciones y sistemas,expresion_funcional,1
desarrollar competencias en,extremo_funcional,1
desarrollar e,extremo_funcional,5
desarrollar e implantar,expresion_funcional,2
desarrollar e implantar soluciones,expresion_funcional,2
desarrollar e implementar,expresion_funcional,2
desarrollar e implementar sistemas,expresion_funcional,1
desarrollar e implementar soluciones,expresion_funcional,1
desarrollar e integrar,expresion_funcional,1
desarrollar e integrar soluciones,expresion_funcional,1
desarrollar iniciativas a,extremo_funcional,1
desarrollar iniciativas a traves,expresion_funcional,1
desarrollar iniciativas transformadoras e,extremo_funcional,1
desarrollar la,extremo_funcional,2
desarrollar la resolucion de,extremo_funcional,1
desarrollar modelos de,extremo_funcional,1
desarrollar procesos de,extremo_funcional,1
desarrollar proyectos de,extremo_funcional,2
desarrollar proyectos que,extremo_funcional,1
desarrollar proyectos que involucran,expresion_funcional,1
desarrollar proyectos relacionados con,extremo_funcional,1
desarrollar soluciones de,extremo_funcional,1
desarrollar soluciones informaticas,denominacion_grado,2
desarrollar soluciones informaticas integrales,denominacion_grado,1
desarrollar soluciones tic que,extremo_funcional,1
desarrollar una,extremo_funcional,2
desarrollar una metodologia,expresion_funcional,1
desarrollar una metodologia agil,expresion_funcional,1
desarrollar una perspectiva,expresion_funcional,1
desarrollar una perspectiva respecto,expresion_funcional,1
desarrollar y,extremo_funcional,4
desarrollar y administrar,expresion_funcional,1
desarrollar y administrar soluciones,expresion_funcional,1
desarrollar y desplegar,expresion_funcional,1
desarrollar y desplegar soluciones,expresion_funcional,1
desarrollar y mantener,expresion_funcional,2
desarrollar y mantener sistemas,expresion_funcional,1
desarrollar y mantener soluciones,expresion_funcional,1
desarrollaras en,extremo_funcional,1
desarrollaras en este,extremo_funcional,1
desarrollaras en este programa,expresion_funcional,1
desarrollarse en,extremo_funcional,1
desarrollo academico y,extremo_funcional,1
desarrollo academico y profesional,expresion_funcional,1
desarrollo de,extremo_funcional,19
desarrollo de la,extremo_funcional,3
desarrollo de las,extremo_funcional,2
desarrollo de productos y,extremo_funcional,1
desarrollo de sistemas de,extremo_funcional,1
desarrollo de software en,extremo_funcional,1
desarrollo de software y,extremo_funcional,3
desarrollo de soluciones con,extremo_funcional,1
desarrollo de soluciones informaticas,denominacion_grado,1
desarrollo de su,extremo_funcional,1
desarrollo de su trabajo,expresion_funcional,1
desarrollo de sus,extremo_funcional,1
desarrollo de sus tareas,expresion_funcional,1
desarrollo de valores institucionales,identidad_institucional_declarada,1
desarrollo del,extremo_funcional,2
desarrollo disciplinar y,extremo_funcional,1
desarrollo disciplinar y a,extremo_funcional,1
desarrollo e,extremo_funcional,3
desarrollo e implementacion,expresion_funcional,2
desarrollo e implementacion de,extremo_funcional,2
desarrollo e ingenieria,expresion_funcional,1
desarrollo e ingenieria de,extremo_funcional,1
desarrollo economico y,extremo_funcional,1
desarrollo economico y social,expresion_funcional,1
desarrollo permanente de,extremo_funcional,2
desarrollo permanente de la,extremo_funcional,2
desarrollo profesional el,extremo_funcional,1
desarrollo profesional tiene,extremo_funcional,1
desarrollo profesional tiene amplias,expresion_funcional,1
desarrollo sostenible de,extremo_funcional,1
desarrollo sostenible de la,extremo_funcional,1
desarrollo sostenible el,extremo_funcional,1
desarrollo sostenible en,extremo_funcional,1
desarrollo sostenible en un,extremo_funcional,1
desarrollo sustentable y,extremo_funcional,1
desarrollo sustentable y sostenible,expresion_funcional,1
desarrollo tecnologico y,extremo_funcional,1
desarrollo tecnologico y organizacional,expresion_funcional,1
desarrollo y,extremo_funcional,7
desarrollo y administracion,expresion_funcional,1
desarrollo y administracion de,extremo_funcional,1
desarrollo y al,extremo_funcional,1
desarrollo y al bienestar,expresion_funcional,1
desarrollo y evaluacion,expresion_funcional,1
desarrollo y evaluacion de,extremo_funcional,1
desarrollo y optimizacion,expresion_funcional,1
desarrollo y optimizacion de,extremo_funcional,1
desarrollo y produccion,expresion_funcional,1
desarrollo y produccion de,extremo_funcional,1
desarrollo y toma,extremo_vago_declarado,1
desarrollo y toma de,extremo_funcional,1
desarrollo y transferencia,expresion_funcional,1
desarrollo y transferencia del,extremo_funcional,1
desarrollo y uso,expresion_funcional,1
desarrollo y uso de,extremo_funcional,1
desarrollos seguro en,extremo_funcional,1
descripcion de,extremo_funcional,2
descripcion de la,extremo_funcional,2
descripcion de la carrera,identidad_institucional_declarada,2
descripcion del,extremo_funcional,1
descripcion del perfil de,extremo_funcional,1
desde,segmento_de_identidad_institucional,1
desde,stopword_o_unigrama_corto,10
desde datos,extremo_funcional,1
desde datos complejos,extremo_funcional,1
desde datos complejos para,extremo_funcional,1
desde datos de,extremo_funcional,1
desde datos de diversas,extremo_vago_declarado,1
desde el,extremo_funcional,1
desde el ano,extremo_funcional,1
desde estadistica,extremo_funcional,1
desde estadistica hasta,extremo_funcional,1
desde estadistica hasta sql,extremo_funcional,1
desde la,segmento_de_identidad_institucional,1
desde la vision,segmento_de_identidad_institucional,1
desde la vision cristiana,segmento_de_identidad_institucional,1
desde niveles,extremo_funcional,1
desde niveles operativos,extremo_funcional,1
desde niveles operativos hasta,extremo_funcional,1
desde ser,extremo_funcional,1
desde ser parte,extremo_funcional,1
desde ser parte de,extremo_funcional,1
desde su,extremo_funcional,3
desde su profesion,extremo_funcional,1
desde su rol,extremo_funcional,2
desde su rol de,extremo_funcional,2
desde un,extremo_funcional,1
desde un enfoque,extremo_funcional,1
desde un enfoque multidisciplinario,extremo_funcional,1
desde una,extremo_funcional,2
desde una perspectiva,extremo_funcional,2
desde una perspectiva cristiana,extremo_funcional,1
desde una perspectiva innovadora,extremo_funcional,1
desempena,termino_generico_aislado,4
desempena como,extremo_funcional,1
desempena como docente,expresion_funcional,1
desempena como docente universitario,expresion_funcional,1
desempena con,extremo_funcional,1
desempena con un,extremo_funcional,1
desempena con un marcado,expresion_funcional,1
desempena en,extremo_funcional,2
desempena en instituciones,extremo_generico_declarado,2
desempena en instituciones publicas,extremo_generico_declarado,2
desempena haciendo,extremo_generico_declarado,1
desempena haciendo asesorias,extremo_generico_declarado,1
desempena haciendo asesorias y,extremo_funcional,1
desempenado en,extremo_funcional,1
desempenado en diversos,extremo_vago_declarado,1
desempenan en,extremo_funcional,1
desempenan en una,extremo_funcional,1
desempenan en una variedad,expresion_funcional,1
desempenando el,extremo_funcional,1
desempenando el rol de,extremo_funcional,1
desempenandose como,extremo_funcional,1
desempenandose como adb,expresion_funcional,1
desempenar en,extremo_funcional,1
desempenar en empresas y,extremo_funcional,1
desempenar tareas de,extremo_funcional,1
desempenar tareas de diversa,extremo_vago_declarado,1
desempenarse como,extremo_funcional,4
desempenarse como ejecutivos,expresion_funcional,1
desempenarse como ejecutivos de,extremo_funcional,1
desempenarse como jefe,expresion_funcional,2
desempenarse como jefe de,extremo_funcional,2
desempenarse como lider,expresion_funcional,1
desempenarse como lider de,extremo_funcional,1
desempenarse de,extremo_funcional,1
desempenarse en,extremo_funcional,9
desempenarse en cualquier,extremo_funcional,1
desempenarse en cualquier organizacion,expresion_funcional,1
desempenarse en diversos,extremo_vago_declarado,1
desempenarse en el,extremo_funcional,2
desempenarse en el ambito,extremo_vago_declarado,1
desempenarse en instituciones de,extremo_funcional,1
desempenarse en la,extremo_funcional,2
desempenarse en las,extremo_funcional,1
desempenarse en los,extremo_funcional,1
desempenarse en los ambitos,extremo_vago_declarado,1
desempenarse en organizaciones del,extremo_funcional,1
desempenarse profesionalmente en,extremo_funcional,2
desempeno como,extremo_funcional,1
desempeno como delivery,expresion_funcional,1
desempeno como delivery manager,expresion_funcional,1
desempeno con,extremo_funcional,1
desempeno con orientacion a,extremo_funcional,1
desempeno de,extremo_funcional,2
desempeno de las,extremo_funcional,2
desempeno interactua con,extremo_funcional,1
desempeno laboral y,extremo_funcional,1
desempeno laboral y profesional,expresion_funcional,1
desempeno que,extremo_funcional,1
desempeno que desarrollan,expresion_funcional,1
desempeno que desarrollan nuestros,expresion_funcional,1
desempeno y,extremo_funcional,1
desempeno y evolucion,expresion_funcional,1
desempeno y evolucion de,extremo_funcional,1
desenvolverse,termino_generico_aislado,5
desenvolverse con,extremo_funcional,1
desenvolverse con responsabilidad,extremo_generico_declarado,1
desenvolverse con responsabilidad profesional,extremo_generico_declarado,1
desenvolverse en,extremo_funcional,4
desenvolverse en areas,extremo_generico_declarado,1
desenvolverse en areas como,extremo_funcional,1
desenvolverse en diversos,extremo_vago_declarado,1
desenvolverse en diversos escenarios,extremo_generico_declarado,1
desenvolverse en los,extremo_funcional,2
desenvolverse en los ambitos,extremo_vago_declarado,2
desplegar soluciones de,extremo_funcional,1
desplegar y,extremo_funcional,1
desplegar y operar,expresion_funcional,1
desplegar y operar sistemas,expresion_funcional,1
despliega soluciones informaticas,denominacion_grado,1
despues de,extremo_funcional,1
despues de la,extremo_funcional,1
destaca en,extremo_funcional,1
destaca en la,extremo_funcional,1
destaca por,extremo_funcional,2
destaca por entregar,expresion_funcional,1
destaca por entregar una,extremo_funcional,1
destaca por su,extremo_funcional,1
destaca por su capacidad,expresion_funcional,1
destacan,stopword_o_unigrama_corto,5
destacan por,extremo_funcional,3
destacan por ser,extremo_funcional,1
destacan por ser un,extremo_funcional,1
destacan por su,extremo_funcional,2
destacan por su capacidad,expresion_funcional,1
destacan por su dominio,expresion_funcional,1
destacandose por,extremo_funcional,1
destacandose por una,extremo_funcional,1
destacandose por una actitud,expresion_funcional,1
destrezas de,extremo_funcional,1
destrezas en,extremo_funcional,1
destrezas en el,extremo_funcional,1
detectar oportunidades y,extremo_funcional,1
detectar oportunidades y considerar,expresion_funcional,1
diagnosticando y,extremo_funcional,1
diagnosticando y resolviendo,expresion_funcional,1
diagnosticando y resolviendo errores,expresion_funcional,1
diagnosticar necesidades y,extremo_funcional,1
diagnosticar necesidades y resolver,expresion_funcional,1
diagnosticar y,extremo_funcional,2
diagnosticar y resolver,expresion_funcional,2
diagnosticar y resolver problemas,expresion_funcional,2
dichas organizaciones,extremo_funcional,1
dichas organizaciones y,extremo_funcional,1
dichas organizaciones y evidenciando,extremo_funcional,1
dicho departamento,extremo_funcional,1
dichos conocimientos,extremo_vago_declarado,2
dichos conocimientos a,extremo_funcional,2
dichos conocimientos a la,extremo_funcional,2
dictando las,extremo_funcional,1
dictando las catedras de,extremo_funcional,1
diego portales son,extremo_funcional,1
diego portales son profesionales,expresion_funcional,1
diferenciador en,extremo_funcional,1
diferenciador en diversos,extremo_vago_declarado,1
diferenciador la,extremo_funcional,1
diferenciador la capacidad de,extremo_funcional,1
diferencias que,extremo_funcional,2
diferencias que surgen,expresion_funcional,2
diferencias que surgen entre,extremo_funcional,2
diferentes ambientes de,extremo_funcional,1
diferentes catedras de,extremo_funcional,1
diferentes catedras de la,extremo_funcional,1
diferentes contextos para,extremo_funcional,1
diferentes contextos para la,extremo_funcional,1
diferentes lineas de,extremo_funcional,1
diferentes lineas de i,fragmento_corto_no_reconocido,1
difundiendo y,extremo_funcional,1
difundiendo y evaluando,expresion_funcional,1
difundiendo y evaluando tecnologias,expresion_funcional,1
digital como,extremo_funcional,1
digital como elementos,expresion_funcional,1
digital como elementos distintivos,expresion_funcional,1
digital de,extremo_funcional,2
digital de las,extremo_funcional,2
digital este,extremo_funcional,1
digital este presente,expresion_funcional,1
digital y,extremo_funcional,1
digital y el,extremo_funcional,1
digital y el buen,expresion_funcional,1
digitales con,extremo_funcional,1
digitales con una,extremo_funcional,1
digitales con una vision,expresion_funcional,1
digitales criticos de,extremo_funcional,1
digitales e,extremo_funcional,2
digitales e inteligencia,expresion_funcional,2
digitales e inteligencia de,extremo_funcional,2
digitales en,extremo_funcional,1
digitales en los,extremo_funcional,1
digitales y,extremo_funcional,2
digitales y de,extremo_funcional,1
digitales y de la,extremo_funcional,1
digitales y tecnologias,expresion_funcional,1
digitales y tecnologias avanzadas,expresion_funcional,1
dignidad,segmento_de_identidad_institucional,2
dignidad de,extremo_funcional,1
dignidad de,segmento_de_identidad_institucional,2
dignidad de la,extremo_funcional,1
dignidad de la,segmento_de_identidad_institucional,2
dignidad de la persona,segmento_de_identidad_institucional,2
dimension trascendente de,extremo_funcional,1
dimension trascendente de la,extremo_funcional,1
dinamica que,extremo_funcional,1
dinamica que caracteriza,expresion_funcional,1
dinamica que caracteriza la,extremo_funcional,1
dinamicos y,extremo_funcional,1
dinamicos y globalizados,expresion_funcional,1
diplomada en,extremo_funcional,1
diplomada en tecnologias de,extremo_funcional,1
diplomado direccion y,extremo_funcional,1
diplomado direccion y evaluacion,expresion_funcional,1
diplomados de,extremo_funcional,1
direccion de,extremo_funcional,1
direccion de carreras,identidad_institucional_declarada,1
direccion de carreras de,identidad_institucional_declarada,1
direccion de proyectos de,extremo_funcional,1
direccion y,extremo_funcional,2
direccion y evaluacion,expresion_funcional,1
direccion y evaluacion de,extremo_funcional,1
direccion y gestion,expresion_funcional,1
direccion y gestion de,extremo_funcional,1
directivo de,extremo_funcional,1
directivos en,extremo_funcional,1
directivos en instituciones de,extremo_funcional,1
director academico de,extremo_funcional,1
director de,extremo_funcional,2
director de carrera,identidad_institucional_declarada,1
director de carrera nacional,identidad_institucional_declarada,1
director de escuela y,extremo_funcional,1
director de proyectos de,extremo_funcional,1
directora de,extremo_funcional,1
directora de la,extremo_funcional,1
directora de proyectos de,extremo_funcional,1
directora del,extremo_funcional,1
directora del magister,contexto_institucional_geografico,1
directora del magister de,extremo_funcional,1
dirigir proyectos informaticos,denominacion_grado,1
dirigir proyectos informaticos y,extremo_funcional,1
disciplina para,extremo_funcional,1
disciplina u,fragmento_corto_no_reconocido,1
disciplina u otra,fragmento_corto_no_reconocido,1
disciplina u otra afin,fragmento_corto_no_reconocido,1
disciplina y,extremo_funcional,1
disciplina y se,extremo_funcional,1
disciplina y se desarrollan,expresion_funcional,1
disciplinar con,extremo_funcional,1
disciplinar permanente lo,extremo_funcional,1
disciplinar permanente lo que,extremo_funcional,1
disciplinar y,extremo_funcional,2
disciplinar y a,extremo_funcional,1
disciplinar y a la,extremo_funcional,1
disciplinar y tecnica,expresion_funcional,1
disciplinar y tecnica que,extremo_funcional,1
disciplinares de,extremo_funcional,1
disciplinarios de,extremo_funcional,1
disciplinarios de calidad y,extremo_funcional,1
disena sistemas computacionales e,extremo_funcional,1
disena soluciones aplicando conocimientos,extremo_vago_declarado,1
disenan soluciones informaticas,denominacion_grado,1
disenan soluciones informaticas que,extremo_funcional,1
disenando soluciones de,extremo_funcional,1
disenar e,extremo_funcional,7
disenar e implementar,expresion_funcional,7
disenar e implementar productos,expresion_funcional,1
disenar e implementar sistemas,expresion_funcional,3
disenar e implementar soluciones,expresion_funcional,2
disenar e implementar una,extremo_funcional,1
disenar experimentos para,extremo_funcional,1
disenar nuevas y,extremo_funcional,1
disenar nuevas y mejores,expresion_funcional,1
disenar sistemas de,extremo_funcional,1
disenar soluciones de,extremo_funcional,1
disenar y,extremo_funcional,3
disenar y adaptar,expresion_funcional,1
disenar y adaptar los,extremo_funcional,1
disenar y desarrollar,expresion_funcional,2
disenar y desarrollar iniciativas,expresion_funcional,1
disenar y desarrollar soluciones,expresion_funcional,1
disenar y generar,expresion_funcional,1
disenar y generar soluciones,expresion_funcional,1
diseno de,extremo_funcional,6
diseno de alternativas de,extremo_funcional,1
diseno de proyectos informaticos,denominacion_grado,1
diseno de sistemas de,extremo_funcional,1
diseno de software y,extremo_funcional,1
diseno de soporte de,extremo_funcional,1
diseno e,extremo_funcional,2
diseno e implementacion,expresion_funcional,2
diseno e implementacion de,extremo_funcional,2
diseno en,extremo_funcional,1
diseno en ingenieria,denominacion_grado,1
diseno en ingenieria con,extremo_funcional,1
diseno y,extremo_funcional,4
diseno y desarrollo,expresion_funcional,1
diseno y gestion,expresion_funcional,3
diseno y gestion de,extremo_funcional,2
disponibilidad de,extremo_funcional,1
disponibilidad de los,extremo_funcional,1
disponibles acorde,extremo_vago_declarado,1
disponibles acorde a,extremo_funcional,1
disponibles acorde a su,extremo_funcional,1
disponibles en,extremo_funcional,1
disponibles en la,extremo_funcional,1
disposicion hacia,extremo_funcional,1
disposicion hacia el,extremo_funcional,1
disposicion hacia el logro,expresion_funcional,1
disposicion permanente por,extremo_funcional,1
disposicion permanente por mantener,expresion_funcional,1
disposicion sus,extremo_funcional,1
disposicion sus conocimientos,extremo_vago_declarado,1
disposicion sus conocimientos y,extremo_funcional,1
distingue por,extremo_funcional,3
distingue por el,extremo_funcional,1
distingue por el compromiso,expresion_funcional,1
distingue por ser,extremo_funcional,1
distingue por ser un,extremo_funcional,1
distingue por su,extremo_funcional,1
distingue por su capacidad,expresion_funcional,1
distinguiran en,extremo_funcional,1
distinguiran en el,extremo_funcional,1
distinta,stopword_o_unigrama_corto,1
distinta complejidad y,extremo_funcional,1
distinta complejidad y naturaleza,expresion_funcional,1
distintas,stopword_o_unigrama_corto,7
distintas areas de,extremo_funcional,2
distintas areas de la,extremo_funcional,1
distintas areas de su,extremo_funcional,1
distintas industrias y,extremo_funcional,1
distintas instituciones de,extremo_funcional,1
distintas lineas de,extremo_funcional,1
distintas organizaciones del,extremo_funcional,1
distintas plataformas y,extremo_funcional,1
distintas plataformas y el,extremo_funcional,1
distintivo de,extremo_funcional,2
distintivo de conocimientos,extremo_vago_declarado,1
distintivo del,extremo_funcional,1
distintivo del o,extremo_funcional,1
distintivo del o la,extremo_funcional,1
distintivos de,extremo_funcional,1
distintivos de la,extremo_funcional,1
distintos,stopword_o_unigrama_corto,9
distintos agentes que,extremo_funcional,1
distintos agentes que influyen,expresion_funcional,1
distintos ambientes laborales y,extremo_funcional,1
distintos ambitos,extremo_vago_declarado,2
distintos ambitos de,extremo_funcional,1
distintos ambitos de las,extremo_funcional,1
distintos dominios del,extremo_funcional,1
distintos medios en,extremo_funcional,1
distintos medios en diversos,extremo_vago_declarado,1
distintos procesos a,extremo_funcional,1
distintos procesos a partir,expresion_funcional,1
diversa,stopword_o_unigrama_corto,4
diversa complejidad,extremo_vago_declarado,1
diversa indole,extremo_vago_declarado,3
diversa indole y,extremo_vago_declarado,1
diversa indole y siguiendo,extremo_vago_declarado,1
diversas,stopword_o_unigrama_corto,8
diversas caracteristicas,extremo_vago_declarado,1
diversas habilidades,extremo_vago_declarado,1
diversas habilidades y,extremo_vago_declarado,1
diversas habilidades y perspectivas,extremo_vago_declarado,1
diversas industrias,extremo_vago_declarado,2
diversas necesidades,extremo_vago_declarado,2
diversas necesidades de,extremo_vago_declarado,1
diversas necesidades de la,extremo_vago_declarado,1
diversas problematicas,extremo_vago_declarado,2
diversas problematicas asociadas,extremo_vago_declarado,1
diversas problematicas asociadas a,extremo_vago_declarado,1
diversas problematicas de,extremo_vago_declarado,2
diversas problematicas de la,extremo_vago_declarado,1
diversas problematicas de los,extremo_vago_declarado,1
diversas universidades,extremo_vago_declarado,1
diversas universidades e,extremo_vago_declarado,1
diversas universidades e institutos,extremo_vago_declarado,1
diversidad,stopword_o_unigrama_corto,8
diversidad de,extremo_funcional,1
diversidad e,extremo_funcional,1
diversidad e inclusion,expresion_funcional,1
diversidad humana y,extremo_funcional,1
diversidad humana y el,extremo_funcional,1
diversidad y,extremo_funcional,2
diversidad y es,extremo_funcional,1
diversidad y es capaz,expresion_funcional,1
diversidad y la,extremo_funcional,1
diversidad y la reciprocidad,expresion_funcional,1
diverso,stopword_o_unigrama_corto,1
diversos,stopword_o_unigrama_corto,12
diversos cargos,extremo_vago_declarado,1
diversos cargos directivos,extremo_vago_declarado,1
diversos cargos directivos en,extremo_vago_declarado,1
diversos clientes,extremo_vago_declarado,1
diversos contextos,extremo_vago_declarado,4
diversos contextos en,extremo_vago_declarado,1
diversos contextos en un,extremo_vago_declarado,1
diversos contextos vinculados,extremo_vago_declarado,1
diversos contextos vinculados a,extremo_vago_declarado,1
diversos escenarios,extremo_vago_declarado,1
diversos niveles,extremo_vago_declarado,2
diversos niveles organizacionales,extremo_vago_declarado,2
diversos problemas,extremo_vago_declarado,1
diversos problemas organizacionales,extremo_vago_declarado,1
diversos tipos,extremo_vago_declarado,1
diversos tipos de,extremo_vago_declarado,1
diversos tipos de organizaciones,extremo_vago_declarado,1
division de,extremo_funcional,1
docencia superior,extremo_generico_declarado,1
docencia y,extremo_funcional,1
docencia y direccion,expresion_funcional,1
docencia y direccion de,extremo_funcional,1
docente de,extremo_funcional,2
docente de mas,extremo_funcional,1
docente de mas de,extremo_funcional,1
docente universitario e,extremo_funcional,1
docente universitario e investigador,expresion_funcional,1
docentes de,extremo_funcional,1
docentes de alto,extremo_vago_declarado,1
doctor en,extremo_funcional,1
doctor en ciencias de,extremo_funcional,1
doctorado en,extremo_funcional,1
doctorado en direccion de,extremo_funcional,1
doctorado en ingenieria,denominacion_grado,1
doctorado en ingenieria electrica,denominacion_grado,1
documento presenta el,extremo_funcional,1
domina al,extremo_funcional,1
domina al termino,expresion_funcional,1
domina al termino de,extremo_funcional,1
domina la,extremo_funcional,1
domina la evaluacion y,extremo_funcional,1
dominio del,extremo_funcional,1
dominio en,extremo_funcional,1
dominio en los,extremo_funcional,1
dominios del,extremo_funcional,1
dominios del quehacer de,extremo_funcional,1
donde,stopword_o_unigrama_corto,3
donde ha,extremo_funcional,1
donde ha impartido,extremo_funcional,1
donde ha impartido diferentes,extremo_funcional,1
donde la,extremo_funcional,1
donde la transformacion,extremo_funcional,1
donde la transformacion digital,extremo_funcional,1
donde se,extremo_funcional,1
donde se propicie,extremo_funcional,1
donde se propicie la,extremo_funcional,1
donoso ingeniero,denominacion_grado,1
donoso ingeniero en,extremo_funcional,1
donoso ingeniero en informatica,denominacion_grado,1
dr,fragmento_corto_no_reconocido,1
dr en,fragmento_corto_no_reconocido,1
dr en ingenieria,fragmento_corto_no_reconocido,1
dr en ingenieria electrica,fragmento_corto_no_reconocido,1
duoc uc,fragmento_corto_no_reconocido,2
duoc uc disena,fragmento_corto_no_reconocido,1
duracion de,extremo_funcional,3
durante,stopword_o_unigrama_corto,6
durante el,extremo_funcional,3
durante el ciclo,extremo_funcional,1
durante el ciclo de,extremo_funcional,1
durante el segundo,extremo_funcional,1
durante el segundo ano,extremo_funcional,1
durante el trabajo,extremo_funcional,1
durante el trabajo en,extremo_funcional,1
durante su,extremo_funcional,1
durante su formacion,extremo_funcional,1
durante sus,extremo_funcional,1
durante sus estudios,extremo_funcional,1
durante todo,extremo_funcional,1
durante todo el,extremo_funcional,1
durante todo el ciclo,extremo_funcional,1
durante y,extremo_funcional,1
durante y despues,extremo_funcional,1
durante y despues de,extremo_funcional,1
e,stopword_o_unigrama_corto,48
e ideas,extremo_funcional,1
e ideas basicas,extremo_funcional,1
e ideas basicas relacionadas,extremo_funcional,1
e impacto,extremo_funcional,1
e impacto del,extremo_funcional,1
e impacto del cambio,extremo_funcional,1
e implantar,extremo_funcional,2
e implantar soluciones,extremo_funcional,2
e implantar soluciones eficientes,extremo_funcional,2
e implementa,extremo_funcional,2
e implementa proyectos,extremo_funcional,1
e implementa proyectos con,extremo_funcional,1
e implementa soluciones,extremo_funcional,1
e implementa soluciones integrales,extremo_funcional,1
e implementacion,extremo_funcional,6
e implementacion de,extremo_funcional,6
e implementacion de mvp,extremo_funcional,1
e implementacion de proyectos,extremo_funcional,1
e implementacion de sistemas,extremo_funcional,1
e implementacion de soluciones,extremo_funcional,4
e implementando,extremo_funcional,1
e implementando estrategias,extremo_funcional,1
e implementando estrategias de,extremo_funcional,1
e implementar,extremo_funcional,13
e implementar procesos,extremo_funcional,1
e implementar procesos de,extremo_funcional,1
e implementar productos,extremo_funcional,1
e implementar productos de,extremo_funcional,1
e implementar proyectos,extremo_funcional,1
e implementar proyectos informaticos,extremo_funcional,1
e implementar sistemas,extremo_funcional,4
e implementar sistemas de,extremo_funcional,3
e implementar sistemas y,extremo_funcional,1
e implementar soluciones,extremo_funcional,5
e implementar soluciones informaticas,extremo_funcional,2
e implementar soluciones relacionadas,extremo_funcional,1
e implementar soluciones tic,extremo_funcional,2
e implementar una,extremo_funcional,1
e implementar una solucion,extremo_funcional,1
e implementar y,extremo_funcional,1
e implementar y evaluar,extremo_funcional,1
e inclusion,extremo_funcional,1
e inclusiva,extremo_funcional,1
e incorporar,extremo_funcional,1
e incorporar a,extremo_funcional,1
e incorporar a equipos,extremo_funcional,1
e industria,extremo_funcional,1
e informatica,extremo_funcional,13
e informatica de,extremo_funcional,10
e informatica de la,extremo_funcional,10
e informatica el,extremo_funcional,1
e informatica el egresado,extremo_funcional,1
e informatica es,extremo_funcional,3
e informatica es un,extremo_funcional,2
e informatica es una,extremo_funcional,1
e informatica para,extremo_funcional,1
e informatica para su,extremo_funcional,1
e informatica se,extremo_funcional,2
e informatica se destaca,extremo_funcional,1
e informatica se puede,extremo_funcional,1
e informaticos,extremo_funcional,1
e informaticos con,extremo_funcional,1
e informaticos con enfasis,extremo_funcional,1
e ingenieras,extremo_funcional,2
e ingenieras con,extremo_funcional,2
e ingenieras con multiples,extremo_funcional,1
e ingenieras con una,extremo_funcional,1
e ingenieria,extremo_funcional,7
e ingenieria aplicada,extremo_funcional,1
e ingenieria computacional,extremo_funcional,1
e ingenieria de,extremo_funcional,2
e ingenieria de datos,extremo_funcional,1
e ingenieria de software,extremo_funcional,1
e ingenieria en,extremo_funcional,1
e ingenieria en tecnologias,extremo_funcional,1
e ingenieria informatica,extremo_funcional,1
e ingenieril,extremo_funcional,1
e ingenieril y,extremo_funcional,1
e ingenieril y aplicando,extremo_funcional,1
e ingeniero,extremo_funcional,1
e ingeniero en,extremo_funcional,1
e ingeniero en telecomunicaciones,extremo_funcional,1
e ingenieros,extremo_funcional,1
e ingenieros lideres,extremo_funcional,1
e ingenieros lideres del,extremo_funcional,1
e ingenieros se,extremo_funcional,1
e ingenieros se destacan,extremo_funcional,1
e innovacion,extremo_funcional,8
e innovacion a,extremo_funcional,1
e innovacion a traves,extremo_funcional,1
e innovacion en,extremo_funcional,3
e innovacion en distintos,extremo_funcional,1
e innovacion en todas,extremo_funcional,2
e innovacion tecnologica,extremo_funcional,1
e innovacion tecnologica de,extremo_funcional,1
e innovador,extremo_funcional,2
e innovadora,extremo_funcional,1
e innovadoras,extremo_funcional,2
e innovadoras a,extremo_funcional,1
e innovadoras a necesidades,extremo_funcional,1
e innovadoras en,extremo_funcional,1
e innovadoras en equipos,extremo_funcional,1
e innovadoras que,extremo_funcional,1
e innovadoras que requieren,extremo_funcional,1
e innovar,extremo_funcional,2
e innovar en,extremo_funcional,1
e innovar en el,extremo_funcional,1
e innovar mediante,extremo_funcional,1
e innovar mediante la,extremo_funcional,1
e institutos,extremo_funcional,1
e institutos profesionales,extremo_funcional,1
e institutos profesionales como,extremo_funcional,1
e integra,extremo_funcional,1
e integra soluciones,extremo_funcional,1
e integra soluciones computacionales,extremo_funcional,1
e integracion,extremo_funcional,3
e integracion de,extremo_funcional,2
e integracion de servicios,extremo_funcional,1
e integracion de sistemas,extremo_funcional,1
e integracion del,extremo_funcional,1
e integracion del conocimiento,extremo_vago_declarado,1
e integran,extremo_funcional,1
e integran soluciones,extremo_funcional,1
e integran soluciones computacionales,extremo_funcional,1
e integrar,extremo_funcional,2
e integrar equipos,extremo_funcional,1
e integrar soluciones,extremo_funcional,1
e integrar soluciones de,extremo_funcional,1
e integro,extremo_funcional,1
e integro desempeno,extremo_funcional,1
e integro desempeno de,extremo_funcional,1
e inteligencia,extremo_funcional,11
e inteligencia artificial,extremo_funcional,8
e inteligencia artificial a,extremo_funcional,1
e inteligencia artificial al,extremo_funcional,1
e inteligencia de,extremo_funcional,3
e inteligencia de negocios,extremo_funcional,3
e interdisciplinares,extremo_funcional,1
e interdisciplinarios,extremo_funcional,2
e interdisciplinarios y,extremo_funcional,1
e interdisciplinarios y adaptarse,extremo_funcional,1
e intereses,extremo_funcional,1
e intereses generales,extremo_funcional,1
e intereses generales de,extremo_funcional,1
e internacional,extremo_funcional,1
e internacionales,extremo_funcional,1
e interpersonales,extremo_funcional,1
e interpretar,extremo_funcional,1
e interpretar grandes,extremo_funcional,1
e interpretar grandes volumenes,extremo_funcional,1
e investigacion,extremo_funcional,1
e investigacion sobre,extremo_funcional,1
e investigacion sobre los,extremo_funcional,1
e investigador,extremo_funcional,1
e investigador postdoctoral,extremo_funcional,1
e investigador postdoctoral con,extremo_funcional,1
economia y,extremo_funcional,1
economia y evaluacion,expresion_funcional,1
economia y evaluacion de,extremo_funcional,1
economico de,extremo_funcional,1
economico de la,extremo_funcional,1
economico y,extremo_funcional,4
economico y ambiental,expresion_funcional,2
economico y social,expresion_funcional,2
economico y social del,extremo_funcional,1
economicos y,extremo_funcional,1
economicos y ambientalmente,expresion_funcional,1
economicos y ambientalmente sostenibles,expresion_funcional,1
educacion continua asociados a,extremo_funcional,1
educacion para,extremo_funcional,1
educacion para la,extremo_funcional,1
educacion superior,extremo_generico_declarado,2
educacion superior como,extremo_funcional,1
educacion superior como jefe,expresion_funcional,1
educacion superior en,extremo_funcional,1
educacion superior en la,extremo_funcional,1
educacion superior y,extremo_funcional,1
educacion superior y en,extremo_funcional,1
educacion y,extremo_funcional,2
educacion y como,extremo_funcional,1
educacion y como evaluadora,expresion_funcional,1
educacion y gobierno,expresion_funcional,1
educacionales del,extremo_funcional,1
educacionales del programa de,extremo_funcional,1
educativo de,extremo_funcional,1
educativo de nuestra carrera,identidad_institucional_declarada,1
efectiva con,extremo_funcional,1
efectiva con el,extremo_funcional,1
efectiva de,extremo_funcional,1
efectiva en,extremo_funcional,2
efectiva en el,extremo_funcional,1
efectiva en la,extremo_funcional,1
efectiva mediante el,extremo_funcional,1
efectiva sus,extremo_funcional,1
efectiva sus propositos,expresion_funcional,1
efectiva sus propositos para,extremo_funcional,1
efectiva y,extremo_funcional,2
efectiva y constructiva,expresion_funcional,1
efectiva y uso,expresion_funcional,1
efectiva y uso de,extremo_funcional,1
efectivamente en,extremo_funcional,2
efectivamente sus,extremo_funcional,1
efectivamente sus propuestas,expresion_funcional,1
efectivamente sus propuestas en,extremo_funcional,1
efectivamente tanto,extremo_funcional,1
efectivamente tanto en,extremo_funcional,1
efectivamente tanto en espanol,expresion_funcional,1
efectivas y,extremo_funcional,1
efectivas y eficientes,expresion_funcional,1
efectivas y eficientes para,extremo_funcional,1
efectividad de,extremo_funcional,1
efectividad de las,extremo_funcional,1
eficacia de,extremo_funcional,1
eficacia de las,extremo_funcional,1
eficaz de,extremo_funcional,1
eficaz de tecnologias informaticas,denominacion_grado,1
eficiencia a,extremo_funcional,1
eficiencia a los,extremo_funcional,1
eficiencia a los desafios,expresion_funcional,1
eficiencia de,extremo_funcional,1
eficiencia de las,extremo_funcional,1
eficiencia e,extremo_funcional,1
eficiencia e innovacion,expresion_funcional,1
eficiencia operativa y,extremo_funcional,2
eficiencia operativa y la,extremo_funcional,2
eficiencia y,extremo_funcional,5
eficiencia y calidad,expresion_funcional,1
eficiencia y eficacia,expresion_funcional,1
eficiencia y la,extremo_funcional,2
eficiencia y la eficacia,expresion_funcional,1
eficiencia y la innovacion,expresion_funcional,1
eficiencia y optimizacion,expresion_funcional,1
eficiente,termino_generico_aislado,5
eficiente de,extremo_funcional,1
eficiente de ellos,extremo_funcional,1
eficiente e,extremo_funcional,1
eficiente e integro,expresion_funcional,1
eficiente e integro desempeno,expresion_funcional,1
eficiente y,extremo_funcional,4
eficiente y contribuir,expresion_funcional,1
eficiente y contribuir al,extremo_funcional,1
eficiente y eficaz,expresion_funcional,1
eficiente y eficaz de,extremo_funcional,1
eficiente y sostenible,expresion_funcional,1
eficiente y sustentable,expresion_funcional,1
eficiente y tomando,expresion_funcional,1
eficiente y tomando en,extremo_funcional,1
eficientemente a,extremo_funcional,1
eficientemente a las,extremo_funcional,1
eficientemente a las personas,expresion_funcional,1
eficientes a,extremo_funcional,1
eficientes a los,extremo_funcional,1
eficientes a los requerimientos,expresion_funcional,1
eficientes de,extremo_funcional,3
eficientes de su,extremo_funcional,1
eficientes de su especialidad,expresion_funcional,1
eficientes e,extremo_funcional,1
eficientes e innovadoras,expresion_funcional,1
eficientes e innovadoras en,extremo_funcional,1
eficientes en,extremo_funcional,1
eficientes en el,extremo_funcional,1
eficientes para,extremo_funcional,1
eficientes para resolver diversas,extremo_vago_declarado,1
eficientes y,extremo_funcional,3
eficientes y de,extremo_funcional,1
eficientes y de calidad,expresion_funcional,1
eficientes y efectivas,expresion_funcional,1
eficientes y sostenibles,expresion_funcional,1
egresa de,extremo_funcional,1
egresa de la,extremo_funcional,1
egresa de la carrera,identidad_institucional_declarada,1
egresada domina al,extremo_funcional,1
egresada domina al termino,expresion_funcional,1
egresado,termino_generico_aislado,16
egresado de,extremo_funcional,4
egresado de ingenieria,extremo_generico_declarado,2
egresado de ingenieria civil,extremo_generico_declarado,1
egresado de ingenieria en,extremo_funcional,1
egresado de la,extremo_funcional,2
egresado de la carrera,identidad_institucional_declarada,1
egresado de la universidad,extremo_generico_declarado,1
egresado del,extremo_funcional,1
egresado del magister,extremo_generico_declarado,1
egresado del magister de,extremo_funcional,1
egresado podra,extremo_generico_declarado,1
egresado podra continuar,extremo_generico_declarado,1
egresado podra continuar su,extremo_funcional,1
egresado y,extremo_funcional,1
egresado y toda,extremo_funcional,1
egresado y toda egresada,expresion_funcional,1
egresados,termino_generico_aislado,1
egresados y,extremo_funcional,1
egresados y egresadas,expresion_funcional,1
egresados y egresadas quedan,expresion_funcional,1
egresan de,extremo_funcional,2
egresan de ingenieria,denominacion_grado,1
egresan de ingenieria en,extremo_funcional,1
egresan de la,extremo_funcional,1
egresan de la carrera,identidad_institucional_declarada,1
egresar son,extremo_funcional,1
egrese de,extremo_funcional,1
egrese de la,extremo_funcional,1
egrese de la carrera,identidad_institucional_declarada,1
egreso campo ocupacional el,extremo_funcional,1
egreso capacidades sello y,extremo_funcional,1
egreso competencias de,extremo_funcional,2
egreso competencias de la,extremo_funcional,1
egreso cuenta con,extremo_funcional,1
egreso cuenta con un,extremo_funcional,1
egreso de,extremo_funcional,2
egreso de la,extremo_funcional,1
egreso de la carrera,identidad_institucional_declarada,1
egreso el,extremo_funcional,3
egreso el ingeniero,denominacion_grado,1
egreso el ingeniero en,extremo_funcional,1
egreso ingenieria,denominacion_grado,1
egreso ingenieria en,extremo_funcional,1
egreso ingenieria en informatica,denominacion_grado,1
egreso ingeniero,denominacion_grado,1
egreso la,extremo_funcional,3
egreso la carrera,identidad_institucional_declarada,1
egreso la carrera se,identidad_institucional_declarada,1
egreso la o,extremo_funcional,1
egreso la o el,extremo_funcional,1
egreso segun,extremo_funcional,1
egreso segun el,extremo_funcional,1
egreso segun el portal,expresion_funcional,1
egreso ver perfiles de,extremo_funcional,1
ejecucion,denominacion_grado,5
ejecucion de,extremo_funcional,1
ejecucion de proyectos,denominacion_grado,1
ejecucion de proyectos y,extremo_funcional,1
ejecucion en,extremo_funcional,5
ejecucion en computacion,denominacion_grado,3
ejecucion en computacion e,extremo_funcional,3
ejecucion en informatica,denominacion_grado,2
ejecucion en informatica egresado,extremo_generico_declarado,2
ejecucion en informatica el,extremo_funcional,1
ejecutar actividades que,extremo_funcional,1
ejecutar actividades que permitan,expresion_funcional,1
ejecutar proyectos de,extremo_funcional,1
ejecutar proyectos informaticos,denominacion_grado,1
ejecutar proyectos informaticos en,extremo_funcional,1
ejecutar proyectos que,extremo_funcional,1
ejecutar proyectos que involucren,expresion_funcional,1
ejecutivo de,extremo_funcional,1
ejecutivo de desarrollo y,extremo_funcional,1
ejecutivos de,extremo_funcional,1
ejecutivos en,extremo_funcional,1
ejecutivos en empresas o,extremo_funcional,1
ejecutivos idoneos para,extremo_funcional,1
ejerce su,extremo_funcional,1
ejerce su ciudadania,expresion_funcional,1
ejerce su ciudadania en,extremo_funcional,1
ejercer su,extremo_funcional,1
ejercer su profesion,expresion_funcional,1
ejercer su profesion en,extremo_funcional,1
ejercicio de,extremo_funcional,2
ejercicio de la,extremo_funcional,1
ejercicio de su,extremo_funcional,1
ejercicio de su profesion,expresion_funcional,1
ejercicio laboral utilice sus,extremo_funcional,1
ejercicio profesional con,extremo_funcional,1
ejerciendo cargos desde,extremo_funcional,1
ejerciendo cargos desde niveles,expresion_funcional,1
el,segmento_de_identidad_institucional,2
el,stopword_o_unigrama_corto,58
el alcance,extremo_funcional,1
el alcance de,extremo_funcional,1
el alcance de objetivos,extremo_funcional,1
el ambito,extremo_vago_declarado,11
el ambito de,extremo_funcional,8
el ambito de la,extremo_funcional,5
el ambito de las,extremo_funcional,1
el ambito de su,extremo_funcional,3
el ambito empresarial,extremo_funcional,1
el ambito en,extremo_funcional,1
el ambito en que,extremo_funcional,1
el ambito orientado,extremo_funcional,1
el ambito orientado al,extremo_funcional,1
el ambito personal,extremo_funcional,1
el ambito personal y,extremo_funcional,1
el analisis,extremo_funcional,1
el analisis de,extremo_funcional,1
el analisis de sistemas,extremo_funcional,1
el ano,extremo_funcional,1
el apoyo,extremo_funcional,1
el apoyo del,extremo_funcional,1
el apoyo del manejo,extremo_funcional,1
el aprendizaje,extremo_funcional,2
el aprendizaje automatico,extremo_funcional,1
el aprendizaje automatico y,extremo_funcional,1
el aprendizaje permanente,extremo_funcional,1
el area,extremo_funcional,8
el area de,extremo_funcional,8
el area de ciencia,extremo_funcional,1
el area de desarrollo,extremo_funcional,1
el area de desempeno,extremo_funcional,1
el area de gestion,extremo_funcional,1
el area de informatica,extremo_funcional,1
el area de la,extremo_funcional,3
el area de las,extremo_funcional,1
el arte,extremo_funcional,1
el arte y,extremo_funcional,1
el arte y la,extremo_funcional,1
el autocuidado,extremo_funcional,1
el autodesarrollo,extremo_funcional,1
el autodesarrollo y,extremo_funcional,1
el autodesarrollo y la,extremo_funcional,1
el avance,extremo_funcional,1
el avance de,extremo_funcional,1
el avance de todas,extremo_funcional,1
el bien,extremo_funcional,2
el bien comun,extremo_funcional,2
el buen,extremo_funcional,2
el buen uso,extremo_funcional,2
el buen uso de,extremo_funcional,2
el campo,extremo_funcional,5
el campo academico,extremo_funcional,1
el campo academico universitario,extremo_funcional,1
el campo de,extremo_funcional,2
el campo de accion,extremo_funcional,1
el campo de las,extremo_funcional,1
el campo laboral,extremo_funcional,1
el campo laboral de,extremo_funcional,1
el campo ocupacional,extremo_funcional,1
el campo ocupacional de,extremo_funcional,1
el ciclo,extremo_funcional,3
el ciclo completo,extremo_funcional,1
el ciclo completo del,extremo_funcional,1
el ciclo de,extremo_funcional,2
el ciclo de vida,extremo_funcional,2
el compromiso,extremo_funcional,1
el compromiso permanente,extremo_funcional,1
el compromiso permanente con,extremo_funcional,1
el conocimiento,extremo_vago_declarado,2
el conocimiento a,extremo_funcional,1
el conocimiento a la,extremo_funcional,1
el conocimiento innovadoramente,extremo_funcional,1
el conocimiento innovadoramente en,extremo_funcional,1
el conservador,extremo_funcional,1
el conservador de,extremo_funcional,1
el conservador de bienes,extremo_funcional,1
el contexto,extremo_funcional,7
el contexto de,extremo_funcional,5
el contexto de generacion,extremo_funcional,1
el contexto de ingenieria,extremo_funcional,1
el contexto de las,extremo_funcional,2
el contexto de su,extremo_funcional,2
el contexto de una,extremo_funcional,1
el contexto del,extremo_funcional,1
el contexto del plan,extremo_funcional,1
el contexto laboral,extremo_funcional,1
el contexto social,extremo_funcional,2
el contexto social y,extremo_funcional,1
el cuidado,extremo_funcional,1
el cuidado medioambiental,extremo_funcional,1
el cumplimiento,extremo_funcional,1
el cumplimiento del,extremo_funcional,1
el cumplimiento del nuevo,extremo_funcional,1
el desarrollo,extremo_funcional,18
el desarrollo de,extremo_funcional,10
el desarrollo de la,extremo_funcional,2
el desarrollo de las,extremo_funcional,1
el desarrollo de productos,extremo_funcional,1
el desarrollo de software,extremo_funcional,2
el desarrollo de soluciones,extremo_funcional,2
el desarrollo de su,extremo_funcional,1
el desarrollo de sus,extremo_funcional,1
el desarrollo de valores,extremo_funcional,1
el desarrollo del,extremo_funcional,1
el desarrollo del pais,extremo_funcional,1
el desarrollo individual,extremo_funcional,1
el desarrollo permanente,extremo_funcional,2
el desarrollo permanente de,extremo_funcional,2
el desarrollo sostenible,extremo_funcional,1
el desarrollo sostenible el,extremo_funcional,1
el desarrollo sustentable,extremo_funcional,1
el desarrollo y,extremo_funcional,3
el desarrollo y administracion,extremo_funcional,1
el desarrollo y optimizacion,extremo_funcional,1
el desarrollo y uso,extremo_funcional,1
el desempeno,extremo_funcional,2
el desempeno de,extremo_funcional,1
el desempeno de las,extremo_funcional,1
el desempeno laboral,extremo_funcional,1
el desempeno laboral y,extremo_funcional,1
el diagnostico,extremo_funcional,1
el diseno,extremo_funcional,5
el diseno de,extremo_funcional,2
el diseno de alternativas,extremo_funcional,1
el diseno de soporte,extremo_funcional,1
el diseno en,extremo_funcional,1
el diseno en ingenieria,extremo_funcional,1
el dominio,extremo_funcional,1
el dominio del,extremo_funcional,1
el dominio del idioma,extremo_funcional,1
el eficiente,extremo_funcional,1
el eficiente e,extremo_funcional,1
el eficiente e integro,extremo_funcional,1
el egresado,extremo_funcional,6
el egresado de,extremo_funcional,3
el egresado de ingenieria,extremo_funcional,1
el egresado de la,extremo_funcional,2
el egresado podra,extremo_funcional,1
el egresado podra continuar,extremo_funcional,1
el ejercicio,extremo_funcional,4
el ejercicio de,extremo_funcional,1
el ejercicio de su,extremo_funcional,1
el ejercicio laboral,extremo_funcional,1
el ejercicio laboral utilice,extremo_funcional,1
el ejercicio profesional,extremo_funcional,2
el ejercicio profesional con,extremo_funcional,1
el emprendimiento,extremo_funcional,3
el empresarial,extremo_funcional,1
el entorno,extremo_funcional,1
el equipo,extremo_funcional,1
el equipo interno,extremo_funcional,1
el equipo interno y,extremo_funcional,1
el estandar,extremo_funcional,1
el estandar de,extremo_funcional,1
el estandar de la,extremo_funcional,1
el fin,extremo_funcional,6
el fin de,extremo_funcional,6
el fin de alinearlos,extremo_funcional,1
el fin de aprender,extremo_funcional,1
el fin de contribuir,extremo_funcional,1
el fin de dar,extremo_vago_declarado,1
el fin de facilitar,extremo_funcional,1
el fin de hacer,extremo_funcional,1
el fin de resolver,extremo_funcional,1
el fin de utilizarlos,extremo_funcional,1
el futuro,extremo_funcional,1
el futuro profesional,extremo_funcional,1
el grado,extremo_funcional,2
el grado academico,extremo_funcional,1
el grado academico de,extremo_funcional,1
el grado de,extremo_funcional,1
el grado de licenciado,extremo_funcional,1
el grupo,extremo_funcional,1
el grupo y,extremo_funcional,1
el grupo y el,extremo_funcional,1
el idioma,extremo_funcional,3
el idioma espanol,extremo_funcional,1
el idioma ingles,extremo_funcional,3
el idioma ingles en,extremo_funcional,1
el impacto,extremo_funcional,5
el impacto de,extremo_funcional,4
el impacto de estas,extremo_funcional,2
el impacto de las,extremo_funcional,1
el impacto de sus,extremo_funcional,1
el impacto social,extremo_funcional,1
el impacto social de,extremo_funcional,1
el ingeniero,extremo_funcional,14
el ingeniero civil,extremo_funcional,3
el ingeniero civil en,extremo_funcional,1
el ingeniero civil informatico,extremo_funcional,2
el ingeniero en,extremo_funcional,3
el ingeniero en computacion,extremo_funcional,1
el ingeniero en informatica,extremo_funcional,2
el ingeniero informatico,extremo_funcional,2
el ingeniero informatico contara,extremo_funcional,1
el ingeniero informatico de,extremo_funcional,1
el ingeniero o,extremo_funcional,3
el ingeniero o ingeniera,extremo_funcional,2
el ingeniero o la,extremo_funcional,1
el ingeniero y,extremo_funcional,1
el ingeniero y la,extremo_funcional,1
el legado,extremo_funcional,1
el legado testamentario,extremo_funcional,1
el legado testamentario de,extremo_funcional,1
el lenguaje,extremo_funcional,1
el lenguaje tecnico,extremo_funcional,1
el lenguaje tecnico y,extremo_funcional,1
el liderazgo,extremo_funcional,2
el liderazgo y,extremo_funcional,2
el liderazgo y el,extremo_funcional,1
el liderazgo y la,extremo_funcional,1
el logro,extremo_funcional,2
el logro de,extremo_funcional,2
el logro de metas,extremo_funcional,1
el logro de sus,extremo_funcional,1
el manejo,extremo_funcional,2
el manejo de,extremo_funcional,2
el manejo de informacion,extremo_funcional,1
el manejo de las,extremo_funcional,1
el marco,extremo_funcional,2
el marco del,extremo_funcional,2
el marco del compromiso,extremo_funcional,1
el marco del proceso,extremo_funcional,1
el medio,extremo_funcional,4
el medio ambiente,extremo_funcional,3
el medio ambiente y,extremo_funcional,1
el medio para,extremo_funcional,1
el medio para el,extremo_funcional,1
el mejoramiento,extremo_funcional,1
el mejoramiento continuo,extremo_funcional,1
el mejoramiento continuo en,extremo_funcional,1
el modelo,extremo_funcional,2
el modelo de,extremo_funcional,1
el modelo de negocios,extremo_funcional,1
el modelo educativo,extremo_funcional,1
el modelo educativo de,extremo_funcional,1
el mundo,extremo_funcional,3
el mundo del,extremo_funcional,2
el mundo del trabajo,extremo_funcional,2
el mundo privado,extremo_funcional,1
el mundo privado se,extremo_funcional,1
el mundo social,extremo_funcional,1
el mundo social y,extremo_funcional,1
el nuevo,extremo_funcional,1
el nuevo profesional,extremo_funcional,1
el nuevo profesional tenga,extremo_funcional,1
el o,extremo_funcional,1
el o la,extremo_funcional,1
el o la profesional,extremo_funcional,1
el objetivo,extremo_funcional,1
el objetivo de,extremo_funcional,1
el objetivo de resolver,extremo_funcional,1
el pais,extremo_funcional,4
el perfil,extremo_funcional,4
el perfil de,extremo_funcional,3
el perfil de egreso,extremo_funcional,3
el perfil del,extremo_funcional,1
el perfil del egresado,extremo_funcional,1
el plan,extremo_funcional,2
el plan de,extremo_funcional,2
el plan de estudios,extremo_funcional,2
el portal,extremo_funcional,1
el portal nacional,extremo_funcional,1
el portal nacional de,extremo_funcional,1
el primer,extremo_funcional,1
el primer ano,extremo_funcional,1
el primer ano de,extremo_funcional,1
el procesamiento,extremo_funcional,1
el procesamiento automatizado,extremo_funcional,1
el procesamiento automatizado de,extremo_funcional,1
el profesional,extremo_funcional,2
el profesional comprenda,extremo_funcional,1
el profesional comprenda los,extremo_funcional,1
el profesional ingeniero,extremo_funcional,1
el profesional ingeniero en,extremo_funcional,1
el programa,extremo_funcional,4
el programa de,extremo_funcional,3
el programa de ingenieria,extremo_funcional,2
el programa de magister,extremo_funcional,1
el programa se,extremo_funcional,1
el programa se enfoca,extremo_funcional,1
el proposito,extremo_funcional,2
el proposito de,extremo_funcional,2
el proposito de alinearlos,extremo_funcional,1
el proposito de nuestra,extremo_funcional,1
el reconocimiento,extremo_funcional,2
el reconocimiento de,extremo_funcional,1
el reconocimiento de la,extremo_funcional,1
el reconocimiento del,extremo_funcional,1
el reconocimiento del talento,extremo_funcional,1
el respeto,extremo_funcional,2
el respeto,segmento_de_identidad_institucional,2
el respeto al,extremo_funcional,1
el respeto al medio,extremo_funcional,1
el respeto de,extremo_funcional,1
el respeto de,segmento_de_identidad_institucional,2
el respeto de la,extremo_funcional,1
el respeto de la,segmento_de_identidad_institucional,2
el rol,extremo_funcional,1
el rol de,extremo_funcional,1
el rol de coordinadora,extremo_funcional,1
el sector,extremo_funcional,2
el sector publico,extremo_funcional,1
el sector publico o,extremo_funcional,1
el sector tecnologico,extremo_funcional,1
el sector tecnologico y,extremo_funcional,1
el segundo,extremo_funcional,1
el segundo ano,extremo_funcional,1
el segundo ano de,extremo_funcional,1
el sello,extremo_funcional,3
el sello de,extremo_funcional,1
el sello de la,extremo_funcional,1
el sello distintivo,extremo_funcional,1
el sello distintivo del,extremo_funcional,1
el sello formativo,extremo_funcional,1
el sello formativo del,extremo_funcional,1
el siguiente,extremo_funcional,2
el siguiente perfil,extremo_funcional,2
el software,extremo_funcional,1
el software en,extremo_funcional,1
el software en las,extremo_funcional,1
el soporte,extremo_funcional,1
el soporte tecnico,extremo_funcional,1
el soporte tecnico de,extremo_funcional,1
el titulado,extremo_funcional,1
el titulado de,extremo_funcional,1
el titulado de la,extremo_funcional,1
el titulo,extremo_funcional,2
el titulo de,extremo_funcional,1
el titulo de ingeniero,extremo_funcional,1
el titulo profesional,extremo_funcional,1
el trabajo,extremo_funcional,8
el trabajo bien,extremo_funcional,1
el trabajo bien hecho,extremo_funcional,1
el trabajo colaborativo,extremo_funcional,2
el trabajo en,extremo_funcional,5
el trabajo en equipo,extremo_funcional,2
el trabajo en equipos,extremo_funcional,2
el trabajo en las,extremo_funcional,1
el uso,extremo_funcional,6
el uso adecuado,extremo_funcional,1
el uso adecuado del,extremo_funcional,1
el uso avanzado,extremo_funcional,2
el uso avanzado y,extremo_funcional,2
el uso de,extremo_funcional,3
el uso de metodologias,extremo_funcional,1
el uso de recursos,extremo_funcional,1
el uso de tecnologias,extremo_funcional,1
el usuario,extremo_funcional,2
el valor,extremo_funcional,1
el valor estrategico,extremo_funcional,1
el valor estrategico que,extremo_funcional,1
electrica y,extremo_funcional,1
electrica y destaca,expresion_funcional,1
electrica y destaca por,extremo_funcional,1
elementos asociados al,extremo_funcional,1
elementos asociados al soporte,expresion_funcional,1
elementos distintivos de,extremo_funcional,1
elementos distintivos de la,extremo_funcional,1
ello durante,extremo_funcional,1
ello durante su,extremo_funcional,1
ello durante su formacion,expresion_funcional,1
ello en,extremo_funcional,1
ello en el,extremo_funcional,1
ello su,extremo_funcional,1
ello su capacidad,expresion_funcional,1
ello su capacidad de,extremo_funcional,1
ellos,stopword_o_unigrama_corto,3
ellos y,extremo_funcional,1
ellos y generando,extremo_funcional,1
ellos y generando soluciones,extremo_funcional,1
emergen en,extremo_funcional,1
emergentes como,extremo_funcional,1
emergentes como inteligencia,expresion_funcional,1
emergentes como inteligencia artificial,expresion_funcional,1
emergentes del,extremo_funcional,1
emergentes para,extremo_funcional,1
emergentes y,extremo_funcional,1
emergentes y proponer,expresion_funcional,1
emergentes y proponer procesos,expresion_funcional,1
empleando solidos principios de,extremo_funcional,1
emplear las,extremo_funcional,1
emprendedora con,extremo_funcional,1
emprendedora con altos,extremo_vago_declarado,1
emprendedora y,extremo_funcional,1
emprendedora y capacidad,expresion_funcional,1
emprendedora y capacidad innovadora,expresion_funcional,1
emprendedores o,extremo_funcional,1
emprendedores o funcionarios,expresion_funcional,1
emprendedores o funcionarios de,extremo_funcional,1
emprender e,extremo_funcional,2
emprender e incorporar,expresion_funcional,1
emprender e incorporar a,extremo_funcional,1
emprender e innovar,expresion_funcional,1
emprender e innovar en,extremo_funcional,1
emprender iniciativas de,extremo_funcional,1
emprender sus,extremo_funcional,1
emprender sus propios,expresion_funcional,1
emprender sus propios negocios,expresion_funcional,1
emprendimiento les,extremo_funcional,1
emprendimiento les permite,expresion_funcional,1
emprendimiento les permite identificar,expresion_funcional,1
emprendimiento y,extremo_funcional,3
emprendimiento y liderazgo,expresion_funcional,1
emprendimiento y negociacion,expresion_funcional,1
emprendimiento y transferencia,expresion_funcional,1
emprendimiento y transferencia tecnologica,expresion_funcional,1
emprendimientos basados en,extremo_funcional,2
emprendimientos de,extremo_funcional,1
emprendimientos y,extremo_funcional,1
emprendimientos y negociacion,expresion_funcional,1
empresa publica y,extremo_funcional,1
empresa publica y privada,expresion_funcional,1
empresa y,extremo_funcional,1
empresa y a,extremo_funcional,1
empresa y a construir,expresion_funcional,1
empresarial de,extremo_funcional,2
empresarial de sistemas de,extremo_funcional,2
empresarial es,extremo_funcional,1
empresarial es un,extremo_funcional,1
empresarial y,extremo_funcional,2
empresarial y emprendedora,expresion_funcional,1
empresarial y emprendedora con,extremo_funcional,1
empresarial y tecnologias,expresion_funcional,1
empresarial y tecnologias de,extremo_funcional,1
empresariales para,extremo_funcional,1
empresariales para apoyar la,extremo_funcional,1
empresas de,extremo_funcional,2
empresas en,extremo_funcional,1
empresas en banca y,extremo_funcional,1
empresas industriales y,extremo_funcional,1
empresas industriales y de,extremo_funcional,1
empresas o,extremo_funcional,1
empresas o servicios,expresion_funcional,1
empresas o servicios afines,expresion_funcional,1
empresas productivas y,extremo_funcional,1
empresas productivas y de,extremo_funcional,1
empresas proveedoras de,extremo_funcional,1
empresas socias del,extremo_funcional,1
empresas y,extremo_funcional,4
empresas y organizaciones,expresion_funcional,3
empresas y organizaciones de,extremo_funcional,1
empresas y organizaciones para,extremo_funcional,1
empresas y organizaciones tecnologicas,expresion_funcional,1
empresas y trabajo,expresion_funcional,1
empresas y trabajo en,extremo_funcional,1
en,stopword_o_unigrama_corto,63
en adelante,extremo_funcional,1
en administrar,extremo_funcional,1
en administrar y,extremo_funcional,1
en administrar y optimizar,extremo_funcional,1
en al,extremo_funcional,1
en al area,extremo_funcional,1
en al area de,extremo_funcional,1
en algoritmia,extremo_funcional,1
en algoritmos,extremo_funcional,1
en ambientes,extremo_funcional,2
en ambientes dinamicos,extremo_funcional,1
en ambientes dinamicos y,extremo_funcional,1
en ambientes locales,extremo_funcional,1
en ambientes locales y,extremo_funcional,1
en analisis,extremo_funcional,1
en analisis de,extremo_funcional,1
en analisis de datos,extremo_funcional,1
en areas,extremo_funcional,3
en areas clave,extremo_funcional,1
en areas clave como,extremo_funcional,1
en areas como,extremo_funcional,1
en areas como la,extremo_funcional,1
en areas de,extremo_funcional,1
en areas de ingenieria,extremo_funcional,1
en banca,extremo_funcional,1
en banca y,extremo_funcional,1
en banca y ha,extremo_funcional,1
en base,extremo_funcional,1
en base a,extremo_funcional,1
en base a una,extremo_funcional,1
en bases,extremo_funcional,2
en bases de,extremo_funcional,2
en bases de datos,extremo_funcional,2
en bigdata,extremo_funcional,1
en ciencia,extremo_funcional,1
en ciencia y,extremo_funcional,1
en ciencia y tecnologia,extremo_funcional,1
en ciencias,extremo_funcional,17
en ciencias al,extremo_funcional,1
en ciencias al completar,extremo_funcional,1
en ciencias basicas,extremo_funcional,12
en ciencias basicas y,extremo_funcional,1
en ciencias de,extremo_funcional,5
en ciencias de la,extremo_funcional,5
en ciencias en,extremo_funcional,1
en ciencias en tecnologias,extremo_funcional,1
en coherencia,extremo_funcional,1
en coherencia con,extremo_funcional,1
en coherencia con el,extremo_funcional,1
en competencias,extremo_funcional,1
en competencias que,extremo_funcional,1
en competencias que les,extremo_funcional,1
en computacion,extremo_funcional,16
en computacion de,extremo_funcional,1
en computacion de la,extremo_funcional,1
en computacion e,extremo_funcional,12
en computacion e informatica,extremo_funcional,12
en computacion es,extremo_funcional,1
en computacion es un,extremo_funcional,1
en conclusion,extremo_funcional,1
en conclusion estas,extremo_funcional,1
en conclusion estas areas,extremo_funcional,1
en configuracion,extremo_funcional,1
en configuracion y,extremo_funcional,1
en configuracion y mantencion,extremo_funcional,1
en consideracion,extremo_funcional,2
en consideracion factores,extremo_funcional,1
en consideracion factores eticos,extremo_funcional,1
en consideracion las,extremo_funcional,1
en consideracion las restricciones,extremo_funcional,1
en constante,extremo_funcional,4
en constante actualizacion,extremo_funcional,2
en constante actualizacion y,extremo_funcional,2
en constante evolucion,extremo_funcional,2
en constante evolucion ofreciendo,extremo_funcional,1
en consultoras,extremo_funcional,1
en consultoras dmr,extremo_funcional,1
en consultoras dmr consulting,extremo_funcional,1
en contextos,extremo_funcional,11
en contextos academicos,extremo_funcional,1
en contextos academicos y,extremo_funcional,1
en contextos colaborativos,extremo_funcional,1
en contextos de,extremo_funcional,1
en contextos de incertidumbre,extremo_funcional,1
en contextos dinamicos,extremo_funcional,1
en contextos laborales,extremo_funcional,1
en contextos multiculturales,extremo_funcional,1
en contextos multiculturales e,extremo_funcional,1
en contextos organizacionales,extremo_funcional,3
en contextos organizacionales diversos,extremo_vago_declarado,1
en contextos organizacionales y,extremo_funcional,1
en contextos profesionales,extremo_funcional,1
en contextos profesionales de,extremo_funcional,1
en contextos reales,extremo_funcional,1
en contextos tradicionales,extremo_funcional,1
en contextos tradicionales y,extremo_funcional,1
en cualquier,extremo_funcional,3
en cualquier organizacion,extremo_funcional,1
en cualquier organizacion como,extremo_funcional,1
en cualquier tipo,extremo_funcional,2
en cualquier tipo de,extremo_funcional,2
en cualquiera,extremo_funcional,1
en cualquiera de,extremo_funcional,1
en cualquiera de sus,extremo_funcional,1
en desarrollo,extremo_funcional,2
en desarrollo de,extremo_funcional,1
en desarrollo de software,extremo_funcional,1
en desarrollo e,extremo_funcional,1
en desarrollo e ingenieria,extremo_funcional,1
en diferentes,extremo_funcional,5
en diferentes ambientes,extremo_funcional,1
en diferentes ambientes de,extremo_funcional,1
en diferentes contextos,extremo_funcional,2
en diferentes contextos para,extremo_funcional,1
en diferentes entornos,extremo_funcional,1
en diferentes lineas,extremo_funcional,1
en diferentes lineas de,extremo_funcional,1
en direccion,extremo_funcional,1
en direccion de,extremo_funcional,1
en direccion de proyectos,extremo_funcional,1
en distintas,extremo_funcional,2
en distintas areas,extremo_funcional,1
en distintas areas de,extremo_funcional,1
en distintas instituciones,extremo_funcional,1
en distintas instituciones de,extremo_funcional,1
en distintos,extremo_funcional,4
en distintos ambitos,extremo_vago_declarado,2
en distintos ambitos de,extremo_funcional,1
en distintos ambitos profesionales,extremo_funcional,1
en distintos contextos,extremo_funcional,1
en distintos procesos,extremo_funcional,1
en distintos procesos a,extremo_funcional,1
en diversas,extremo_vago_declarado,3
en diversas industrias,extremo_funcional,2
en diversas universidades,extremo_funcional,1
en diversas universidades e,extremo_funcional,1
en diversos,extremo_vago_declarado,9
en diversos cargos,extremo_funcional,1
en diversos cargos directivos,extremo_funcional,1
en diversos contextos,extremo_funcional,4
en diversos contextos en,extremo_funcional,1
en diversos escenarios,extremo_funcional,1
en diversos niveles,extremo_funcional,2
en diversos niveles organizacionales,extremo_funcional,2
en diversos tipos,extremo_funcional,1
en diversos tipos de,extremo_funcional,1
en donde,extremo_funcional,2
en donde ha,extremo_funcional,1
en donde ha impartido,extremo_funcional,1
en donde la,extremo_funcional,1
en donde la transformacion,extremo_funcional,1
en economia,extremo_funcional,1
en economia y,extremo_funcional,1
en economia y evaluacion,extremo_funcional,1
en educacion,extremo_funcional,1
en el,extremo_funcional,32
en el ambito,extremo_vago_declarado,10
en el ambito de,extremo_funcional,8
en el ambito empresarial,extremo_funcional,1
en el ambito personal,extremo_funcional,1
en el area,extremo_funcional,7
en el area de,extremo_funcional,7
en el bien,extremo_funcional,1
en el bien comun,extremo_funcional,1
en el campo,extremo_funcional,2
en el campo academico,extremo_funcional,1
en el campo de,extremo_funcional,1
en el contexto,extremo_funcional,7
en el contexto de,extremo_funcional,5
en el contexto del,extremo_funcional,1
en el contexto laboral,extremo_funcional,1
en el contexto social,extremo_funcional,2
en el desarrollo,extremo_funcional,6
en el desarrollo de,extremo_funcional,2
en el desarrollo del,extremo_funcional,1
en el desarrollo y,extremo_funcional,2
en el diagnostico,extremo_funcional,1
en el diseno,extremo_funcional,2
en el diseno de,extremo_funcional,2
en el ejercicio,extremo_funcional,1
en el ejercicio laboral,extremo_funcional,1
en el empresarial,extremo_funcional,1
en el idioma,extremo_funcional,3
en el idioma espanol,extremo_funcional,1
en el idioma ingles,extremo_funcional,2
en el lenguaje,extremo_funcional,1
en el lenguaje tecnico,extremo_funcional,1
en el marco,extremo_funcional,2
en el marco del,extremo_funcional,2
en el modelo,extremo_funcional,1
en el modelo de,extremo_funcional,1
en el mundo,extremo_funcional,2
en el mundo del,extremo_funcional,1
en el mundo privado,extremo_funcional,1
en el pais,extremo_funcional,1
en el perfil,extremo_funcional,1
en el perfil de,extremo_funcional,1
en el respeto,extremo_funcional,1
en el respeto al,extremo_funcional,1
en el sector,extremo_funcional,2
en el sector publico,extremo_funcional,1
en el sector tecnologico,extremo_funcional,1
en el trabajo,extremo_funcional,1
en el trabajo en,extremo_funcional,1
en el uso,extremo_funcional,1
en el uso de,extremo_funcional,1
en el usuario,extremo_funcional,2
en el valor,extremo_funcional,1
en el valor estrategico,extremo_funcional,1
en ellos,extremo_funcional,1
en ellos y,extremo_funcional,1
en ellos y generando,extremo_funcional,1
en emprendimiento,extremo_funcional,1
en emprendimiento les,extremo_funcional,1
en emprendimiento les permite,extremo_funcional,1
en empresas,extremo_funcional,3
en empresas de,extremo_funcional,1
en empresas de consultoria,extremo_funcional,1
en empresas o,extremo_funcional,1
en empresas o servicios,extremo_funcional,1
en empresas y,extremo_funcional,1
en empresas y organizaciones,extremo_funcional,1
en entornos,extremo_funcional,2
en entornos digitales,extremo_funcional,1
en entornos organizacionales,extremo_funcional,1
en equipo,extremo_funcional,7
en equipo en,extremo_funcional,1
en equipo en los,extremo_funcional,1
en equipo interdisciplinario,extremo_funcional,1
en equipo multidisciplinares,extremo_funcional,1
en equipo y,extremo_funcional,2
en equipo y capacidad,extremo_funcional,1
en equipo y respeto,extremo_funcional,1
en equipos,extremo_funcional,11
en equipos de,extremo_funcional,1
en equipos de trabajo,extremo_funcional,1
en equipos interdisciplinarios,extremo_funcional,1
en equipos multi,extremo_funcional,2
en equipos multi e,extremo_funcional,2
en equipos multidisciplinarios,extremo_funcional,7
en equipos multidisciplinarios y,extremo_funcional,2
en espanol,extremo_funcional,1
en espanol como,extremo_funcional,1
en espanol como en,extremo_funcional,1
en este,extremo_funcional,3
en este contexto,extremo_funcional,2
en este programa,extremo_funcional,1
en este programa de,extremo_funcional,1
en estructurar,extremo_funcional,1
en estructurar y,extremo_funcional,1
en estructurar y recomendar,extremo_funcional,1
en forma,extremo_funcional,11
en forma colaborativa,extremo_funcional,1
en forma colaborativa en,extremo_funcional,1
en forma efectiva,extremo_funcional,1
en forma efectiva y,extremo_funcional,1
en forma eficiente,extremo_funcional,1
en forma eficiente y,extremo_funcional,1
en forma etica,extremo_funcional,3
en forma etica y,extremo_funcional,2
en forma independiente,extremo_funcional,1
en forma independiente como,extremo_funcional,1
en forma oral,extremo_funcional,3
en forma oral y,extremo_funcional,3
en forma permanente,extremo_funcional,1
en forma responsable,extremo_funcional,1
en forma simbolica,extremo_funcional,1
en forma simbolica en,extremo_funcional,1
en formar,extremo_funcional,1
en formar personas,extremo_funcional,1
en formar personas que,extremo_funcional,1
en funcion,extremo_funcional,3
en funcion a,extremo_funcional,1
en funcion a las,extremo_funcional,1
en funcion de,extremo_funcional,3
en funcion de buenas,extremo_funcional,1
en funcion de las,extremo_funcional,1
en funcion de los,extremo_funcional,1
en general,extremo_funcional,2
en general puede,extremo_funcional,1
en general puede integrar,extremo_funcional,1
en generar,extremo_funcional,1
en generar valor,extremo_funcional,1
en generar valor e,extremo_funcional,1
en gestion,extremo_funcional,4
en gestion de,extremo_funcional,1
en gestion de proyectos,extremo_funcional,1
en gestion empresarial,extremo_funcional,1
en gestion empresarial y,extremo_funcional,1
en gestion organizacional,extremo_funcional,1
en gobernanza,extremo_funcional,1
en herramientas,extremo_funcional,1
en herramientas de,extremo_funcional,1
en herramientas de vanguardia,extremo_funcional,1
en idioma,extremo_funcional,1
en idioma ingles,extremo_funcional,1
en informatica,extremo_funcional,31
en informatica buscan,extremo_funcional,1
en informatica buscan formar,extremo_funcional,1
en informatica campus,extremo_funcional,1
en informatica campus osorno,extremo_funcional,1
en informatica contempla,extremo_funcional,1
en informatica contempla las,extremo_funcional,1
en informatica de,extremo_funcional,11
en informatica de duoc,extremo_funcional,1
en informatica de iplacex,extremo_funcional,1
en informatica de la,extremo_funcional,9
en informatica de udla,extremo_funcional,1
en informatica del,extremo_funcional,4
en informatica del instituto,extremo_funcional,4
en informatica e,extremo_funcional,3
en informatica e innovacion,extremo_funcional,1
en informatica e inteligencia,extremo_funcional,2
en informatica egresado,extremo_funcional,3
en informatica el,extremo_funcional,1
en informatica empresarial,extremo_funcional,1
en informatica empresarial es,extremo_funcional,1
en informatica esta,extremo_funcional,1
en informatica esta preparado,extremo_funcional,1
en informatica este,extremo_funcional,1
en informatica este documento,extremo_funcional,1
en informatica mencion,extremo_funcional,1
en informatica mencion en,extremo_funcional,1
en informatica para,extremo_funcional,1
en informatica para tecnicos,extremo_funcional,1
en informatica puede,extremo_funcional,1
en informatica puede encontrar,extremo_funcional,1
en informatica resultados,extremo_funcional,1
en informatica resultados de,extremo_funcional,1
en informatica sera,extremo_funcional,1
en informatica sera capaz,extremo_funcional,1
en informatica universidad,extremo_funcional,1
en informatica universidad de,extremo_funcional,1
en informatica y,extremo_funcional,6
en informatica y ciberseguridad,extremo_funcional,2
en informatica y computacion,extremo_funcional,1
en informatica y gestion,extremo_funcional,1
en informatica y sistemas,extremo_funcional,1
en informatica y telecomunicaciones,extremo_funcional,2
en ingenieria,extremo_funcional,5
en ingenieria aplicada,extremo_funcional,1
en ingenieria aplicada e,extremo_funcional,1
en ingenieria civil,extremo_funcional,1
en ingenieria civil informatica,extremo_funcional,1
en ingenieria con,extremo_funcional,1
en ingenieria con innovacion,extremo_funcional,1
en ingenieria electrica,extremo_funcional,1
en ingenieria electrica y,extremo_funcional,1
en ingles,extremo_funcional,2
en ingles conceptos,extremo_funcional,1
en ingles conceptos e,extremo_funcional,1
en innovacion,extremo_funcional,1
en innovacion tecnologica,extremo_funcional,1
en instalaciones,extremo_funcional,1
en instalaciones especializadas,extremo_funcional,1
en instalaciones especializadas para,extremo_funcional,1
en instancias,extremo_funcional,1
en instancias universitarias,extremo_funcional,1
en instancias universitarias de,extremo_funcional,1
en instituciones,extremo_funcional,6
en instituciones de,extremo_funcional,2
en instituciones de educacion,extremo_funcional,2
en instituciones publicas,extremo_funcional,4
en instituciones publicas o,extremo_funcional,1
en instituciones publicas y,extremo_funcional,3
en inteligencia,extremo_funcional,1
en inteligencia artificial,extremo_funcional,1
en involucrar,extremo_funcional,1
en involucrar metodos,extremo_funcional,1
en involucrar metodos cientificos,extremo_funcional,1
en la,extremo_funcional,26
en la actualizacion,extremo_funcional,1
en la actualizacion continua,extremo_funcional,1
en la aplicacion,extremo_funcional,1
en la aplicacion del,extremo_funcional,1
en la busqueda,extremo_funcional,1
en la busqueda de,extremo_funcional,1
en la calidad,extremo_funcional,1
en la ciencia,extremo_funcional,1
en la ciencia de,extremo_funcional,1
en la colaboracion,extremo_funcional,1
en la colaboracion y,extremo_funcional,1
en la corte,extremo_funcional,1
en la corte de,extremo_funcional,1
en la creacion,extremo_funcional,2
en la creacion de,extremo_funcional,1
en la creacion y,extremo_funcional,1
en la definicion,extremo_funcional,1
en la docencia,extremo_funcional,1
en la docencia superior,extremo_funcional,1
en la educacion,extremo_funcional,1
en la educacion superior,extremo_funcional,1
en la eficiencia,extremo_funcional,2
en la eficiencia y,extremo_funcional,1
en la ejecucion,extremo_funcional,1
en la ejecucion de,extremo_funcional,1
en la empresa,extremo_funcional,2
en la empresa publica,extremo_funcional,1
en la estrategia,extremo_funcional,1
en la estrategia global,extremo_funcional,1
en la formacion,extremo_funcional,1
en la formacion de,extremo_funcional,1
en la formulacion,extremo_funcional,2
en la formulacion de,extremo_funcional,1
en la gerencia,extremo_funcional,1
en la gerencia de,extremo_funcional,1
en la gestion,extremo_funcional,2
en la gestion de,extremo_funcional,1
en la gestion estrategica,extremo_funcional,1
en la industria,extremo_funcional,1
en la industria de,extremo_funcional,1
en la innovacion,extremo_funcional,1
en la lengua,extremo_funcional,1
en la lengua materna,extremo_funcional,1
en la materia,extremo_funcional,1
en la mejora,extremo_funcional,1
en la mejora de,extremo_funcional,1
en la mision,extremo_funcional,1
en la mision de,extremo_funcional,1
en la misma,extremo_funcional,1
en la misma disciplina,extremo_funcional,1
en la organizacion,extremo_funcional,1
en la organizacion en,extremo_funcional,1
en la planificacion,extremo_funcional,1
en la planificacion estrategica,extremo_funcional,1
en la produccion,extremo_funcional,1
en la produccion de,extremo_funcional,1
en la que,extremo_funcional,1
en la que se,extremo_funcional,1
en la resolucion,extremo_funcional,3
en la resolucion de,extremo_funcional,3
en la sede,extremo_funcional,2
en la sede santiago,extremo_funcional,2
en la supervision,extremo_funcional,1
en la toma,extremo_vago_declarado,1
en la toma de,extremo_funcional,1
en la ubo,extremo_funcional,1
en la universidad,extremo_funcional,1
en la universidad catolica,extremo_funcional,1
en la universidad gabriela,extremo_funcional,1
en la universidad san,extremo_funcional,1
en la web,extremo_funcional,1
en las,extremo_funcional,20
en las areas,extremo_funcional,6
en las areas de,extremo_funcional,5
en las areas disciplinares,extremo_funcional,1
en las ciencias,extremo_funcional,2
en las ciencias basicas,extremo_funcional,1
en las ciencias de,extremo_funcional,1
en las distintas,extremo_funcional,1
en las distintas lineas,extremo_funcional,1
en las empresas,extremo_funcional,2
en las empresas socias,extremo_funcional,1
en las empresas y,extremo_funcional,1
en las implicaciones,extremo_funcional,1
en las implicaciones sociales,extremo_funcional,1
en las necesidades,extremo_funcional,1
en las necesidades de,extremo_funcional,1
en las organizaciones,extremo_funcional,4
en las organizaciones comunitarias,extremo_funcional,1
en las organizaciones en,extremo_funcional,1
en las organizaciones publicas,extremo_funcional,1
en las personas,extremo_funcional,3
en las personas y,extremo_funcional,1
en las que,extremo_funcional,1
en las que se,extremo_funcional,1
en las tecnologias,extremo_funcional,1
en las tecnologias de,extremo_funcional,1
en lenguajes,extremo_funcional,3
en lenguajes de,extremo_funcional,3
en lenguajes de programacion,extremo_funcional,3
en lo,extremo_funcional,1
en lo fundamental,extremo_funcional,1
en los,extremo_funcional,12
en los ambitos,extremo_vago_declarado,5
en los ambitos de,extremo_funcional,2
en los ambitos del,extremo_funcional,2
en los diversos,extremo_vago_declarado,1
en los diversos contextos,extremo_funcional,1
en los fundamentos,extremo_funcional,1
en los fundamentos de,extremo_funcional,1
en los procesos,extremo_funcional,4
en los procesos de,extremo_funcional,3
en los que,extremo_funcional,1
en los que utiliza,extremo_funcional,1
en los sellos,extremo_funcional,1
en los sellos y,extremo_funcional,1
en los sistemas,extremo_funcional,1
en los ultimos,extremo_funcional,1
en los ultimos anos,extremo_funcional,1
en metodologias,extremo_funcional,1
en metodologias de,extremo_funcional,1
en metodologias de la,extremo_funcional,1
en modalidad,extremo_funcional,1
en modalidad presencial,extremo_funcional,1
en modalidad presencial formando,extremo_funcional,1
en nuevas,extremo_funcional,1
en nuevas situaciones,extremo_funcional,1
en nuevas situaciones con,extremo_funcional,1
en organismos,extremo_funcional,2
en organismos gubernamentales,extremo_funcional,1
en organismos gubernamentales y,extremo_funcional,1
en organismos publicos,extremo_funcional,1
en organismos publicos y,extremo_funcional,1
en organizaciones,extremo_funcional,6
en organizaciones de,extremo_funcional,1
en organizaciones de produccion,extremo_funcional,1
en organizaciones del,extremo_funcional,2
en organizaciones del sector,extremo_funcional,2
en organizaciones nacionales,extremo_funcional,1
en organizaciones nacionales e,extremo_funcional,1
en organizaciones o,extremo_funcional,1
en organizaciones o emprendimientos,extremo_funcional,1
en organizaciones publicas,extremo_funcional,1
en permanente,extremo_funcional,1
en permanente transformacion,extremo_funcional,1
en postgrado,extremo_funcional,1
en postgrado y,extremo_funcional,1
en postgrado y coordinacion,extremo_funcional,1
en pre,extremo_funcional,1
en pre como,extremo_funcional,1
en pre como postgrado,extremo_funcional,1
en pregrado,extremo_funcional,1
en pregrado en,extremo_funcional,1
en pregrado en distintas,extremo_funcional,1
en procesos,extremo_funcional,1
en procesos propios,extremo_funcional,1
en procesos propios de,extremo_funcional,1
en proyectos,extremo_funcional,5
en proyectos con,extremo_funcional,1
en proyectos con equipos,extremo_funcional,1
en proyectos de,extremo_funcional,2
en proyectos de ingenieria,extremo_funcional,1
en proyectos de investigacion,extremo_funcional,1
en proyectos multidisciplinarios,extremo_funcional,1
en proyectos publicos,extremo_funcional,1
en proyectos publicos y,extremo_funcional,1
en que,extremo_funcional,5
en que gestiona,extremo_funcional,1
en que gestiona amenazas,extremo_funcional,1
en que participa,extremo_funcional,1
en que se,extremo_funcional,3
en que se desempene,extremo_funcional,1
en que se desenvuelve,extremo_funcional,1
en que se involucra,extremo_funcional,1
en salas,extremo_funcional,1
en salas especializadas,extremo_funcional,1
en salas especializadas para,extremo_funcional,1
en satisfacer,extremo_funcional,1
en satisfacer las,extremo_funcional,1
en satisfacer las necesidades,extremo_funcional,1
en seguridad,extremo_funcional,2
en seguridad de,extremo_funcional,1
en seguridad de la,extremo_funcional,1
en seguridad y,extremo_funcional,1
en seguridad y privacidad,extremo_funcional,1
en simulacros,extremo_funcional,1
en simulacros reales,extremo_funcional,1
en simulacros reales y,extremo_funcional,1
en sistemas,extremo_funcional,2
en sistemas automatizados,extremo_funcional,1
en sistemas automatizados e,extremo_funcional,1
en sistemas de,extremo_funcional,1
en sistemas de informacion,extremo_funcional,1
en software,extremo_funcional,1
en software y,extremo_funcional,1
en software y hardware,extremo_funcional,1
en soluciones,extremo_funcional,1
en soluciones practicas,extremo_funcional,1
en soluciones practicas aplicables,extremo_funcional,1
en su,extremo_funcional,10
en su actuar,extremo_funcional,1
en su actuar como,extremo_funcional,1
en su ambito,extremo_vago_declarado,1
en su ambito de,extremo_funcional,1
en su area,extremo_funcional,1
en su area de,extremo_funcional,1
en su desempeno,extremo_funcional,1
en su desempeno interactua,extremo_funcional,1
en su especialidad,extremo_funcional,1
en su formacion,extremo_funcional,1
en su formacion y,extremo_funcional,1
en su proceso,extremo_funcional,1
en su proceso de,extremo_funcional,1
en su que,extremo_funcional,1
en su que hacer,extremo_funcional,1
en su quehacer,extremo_funcional,3
en su quehacer profesional,extremo_funcional,3
en su trabajo,extremo_funcional,1
en su trayectoria,extremo_funcional,1
en su trayectoria formativa,extremo_funcional,1
en sus,extremo_funcional,3
en sus diferentes,extremo_funcional,1
en sus diferentes formas,extremo_funcional,1
en sus habilidades,extremo_funcional,1
en sus habilidades tecnicas,extremo_funcional,1
en sus labores,extremo_funcional,1
en sus propios,extremo_funcional,1
en sus propios emprendimientos,extremo_funcional,1
en tcs,extremo_funcional,1
en tecnicas,extremo_funcional,1
en tecnicas cuantitativas,extremo_funcional,1
en tecnicas cuantitativas en,extremo_funcional,1
en tecnologia,extremo_funcional,2
en tecnologia de,extremo_funcional,1
en tecnologia de la,extremo_funcional,1
en tecnologias,extremo_funcional,6
en tecnologias de,extremo_funcional,4
en tecnologias de informacion,extremo_funcional,2
en tecnologias de la,extremo_funcional,2
en tecnologias de vanguardia,extremo_funcional,1
en tecnologias informaticas,extremo_funcional,1
en tecnologias y,extremo_funcional,1
en tecnologias y gestion,extremo_funcional,1
en telecomunicaciones,extremo_funcional,1
en teleduc,extremo_funcional,1
en terminos,extremo_funcional,1
en terminos de,extremo_funcional,1
en terminos de sostenibilidad,extremo_funcional,1
en todas,extremo_funcional,3
en todas las,extremo_funcional,3
en todas las areas,extremo_funcional,1
en todas las etapas,extremo_funcional,2
en todos,extremo_funcional,1
en todos los,extremo_funcional,1
en todos los niveles,extremo_funcional,1
en un,extremo_funcional,15
en un aporte,extremo_funcional,1
en un aporte fundamental,extremo_funcional,1
en un conjunto,extremo_funcional,1
en un conjunto sistematico,extremo_funcional,1
en un contexto,extremo_funcional,8
en un contexto academico,extremo_funcional,1
en un contexto de,extremo_funcional,4
en un contexto economico,extremo_funcional,1
en un contexto global,extremo_funcional,3
en un entorno,extremo_funcional,2
en un entorno global,extremo_funcional,1
en un entorno globalizado,extremo_funcional,1
en un horario,extremo_funcional,1
en un horario que,extremo_funcional,1
en un marco,extremo_funcional,1
en un marco de,extremo_funcional,1
en un mundo,extremo_funcional,1
en un mundo complejo,extremo_funcional,1
en un segundo,extremo_funcional,1
en un segundo idioma,extremo_funcional,1
en una,extremo_funcional,2
en una organizacion,extremo_funcional,1
en una variedad,extremo_funcional,1
en una variedad de,extremo_funcional,1
en uniacc,extremo_funcional,1
en valores,extremo_funcional,1
en valores eticos,extremo_funcional,1
encargandose de,extremo_funcional,1
encontrar oportunidades laborales en,extremo_funcional,1
encuentran modelar y,extremo_funcional,1
encuentran modelar y analizar,expresion_funcional,1
enfasis en,extremo_funcional,4
enfasis en el,extremo_funcional,1
enfasis en la,extremo_funcional,4
enfoca en,extremo_funcional,1
enfocada a,extremo_funcional,1
enfocada a identificar,expresion_funcional,1
enfocada a identificar y,extremo_funcional,1
enfocada en,extremo_funcional,1
enfocada en las,extremo_funcional,1
enfocado al,extremo_funcional,1
enfocado al logro,expresion_funcional,1
enfocado al logro de,extremo_funcional,1
enfocado en,extremo_funcional,2
enfocado en la,extremo_funcional,1
enfocan en,extremo_funcional,1
enfocan en administrar y,extremo_funcional,1
enfoque centrado en,extremo_funcional,1
enfoque centrado en el,extremo_funcional,1
enfoque cientifico e,extremo_funcional,1
enfoque cientifico e ingenieril,expresion_funcional,1
enfoque de,extremo_funcional,2
enfoque de genero y,extremo_funcional,1
enfoque en,extremo_funcional,2
enfoque en el,extremo_funcional,1
enfoque en la,extremo_funcional,1
enfoque integral y,extremo_funcional,1
enfoque integral y sistemico,expresion_funcional,1
enfoque orientado a,extremo_funcional,1
enfoque orientado a la,extremo_funcional,1
enfoque sea la,extremo_funcional,1
enfrenta con,extremo_funcional,1
enfrentar desafios en,extremo_funcional,1
enfrentar desafios en todos,extremo_funcional,1
enfrentar los,extremo_funcional,1
enfrentar los desafios de,extremo_funcional,1
enfrentarse a,extremo_funcional,2
enfrentarse a escenarios,expresion_funcional,1
enfrentarse a escenarios laborales,expresion_funcional,1
enfrentarse a situaciones,expresion_funcional,1
enfrentarse a situaciones reales,expresion_funcional,1
enlaces institucionales,identidad_institucional_declarada,2
enlaces institucionales facultad,identidad_institucional_declarada,2
enlaces institucionales facultad de,identidad_institucional_declarada,2
enmarca en,extremo_funcional,1
enmarcado en,extremo_funcional,1
enmarcado en el,extremo_funcional,1
enmarcandose la,extremo_funcional,1
enmarcandose la aplicacion de,extremo_funcional,1
enriqueceran tu,extremo_funcional,1
enriqueceran tu perfil,expresion_funcional,1
enriqueceran tu perfil profesional,expresion_funcional,1
ensenanza aprendizaje son,extremo_funcional,1
entender un,extremo_funcional,1
entender un problema,expresion_funcional,1
entendimiento de,extremo_funcional,1
entendimiento de datos en,extremo_funcional,1
entorno,segmento_con_indicios_de_menu,1
entorno agrupaciones,segmento_con_indicios_de_menu,1
entorno agrupaciones y,segmento_con_indicios_de_menu,1
entorno agrupaciones y programas,segmento_con_indicios_de_menu,1
entorno globalizado y,extremo_funcional,1
entorno globalizado y competitivo,expresion_funcional,1
entorno inclusivo al,extremo_funcional,1
entorno inclusivo al fomentar,expresion_funcional,1
entorno tecnologico en,extremo_funcional,1
entornos de,extremo_funcional,1
entornos profesionales en,extremo_funcional,1
entrada para,extremo_funcional,1
entrada para la,extremo_funcional,1
entre,stopword_o_unigrama_corto,13
entre ellos,extremo_funcional,1
entre la,extremo_funcional,1
entre la universidad,extremo_funcional,1
entre la universidad y,extremo_funcional,1
entre los,extremo_funcional,1
entre los que,extremo_funcional,1
entre los que se,extremo_funcional,1
entre otras,extremo_funcional,3
entre otras cosas,extremo_funcional,1
entre otros,extremo_funcional,3
entre personas,extremo_funcional,2
entre personas y,extremo_funcional,2
entre sistemas,extremo_funcional,1
entre sistemas informaticos,extremo_funcional,1
entre sus,extremo_funcional,4
entre sus competencias,extremo_funcional,2
entre sus competencias se,extremo_funcional,2
entre sus funciones,extremo_funcional,1
entre sus funciones destacan,extremo_funcional,1
entre sus postulados,extremo_funcional,1
entre sus postulados valoricos,extremo_funcional,1
entrega al,extremo_funcional,1
entrega al profesional,expresion_funcional,1
entrega al profesional las,extremo_funcional,1
entregando servicios a,extremo_funcional,1
entregando servicios a empresas,expresion_funcional,1
entregando solucion a,extremo_funcional,1
entregando solucion a los,extremo_funcional,1
entregar soluciones eficientes de,extremo_funcional,1
entregar soluciones eficientes y,extremo_funcional,1
entregar una,extremo_funcional,1
entregar una formacion,expresion_funcional,1
entregar una formacion orientada,expresion_funcional,1
entrenamiento altamente experiencial y,extremo_funcional,1
entrenamiento en,extremo_funcional,1
envergadura de,extremo_funcional,1
envergadura de acuerdo a,extremo_funcional,1
equidad de,extremo_funcional,1
equipo en,extremo_funcional,1
equipo en los,extremo_funcional,1
equipo en los diversos,extremo_vago_declarado,1
equipo interno y,extremo_funcional,1
equipo interno y los,extremo_funcional,1
equipo y,extremo_funcional,2
equipo y capacidad,expresion_funcional,1
equipo y capacidad de,extremo_funcional,1
equipo y respeto,expresion_funcional,1
equipo y respeto a,extremo_funcional,1
equipos colaborativos y,extremo_funcional,1
equipos colaborativos y comunicarse,expresion_funcional,1
equipos de,extremo_funcional,14
equipos de desarrollo de,extremo_funcional,1
equipos de trabajo de,extremo_funcional,1
equipos de trabajo en,extremo_funcional,1
equipos de trabajo segun,extremo_funcional,1
equipos en,extremo_funcional,1
equipos en que,extremo_funcional,1
equipos en que participa,expresion_funcional,1
equipos multi e,extremo_funcional,2
equipos multi e interdisciplinarios,expresion_funcional,2
equipos multidisciplinarios en,extremo_funcional,3
equipos multidisciplinarios en diversas,extremo_vago_declarado,1
equipos multidisciplinarios en la,extremo_funcional,1
equipos multidisciplinarios para,extremo_funcional,1
equipos multidisciplinarios que,extremo_funcional,1
equipos multidisciplinarios que permitan,expresion_funcional,1
equipos multidisciplinarios y,extremo_funcional,3
equipos multidisciplinarios y apoyar,expresion_funcional,1
equipos multidisciplinarios y comunicar,expresion_funcional,1
equipos multidisciplinarios y multiculturales,expresion_funcional,1
equitativa de,extremo_funcional,1
equitativa de individuos con,extremo_funcional,1
errores de,extremo_funcional,1
errores de programacion y,extremo_funcional,1
es,segmento_de_identidad_institucional,1
es,stopword_o_unigrama_corto,37
es amplio,extremo_funcional,1
es amplio y,extremo_funcional,1
es amplio y diverso,extremo_vago_declarado,1
es capaz,extremo_funcional,14
es capaz de,extremo_funcional,14
es capaz de adaptarse,extremo_funcional,1
es capaz de analizar,extremo_funcional,1
es capaz de aplicar,extremo_funcional,1
es capaz de comunicarse,extremo_funcional,1
es capaz de concebir,extremo_funcional,2
es capaz de crear,extremo_funcional,1
es capaz de desempenarse,extremo_funcional,1
es capaz de integrar,extremo_funcional,1
es capaz de pensar,extremo_funcional,2
es capaz de realizar,extremo_funcional,1
es capaz de utilizar,extremo_funcional,1
es contribuir,extremo_funcional,1
es contribuir a,extremo_funcional,1
es contribuir a la,extremo_funcional,1
es el,extremo_funcional,3
es el ambito,extremo_vago_declarado,1
es el ambito en,extremo_funcional,1
es el ambito orientado,extremo_funcional,1
es el diseno,extremo_funcional,1
es el diseno en,extremo_funcional,1
es el perfil,extremo_funcional,1
es el perfil del,extremo_funcional,1
es formar,extremo_funcional,1
es formar ingenieras,extremo_funcional,1
es formar ingenieras e,extremo_funcional,1
es la,extremo_funcional,1
es la puerta,extremo_funcional,1
es la puerta de,extremo_funcional,1
es procesada,extremo_funcional,1
es un,extremo_funcional,26
es un,segmento_de_identidad_institucional,1
es un o,extremo_funcional,1
es un o una,extremo_funcional,1
es un profesional,extremo_funcional,11
es un profesional,segmento_de_identidad_institucional,1
es un profesional capaz,extremo_funcional,1
es un profesional comprometido,segmento_de_identidad_institucional,1
es un profesional con,extremo_funcional,4
es un profesional enfocado,extremo_funcional,1
es un profesional integral,extremo_funcional,1
es un profesional integro,extremo_funcional,1
es un profesional proactivo,extremo_funcional,1
es un profesional que,extremo_funcional,2
es una,extremo_funcional,3
es una carrera,identidad_institucional_declarada,1
es una carrera que,identidad_institucional_declarada,1
es una continuacion,extremo_funcional,1
es una continuacion de,extremo_funcional,1
es una persona,extremo_funcional,1
es una persona profesional,extremo_funcional,1
escenarios de,extremo_funcional,1
escenarios laborales complejos y,extremo_funcional,1
escrita en,extremo_funcional,1
escuela de,extremo_funcional,3
escuela de ingenieria,denominacion_grado,1
escuela de ingenieria ucn,denominacion_grado,1
escuela de negocios y,extremo_funcional,1
escuela y,extremo_funcional,1
escuela y director,expresion_funcional,1
escuela y director de,extremo_funcional,1
ese,stopword_o_unigrama_corto,1
ese procesamiento,extremo_funcional,1
esfuerzo en,extremo_funcional,1
esfuerzo en su,extremo_funcional,1
esfuerzo en su trabajo,expresion_funcional,1
espacios de,extremo_funcional,1
espacios de reflexion y,extremo_funcional,1
espanol a,extremo_funcional,1
espanol a la,extremo_funcional,1
espanol a la realidad,expresion_funcional,1
espanol como,extremo_funcional,1
espanol como en,extremo_funcional,1
espanol como en ingles,expresion_funcional,1
especialidad de,extremo_funcional,1
especialidad de la,extremo_funcional,1
especialidad de la ingenieria,denominacion_grado,1
especialista en,extremo_funcional,1
especialista en configuracion y,extremo_funcional,1
especialista en gestion de,extremo_funcional,1
especializa en,extremo_funcional,1
especializacion de,extremo_funcional,1
especializacion de la,extremo_funcional,1
especializacion de la informatica,denominacion_grado,1
especializacion en,extremo_funcional,1
especializadas para,extremo_funcional,1
especializadas para la,extremo_funcional,1
especializadas para poner a,extremo_funcional,1
especializados a,extremo_funcional,1
especializados a empresas,expresion_funcional,1
especializados de,extremo_funcional,1
especializados de su,extremo_funcional,1
especializados de su disciplina,expresion_funcional,1
especializados propios de,extremo_funcional,1
especializados propios de su,extremo_funcional,1
especifica de,extremo_funcional,1
especificas de,extremo_funcional,1
especificas de la,extremo_funcional,1
especificas de la carrera,identidad_institucional_declarada,1
especificas desarrolladas en,extremo_funcional,1
especificas desarrolladas en su,extremo_funcional,1
especificas para,extremo_funcional,1
especificas para la,extremo_funcional,1
especificos al,extremo_funcional,1
especificos al completar,expresion_funcional,1
especificos al completar el,extremo_funcional,1
espera que,extremo_funcional,1
espera que en,extremo_funcional,1
espera que en el,extremo_funcional,1
espera que sea,expresion_funcional,1
espera que sea un,extremo_funcional,1
espiritu de,extremo_funcional,1
espiritu innovador del,extremo_funcional,1
esta,stopword_o_unigrama_corto,11
esta capacitado,extremo_funcional,5
esta capacitado para,extremo_funcional,3
esta capacitado para aplicar,extremo_funcional,1
esta capacitado para disenar,extremo_funcional,1
esta capacitado para supervisar,extremo_funcional,1
esta carrera,identidad_institucional_declarada,5
esta carrera lo,identidad_institucional_declarada,1
esta carrera lo constituye,identidad_institucional_declarada,1
esta carrera otorga,identidad_institucional_declarada,2
esta carrera otorga las,identidad_institucional_declarada,1
esta carrera otorga una,identidad_institucional_declarada,1
esta carrera tiene,identidad_institucional_declarada,1
esta carrera tiene ingreso,identidad_institucional_declarada,1
esta disciplina,extremo_funcional,1
esta disciplina y,extremo_funcional,1
esta disciplina y se,extremo_funcional,1
esta formacion,extremo_funcional,2
esta formacion inicial,extremo_funcional,1
esta formacion inicial permite,extremo_funcional,1
esta formacion integral,extremo_funcional,1
esta formacion integral le,extremo_funcional,1
esta manera,extremo_funcional,1
esta manera al,extremo_funcional,1
esta manera al desarrollo,extremo_funcional,1
esta preparado,extremo_funcional,1
esta profesional,extremo_funcional,1
esta profesional solucionar,extremo_funcional,1
esta profesional solucionar problemas,extremo_funcional,1
establecer nuevas vias de,extremo_funcional,1
establecer relaciones sanas de,extremo_funcional,1
establecidos por,extremo_funcional,1
establecidos por los,extremo_funcional,1
establecidos por los proveedores,expresion_funcional,1
estableciendo estrategias de,extremo_funcional,1
estableciendo niveles de,extremo_funcional,1
estadistica hasta,extremo_funcional,1
estadistica hasta sql,expresion_funcional,1
estadistica hasta sql y,extremo_funcional,1
estan en,extremo_funcional,1
estandar de,extremo_funcional,1
estandar de la,extremo_funcional,1
estandares de,extremo_funcional,6
estandares de calidad en,extremo_funcional,1
estandares de calidad para,extremo_funcional,1
estandares de calidad y,extremo_funcional,2
estandares de la,extremo_funcional,1
estandares disciplinarios de,extremo_funcional,1
estandares internacionales en,extremo_funcional,1
estandares internacionales en el,extremo_funcional,1
estandares nacionales e,extremo_funcional,1
estandares nacionales e internacionales,expresion_funcional,1
estandares y,extremo_funcional,3
estandares y metodologias,expresion_funcional,2
estandares y metodologias en,extremo_funcional,1
estandares y metodologias pertinentes,expresion_funcional,1
estandares y normas,expresion_funcional,1
estandares y normas establecidas,expresion_funcional,1
estar en,extremo_funcional,2
estara capacitado para,extremo_funcional,2
estas,stopword_o_unigrama_corto,4
estas acciones,extremo_funcional,2
estas acciones en,extremo_funcional,2
estas acciones en un,extremo_funcional,2
estas areas,extremo_funcional,1
estas areas estan,extremo_funcional,1
estas areas estan en,extremo_funcional,1
estas soluciones,extremo_funcional,2
estas soluciones consideran,extremo_funcional,2
estas soluciones consideran las,extremo_funcional,2
este,stopword_o_unigrama_corto,15
este ambito,extremo_vago_declarado,1
este ambito se,extremo_funcional,1
este ambito se enmarca,extremo_funcional,1
este ambito se orienta,extremo_funcional,1
este contexto,extremo_funcional,2
este documento,extremo_funcional,1
este documento presenta,extremo_funcional,1
este documento presenta el,extremo_funcional,1
este o,extremo_funcional,1
este o esta,extremo_funcional,1
este o esta profesional,extremo_funcional,1
este perfil,extremo_funcional,1
este perfil mixto,extremo_funcional,1
este perfil mixto le,extremo_funcional,1
este presente,extremo_funcional,1
este profesional,extremo_funcional,5
este profesional es,extremo_funcional,1
este profesional es capaz,extremo_funcional,1
este profesional estara,extremo_funcional,1
este profesional estara capacitado,extremo_funcional,1
este profesional podra,extremo_funcional,2
este profesional podra generar,extremo_funcional,1
este profesional podra resolver,extremo_funcional,1
este profesional trabaja,extremo_funcional,1
este profesional trabaja colaborativamente,extremo_funcional,1
este programa,extremo_funcional,2
este programa de,extremo_funcional,1
este programa de estudio,extremo_funcional,1
este programa en,extremo_funcional,1
este programa en modalidad,extremo_funcional,1
este programa se,extremo_funcional,1
este programa se alinea,extremo_funcional,1
estilo de,extremo_funcional,1
estimulados por,extremo_funcional,1
estimulados por un,extremo_funcional,1
estimulados por un proceso,expresion_funcional,1
esto,stopword_o_unigrama_corto,3
esto le,extremo_funcional,2
esto le permite,extremo_funcional,2
esto le permite generar,extremo_funcional,2
estos,stopword_o_unigrama_corto,7
estos conocimientos,extremo_vago_declarado,1
estos conocimientos permite,extremo_funcional,1
estos conocimientos permite a,extremo_funcional,1
estos elementos,extremo_funcional,1
estos para,extremo_funcional,1
estos para la,extremo_funcional,1
estos para la toma,extremo_vago_declarado,1
estos proyectos,extremo_funcional,2
estos proyectos colaborativa,extremo_funcional,1
estos proyectos colaborativa y,extremo_funcional,1
estrategia de,extremo_funcional,2
estrategia de la,extremo_funcional,2
estrategia global de,extremo_funcional,1
estrategia global de una,extremo_funcional,1
estrategias apropiadas de,extremo_funcional,1
estrategias de,extremo_funcional,2
estrategias de innovacion y,extremo_funcional,1
estrategias de integracion de,extremo_funcional,1
estrategias para,extremo_funcional,1
estrategias para innovar en,extremo_funcional,1
estrategias que,extremo_funcional,1
estrategias que le,extremo_funcional,1
estrategias que le permitan,expresion_funcional,1
estrategias tecnologicas de,extremo_funcional,1
estrategica para,extremo_funcional,1
estrategica para dar,extremo_vago_declarado,1
estrategicamente la,extremo_funcional,1
estrategicas con,extremo_funcional,1
estrategicas con empresas de,extremo_funcional,1
estrategicas de,extremo_funcional,1
estrategicas de las,extremo_funcional,1
estrategicas en,extremo_funcional,1
estrategicas para,extremo_funcional,1
estrategicas para la,extremo_funcional,1
estrategico a,extremo_funcional,1
estrategico a las,extremo_funcional,1
estrategico a las organizaciones,expresion_funcional,1
estrategico de,extremo_funcional,2
estrategico de la,extremo_funcional,1
estrategico que,extremo_funcional,1
estrategico que poseen,expresion_funcional,1
estrategico que poseen los,extremo_funcional,1
estrategicos de,extremo_funcional,1
estrategicos de las,extremo_funcional,1
estrategicos definidos en,extremo_funcional,1
estrategicos definidos en las,extremo_funcional,1
estructura curricular cuenta con,extremo_funcional,1
estructurados o,extremo_funcional,1
estructurados o no,extremo_funcional,1
estructurados o no estructurados,expresion_funcional,1
estructurar y,extremo_funcional,1
estructurar y recomendar,expresion_funcional,1
estructurar y recomendar evaluacion,expresion_funcional,1
estudia con,extremo_funcional,1
estudia con un,extremo_funcional,1
estudia con un cuerpo,expresion_funcional,1
estudiante en,extremo_funcional,1
estudiante en las,extremo_funcional,1
estudiantes adquieran conocimiento,extremo_vago_declarado,1
estudiantes desde,extremo_funcional,1
estudiantes desde el,extremo_funcional,1
estudiantes desde el ano,expresion_funcional,1
estudiantes puedan enfrentarse a,extremo_funcional,1
estudiantiles,segmento_con_indicios_de_menu,1
estudiantiles programa,segmento_con_indicios_de_menu,1
estudiantiles programa proenta,segmento_con_indicios_de_menu,1
estudiar a,extremo_funcional,1
estudiar a una,extremo_funcional,1
estudiar a una de,extremo_funcional,1
estudio son,extremo_funcional,1
estudios,stopword_o_unigrama_corto,6
estudios conducentes a,extremo_funcional,1
estudios conducentes a un,extremo_funcional,1
estudios tiene,extremo_funcional,1
estudios tiene una,extremo_funcional,1
estudios tiene una duracion,expresion_funcional,1
etapas del,extremo_funcional,2
etapas del ciclo de,extremo_funcional,2
etica acorde,extremo_vago_declarado,1
etica acorde a,extremo_funcional,1
etica acorde a los,extremo_funcional,1
etica en,extremo_funcional,3
etica en su,extremo_funcional,1
etica en su quehacer,expresion_funcional,1
etica en un,extremo_funcional,2
etica en un contexto,expresion_funcional,1
etica en un entorno,expresion_funcional,1
etica entre,extremo_funcional,1
etica entre sus,extremo_funcional,1
etica entre sus postulados,expresion_funcional,1
etica profesional y,extremo_funcional,2
etica profesional y el,extremo_funcional,1
etica profesional y responsabilidad,expresion_funcional,1
etica y,extremo_funcional,5
etica y ciudadania,expresion_funcional,1
etica y competencias,expresion_funcional,1
etica y competencias para,extremo_funcional,1
etica y responsabilidad,expresion_funcional,1
etica y responsabilidad social,expresion_funcional,1
etica y valorica,expresion_funcional,2
eticas en,extremo_funcional,1
eticas en su,extremo_funcional,1
eticas en su quehacer,expresion_funcional,1
etico los,extremo_funcional,1
etico los desafios que,extremo_funcional,1
etico profesional en,extremo_funcional,1
etico profesional en sus,extremo_funcional,1
etico y,extremo_funcional,5
etico y ambiental,expresion_funcional,1
etico y de,extremo_funcional,1
etico y de responsabilidad,expresion_funcional,1
etico y humanista,expresion_funcional,1
etico y moral,expresion_funcional,1
etico y socialmente,expresion_funcional,1
etico y socialmente responsable,expresion_funcional,1
etico y una,extremo_funcional,1
etico y una vision,expresion_funcional,1
eticos que,extremo_funcional,1
eticos que sustentan,expresion_funcional,1
eticos que sustentan la,extremo_funcional,1
eticos y,extremo_funcional,2
eticos y con,extremo_funcional,2
eticos y con un,extremo_funcional,2
evalua e,extremo_funcional,1
evalua e integra,expresion_funcional,1
evalua e integra soluciones,expresion_funcional,1
evalua la,extremo_funcional,1
evalua la evolucion de,extremo_funcional,1
evalua y,extremo_funcional,1
evalua y aplica,expresion_funcional,1
evalua y aplica estandares,expresion_funcional,1
evaluacion de,extremo_funcional,6
evaluacion de planes para,extremo_funcional,1
evaluacion de proyectos universidad,contexto_institucional_geografico,1
evaluacion de sistemas informaticos,denominacion_grado,1
evaluacion de soluciones informaticas,denominacion_grado,1
evaluacion e,extremo_funcional,1
evaluacion e implementacion,expresion_funcional,1
evaluacion e implementacion de,extremo_funcional,1
evaluacion y,extremo_funcional,1
evaluacion y toma,extremo_vago_declarado,1
evaluacion y toma de,extremo_funcional,1
evaluadora de,extremo_funcional,1
evaluan e,extremo_funcional,1
evaluan e integran,expresion_funcional,1
evaluan e integran soluciones,expresion_funcional,1
evaluando su,extremo_funcional,2
evaluando su desarrollo,expresion_funcional,1
evaluando su diseno,expresion_funcional,1
evaluando su diseno y,extremo_funcional,1
evaluando su impacto,expresion_funcional,1
evaluando su impacto en,extremo_funcional,1
evaluar e,extremo_funcional,1
evaluar e implementar,expresion_funcional,1
evaluar e implementar proyectos,expresion_funcional,1
evaluar el,extremo_funcional,1
evaluar politicas de,extremo_funcional,1
evaluar proyectos e,extremo_funcional,1
evaluar proyectos e impacto,expresion_funcional,1
evaluar proyectos y,extremo_funcional,1
evaluar proyectos y tecnologias,expresion_funcional,1
evaluar pruebas de,extremo_funcional,1
evaluar y,extremo_funcional,5
evaluar y ejecutar,expresion_funcional,1
evaluar y ejecutar proyectos,expresion_funcional,1
evaluar y gestionar,expresion_funcional,4
evaluar y gestionar proyectos,expresion_funcional,4
evaluara el,extremo_funcional,1
evidencia competencias con,extremo_funcional,1
evidencia competencias con un,extremo_funcional,1
evidencian capacidad para,extremo_funcional,1
evidencian una,extremo_funcional,1
evidencian una actitud,expresion_funcional,1
evidencian una actitud flexible,expresion_funcional,1
evidenciando la,extremo_funcional,1
evidenciando la capacidad para,extremo_funcional,1
evidenciando las,extremo_funcional,1
evolucion constante de,extremo_funcional,1
evolucion constante de la,extremo_funcional,1
evolucion de,extremo_funcional,2
evolucion de las,extremo_funcional,1
evolucion de su,extremo_funcional,1
evolucion de su ejercicio,expresion_funcional,1
evolucion ofreciendo un,extremo_funcional,1
evolucion ofreciendo un amplio,expresion_funcional,1
evolucion permanente de,extremo_funcional,1
evolucion permanente de las,extremo_funcional,1
evolucion teorica y,extremo_funcional,1
evolucion teorica y tecnologica,expresion_funcional,1
excelencia y,extremo_funcional,2
excelencia y optimizacion,expresion_funcional,1
excelencia y responsabilidad,expresion_funcional,1
excelencia y responsabilidad social,expresion_funcional,1
exigencias que,extremo_funcional,1
exigencias que implica,expresion_funcional,1
exigencias que implica el,extremo_funcional,1
exigencias y,extremo_funcional,1
exigencias y restricciones,expresion_funcional,1
exigencias y restricciones que,extremo_funcional,1
existencia humana y,extremo_funcional,1
existencia humana y la,extremo_funcional,1
exitosamente los,extremo_funcional,1
exitosamente los proyectos en,extremo_funcional,1
experiencia de,extremo_funcional,1
experiencia en,extremo_funcional,1
experiencia en analisis de,extremo_funcional,1
experiencia en la,extremo_funcional,1
experiencia en tecnologia de,extremo_funcional,1
experiencia que,extremo_funcional,1
experiencia que progresivamente,expresion_funcional,1
experiencia que progresivamente alcance,expresion_funcional,1
experiencial trabajando en,extremo_funcional,1
experiencial trabajando en la,extremo_funcional,1
experiencial y,extremo_funcional,1
experiencial y practico,expresion_funcional,1
experimentos para,extremo_funcional,1
explorar distintas areas de,extremo_funcional,1
explotacion y,extremo_funcional,1
explotacion y mantencion,expresion_funcional,1
explotacion y mantencion de,extremo_funcional,1
explotando las,extremo_funcional,1
explotando las caracteristicas del,extremo_funcional,1
exposicion de,extremo_funcional,1
extraccion de,extremo_funcional,1
extraccion de informacion desde,extremo_funcional,1
extraer conocimiento,extremo_vago_declarado,1
extraer conocimiento o,extremo_funcional,1
extraer conocimiento o un,extremo_funcional,1
extraer conocimientos,extremo_vago_declarado,2
extraer conocimientos de,extremo_funcional,1
extraer conocimientos valiosos y,extremo_funcional,1
extraer informacion relevante desde,extremo_funcional,1
facilidad a,extremo_funcional,1
facilidad a distintos,expresion_funcional,1
facilidad a distintos ambientes,expresion_funcional,1
facilitando el,extremo_funcional,1
facilitando el desarrollo de,extremo_funcional,1
facilitandole la,extremo_funcional,1
facilitandole la formulacion de,extremo_funcional,1
facilitar la,extremo_funcional,1
facilitar su,extremo_funcional,1
facilitar su insercion,expresion_funcional,1
facilitar su insercion y,extremo_funcional,1
faculta para,extremo_funcional,1
faculta para aplicar un,extremo_funcional,1
facultad de,extremo_funcional,3
facultad de ingenieria,denominacion_grado,3
facultad de ingenieria ingenieria,denominacion_grado,1
facultad de ingenieria y,extremo_funcional,2
facultado para,extremo_funcional,1
facultado para el,extremo_funcional,1
favorece el,extremo_funcional,1
favorece el manejo de,extremo_funcional,1
favorecen la,extremo_funcional,1
fco de,extremo_funcional,1
federico santa maria se,extremo_funcional,1
federico santa maria y,extremo_funcional,1
fin de,extremo_funcional,7
fin de alinearlos con,extremo_funcional,1
fin de aprender y,extremo_funcional,1
fin de contribuir a,extremo_funcional,1
fin de dar,extremo_vago_declarado,1
fin de facilitar su,extremo_funcional,1
fin de hacer un,extremo_funcional,1
fin de utilizarlos de,extremo_funcional,1
finalidad de,extremo_funcional,2
finalidad de contribuir al,extremo_funcional,1
finalidad de la,extremo_funcional,1
financieros y,extremo_funcional,1
financieros y tecnologicos,expresion_funcional,1
finanzas y,extremo_funcional,1
finanzas y las,extremo_funcional,1
finanzas y las personas,expresion_funcional,1
finis terrae demuestra,extremo_generico_declarado,1
finis terrae demuestra una,extremo_funcional,1
fiscalia metropolitana sur y,extremo_funcional,1
flexibilidad para,extremo_funcional,1
flexibilidad para trabajar en,extremo_funcional,1
flexiblemente a,extremo_funcional,2
flexiblemente a las,extremo_funcional,2
flexiblemente a las demandas,expresion_funcional,2
foco en,extremo_funcional,1
foco en la,extremo_funcional,1
fomenta y,extremo_funcional,1
fomenta y mejora,expresion_funcional,1
fomenta y mejora el,extremo_funcional,1
fomentando el,extremo_funcional,1
fomentando el trabajo en,extremo_funcional,1
fomentando la,extremo_funcional,1
fomentando la equidad de,extremo_funcional,1
fomentar la,extremo_funcional,1
forjar una,extremo_funcional,1
forjar una cultura,expresion_funcional,1
forjar una cultura ciudadana,expresion_funcional,1
forma adecuada y,extremo_funcional,1
forma adecuada y coherente,expresion_funcional,1
forma autonoma y,extremo_funcional,2
forma autonoma y continua,expresion_funcional,2
forma colaborativa en,extremo_funcional,1
forma comprometida con,extremo_funcional,1
forma critica y,extremo_funcional,1
forma critica y desempenar,expresion_funcional,1
forma de,extremo_funcional,1
forma del,extremo_funcional,1
forma efectiva sus,extremo_funcional,1
forma efectiva sus propositos,expresion_funcional,1
forma efectiva y,extremo_funcional,1
forma efectiva y constructiva,expresion_funcional,1
forma eficiente,extremo_generico_declarado,1
forma eficiente y,extremo_funcional,1
forma eficiente y tomando,expresion_funcional,1
forma etica y,extremo_funcional,2
forma etica y valorica,expresion_funcional,2
forma independiente como,extremo_funcional,1
forma independiente como consultor,expresion_funcional,1
forma oral y,extremo_funcional,4
forma oral y escrita,expresion_funcional,4
forma para,extremo_funcional,1
forma profesionales con,extremo_funcional,1
forma profesionales que,extremo_funcional,1
forma profesionales que protegen,expresion_funcional,1
forma que,extremo_funcional,1
forma que contribuya,expresion_funcional,1
forma que contribuya a,extremo_funcional,1
forma simbolica en,extremo_funcional,1
forma simbolica en el,extremo_funcional,1
forma sistematica y,extremo_funcional,1
forma sistematica y cuantificable,expresion_funcional,1
formacion a,extremo_funcional,1
formacion a traves,expresion_funcional,1
formacion a traves de,extremo_funcional,1
formacion basica y,extremo_funcional,1
formacion basica y aplicada,expresion_funcional,1
formacion centrada en,extremo_funcional,2
formacion centrada en el,extremo_funcional,1
formacion centrada en las,extremo_funcional,1
formacion cientifica y,extremo_funcional,1
formacion cientifica y tecnologica,expresion_funcional,1
formacion clasica de,extremo_funcional,1
formacion con,extremo_funcional,1
formacion continua en,extremo_funcional,1
formacion continua en un,extremo_funcional,1
formacion de,extremo_funcional,3
formacion de profesionales capaces,extremo_generico_declarado,1
formacion de profesionales que,extremo_funcional,1
formacion disciplinar con,extremo_funcional,1
formacion en,extremo_funcional,12
formacion en ciencias de,extremo_funcional,1
formacion en emprendimiento les,extremo_funcional,1
formacion en ingenieria,denominacion_grado,2
formacion en ingenieria aplicada,denominacion_grado,1
formacion en ingenieria civil,denominacion_grado,1
formacion en las,extremo_funcional,2
formacion en todas,extremo_funcional,1
formacion en todas las,extremo_funcional,1
formacion entrega al,extremo_funcional,1
formacion entrega al profesional,expresion_funcional,1
formacion especifica de,extremo_funcional,1
formacion implica la,extremo_funcional,2
formacion integral basada en,extremo_funcional,1
formacion integral en,extremo_funcional,1
formacion integral le,extremo_funcional,2
formacion integral le permite,expresion_funcional,1
formacion integral le proporciona,expresion_funcional,1
formacion le,extremo_funcional,4
formacion le permite,expresion_funcional,4
formacion le permite abordar,expresion_funcional,1
formacion le permite desempenarse,expresion_funcional,1
formacion le permite liderar,expresion_funcional,1
formacion le permite proponer,expresion_funcional,1
formacion les,extremo_funcional,2
formacion les permite,expresion_funcional,2
formacion les permite proponer,expresion_funcional,1
formacion les permite relacionar,expresion_funcional,1
formacion orientada al,extremo_funcional,1
formacion orientada al uso,expresion_funcional,1
formacion para,extremo_funcional,2
formacion para una,extremo_funcional,1
formacion para una ciudadania,expresion_funcional,1
formacion profesional del,extremo_funcional,1
formacion profesional del ingeniero,denominacion_grado,1
formacion profesional en,extremo_funcional,1
formacion se,extremo_funcional,1
formacion se centra,expresion_funcional,1
formacion se centra en,extremo_funcional,1
formacion social y,extremo_funcional,1
formacion social y humanista,expresion_funcional,1
formacion y,extremo_funcional,1
formacion y reconoce,expresion_funcional,1
formacion y reconoce el,extremo_funcional,1
formada en,extremo_funcional,2
formada en ciencias de,extremo_funcional,1
formada en la,extremo_funcional,1
formado bajo los,extremo_funcional,1
formado profesionales en,extremo_funcional,1
formado profesionales en la,extremo_funcional,1
formados para,extremo_funcional,1
forman en,extremo_funcional,1
forman en un,extremo_funcional,1
forman en un marco,expresion_funcional,1
formando al,extremo_funcional,1
formando al estudiante,expresion_funcional,1
formando al estudiante en,extremo_funcional,1
formando parte de,extremo_funcional,1
formar ingenieras,denominacion_grado,1
formar ingenieras e,extremo_funcional,1
formar ingenieras e ingenieros,expresion_funcional,1
formar ingenieros,denominacion_grado,2
formar ingenieros de,extremo_funcional,1
formar ingenieros de excelencia,denominacion_grado,1
formar ingenieros en,extremo_funcional,1
formar ingenieros en competencias,denominacion_grado,1
formar personas que,extremo_funcional,1
formar personas que puedan,expresion_funcional,1
formar profesionales capaces,extremo_generico_declarado,1
formar profesionales capaces de,extremo_funcional,1
formas de,extremo_funcional,1
formativa articulando con,extremo_funcional,1
formativa en,extremo_funcional,1
formativa para,extremo_funcional,1
formativo carrera,identidad_institucional_declarada,1
formativo carrera profesional,identidad_institucional_declarada,1
formativo carrera profesional sin,identidad_institucional_declarada,1
formativo del,extremo_funcional,1
formativo que,extremo_funcional,2
formativo que desarrolla,expresion_funcional,2
formativo que desarrolla habilidades,expresion_funcional,2
formulacion de,extremo_funcional,2
formulacion de proyectos informaticos,denominacion_grado,2
formulan y,extremo_funcional,1
formulan y disenan,expresion_funcional,1
formulan y disenan soluciones,expresion_funcional,1
formular y,extremo_funcional,2
formular y ejecutar,expresion_funcional,1
formular y ejecutar proyectos,expresion_funcional,1
formular y gestionar,expresion_funcional,1
formular y gestionar proyectos,expresion_funcional,1
frente a,extremo_funcional,1
frente a las,extremo_funcional,1
frente a las circunstancias,expresion_funcional,1
frontera,segmento_con_indicios_de_menu,1
frontera es,extremo_funcional,1
frontera es un,extremo_funcional,1
frontera es un o,extremo_funcional,1
frontera la,segmento_con_indicios_de_menu,1
frontera la universidad,segmento_con_indicios_de_menu,1
frontera la universidad historia,segmento_con_indicios_de_menu,1
frontera podra desempenarse en,extremo_funcional,1
fuentes de,extremo_funcional,1
fuentes diversas,extremo_vago_declarado,1
fuerte componente cientifico y,extremo_funcional,1
fuerte formacion social y,extremo_funcional,1
funcion a,extremo_funcional,1
funcion a las,extremo_funcional,1
funcion a las necesidades,expresion_funcional,1
funcion de,extremo_funcional,3
funcion de las,extremo_funcional,1
funcion de los,extremo_funcional,1
funcionamiento al,extremo_funcional,1
funcionamiento al cumplimiento,expresion_funcional,1
funcionamiento al cumplimiento de,extremo_funcional,1
funcionamiento optimo de,extremo_funcional,1
funcionarios de,extremo_funcional,1
funciones asociadas a,extremo_funcional,1
funciones asociadas a la,extremo_funcional,1
funciones de,extremo_funcional,1
funciones de direccion y,extremo_funcional,1
fundamenta en,extremo_funcional,1
fundamenta en la,extremo_funcional,1
fundamental a,extremo_funcional,1
fundamental a la,extremo_funcional,1
fundamental a la sociedad,expresion_funcional,1
fundamentales de,extremo_funcional,1
fundamentales de esta,extremo_funcional,1
fundamentales de esta disciplina,expresion_funcional,1
fundamentales y,extremo_funcional,1
fundamentales y propios,expresion_funcional,1
fundamentales y propios de,extremo_funcional,1
fundamentalmente integracion de,extremo_funcional,1
fundamentos de,extremo_funcional,4
fundamentos de la,extremo_funcional,4
fundamentos de la ingenieria,denominacion_grado,1
fundamentos eticos que,extremo_funcional,1
fundamentos eticos que sustentan,expresion_funcional,1
fundamentos teoricos para,extremo_funcional,1
gabriela mistral es,extremo_funcional,1
gabriela mistral es un,extremo_funcional,1
garantizando una,extremo_funcional,1
garantizando una adecuada,expresion_funcional,1
garantizando una adecuada seguridad,expresion_funcional,1
garantizar el,extremo_funcional,1
garantizar el eficiente,extremo_generico_declarado,1
garantizar el eficiente e,extremo_funcional,1
garantizar la,extremo_funcional,1
generacion de,extremo_funcional,6
generacion de conocimientos,extremo_vago_declarado,1
generacion de emprendimientos y,extremo_funcional,1
generacion de informacion para,extremo_funcional,1
generacion de valor en,extremo_funcional,1
generales de,extremo_funcional,1
generales de la,extremo_funcional,1
generando,stopword_o_unigrama_corto,5
generando espacios de,extremo_funcional,1
generando instancias de,extremo_funcional,1
generando valor en,extremo_funcional,1
generando valor en el,extremo_funcional,1
generando valor organizacional con,extremo_funcional,1
generar,stopword_o_unigrama_corto,10
generar modelos abstractos de,extremo_funcional,1
generar proyectos propios de,extremo_funcional,1
generar soluciones a,extremo_funcional,1
generar soluciones a diversas,extremo_vago_declarado,1
generar soluciones de,extremo_funcional,1
generar soluciones innovadoras que,extremo_funcional,1
generar soluciones que,extremo_funcional,3
generar soluciones que integran,expresion_funcional,2
generar soluciones que permitan,expresion_funcional,1
generar valor e,extremo_funcional,1
generar valor e innovacion,expresion_funcional,1
generar valor en,extremo_funcional,1
generar valor en diversos,extremo_vago_declarado,1
generar valor en el,extremo_funcional,1
generar y,extremo_funcional,1
generar y evaluar,expresion_funcional,1
generar y evaluar soluciones,expresion_funcional,1
genericas orientadas al,extremo_funcional,1
genericas orientadas al aprendizaje,expresion_funcional,1
genericas tales como,extremo_funcional,2
genericas y,extremo_funcional,1
genericas y especificas,expresion_funcional,1
genericas y especificas desarrolladas,expresion_funcional,1
genericos al,extremo_funcional,1
genericos al completar,expresion_funcional,1
genericos al completar el,extremo_funcional,1
genero y,extremo_funcional,1
genero y diversidad,expresion_funcional,1
geologicas escuela de,extremo_funcional,1
geologicas escuela de ingenieria,denominacion_grado,1
geologicas jefe de,extremo_funcional,1
geologicas jefe de carrera,identidad_institucional_declarada,1
gerencia de,extremo_funcional,1
gerencia de ti en,extremo_funcional,1
gerencial que,extremo_funcional,1
gerencial que le,extremo_funcional,1
gerencial que le permitira,expresion_funcional,1
gerencias informaticas,denominacion_grado,1
gerencias informaticas de,extremo_funcional,1
gerencias informaticas de dichas,extremo_funcional,1
gerente de,extremo_funcional,1
gerente de consultoria para,extremo_funcional,1
gerente de tecnologias de,extremo_funcional,1
gestion de,extremo_funcional,17
gestion de datos y,extremo_funcional,1
gestion de equipos de,extremo_funcional,1
gestion de incidencias segun,extremo_funcional,1
gestion de informatica,denominacion_grado,1
gestion de la,extremo_funcional,4
gestion de la universidad,contexto_institucional_geografico,1
gestion de las,extremo_funcional,1
gestion de proyectos de,extremo_funcional,3
gestion de proyectos en,extremo_funcional,1
gestion de proyectos informaticos,denominacion_grado,2
gestion de tecnologias de,extremo_funcional,1
gestion empresarial y,extremo_funcional,1
gestion empresarial y tecnologias,expresion_funcional,1
gestion en,extremo_funcional,1
gestion informatica,denominacion_grado,3
gestion informatica se,extremo_funcional,1
gestion informatica se enfocan,expresion_funcional,1
gestion integral de,extremo_funcional,1
gestion organizacional y,extremo_funcional,1
gestion organizacional y su,extremo_funcional,1
gestion para,extremo_funcional,1
gestion para resolver los,extremo_funcional,1
gestion y,extremo_funcional,2
gestion y analisis,expresion_funcional,1
gestion y analisis de,extremo_funcional,1
gestion y auditoria,expresion_funcional,1
gestion y auditoria a,extremo_funcional,1
gestiona amenazas y,extremo_funcional,1
gestiona amenazas y debilidades,expresion_funcional,1
gestiona desafios tecnologicos para,extremo_funcional,1
gestiona proyectos de,extremo_funcional,1
gestiona proyectos de ingenieria,denominacion_grado,1
gestiona recursos y,extremo_funcional,1
gestiona recursos y promueve,expresion_funcional,1
gestiona y,extremo_funcional,1
gestiona y aplica,expresion_funcional,1
gestiona y aplica la,extremo_funcional,1
gestionar aplicaciones informaticas,denominacion_grado,1
gestionar estos,extremo_funcional,1
gestionar estos proyectos,expresion_funcional,1
gestionar la,extremo_funcional,1
gestionar la informacion con,extremo_funcional,1
gestionar los,extremo_funcional,1
gestionar los recursos con,extremo_funcional,1
gestionar para,extremo_funcional,1
gestionar para dar,extremo_vago_declarado,1
gestionar personas y,extremo_funcional,1
gestionar personas y recursos,expresion_funcional,1
gestionar proyectos de,extremo_funcional,2
gestionar proyectos en,extremo_funcional,1
gestionar proyectos en su,extremo_funcional,1
gestionar proyectos informaticos,denominacion_grado,4
gestionar proyectos informaticos de,extremo_funcional,1
gestionar proyectos informaticos interdisciplinarios,denominacion_grado,1
gestionar proyectos tecnologicos en,extremo_funcional,1
gestionar proyectos y,extremo_funcional,1
gestionar proyectos y soluciones,expresion_funcional,1
gestionar redes y,extremo_funcional,1
gestionar redes y recursos,expresion_funcional,1
gestionar sistemas y,extremo_funcional,1
gestionar sistemas y procesos,expresion_funcional,1
gestionar soluciones de,extremo_funcional,1
gestionar soluciones tecnologicas en,extremo_funcional,1
gestionar soluciones tecnologicas para,extremo_funcional,1
gestionar tecnologias de,extremo_funcional,2
gestionar tecnologias de la,extremo_funcional,1
gestionar y,extremo_funcional,3
gestionar y aplicar,expresion_funcional,1
gestionar y aplicar tecnicas,expresion_funcional,1
gestionar y desarrollar,expresion_funcional,2
gestionar y desarrollar proyectos,expresion_funcional,2
global de,extremo_funcional,1
global de una,extremo_funcional,1
global de una organizacion,expresion_funcional,1
global en,extremo_funcional,1
global en el,extremo_funcional,1
global y,extremo_funcional,1
global y etica,expresion_funcional,1
globales con,extremo_funcional,1
globales con enfoque de,extremo_funcional,1
globalizado y,extremo_funcional,1
globalizado y competitivo,expresion_funcional,1
globalizados y,extremo_funcional,1
globalizados y multidisciplinarios,expresion_funcional,1
globalizados y multidisciplinarios respetando,expresion_funcional,1
gobierno y,extremo_funcional,1
gobierno y gestion,expresion_funcional,1
gobierno y gestion ti,expresion_funcional,1
gomez son,extremo_funcional,1
gomez son profesionales,expresion_funcional,1
gomez son profesionales capaces,expresion_funcional,1
gonzalo pastene aceituno ingeniero,denominacion_grado,1
gracias a,extremo_funcional,1
gracias a su,extremo_funcional,1
gracias a su base,expresion_funcional,1
grado academico de,extremo_funcional,1
grado de,extremo_funcional,1
grado de licenciado en,extremo_funcional,1
graduadas capaces,extremo_generico_declarado,1
graduadas capaces de,extremo_funcional,1
graduados y,extremo_funcional,1
graduados y graduadas,expresion_funcional,1
graduados y graduadas capaces,expresion_funcional,1
grandes volumenes de,extremo_funcional,4
grupo y,extremo_funcional,1
grupo y el,extremo_funcional,1
grupo y el entorno,expresion_funcional,1
grupos de,extremo_funcional,1
grupos en,extremo_funcional,2
grupos en cualquier,extremo_funcional,2
grupos en cualquier tipo,expresion_funcional,2
gubernamentales y,extremo_funcional,1
gubernamentales y no,extremo_funcional,1
gubernamentales y no gubernamentales,expresion_funcional,1
ha,stopword_o_unigrama_corto,2
ha desempenado,extremo_funcional,1
ha desempenado en,extremo_funcional,1
ha desempenado en diversos,extremo_vago_declarado,1
ha formado,extremo_funcional,1
ha formado profesionales,extremo_funcional,1
ha formado profesionales en,extremo_funcional,1
ha impartido,extremo_funcional,1
ha impartido clases,extremo_funcional,1
ha impartido clases en,extremo_funcional,1
ha impartido diferentes,extremo_funcional,1
ha impartido diferentes catedras,extremo_funcional,1
ha implementado,extremo_funcional,1
ha implementado soluciones,extremo_funcional,1
ha implementado soluciones estrategicas,extremo_funcional,1
ha integrado,extremo_funcional,1
ha integrado iniciativas,extremo_funcional,1
ha integrado iniciativas en,extremo_funcional,1
ha liderado,extremo_funcional,1
ha liderado proyectos,extremo_funcional,1
ha liderado proyectos relacionados,extremo_funcional,1
ha participado,extremo_funcional,1
ha participado en,extremo_funcional,1
ha participado en la,extremo_funcional,1
ha realizado,extremo_funcional,1
ha realizado charlas,extremo_funcional,1
ha recibido,extremo_funcional,1
ha recibido una,extremo_funcional,1
ha recibido una formacion,extremo_funcional,1
habilidad de,extremo_funcional,1
habilidades de,extremo_funcional,8
habilidades de autoaprendizaje y,extremo_funcional,1
habilidades de comunicacion y,extremo_funcional,2
habilidades en,extremo_funcional,1
habilidades en desarrollo e,extremo_funcional,1
habilidades necesarias para,extremo_funcional,1
habilidades necesarias para el,extremo_funcional,1
habilidades para,extremo_funcional,5
habilidades para comunicarse de,extremo_funcional,1
habilidades para crear y,extremo_funcional,1
habilidades para identificar y,extremo_funcional,2
habilidades para la,extremo_funcional,1
habilidades personales e,extremo_funcional,1
habilidades personales e interpersonales,expresion_funcional,1
habilidades sociales y,extremo_funcional,1
habilidades sociales y de,extremo_funcional,1
habilidades tecnicas para,extremo_funcional,1
habilidades y,extremo_funcional,1
habilidades y destrezas,expresion_funcional,1
habilidades y destrezas en,extremo_funcional,1
habilidades y perspectivas,expresion_funcional,1
habilita a,extremo_funcional,1
habilita a enfrentar,expresion_funcional,1
habilita a enfrentar desafios,expresion_funcional,1
habilitados respectivamente para,extremo_funcional,1
habilitan para,extremo_funcional,1
hace cargo de,extremo_funcional,1
hace cargo de sus,extremo_funcional,1
hacer la,extremo_funcional,1
hacer un,extremo_funcional,2
hacer un correcto,expresion_funcional,1
hacer un correcto uso,expresion_funcional,1
hacer un uso,expresion_funcional,1
hacer un uso eficiente,expresion_funcional,1
hacia,stopword_o_unigrama_corto,2
hacia el,extremo_funcional,1
hacia el logro,extremo_funcional,1
hacia el logro de,extremo_funcional,1
hacia los,extremo_funcional,1
haciendo asesorias y,extremo_funcional,1
haciendo asesorias y liderando,expresion_funcional,1
haciendo primar la,extremo_funcional,1
haciendo uso de,extremo_funcional,2
haciendo uso de las,extremo_funcional,1
haciendo uso de su,extremo_funcional,1
han sido formados para,extremo_funcional,1
hardware en,extremo_funcional,2
hardware en diversos,extremo_vago_declarado,2
hardware para,extremo_funcional,1
hardware para la,extremo_funcional,1
hardware y,extremo_funcional,3
hardware y la,extremo_funcional,1
hardware y la red,expresion_funcional,1
hardware y software,expresion_funcional,2
hardware y software relativos,expresion_funcional,1
hasta,stopword_o_unigrama_corto,3
hasta gerenciales,extremo_funcional,1
hasta la,extremo_funcional,1
hasta la jefatura,extremo_funcional,1
hasta la jefatura de,extremo_funcional,1
hasta sql,extremo_funcional,1
hasta sql y,extremo_funcional,1
hasta sql y data,extremo_funcional,1
he,fragmento_corto_no_reconocido,1
he trabajado,fragmento_corto_no_reconocido,1
he trabajado en,fragmento_corto_no_reconocido,1
he trabajado en consultoras,fragmento_corto_no_reconocido,1
heredia ingeniero,denominacion_grado,1
heredia ingeniero de,extremo_funcional,1
heredia ingeniero de sistemas,denominacion_grado,1
herramienta del,extremo_funcional,1
herramientas de,extremo_funcional,5
herramientas de gobierno y,extremo_funcional,1
herramientas de ingenieria,denominacion_grado,2
herramientas de ingenieria de,extremo_funcional,1
herramientas de ingenieria y,extremo_funcional,1
herramientas de vanguardia que,extremo_funcional,1
herramientas metodologicas de,extremo_funcional,1
herramientas metodologicas de la,extremo_funcional,1
herramientas necesarias para,extremo_funcional,1
herramientas necesarias para la,extremo_funcional,1
herramientas para,extremo_funcional,1
herramientas que,extremo_funcional,2
herramientas que le,extremo_funcional,2
herramientas que le permitan,expresion_funcional,2
herramientas tecnologicas aplicadas a,extremo_funcional,1
herramientas tecnologicas para,extremo_funcional,1
herramientas tecnologicas que,extremo_funcional,1
herramientas tecnologicas que apoyen,expresion_funcional,1
herramientas y,extremo_funcional,5
herramientas y conocimientos,extremo_vago_declarado,1
herramientas y conocimientos de,extremo_funcional,1
herramientas y lenguajes,expresion_funcional,1
herramientas y lenguajes propios,expresion_funcional,1
herramientas y saberes,expresion_funcional,1
herramientas y saberes propios,expresion_funcional,1
herramientas y tecnicas,expresion_funcional,1
herramientas y tecnicas especificas,expresion_funcional,1
herramientas y tecnologias,expresion_funcional,1
herramientas y tecnologias vigentes,expresion_funcional,1
higgins es,extremo_funcional,1
higgins es un,extremo_funcional,1
higgins se,extremo_funcional,1
higgins se distingue,expresion_funcional,1
higgins se distingue por,extremo_funcional,1
historia,segmento_con_indicios_de_menu,1
historia institucional,segmento_con_indicios_de_menu,1
historia institucional acreditacion,segmento_con_indicios_de_menu,1
historia institucional acreditacion institucional,segmento_con_indicios_de_menu,1
homologacion o,extremo_funcional,1
homologacion o convalidacion,expresion_funcional,1
homologacion o convalidacion de,extremo_funcional,1
horario que,extremo_funcional,1
horario que se,extremo_funcional,1
horario que se acomoda,expresion_funcional,1
humana,segmento_de_identidad_institucional,2
humana,stopword_o_unigrama_corto,3
humana en,extremo_funcional,1
humana en un,extremo_funcional,1
humana en un contexto,expresion_funcional,1
humana y,extremo_funcional,3
humana y,segmento_de_identidad_institucional,2
humana y con,extremo_funcional,1
humana y con,segmento_de_identidad_institucional,2
humana y con la,extremo_funcional,1
humana y con la,segmento_de_identidad_institucional,2
humana y el,extremo_funcional,1
humana y el desarrollo,expresion_funcional,1
humana y la,extremo_funcional,1
humana y la antropologia,expresion_funcional,1
humanas,stopword_o_unigrama_corto,1
humanas para,extremo_funcional,1
humanas para el,extremo_funcional,1
humanista para,extremo_funcional,1
humanista para responder a,extremo_funcional,1
humanistas y,extremo_funcional,1
humanistas y cristianos,expresion_funcional,1
humano,stopword_o_unigrama_corto,1
humanos,stopword_o_unigrama_corto,5
humanos y,extremo_funcional,2
humanos y la,extremo_funcional,1
humanos y la realizacion,expresion_funcional,1
humanos y participando,expresion_funcional,1
humanos y participando activamente,expresion_funcional,1
i,fragmento_corto_no_reconocido,1
i en,fragmento_corto_no_reconocido,1
i en tecnologias,fragmento_corto_no_reconocido,1
iacc sera,extremo_generico_declarado,1
iacc sera un,extremo_funcional,1
iacc sera un profesional,expresion_funcional,1
ideas a,extremo_funcional,1
ideas a traves,expresion_funcional,1
ideas a traves del,extremo_funcional,1
ideas basicas relacionadas con,extremo_funcional,1
ideas de,extremo_funcional,1
ideas en,extremo_funcional,1
identidad,segmento_de_identidad_institucional,1
identidad catolica,segmento_de_identidad_institucional,1
identidad catolica de,segmento_de_identidad_institucional,1
identidad catolica de la,segmento_de_identidad_institucional,1
identifican por,extremo_funcional,1
identifican por su,extremo_funcional,1
identifican por su capacidad,expresion_funcional,1
identificar el,extremo_funcional,1
identificar el impacto de,extremo_funcional,1
identificar necesidades de,extremo_funcional,1
identificar oportunidades de,extremo_funcional,1
identificar y,extremo_funcional,3
identificar y abordar,expresion_funcional,1
identificar y abordar problemas,expresion_funcional,1
identificar y resolver,expresion_funcional,2
identificar y resolver problemas,expresion_funcional,2
identificara por,extremo_funcional,1
identificara por su,extremo_funcional,1
identificara por su desempeno,expresion_funcional,1
identitario,segmento_de_identidad_institucional,2
identitario de,segmento_de_identidad_institucional,2
identitario de la,segmento_de_identidad_institucional,2
identitario de la institucion,segmento_de_identidad_institucional,2
idioma ingles en,extremo_funcional,1
idioma ingles para,extremo_funcional,1
idioma ingles y,extremo_funcional,1
idioma ingles y un,extremo_funcional,1
idoneos para,extremo_funcional,1
idoneos para desempenarse como,extremo_funcional,1
impacto concreto y,extremo_funcional,1
impacto concreto y medible,expresion_funcional,1
impacto de,extremo_funcional,5
impacto de estas,extremo_funcional,2
impacto de estas acciones,expresion_funcional,2
impacto de las,extremo_funcional,1
impacto de su,extremo_funcional,1
impacto de su quehacer,expresion_funcional,1
impacto de sus,extremo_funcional,1
impacto de sus actividades,expresion_funcional,1
impacto del,extremo_funcional,1
impacto en,extremo_funcional,1
impacto en seguridad y,extremo_funcional,1
impacto social de,extremo_funcional,1
impacto social de las,extremo_funcional,1
imparte en,extremo_funcional,2
imparte en la,extremo_funcional,2
impartido clases en,extremo_funcional,1
impartido clases en diversas,extremo_vago_declarado,1
impartido diferentes catedras de,extremo_funcional,1
implantacion y,extremo_funcional,1
implantacion y mantenimiento,expresion_funcional,1
implantacion y mantenimiento de,extremo_funcional,1
implantar sistemas informaticos,denominacion_grado,1
implantar sistemas informaticos en,extremo_funcional,1
implantar soluciones eficientes de,extremo_funcional,2
implementa proyectos con,extremo_funcional,1
implementa proyectos en,extremo_funcional,1
implementa y,extremo_funcional,3
implementa y despliega,expresion_funcional,1
implementa y despliega soluciones,expresion_funcional,1
implementa y gestiona,expresion_funcional,1
implementa y gestiona soluciones,expresion_funcional,1
implementa y opera,expresion_funcional,1
implementa y opera sistemas,expresion_funcional,1
implementacion de,extremo_funcional,8
implementacion de proyectos de,extremo_funcional,1
implementacion de sistemas de,extremo_funcional,1
implementacion de sistemas informaticos,denominacion_grado,1
implementacion de soluciones informaticas,denominacion_grado,2
implementacion y,extremo_funcional,3
implementacion y administracion,expresion_funcional,1
implementacion y administracion de,extremo_funcional,1
implementacion y consultoria,expresion_funcional,1
implementacion y consultoria de,extremo_funcional,1
implementacion y operacion,expresion_funcional,1
implementacion y operacion de,extremo_funcional,1
implementado soluciones estrategicas para,extremo_funcional,1
implementando estrategias de,extremo_funcional,1
implementando estrategias que,extremo_funcional,1
implementando estrategias que le,extremo_funcional,1
implementando medidas de,extremo_funcional,1
implementar herramientas tecnologicas que,extremo_funcional,1
implementar planes de,extremo_funcional,1
implementar procesos de,extremo_funcional,1
implementar productos de,extremo_funcional,1
implementar programas eficientes en,extremo_funcional,1
implementar proyectos informaticos,denominacion_grado,1
implementar sistemas de,extremo_funcional,3
implementar sistemas y,extremo_funcional,1
implementar sistemas y soluciones,expresion_funcional,1
implementar soluciones informaticas,denominacion_grado,2
implementar soluciones informaticas efectivas,denominacion_grado,1
implementar soluciones informaticas para,extremo_funcional,1
implementar soluciones relacionadas con,extremo_funcional,1
implementar soluciones tecnologicas que,extremo_funcional,1
implementar una,extremo_funcional,1
implementar una solucion,expresion_funcional,1
implementar una solucion informatica,expresion_funcional,1
implementar y,extremo_funcional,7
implementar y evaluar,expresion_funcional,1
implementar y evaluar politicas,expresion_funcional,1
implementar y gestionar,expresion_funcional,1
implementar y gestionar aplicaciones,expresion_funcional,1
implementar y operar,expresion_funcional,5
implementar y operar productos,expresion_funcional,2
implementar y operar proyectos,expresion_funcional,1
implementar y operar sistemas,expresion_funcional,2
implica el,extremo_funcional,1
implica la,extremo_funcional,2
implica la adquisicion y,extremo_funcional,2
implicaciones sociales y,extremo_funcional,1
implicaciones sociales y ambientales,expresion_funcional,1
impone un,extremo_funcional,1
impone un mundo,expresion_funcional,1
impone un mundo globalizado,expresion_funcional,1
impuestas por,extremo_funcional,1
impuestas por la,extremo_funcional,1
impuestas por la legislacion,expresion_funcional,1
inacap al,extremo_funcional,1
inacap al egresar,expresion_funcional,1
inacap al egresar son,extremo_funcional,1
inacap desarrolla e,extremo_funcional,1
inacap desarrolla e implementa,expresion_funcional,1
inacap te,extremo_funcional,1
inacap te distinguiran,expresion_funcional,1
inacap te distinguiran en,extremo_funcional,1
incidencias segun,extremo_funcional,1
incidencias segun parametros,expresion_funcional,1
incidencias segun parametros establecidos,expresion_funcional,1
incluidas dentro del,extremo_funcional,1
inclusion de,extremo_funcional,1
inclusion y,extremo_funcional,1
inclusion y respetuosa,expresion_funcional,1
inclusion y respetuosa del,extremo_funcional,1
inclusiva y,extremo_funcional,1
inclusiva y comprometida,expresion_funcional,1
inclusiva y comprometida con,extremo_funcional,1
inclusivo al,extremo_funcional,1
inclusivo al fomentar,expresion_funcional,1
inclusivo al fomentar la,extremo_funcional,1
incluyendo el,extremo_funcional,1
incluyendo el programa de,extremo_funcional,1
incluyendo la,extremo_funcional,1
incorporacion a,extremo_funcional,1
incorporacion a equipos,expresion_funcional,1
incorporacion a equipos de,extremo_funcional,1
incorporando el,extremo_funcional,1
incorporando el desarrollo de,extremo_funcional,1
incorporando la,extremo_funcional,1
incorporando la programacion informatica,denominacion_grado,1
incorporando tecnologias de,extremo_funcional,1
incorporando tecnologias emergentes para,extremo_funcional,1
incorporar a,extremo_funcional,1
incorporar a equipos,expresion_funcional,1
incorporar a equipos de,extremo_funcional,1
incorpore inteligencia artificial y,extremo_funcional,1
incrementar y,extremo_funcional,1
incrementar y crear,expresion_funcional,1
incrementar y crear valor,expresion_funcional,1
independiente como,extremo_funcional,2
independiente como consultor,expresion_funcional,1
independiente como consultor o,extremo_funcional,1
independiente como prestador,expresion_funcional,1
independiente como prestador de,extremo_funcional,1
individual como,extremo_funcional,1
individual como en,extremo_funcional,1
individual como en el,extremo_funcional,1
individuos con,extremo_funcional,1
individuos con diversas,extremo_vago_declarado,1
indole y,extremo_funcional,1
indole y siguiendo,expresion_funcional,1
indole y siguiendo las,extremo_funcional,1
industria de,extremo_funcional,1
industria de las,extremo_funcional,1
industria del,extremo_funcional,1
industria del desarrollo de,extremo_funcional,1
industria y,extremo_funcional,6
industria y de,extremo_funcional,1
industria y de las,extremo_funcional,1
industria y la,extremo_funcional,1
industria y la sociedad,expresion_funcional,1
industria y mercado,expresion_funcional,1
industria y mercado laboral,expresion_funcional,1
industria y sus,extremo_funcional,2
industria y sus estandares,expresion_funcional,1
industria y sus necesidades,expresion_funcional,1
industrial centra su,extremo_funcional,1
industrial centra su mirada,expresion_funcional,1
industrial y,extremo_funcional,2
industrial y de,extremo_funcional,2
industrial y de servicios,expresion_funcional,2
industriales y,extremo_funcional,1
industriales y de,extremo_funcional,1
industriales y de servicios,expresion_funcional,1
industrias y,extremo_funcional,1
influyen en,extremo_funcional,1
influyen en los,extremo_funcional,1
informacion a,extremo_funcional,1
informacion a nivel,expresion_funcional,1
informacion a nivel tecnico,expresion_funcional,1
informacion aplicando las,extremo_funcional,1
informacion asi como,extremo_funcional,1
informacion asi como como,extremo_funcional,1
informacion centrado en,extremo_funcional,1
informacion centrado en las,extremo_funcional,1
informacion con,extremo_funcional,1
informacion con conocimiento,extremo_vago_declarado,1
informacion con conocimiento y,extremo_funcional,1
informacion de,extremo_funcional,3
informacion de acuerdo con,extremo_funcional,1
informacion de manera eficiente,extremo_generico_declarado,1
informacion desde,extremo_funcional,1
informacion desde datos,expresion_funcional,1
informacion desde datos complejos,expresion_funcional,1
informacion e,extremo_funcional,3
informacion e inteligencia,expresion_funcional,3
informacion e inteligencia artificial,expresion_funcional,3
informacion en,extremo_funcional,5
informacion en el,extremo_funcional,2
informacion en organizaciones del,extremo_funcional,1
informacion para,extremo_funcional,4
informacion para desenvolverse,extremo_generico_declarado,1
informacion para desenvolverse en,extremo_funcional,1
informacion para extraer conocimientos,extremo_vago_declarado,1
informacion para la,extremo_funcional,2
informacion para la toma,extremo_vago_declarado,1
informacion procedente de,extremo_funcional,1
informacion que,extremo_funcional,2
informacion que es,extremo_funcional,1
informacion que es procesada,expresion_funcional,1
informacion que presentan,expresion_funcional,1
informacion que presentan los,extremo_funcional,1
informacion que se,extremo_funcional,1
informacion que se encuentran,expresion_funcional,1
informacion relevante desde,extremo_funcional,1
informacion relevante desde datos,expresion_funcional,1
informacion relevante para,extremo_funcional,1
informacion relevante para el,extremo_funcional,1
informacion valiosa de,extremo_funcional,1
informacion y,extremo_funcional,25
informacion y administrar,expresion_funcional,1
informacion y administrar proyectos,expresion_funcional,1
informacion y analisis,expresion_funcional,1
informacion y analisis de,extremo_funcional,1
informacion y auditoria,expresion_funcional,1
informacion y auditoria informatica,expresion_funcional,1
informacion y ciberseguridad,expresion_funcional,1
informacion y ciberseguridad en,extremo_funcional,1
informacion y comunicacion,expresion_funcional,8
informacion y comunicacion como,extremo_funcional,1
informacion y comunicacion con,extremo_funcional,1
informacion y comunicacion emergentes,expresion_funcional,1
informacion y comunicaciones,expresion_funcional,5
informacion y comunicaciones emergentes,expresion_funcional,1
informacion y comunicaciones en,extremo_funcional,2
informacion y comunicaciones para,extremo_funcional,1
informacion y de,extremo_funcional,1
informacion y de las,extremo_funcional,1
informacion y el,extremo_funcional,2
informacion y el conocimiento,extremo_vago_declarado,1
informacion y el software,expresion_funcional,1
informacion y emergentes,expresion_funcional,1
informacion y emergentes como,extremo_funcional,1
informacion y estandares,expresion_funcional,1
informacion y estandares disciplinarios,expresion_funcional,1
informacion y gestionar,expresion_funcional,1
informacion y gestionar areas,expresion_funcional,1
informacion y la,extremo_funcional,2
informacion y la comunicacion,expresion_funcional,1
informacion y la generacion,expresion_funcional,1
informacion y las,extremo_funcional,1
informacion y las comunicaciones,expresion_funcional,1
informacion y los,extremo_funcional,1
informacion y los datos,expresion_funcional,1
informacion y procesos,expresion_funcional,1
informacion y procesos de,extremo_funcional,1
informacion y sistemas,expresion_funcional,1
informacion y sistemas informaticos,expresion_funcional,1
informacion y tecnologias,expresion_funcional,1
informacion y tecnologias de,extremo_funcional,1
informacion y telecomunicaciones,expresion_funcional,1
informatica,denominacion_grado,54
informatica a,extremo_funcional,1
informatica a problematicas,expresion_funcional,1
informatica a problematicas y,extremo_funcional,1
informatica adecuada,denominacion_grado,1
informatica adecuada y,extremo_funcional,1
informatica adecuada y optima,expresion_funcional,1
informatica buscan,denominacion_grado,1
informatica buscan formar,denominacion_grado,1
informatica campus,denominacion_grado,1
informatica campus osorno,denominacion_grado,1
informatica contempla,denominacion_grado,1
informatica contempla las,extremo_funcional,1
informatica contempla las areas,denominacion_grado,1
informatica de,extremo_funcional,25
informatica de duoc,denominacion_grado,1
informatica de duoc uc,fragmento_corto_no_reconocido,1
informatica de iplacex,denominacion_grado,1
informatica de iplacex es,extremo_funcional,1
informatica de la,extremo_funcional,23
informatica de la pontificia,denominacion_grado,1
informatica de la u,fragmento_corto_no_reconocido,1
informatica de la ucn,denominacion_grado,2
informatica de la universidad,denominacion_grado,19
informatica de la usm,denominacion_grado,1
informatica de la uss,denominacion_grado,1
informatica de udla,denominacion_grado,1
informatica de udla es,extremo_funcional,1
informatica de udla podra,denominacion_grado,1
informatica del,extremo_funcional,4
informatica del instituto,denominacion_grado,4
informatica del instituto profesional,denominacion_grado,4
informatica e,extremo_funcional,3
informatica e innovacion,expresion_funcional,2
informatica e innovacion en,extremo_funcional,2
informatica e innovacion tecnologica,expresion_funcional,1
informatica e inteligencia,expresion_funcional,2
informatica e inteligencia artificial,expresion_funcional,2
informatica egresado,extremo_generico_declarado,3
informatica el,extremo_funcional,2
informatica el egresado,extremo_generico_declarado,1
informatica empresarial,denominacion_grado,1
informatica empresarial es,extremo_funcional,1
informatica empresarial es un,extremo_funcional,1
informatica en,extremo_funcional,2
informatica en organismos,denominacion_grado,1
informatica en organismos publicos,denominacion_grado,1
informatica en pregrado,denominacion_grado,1
informatica en pregrado en,extremo_funcional,1
informatica es,extremo_funcional,3
informatica es un,extremo_funcional,2
informatica es una,extremo_funcional,1
informatica es una carrera,identidad_institucional_declarada,1
informatica esta,extremo_funcional,1
informatica esta preparado,expresion_funcional,1
informatica este,extremo_funcional,1
informatica este documento,expresion_funcional,1
informatica este documento presenta,expresion_funcional,1
informatica hasta,extremo_funcional,1
informatica hasta la,extremo_funcional,1
informatica hasta la jefatura,expresion_funcional,1
informatica las,extremo_funcional,1
informatica mencion,denominacion_grado,1
informatica mencion en,extremo_funcional,1
informatica mencion en desarrollo,denominacion_grado,1
informatica para,extremo_funcional,3
informatica para empresas,denominacion_grado,1
informatica para empresas industriales,denominacion_grado,1
informatica para su,extremo_funcional,1
informatica para su adopcion,expresion_funcional,1
informatica para tecnicos,denominacion_grado,1
informatica para tecnicos de,extremo_funcional,1
informatica puede,denominacion_grado,1
informatica puede encontrar,denominacion_grado,1
informatica puede encontrar oportunidades,denominacion_grado,1
informatica resultados,denominacion_grado,1
informatica resultados de,extremo_funcional,1
informatica resultados de aprendizaje,denominacion_grado,1
informatica se,extremo_funcional,3
informatica se destaca,expresion_funcional,1
informatica se destaca en,extremo_funcional,1
informatica se enfocan,expresion_funcional,1
informatica se enfocan en,extremo_funcional,1
informatica se puede,expresion_funcional,1
informatica se puede desempenar,expresion_funcional,1
informatica sera,extremo_generico_declarado,1
informatica sera capaz,extremo_generico_declarado,1
informatica sera capaz de,extremo_funcional,1
informatica te,extremo_funcional,1
informatica te permitira,expresion_funcional,1
informatica te permitira resolver,expresion_funcional,1
informatica tiene,extremo_funcional,1
informatica tiene como,extremo_funcional,1
informatica tiene como proposito,expresion_funcional,1
informatica universidad,denominacion_grado,1
informatica universidad de,extremo_funcional,1
informatica universidad de las,extremo_funcional,1
informatica y,extremo_funcional,7
informatica y ciberseguridad,expresion_funcional,2
informatica y ciberseguridad forma,expresion_funcional,1
informatica y ciberseguridad o,extremo_funcional,1
informatica y computacion,expresion_funcional,1
informatica y de,extremo_funcional,1
informatica y de la,extremo_funcional,1
informatica y gestion,expresion_funcional,1
informatica y gestion de,extremo_funcional,1
informatica y sistemas,expresion_funcional,1
informatica y sistemas inteligentes,expresion_funcional,1
informatica y sus,extremo_funcional,1
informatica y sus tres,expresion_funcional,1
informatica y telecomunicaciones,expresion_funcional,2
informatica y telecomunicaciones de,extremo_funcional,1
informatica y telecomunicaciones es,extremo_funcional,1
informaticas,stopword_o_unigrama_corto,15
informaticas aplicadas,denominacion_grado,1
informaticas aplicadas a,extremo_funcional,1
informaticas aplicadas a ambitos,extremo_vago_declarado,1
informaticas avanzadas,denominacion_grado,1
informaticas de,extremo_funcional,2
informaticas de dichas,extremo_funcional,1
informaticas de dichas organizaciones,expresion_funcional,1
informaticas de vanguardia,denominacion_grado,1
informaticas efectivas,denominacion_grado,1
informaticas efectivas y,extremo_funcional,1
informaticas efectivas y eficientes,expresion_funcional,1
informaticas eficientes,denominacion_grado,1
informaticas eficientes e,extremo_funcional,1
informaticas eficientes e innovadoras,expresion_funcional,1
informaticas en,extremo_funcional,1
informaticas en diversos,extremo_vago_declarado,1
informaticas en diversos tipos,denominacion_grado,1
informaticas integrales,denominacion_grado,1
informaticas para,extremo_funcional,2
informaticas para apoyar,denominacion_grado,1
informaticas para apoyar objetivos,denominacion_grado,1
informaticas para responder,denominacion_grado,1
informaticas para responder a,extremo_funcional,1
informaticas que,extremo_funcional,2
informaticas que las,extremo_funcional,1
informaticas que las satisfagan,expresion_funcional,1
informaticas que respondan,expresion_funcional,1
informaticas que respondan a,extremo_funcional,1
informatico,stopword_o_unigrama_corto,10
informatico contara,denominacion_grado,1
informatico contara con,extremo_funcional,1
informatico contara con un,extremo_funcional,1
informatico de,extremo_funcional,5
informatico de la,extremo_funcional,5
informatico de la universidad,denominacion_grado,5
informaticos,stopword_o_unigrama_corto,32
informaticos a,extremo_funcional,1
informaticos a traves,expresion_funcional,1
informaticos a traves de,extremo_funcional,1
informaticos complejos,denominacion_grado,1
informaticos con,extremo_funcional,2
informaticos con el,extremo_funcional,1
informaticos con el fin,denominacion_grado,1
informaticos con enfasis,denominacion_grado,1
informaticos con enfasis en,extremo_funcional,1
informaticos de,extremo_funcional,2
informaticos de mediana,denominacion_grado,1
informaticos de mediana envergadura,denominacion_grado,1
informaticos de una,extremo_funcional,1
informaticos de una organizacion,expresion_funcional,1
informaticos definidos,denominacion_grado,1
informaticos definidos en,extremo_funcional,1
informaticos definidos en la,extremo_funcional,1
informaticos disponibles,denominacion_grado,1
informaticos disponibles en,extremo_funcional,1
informaticos disponibles en la,extremo_funcional,1
informaticos en,extremo_funcional,3
informaticos en contextos,denominacion_grado,1
informaticos en contextos profesionales,denominacion_grado,1
informaticos en diferentes,denominacion_grado,1
informaticos en diferentes ambientes,denominacion_grado,1
informaticos en las,extremo_funcional,1
informaticos en las areas,denominacion_grado,1
informaticos interdisciplinarios,denominacion_grado,1
informaticos por,extremo_funcional,1
informaticos por medio,expresion_funcional,1
informaticos por medio de,extremo_funcional,1
informaticos y,extremo_funcional,7
informaticos y arquitecturas,expresion_funcional,1
informaticos y arquitecturas de,extremo_funcional,1
informaticos y de,extremo_funcional,2
informaticos y de sistemas,expresion_funcional,1
informaticos y de telecomunicaciones,expresion_funcional,1
informaticos y equipos,expresion_funcional,1
informaticos y equipos de,extremo_funcional,1
informaticos y la,extremo_funcional,2
informaticos y la generacion,expresion_funcional,2
informaticos y tecnologias,expresion_funcional,1
informaticos y tecnologias de,extremo_funcional,1
infraestructura de,extremo_funcional,3
infraestructura de la,extremo_funcional,1
infraestructura de servicios informaticos,denominacion_grado,1
infraestructura de tecnologias de,extremo_funcional,1
infraestructura tecnologica operativa de,extremo_funcional,1
infraestructura y,extremo_funcional,1
infraestructura y servicios,expresion_funcional,1
infraestructura y servicios tecnologicos,expresion_funcional,1
ingeniera,stopword_o_unigrama_corto,6
ingeniera civil,denominacion_grado,4
ingeniera civil en,extremo_funcional,3
ingeniera civil en computacion,denominacion_grado,1
ingeniera civil en informatica,denominacion_grado,2
ingeniera civil informatico,denominacion_grado,1
ingeniera civil informatico de,extremo_funcional,1
ingeniera division,denominacion_grado,1
ingeniera division de,extremo_funcional,1
ingeniera division de vinculacion,denominacion_grado,1
ingeniera o,extremo_funcional,1
ingeniera o ingeniero,expresion_funcional,1
ingeniera o ingeniero en,extremo_funcional,1
ingenieras,stopword_o_unigrama_corto,3
ingenieras con,extremo_funcional,2
ingenieras con multiples,denominacion_grado,1
ingenieras con multiples habilidades,denominacion_grado,1
ingenieras con una,extremo_funcional,1
ingenieras con una solida,expresion_funcional,1
ingenieras e,extremo_funcional,1
ingenieras e ingenieros,expresion_funcional,1
ingenieras e ingenieros lideres,expresion_funcional,1
ingenieras e ingenieros se,extremo_funcional,1
ingenieria,stopword_o_unigrama_corto,54
ingenieria a,extremo_funcional,1
ingenieria a diversos,extremo_vago_declarado,1
ingenieria a diversos problemas,expresion_funcional,1
ingenieria aplicada,denominacion_grado,4
ingenieria aplicada e,extremo_funcional,1
ingenieria aplicada e informatica,expresion_funcional,1
ingenieria aplicada para,extremo_funcional,1
ingenieria aplicada para resolver,denominacion_grado,1
ingenieria aplicada y,extremo_funcional,1
ingenieria aplicada y formacion,expresion_funcional,1
ingenieria aplicando,denominacion_grado,1
ingenieria aplicando conocimientos,extremo_vago_declarado,1
ingenieria aplicando conocimientos cientificos,denominacion_grado,1
ingenieria civil,denominacion_grado,16
ingenieria civil en,extremo_funcional,8
ingenieria civil en computacion,denominacion_grado,5
ingenieria civil en informatica,denominacion_grado,3
ingenieria civil industrial,denominacion_grado,1
ingenieria civil industrial centra,denominacion_grado,1
ingenieria civil informatica,denominacion_grado,7
ingenieria civil informatica de,extremo_funcional,4
ingenieria civil informatica las,extremo_funcional,1
ingenieria civil informatica y,extremo_funcional,1
ingenieria civil o,extremo_funcional,1
ingenieria civil o plan,expresion_funcional,1
ingenieria civil plan,denominacion_grado,1
ingenieria civil plan comun,denominacion_grado,1
ingenieria civil ufro,denominacion_grado,1
ingenieria computacional,denominacion_grado,1
ingenieria con,extremo_funcional,1
ingenieria con innovacion,denominacion_grado,1
ingenieria con innovacion y,extremo_funcional,1
ingenieria de,extremo_funcional,17
ingenieria de datos,denominacion_grado,4
ingenieria de datos ingenieria,denominacion_grado,1
ingenieria de requisitos,denominacion_grado,1
ingenieria de sistemas,denominacion_grado,1
ingenieria de software,denominacion_grado,15
ingenieria de software bajo,denominacion_grado,1
ingenieria de software e,extremo_funcional,2
ingenieria de software encargandose,denominacion_grado,1
ingenieria de software infraestructura,denominacion_grado,1
ingenieria de software y,extremo_funcional,4
ingenieria e,extremo_funcional,3
ingenieria e ingenieria,expresion_funcional,2
ingenieria e ingenieria aplicada,expresion_funcional,1
ingenieria e ingenieria informatica,expresion_funcional,1
ingenieria e integrar,expresion_funcional,1
ingenieria e integrar equipos,expresion_funcional,1
ingenieria ejecucion,denominacion_grado,1
ingenieria ejecucion en,extremo_funcional,1
ingenieria ejecucion en computacion,denominacion_grado,1
ingenieria electrica,denominacion_grado,1
ingenieria electrica y,extremo_funcional,1
ingenieria electrica y destaca,expresion_funcional,1
ingenieria en,extremo_funcional,16
ingenieria en al,extremo_funcional,1
ingenieria en al area,expresion_funcional,1
ingenieria en computacion,denominacion_grado,2
ingenieria en computacion e,extremo_funcional,2
ingenieria en el,extremo_funcional,2
ingenieria en el ambito,extremo_vago_declarado,1
ingenieria en el area,denominacion_grado,1
ingenieria en informatica,denominacion_grado,11
ingenieria en informatica de,extremo_funcional,5
ingenieria en informatica del,extremo_funcional,1
ingenieria en informatica esta,extremo_funcional,1
ingenieria en informatica este,extremo_funcional,1
ingenieria en informatica mencion,denominacion_grado,1
ingenieria en informatica para,extremo_funcional,1
ingenieria en informatica resultados,denominacion_grado,1
ingenieria en informatica sera,extremo_generico_declarado,1
ingenieria en informatica universidad,denominacion_grado,1
ingenieria en informatica y,extremo_funcional,2
ingenieria en la,extremo_funcional,1
ingenieria en la universidad,denominacion_grado,1
ingenieria en software,denominacion_grado,1
ingenieria en software y,extremo_funcional,1
ingenieria en su,extremo_funcional,1
ingenieria en su especialidad,expresion_funcional,1
ingenieria en tecnologias,denominacion_grado,1
ingenieria en tecnologias de,extremo_funcional,1
ingenieria en un,extremo_funcional,1
ingenieria en un contexto,expresion_funcional,1
ingenieria incorporando,denominacion_grado,1
ingenieria industrial,denominacion_grado,1
ingenieria informatica,denominacion_grado,7
ingenieria informatica te,extremo_funcional,1
ingenieria informatica te permitira,expresion_funcional,1
ingenieria ingenieria,denominacion_grado,1
ingenieria ingenieria civil,denominacion_grado,1
ingenieria ingenieria civil informatica,denominacion_grado,1
ingenieria para,extremo_funcional,3
ingenieria para crear,denominacion_grado,1
ingenieria para crear soluciones,denominacion_grado,1
ingenieria para la,extremo_funcional,1
ingenieria para la contribucion,denominacion_grado,1
ingenieria para su,extremo_funcional,1
ingenieria para su aplicacion,expresion_funcional,1
ingenieria ucn,denominacion_grado,1
ingenieria ucn coquimbo,denominacion_grado,1
ingenieria ucn coquimbo jefe,denominacion_grado,1
ingenieria y,extremo_funcional,11
ingenieria y ciencias,expresion_funcional,2
ingenieria y ciencias geologicas,expresion_funcional,2
ingenieria y computacion,expresion_funcional,1
ingenieria y de,extremo_funcional,6
ingenieria y de la,extremo_funcional,6
ingenieria y tecnologia,expresion_funcional,1
ingenieria y tecnologias,expresion_funcional,1
ingenieria y tecnologias de,extremo_funcional,1
ingenierias,stopword_o_unigrama_corto,2
ingenieril posee,extremo_generico_declarado,1
ingenieril posee una,extremo_funcional,1
ingenieril posee una significativa,expresion_funcional,1
ingenieril y,extremo_funcional,1
ingenieril y aplicando,expresion_funcional,1
ingenieril y aplicando criterios,expresion_funcional,1
ingeniero,stopword_o_unigrama_corto,40
ingeniero civil,denominacion_grado,6
ingeniero civil electronico,denominacion_grado,1
ingeniero civil en,extremo_funcional,3
ingeniero civil en computacion,denominacion_grado,1
ingeniero civil en informatica,denominacion_grado,2
ingeniero civil informatico,denominacion_grado,2
ingeniero civil informatico de,extremo_funcional,1
ingeniero civil telematico,denominacion_grado,1
ingeniero civil telematico e,extremo_funcional,1
ingeniero de,extremo_funcional,2
ingeniero de sistemas,denominacion_grado,1
ingeniero de sistemas por,extremo_funcional,1
ingeniero de software,denominacion_grado,1
ingeniero de software y,extremo_funcional,1
ingeniero en,extremo_funcional,5
ingeniero en computacion,denominacion_grado,1
ingeniero en computacion e,extremo_funcional,1
ingeniero en informatica,denominacion_grado,4
ingeniero en informatica del,extremo_funcional,3
ingeniero en informatica puede,denominacion_grado,1
ingeniero en telecomunicaciones,denominacion_grado,1
ingeniero informatico,denominacion_grado,3
ingeniero informatico contara,denominacion_grado,1
ingeniero informatico contara con,extremo_funcional,1
ingeniero informatico de,extremo_funcional,2
ingeniero informatico de la,extremo_funcional,2
ingeniero o,extremo_funcional,3
ingeniero o ingeniera,expresion_funcional,2
ingeniero o ingeniera civil,expresion_funcional,2
ingeniero o la,extremo_funcional,1
ingeniero o la ingeniera,expresion_funcional,1
ingeniero y,extremo_funcional,1
ingeniero y la,extremo_funcional,1
ingeniero y la ingeniera,expresion_funcional,1
ingenieros,stopword_o_unigrama_corto,6
ingenieros de,extremo_funcional,2
ingenieros de excelencia,denominacion_grado,1
ingenieros de redes,denominacion_grado,1
ingenieros e,extremo_funcional,2
ingenieros e ingenieras,expresion_funcional,2
ingenieros e ingenieras con,extremo_funcional,2
ingenieros en,extremo_funcional,1
ingenieros en competencias,denominacion_grado,1
ingenieros en competencias que,extremo_funcional,1
ingenieros lideres,denominacion_grado,1
ingenieros lideres del,extremo_funcional,1
ingenieros lideres del cambio,denominacion_grado,1
ingenieros se,extremo_funcional,1
ingenieros se destacan,expresion_funcional,1
ingenieros se destacan por,extremo_funcional,1
ingles a,extremo_funcional,1
ingles a nivel,expresion_funcional,1
ingles a nivel intermedio,expresion_funcional,1
ingles conceptos e,extremo_funcional,1
ingles conceptos e ideas,expresion_funcional,1
ingles en,extremo_funcional,1
ingles para,extremo_funcional,1
ingles para apoyar el,extremo_funcional,1
ingles y,extremo_funcional,1
ingles y un,extremo_funcional,1
ingles y un componente,expresion_funcional,1
ingresen a,extremo_funcional,1
ingresen a estudiar,expresion_funcional,1
ingresen a estudiar a,extremo_funcional,1
ingreso a,extremo_funcional,1
ingreso a traves,expresion_funcional,1
ingreso a traves de,extremo_funcional,1
inherentes a,extremo_funcional,1
inherentes a su,extremo_funcional,1
inherentes a su profesion,expresion_funcional,1
iniciativas a,extremo_funcional,1
iniciativas a traves,expresion_funcional,1
iniciativas a traves de,extremo_funcional,1
iniciativas de,extremo_funcional,1
iniciativas de negocio y,extremo_funcional,1
iniciativas en,extremo_funcional,1
iniciativas en la,extremo_funcional,1
iniciativas transformadoras e,extremo_funcional,1
iniciativas transformadoras e innovadoras,expresion_funcional,1
innovacion a,extremo_funcional,1
innovacion a traves,expresion_funcional,1
innovacion a traves de,extremo_funcional,1
innovacion en,extremo_funcional,4
innovacion en los,extremo_funcional,1
innovacion en todas,extremo_funcional,2
innovacion en todas las,extremo_funcional,2
innovacion tecnologica de,extremo_funcional,1
innovacion tecnologica de la,extremo_funcional,1
innovacion tecnologica en,extremo_funcional,1
innovacion tecnologica en la,extremo_funcional,1
innovacion tecnologica y,extremo_funcional,1
innovacion tecnologica y atendiendo,expresion_funcional,1
innovacion tecnopedagogica y,extremo_funcional,1
innovacion tecnopedagogica y analitica,expresion_funcional,1
innovacion y,extremo_funcional,11
innovacion y comunicacion,expresion_funcional,1
innovacion y comunicacion efectiva,expresion_funcional,1
innovacion y control,expresion_funcional,1
innovacion y control de,extremo_funcional,1
innovacion y el,extremo_funcional,2
innovacion y el ejercicio,expresion_funcional,1
innovacion y el emprendimiento,expresion_funcional,1
innovacion y emprendimiento,expresion_funcional,2
innovacion y formacion,expresion_funcional,1
innovacion y formacion de,extremo_funcional,1
innovacion y la,extremo_funcional,1
innovacion y la mejora,expresion_funcional,1
innovacion y mejora,expresion_funcional,1
innovacion y mejora de,extremo_funcional,1
innovacion y responsabilidad,expresion_funcional,1
innovacion y responsabilidad social,expresion_funcional,1
innovacion y trabaja,expresion_funcional,1
innovacion y trabaja colaborativamente,expresion_funcional,1
innovacion y uso,expresion_funcional,1
innovacion y uso de,extremo_funcional,1
innovador del,extremo_funcional,1
innovadora al,extremo_funcional,1
innovadora al desempenarse,expresion_funcional,1
innovadora al desempenarse en,extremo_funcional,1
innovadoramente el,extremo_funcional,1
innovadoramente el conocimiento,extremo_vago_declarado,1
innovadoramente el conocimiento a,extremo_funcional,1
innovadoramente en,extremo_funcional,1
innovadoramente en su,extremo_funcional,1
innovadoramente en su formacion,expresion_funcional,1
innovadoras a,extremo_funcional,2
innovadoras a diversas,extremo_vago_declarado,1
innovadoras a diversas problematicas,expresion_funcional,1
innovadoras a necesidades,expresion_funcional,1
innovadoras a necesidades emergentes,expresion_funcional,1
innovadoras basadas en,extremo_funcional,1
innovadoras en,extremo_funcional,1
innovadoras que,extremo_funcional,2
innovadoras que requieren,expresion_funcional,1
innovadoras que requieren analisis,expresion_funcional,1
innovadoras que respondan,expresion_funcional,1
innovadoras que respondan a,extremo_funcional,1
innovadoras y,extremo_funcional,2
innovadoras y de,extremo_funcional,1
innovadoras y de calidad,expresion_funcional,1
innovadoras y emprendedoras,expresion_funcional,1
innovadores para,extremo_funcional,1
innovadores para plataformas y,extremo_funcional,1
innovar en,extremo_funcional,2
innovar en el,extremo_funcional,1
innovar mediante la,extremo_funcional,1
innovar y,extremo_funcional,1
innovar y emprender,expresion_funcional,1
insercion en,extremo_funcional,1
insercion y,extremo_funcional,1
insercion y participacion,expresion_funcional,1
insercion y participacion en,extremo_funcional,1
inspirada en,extremo_funcional,1
instalaciones especializadas para,extremo_funcional,1
instancias de,extremo_funcional,1
instancias universitarias de,extremo_funcional,1
institucion,segmento_de_identidad_institucional,3
institucional,segmento_con_indicios_de_menu,1
institucional acreditacion,segmento_con_indicios_de_menu,1
institucional acreditacion institucional,segmento_con_indicios_de_menu,1
institucional acreditacion institucional acreditacion,segmento_con_indicios_de_menu,1
institucional acreditacion y,segmento_con_indicios_de_menu,1
institucional acreditacion y certificacion,segmento_con_indicios_de_menu,1
institucionales,identidad_institucional_declarada,4
institucionales facultad,identidad_institucional_declarada,2
institucionales facultad de,identidad_institucional_declarada,2
institucionales facultad de ingenieria,identidad_institucional_declarada,2
institucionales tales,identidad_institucional_declarada,1
institucionales tales como,identidad_institucional_declarada,1
institucionales tales como un,identidad_institucional_declarada,1
instituciones de,extremo_funcional,2
instituciones de educacion superior,extremo_generico_declarado,2
instituciones publicas o,extremo_funcional,2
instituciones publicas o privadas,expresion_funcional,2
instituciones publicas y,extremo_funcional,3
instituciones publicas y privadas,expresion_funcional,3
instituto,stopword_o_unigrama_corto,6
instituto profesional,contexto_institucional_geografico,4
instituto profesional de,extremo_funcional,1
instituto profesional de chile,contexto_institucional_geografico,1
instituto profesional iacc,contexto_institucional_geografico,1
instituto profesional iacc sera,extremo_generico_declarado,1
instituto profesional inacap,contexto_institucional_geografico,1
instituto profesional inacap al,extremo_funcional,1
instituto profesional inacap desarrolla,contexto_institucional_geografico,1
instituto profesional virginio,contexto_institucional_geografico,1
instituto profesional virginio gomez,contexto_institucional_geografico,1
instituto tecnologico,contexto_institucional_geografico,2
instituto tecnologico de,extremo_funcional,2
instituto tecnologico de la,extremo_funcional,2
institutos,stopword_o_unigrama_corto,1
institutos profesionales,contexto_institucional_geografico,1
institutos profesionales como,extremo_funcional,1
institutos profesionales como universidad,expresion_funcional,1
integra conocimientos,extremo_vago_declarado,2
integra conocimientos de,extremo_funcional,2
integra en,extremo_funcional,1
integra en su,extremo_funcional,1
integra en su que,extremo_funcional,1
integra habilidades de,extremo_funcional,1
integracion de,extremo_funcional,4
integracion de componentes y,extremo_funcional,1
integracion de estos,extremo_funcional,1
integracion de estos conocimientos,extremo_vago_declarado,1
integracion de servicios para,extremo_funcional,1
integracion de sistemas de,extremo_funcional,1
integracion de software y,extremo_funcional,1
integracion de tecnologias informaticas,denominacion_grado,1
integracion del,extremo_funcional,1
integracion del conocimiento,extremo_vago_declarado,1
integracion del conocimiento de,extremo_funcional,1
integracion reciproca entre,extremo_funcional,1
integracion reciproca entre la,extremo_funcional,1
integracion y,extremo_funcional,2
integracion y evaluacion,expresion_funcional,1
integracion y evaluacion de,extremo_funcional,1
integracion y productos,expresion_funcional,1
integrada y,extremo_funcional,1
integrada y contextualizada,expresion_funcional,1
integrada y contextualizada los,extremo_funcional,1
integrado iniciativas en,extremo_funcional,1
integrado iniciativas en la,extremo_funcional,1
integrador de,extremo_funcional,2
integrador de tecnologias de,extremo_funcional,2
integrados que,extremo_funcional,1
integrados que producen,expresion_funcional,1
integrados que producen o,extremo_funcional,1
integral basada en,extremo_funcional,1
integral basada en un,extremo_funcional,1
integral de,extremo_funcional,2
integral de los,extremo_funcional,1
integral de productos y,extremo_funcional,1
integral del,extremo_funcional,1
integral del proceso de,extremo_funcional,1
integral e,extremo_funcional,2
integral e innovador,expresion_funcional,2
integral en,extremo_funcional,1
integral le,extremo_funcional,2
integral le permite,expresion_funcional,1
integral le permite abordar,expresion_funcional,1
integral le proporciona,expresion_funcional,1
integral le proporciona la,extremo_funcional,1
integral se,extremo_funcional,1
integral se relaciona,expresion_funcional,1
integral se relaciona con,extremo_funcional,1
integral y,extremo_funcional,1
integral y sistemico,expresion_funcional,1
integral y sistemico en,extremo_funcional,1
integrales basadas en,extremo_funcional,1
integran soluciones computacionales que,extremo_funcional,1
integrando eficientemente a,extremo_funcional,1
integrando eficientemente a las,extremo_funcional,1
integrando la,extremo_funcional,1
integrandolas de,extremo_funcional,1
integrar equipos de,extremo_funcional,1
integrar equipos multidisciplinarios y,extremo_funcional,1
integrar grupos de,extremo_funcional,1
integrar las,extremo_funcional,1
integrar o,extremo_funcional,1
integrar o liderar,expresion_funcional,1
integrar o liderar equipos,expresion_funcional,1
integrar plataformas tecnologicas y,extremo_funcional,1
integrar soluciones de,extremo_funcional,1
integrar y,extremo_funcional,1
integrar y liderar,expresion_funcional,1
integrar y liderar equipos,expresion_funcional,1
integrarte al,extremo_funcional,1
integrarte al mercado,expresion_funcional,1
integrarte al mercado laboral,expresion_funcional,1
integridad y,extremo_funcional,2
integridad y disponibilidad,expresion_funcional,1
integridad y disponibilidad de,extremo_funcional,1
integridad y seguridad,expresion_funcional,1
integridad y seguridad de,extremo_funcional,1
integro desempeno de,extremo_funcional,1
integro desempeno de las,extremo_funcional,1
intelectual con,extremo_funcional,1
intelectual con respeto a,extremo_funcional,1
inteligencia artificial a,extremo_funcional,1
inteligencia artificial a traves,expresion_funcional,1
inteligencia artificial al,extremo_funcional,1
inteligencia artificial al termino,expresion_funcional,1
inteligencia artificial aplicada y,extremo_funcional,1
inteligencia artificial y,extremo_funcional,4
inteligencia artificial y ciberseguridad,expresion_funcional,1
inteligencia artificial y gestion,expresion_funcional,1
inteligencia artificial y metodologias,expresion_funcional,1
inteligencia artificial y tecnologias,expresion_funcional,1
inteligencia de,extremo_funcional,4
inteligentes de,extremo_funcional,1
inteligentes de la,extremo_funcional,1
inteligentes de la universidad,contexto_institucional_geografico,1
inteligentes y,extremo_funcional,1
inteligentes y optimizacion,expresion_funcional,1
inteligentes y optimizacion de,extremo_funcional,1
interaccion con,extremo_funcional,1
interaccion con la,extremo_funcional,1
interactua con,extremo_funcional,1
interactuando en,extremo_funcional,1
interactuar con,extremo_funcional,1
interactuar con las,extremo_funcional,1
interconectividad entre,extremo_funcional,1
interconectividad entre sistemas,expresion_funcional,1
interconectividad entre sistemas informaticos,expresion_funcional,1
interdisciplinaria y,extremo_funcional,1
interdisciplinaria y agil,expresion_funcional,1
interdisciplinarios de,extremo_funcional,1
interdisciplinarios para,extremo_funcional,1
interdisciplinarios para desarrollar y,extremo_funcional,1
interdisciplinarios y,extremo_funcional,1
interdisciplinarios y adaptarse,expresion_funcional,1
interdisciplinarios y adaptarse a,extremo_funcional,1
interes publico cuyo,extremo_funcional,1
interes publico cuyo enfoque,expresion_funcional,1
intereses generales de,extremo_funcional,1
intereses generales de la,extremo_funcional,1
intereses y,extremo_funcional,1
intereses y los,extremo_funcional,1
intereses y los desafios,expresion_funcional,1
internacional incluidas dentro del,extremo_funcional,1
internacionales de,extremo_funcional,1
internacionales en,extremo_funcional,2
internacionales en bases de,extremo_funcional,1
internacionales en el,extremo_funcional,1
internet de,extremo_funcional,1
internet de las,extremo_funcional,1
interno y,extremo_funcional,1
interno y los,extremo_funcional,1
interno y los clientes,expresion_funcional,1
interpretar grandes volumenes de,extremo_funcional,1
invencion e,extremo_funcional,1
invencion e innovacion,expresion_funcional,1
investigacion aplicada orientados al,extremo_funcional,1
investigacion asociada a,extremo_funcional,1
investigacion asociada a la,extremo_funcional,1
investigacion basica y,extremo_funcional,1
investigacion basica y aplicada,expresion_funcional,1
investigacion en,extremo_funcional,1
investigacion en el,extremo_funcional,1
investigacion en el ambito,extremo_vago_declarado,1
investigacion sobre,extremo_funcional,1
investigacion sobre los,extremo_funcional,1
investigacion sobre los avances,expresion_funcional,1
investigador postdoctoral con,extremo_funcional,1
investigar sobre,extremo_funcional,1
investigar sobre multiples,expresion_funcional,1
investigar sobre multiples temas,expresion_funcional,1
involucrados en,extremo_funcional,1
involucrados en ellos,extremo_funcional,1
involucrados en ellos y,extremo_funcional,1
involucran productos de,extremo_funcional,1
involucren la,extremo_funcional,1
involucren la integracion de,extremo_funcional,1
involucren procesos de,extremo_funcional,1
iplacex es,extremo_funcional,1
iplacex es un,extremo_funcional,1
iplacex es un profesional,expresion_funcional,1
jefa de,extremo_funcional,1
jefa de carrera,identidad_institucional_declarada,1
jefa de carrera de,identidad_institucional_declarada,1
jefatura de,extremo_funcional,1
jefatura de dicho,extremo_funcional,1
jefatura de dicho departamento,expresion_funcional,1
jefaturas de,extremo_funcional,1
jefaturas de departamentos o,extremo_funcional,1
jefe de,extremo_funcional,5
jefe de carrera,identidad_institucional_declarada,2
jefe de carrera antofagasta,identidad_institucional_declarada,1
jefe de carrera coquimbo,identidad_institucional_declarada,1
jefe de departamento de,extremo_funcional,1
jefe de proyectos de,extremo_funcional,1
jefe de unidades de,extremo_funcional,1
junto,stopword_o_unigrama_corto,6
junto a,extremo_funcional,4
junto a docentes,expresion_funcional,1
junto a docentes de,extremo_funcional,1
junto a las,extremo_funcional,1
junto a las competencias,expresion_funcional,1
junto a sus,extremo_funcional,2
junto a sus modelos,expresion_funcional,2
junto a sus servicios,expresion_funcional,2
junto con,extremo_funcional,2
junto con el,extremo_funcional,1
junto con habilidades de,extremo_funcional,1
justa y,extremo_funcional,1
justa y equitativa,expresion_funcional,1
km,fragmento_corto_no_reconocido,1
la,segmento_con_indicios_de_menu,1
la,segmento_de_identidad_institucional,4
la,stopword_o_unigrama_corto,63
la actividad,extremo_funcional,1
la actividad fisica,extremo_funcional,1
la actualizacion,extremo_funcional,1
la actualizacion continua,extremo_funcional,1
la actualizacion continua de,extremo_funcional,1
la adquisicion,extremo_funcional,2
la adquisicion y,extremo_funcional,2
la adquisicion y aplicacion,extremo_funcional,2
la analitica,extremo_funcional,1
la analitica predictiva,extremo_funcional,1
la antropologia,extremo_funcional,1
la antropologia cristiana,extremo_funcional,1
la antropologia cristiana como,extremo_funcional,1
la aplicacion,extremo_funcional,5
la aplicacion de,extremo_funcional,4
la aplicacion de buenas,extremo_funcional,1
la aplicacion de ciencia,extremo_funcional,1
la aplicacion de la,extremo_funcional,1
la aplicacion de las,extremo_funcional,1
la aplicacion del,extremo_funcional,1
la aplicacion del diseno,extremo_funcional,1
la arquitectura,extremo_funcional,2
la arquitectura de,extremo_funcional,2
la arquitectura de hardware,extremo_funcional,1
la arquitectura de software,extremo_funcional,1
la autogestion,extremo_funcional,1
la autogestion a,extremo_funcional,1
la autogestion a traves,extremo_funcional,1
la base,extremo_funcional,2
la base de,extremo_funcional,1
la base de los,extremo_funcional,1
la base tecnologica,extremo_funcional,1
la base tecnologica para,extremo_funcional,1
la busqueda,extremo_funcional,2
la busqueda de,extremo_funcional,2
la busqueda de la,extremo_funcional,1
la busqueda de nuevos,extremo_funcional,1
la calidad,extremo_funcional,7
la calidad de,extremo_funcional,2
la calidad de la,extremo_funcional,1
la calidad de vida,extremo_funcional,1
la calidad y,extremo_funcional,3
la calidad y criterios,extremo_funcional,1
la calidad y la,extremo_funcional,2
la capacidad,extremo_funcional,13
la capacidad analitica,extremo_funcional,2
la capacidad analitica y,extremo_funcional,2
la capacidad de,extremo_funcional,9
la capacidad de autogestion,extremo_funcional,1
la capacidad de establecer,extremo_funcional,1
la capacidad de innovar,extremo_funcional,1
la capacidad de participar,extremo_funcional,1
la capacidad de profundizar,extremo_funcional,1
la capacidad de resolver,extremo_funcional,1
la capacidad de trabajar,extremo_funcional,2
la capacidad de trabajo,extremo_funcional,1
la capacidad para,extremo_funcional,2
la capacidad para modelar,extremo_funcional,1
la capacidad para tomar,extremo_funcional,1
la capacidad teorica,extremo_funcional,1
la capacidad teorica desarrollada,extremo_funcional,1
la carrera,identidad_institucional_declarada,21
la carrera combina,identidad_institucional_declarada,1
la carrera combina la,identidad_institucional_declarada,1
la carrera de,identidad_institucional_declarada,13
la carrera de informatica,identidad_institucional_declarada,1
la carrera de ingenieria,identidad_institucional_declarada,12
la carrera disenar,identidad_institucional_declarada,1
la carrera disenar y,identidad_institucional_declarada,1
la carrera dura,identidad_institucional_declarada,1
la carrera el,identidad_institucional_declarada,2
la carrera el sello,identidad_institucional_declarada,1
la carrera la,identidad_institucional_declarada,2
la carrera la carrera,identidad_institucional_declarada,1
la carrera la sociedad,identidad_institucional_declarada,1
la carrera o,identidad_institucional_declarada,1
la carrera o programa,identidad_institucional_declarada,1
la carrera se,identidad_institucional_declarada,2
la carrera se imparte,identidad_institucional_declarada,2
la carrera son,identidad_institucional_declarada,2
la ciberseguridad,extremo_funcional,2
la ciberseguridad trabaja,extremo_funcional,1
la ciencia,extremo_funcional,5
la ciencia de,extremo_funcional,3
la ciencia de la,extremo_funcional,2
la ciencia de los,extremo_funcional,1
la ciencia para,extremo_funcional,1
la ciencia para la,extremo_funcional,1
la ciencia y,extremo_funcional,1
la ciencia y tecnologias,extremo_funcional,1
la colaboracion,extremo_funcional,2
la colaboracion y,extremo_funcional,1
la colaboracion y comunicacion,extremo_funcional,1
la comprension,extremo_funcional,1
la comprension de,extremo_funcional,1
la comprension de las,extremo_funcional,1
la computacion,extremo_funcional,10
la computacion ciencia,extremo_funcional,1
la computacion ciencia e,extremo_funcional,1
la computacion cultiva,extremo_funcional,1
la computacion desarrolla,extremo_funcional,1
la computacion desarrolla la,extremo_funcional,1
la computacion ingenieria,extremo_funcional,1
la computacion ingenieria de,extremo_funcional,1
la computacion y,extremo_funcional,2
la computacion y de,extremo_funcional,1
la computacion y tecnologias,extremo_funcional,1
la comunicacion,extremo_funcional,4
la comunicacion efectiva,extremo_funcional,2
la comunicacion y,extremo_funcional,1
la comunicacion y la,extremo_funcional,1
la comunidad,extremo_funcional,3
la confidencialidad,extremo_funcional,2
la confidencialidad de,extremo_funcional,1
la confidencialidad de la,extremo_funcional,1
la construccion,extremo_funcional,1
la construccion de,extremo_funcional,1
la construccion de una,extremo_funcional,1
la contextualizacion,extremo_funcional,1
la contextualizacion de,extremo_funcional,1
la contextualizacion de cualificaciones,extremo_funcional,1
la continuidad,extremo_funcional,1
la continuidad operacional,extremo_funcional,1
la contribucion,extremo_funcional,2
la contribucion de,extremo_funcional,1
la contribucion de generacion,extremo_funcional,1
la contribucion y,extremo_funcional,1
la contribucion y transformacion,extremo_funcional,1
la corte,extremo_funcional,1
la corte de,extremo_funcional,1
la corte de apelaciones,extremo_funcional,1
la creacion,extremo_funcional,4
la creacion de,extremo_funcional,3
la creacion de productos,extremo_funcional,1
la creacion de propuestas,extremo_funcional,1
la creacion de soluciones,extremo_funcional,1
la creacion de valor,extremo_funcional,1
la creacion y,extremo_funcional,1
la creacion y gestion,extremo_funcional,1
la cual,extremo_funcional,1
la cual permite,extremo_funcional,1
la cual permite que,extremo_funcional,1
la cultura,extremo_funcional,2
la cultura como,extremo_funcional,1
la cultura como fuentes,extremo_funcional,1
la cultura organizativa,extremo_funcional,1
la definicion,extremo_funcional,1
la dignidad,extremo_funcional,1
la dignidad,segmento_de_identidad_institucional,2
la dignidad de,extremo_funcional,1
la dignidad de,segmento_de_identidad_institucional,2
la dignidad de la,extremo_funcional,1
la dignidad de la,segmento_de_identidad_institucional,2
la dimension,extremo_funcional,1
la dimension trascendente,extremo_funcional,1
la dimension trascendente de,extremo_funcional,1
la dinamica,extremo_funcional,1
la dinamica que,extremo_funcional,1
la dinamica que caracteriza,extremo_funcional,1
la disciplina,extremo_funcional,5
la diversidad,extremo_funcional,6
la diversidad de,extremo_funcional,1
la diversidad de quienes,extremo_funcional,1
la diversidad e,extremo_funcional,1
la diversidad e inclusion,extremo_funcional,1
la diversidad humana,extremo_funcional,1
la diversidad humana y,extremo_funcional,1
la diversidad y,extremo_funcional,2
la diversidad y es,extremo_funcional,1
la diversidad y la,extremo_funcional,1
la docencia,extremo_funcional,1
la docencia superior,extremo_funcional,1
la educacion,extremo_funcional,1
la educacion para,extremo_funcional,1
la educacion para la,extremo_funcional,1
la educacion superior,extremo_funcional,1
la efectividad,extremo_funcional,1
la efectividad de,extremo_funcional,1
la efectividad de las,extremo_funcional,1
la eficacia,extremo_funcional,1
la eficacia de,extremo_funcional,1
la eficacia de las,extremo_funcional,1
la eficiencia,extremo_funcional,6
la eficiencia operativa,extremo_funcional,2
la eficiencia operativa y,extremo_funcional,2
la eficiencia y,extremo_funcional,3
la eficiencia y la,extremo_funcional,2
la eficiencia y optimizacion,extremo_funcional,1
la egresado,extremo_funcional,4
la ejecucion,extremo_funcional,1
la ejecucion de,extremo_funcional,1
la ejecucion de proyectos,extremo_funcional,1
la empresa,extremo_funcional,3
la empresa publica,extremo_funcional,1
la empresa publica y,extremo_funcional,1
la empresa y,extremo_funcional,1
la empresa y a,extremo_funcional,1
la equidad,extremo_funcional,1
la equidad de,extremo_funcional,1
la equidad de genero,extremo_funcional,1
la escuela,extremo_funcional,2
la escuela de,extremo_funcional,2
la escuela de ciencias,extremo_funcional,1
la escuela de negocios,extremo_funcional,1
la esfera,extremo_funcional,1
la esfera publica,extremo_funcional,1
la especialidad,extremo_funcional,4
la especialidad de,extremo_funcional,1
la especialidad de la,extremo_funcional,1
la estadistica,extremo_funcional,1
la estrategia,extremo_funcional,4
la estrategia de,extremo_funcional,2
la estrategia de la,extremo_funcional,2
la estrategia empresarial,extremo_funcional,1
la estrategia global,extremo_funcional,1
la estrategia global de,extremo_funcional,1
la estructura,extremo_funcional,1
la estructura curricular,extremo_funcional,1
la estructura curricular cuenta,extremo_funcional,1
la etica,extremo_funcional,3
la etica en,extremo_funcional,1
la etica en un,extremo_funcional,1
la etica profesional,extremo_funcional,1
la etica profesional y,extremo_funcional,1
la evaluacion,extremo_funcional,1
la evaluacion y,extremo_funcional,1
la evaluacion y toma,extremo_vago_declarado,1
la evolucion,extremo_funcional,4
la evolucion constante,extremo_funcional,1
la evolucion constante de,extremo_funcional,1
la evolucion de,extremo_funcional,1
la evolucion de las,extremo_funcional,1
la evolucion permanente,extremo_funcional,1
la evolucion permanente de,extremo_funcional,1
la evolucion teorica,extremo_funcional,1
la evolucion teorica y,extremo_funcional,1
la existencia,extremo_funcional,1
la existencia humana,extremo_funcional,1
la existencia humana y,extremo_funcional,1
la experiencia,extremo_funcional,1
la experiencia que,extremo_funcional,1
la experiencia que progresivamente,extremo_funcional,1
la finalidad,extremo_funcional,2
la finalidad de,extremo_funcional,2
la finalidad de contribuir,extremo_funcional,1
la finalidad de la,extremo_funcional,1
la fiscalia,extremo_funcional,1
la fiscalia metropolitana,extremo_funcional,1
la fiscalia metropolitana sur,extremo_funcional,1
la formacion,extremo_funcional,8
la formacion a,extremo_funcional,1
la formacion a traves,extremo_funcional,1
la formacion clasica,extremo_funcional,1
la formacion clasica de,extremo_funcional,1
la formacion de,extremo_funcional,2
la formacion de profesionales,extremo_funcional,2
la formacion en,extremo_funcional,2
la formacion en emprendimiento,extremo_funcional,1
la formacion en ingenieria,extremo_funcional,1
la formacion entrega,extremo_funcional,1
la formacion entrega al,extremo_funcional,1
la formacion especifica,extremo_funcional,1
la formacion especifica de,extremo_funcional,1
la formacion profesional,extremo_funcional,1
la formacion profesional del,extremo_funcional,1
la formulacion,extremo_funcional,3
la formulacion de,extremo_funcional,2
la formulacion de proyectos,extremo_funcional,2
la frontera,extremo_funcional,2
la frontera,segmento_con_indicios_de_menu,1
la frontera es,extremo_funcional,1
la frontera es un,extremo_funcional,1
la frontera la,segmento_con_indicios_de_menu,1
la frontera la universidad,segmento_con_indicios_de_menu,1
la frontera podra,extremo_funcional,1
la frontera podra desempenarse,extremo_funcional,1
la generacion,extremo_funcional,5
la generacion de,extremo_funcional,5
la generacion de emprendimientos,extremo_funcional,3
la generacion de informacion,extremo_funcional,1
la generacion de soluciones,extremo_funcional,1
la gerencia,extremo_funcional,1
la gerencia de,extremo_funcional,1
la gerencia de ti,extremo_funcional,1
la gestion,extremo_funcional,8
la gestion administrativa,extremo_funcional,1
la gestion de,extremo_funcional,4
la gestion de equipos,extremo_funcional,1
la gestion de la,extremo_funcional,1
la gestion de proyectos,extremo_funcional,1
la gestion de soluciones,extremo_funcional,1
la gestion estrategica,extremo_funcional,1
la gestion organizacional,extremo_funcional,1
la gestion organizacional y,extremo_funcional,1
la gestion y,extremo_funcional,1
la gestion y analisis,extremo_funcional,1
la habilidad,extremo_funcional,1
la habilidad de,extremo_funcional,1
la habilidad de liderar,extremo_funcional,1
la horra,extremo_funcional,1
la identidad,extremo_funcional,1
la identidad regional,extremo_funcional,1
la implementacion,extremo_funcional,3
la implementacion de,extremo_funcional,2
la implementacion de sistemas,extremo_funcional,1
la implementacion de soluciones,extremo_funcional,1
la implementacion y,extremo_funcional,1
la implementacion y operacion,extremo_funcional,1
la inclusion,extremo_funcional,2
la inclusion de,extremo_funcional,1
la inclusion de distintos,extremo_funcional,1
la industria,extremo_funcional,9
la industria de,extremo_funcional,1
la industria de las,extremo_funcional,1
la industria del,extremo_funcional,1
la industria del desarrollo,extremo_funcional,1
la industria y,extremo_funcional,6
la industria y de,extremo_funcional,1
la industria y la,extremo_funcional,1
la industria y mercado,extremo_funcional,1
la industria y sus,extremo_funcional,2
la informacion,extremo_funcional,32
la informacion a,extremo_funcional,1
la informacion a nivel,extremo_funcional,1
la informacion centrado,extremo_funcional,1
la informacion centrado en,extremo_funcional,1
la informacion con,extremo_funcional,1
la informacion con conocimiento,extremo_vago_declarado,1
la informacion de,extremo_funcional,1
la informacion de alcance,extremo_funcional,1
la informacion e,extremo_funcional,3
la informacion e inteligencia,extremo_funcional,3
la informacion en,extremo_funcional,3
la informacion en el,extremo_funcional,1
la informacion en entornos,extremo_funcional,1
la informacion en organizaciones,extremo_funcional,1
la informacion para,extremo_funcional,2
la informacion para desenvolverse,extremo_funcional,1
la informacion para la,extremo_funcional,1
la informacion que,extremo_funcional,2
la informacion que es,extremo_funcional,1
la informacion que presentan,extremo_funcional,1
la informacion y,extremo_funcional,15
la informacion y auditoria,extremo_funcional,1
la informacion y ciberseguridad,extremo_funcional,1
la informacion y comunicacion,extremo_funcional,5
la informacion y comunicaciones,extremo_funcional,4
la informacion y de,extremo_funcional,1
la informacion y el,extremo_funcional,2
la informacion y emergentes,extremo_funcional,1
la informacion y estandares,extremo_funcional,1
la informacion y la,extremo_funcional,1
la informacion y los,extremo_funcional,1
la informacion y sistemas,extremo_funcional,1
la informatica,extremo_funcional,8
la informatica a,extremo_funcional,1
la informatica a problematicas,extremo_funcional,1
la informatica empresarial,extremo_funcional,1
la informatica y,extremo_funcional,2
la infraestructura,extremo_funcional,2
la infraestructura tecnologica,extremo_funcional,1
la infraestructura tecnologica operativa,extremo_funcional,1
la infraestructura y,extremo_funcional,1
la infraestructura y servicios,extremo_funcional,1
la ingenier,extremo_funcional,1
la ingeniera,extremo_funcional,3
la ingeniera civil,extremo_funcional,2
la ingeniera civil en,extremo_funcional,1
la ingeniera civil informatico,extremo_funcional,1
la ingenieria,extremo_funcional,31
la ingenieria aplicada,extremo_funcional,1
la ingenieria aplicada para,extremo_funcional,1
la ingenieria aplicando,extremo_funcional,1
la ingenieria aplicando conocimientos,extremo_vago_declarado,1
la ingenieria de,extremo_funcional,4
la ingenieria de requisitos,extremo_funcional,1
la ingenieria de software,extremo_funcional,3
la ingenieria e,extremo_funcional,2
la ingenieria e ingenieria,extremo_funcional,2
la ingenieria en,extremo_funcional,2
la ingenieria en al,extremo_funcional,1
la ingenieria en computacion,extremo_funcional,1
la ingenieria en el,extremo_funcional,1
la ingenieria en informatica,extremo_funcional,1
la ingenieria en la,extremo_funcional,1
la ingenieria incorporando,extremo_funcional,1
la ingenieria informatica,extremo_funcional,3
la ingenieria informatica te,extremo_funcional,1
la ingenieria para,extremo_funcional,3
la ingenieria para crear,extremo_funcional,1
la ingenieria para la,extremo_funcional,1
la ingenieria para su,extremo_funcional,1
la ingenieria y,extremo_funcional,7
la ingenieria y computacion,extremo_funcional,1
la ingenieria y de,extremo_funcional,6
la ingeniero,extremo_funcional,20
la ingeniero civil,extremo_funcional,1
la ingeniero civil en,extremo_funcional,1
la ingeniero informatico,extremo_funcional,1
la ingeniero informatico de,extremo_funcional,1
la innovacion,extremo_funcional,12
la innovacion en,extremo_funcional,1
la innovacion en los,extremo_funcional,1
la innovacion tecnologica,extremo_funcional,3
la innovacion tecnologica en,extremo_funcional,1
la innovacion tecnologica y,extremo_funcional,1
la innovacion y,extremo_funcional,3
la innovacion y el,extremo_funcional,2
la innovacion y la,extremo_funcional,1
la institucion,segmento_de_identidad_institucional,3
la integracion,extremo_funcional,2
la integracion de,extremo_funcional,2
la integracion de estos,extremo_funcional,1
la integracion de software,extremo_funcional,1
la integridad,extremo_funcional,1
la integridad y,extremo_funcional,1
la integridad y seguridad,extremo_funcional,1
la inteligencia,extremo_funcional,1
la inteligencia artificial,extremo_funcional,1
la interconectividad,extremo_funcional,1
la interconectividad entre,extremo_funcional,1
la interconectividad entre sistemas,extremo_funcional,1
la investigacion,extremo_funcional,1
la jefatura,extremo_funcional,1
la jefatura de,extremo_funcional,1
la jefatura de dicho,extremo_funcional,1
la labor,extremo_funcional,1
la labor ingenieril,extremo_funcional,1
la labor ingenieril posee,extremo_funcional,1
la lectura,extremo_funcional,1
la legislacion,extremo_funcional,1
la lengua,extremo_funcional,1
la lengua materna,extremo_funcional,1
la lengua materna como,extremo_funcional,1
la linea,extremo_funcional,1
la linea de,extremo_funcional,1
la linea de investigacion,extremo_funcional,1
la mantencion,extremo_funcional,1
la mantencion del,extremo_funcional,1
la mantencion del funcionamiento,extremo_funcional,1
la materia,extremo_funcional,1
la materializacion,extremo_funcional,1
la materializacion de,extremo_funcional,1
la materializacion de una,extremo_funcional,1
la mejora,extremo_funcional,9
la mejora continua,extremo_funcional,4
la mejora continua de,extremo_funcional,1
la mejora continua y,extremo_funcional,1
la mejora de,extremo_funcional,5
la mejora de calidad,extremo_funcional,1
la mejora de procesos,extremo_funcional,3
la mejora de resultados,extremo_funcional,1
la mejora y,extremo_funcional,1
la mejora y automatizacion,extremo_funcional,1
la mineria,extremo_funcional,1
la mineria de,extremo_funcional,1
la mineria de datos,extremo_funcional,1
la mision,extremo_funcional,1
la mision de,extremo_funcional,1
la mision de la,extremo_funcional,1
la misma,extremo_funcional,1
la misma disciplina,extremo_funcional,1
la misma disciplina u,fragmento_corto_no_reconocido,1
la modalidad,extremo_funcional,1
la modalidad no,extremo_funcional,1
la modalidad no presencial,extremo_funcional,1
la movilizacion,extremo_funcional,1
la normativa,extremo_funcional,4
la normativa legal,extremo_funcional,3
la normativa legal vigente,extremo_funcional,3
la normativa y,extremo_funcional,1
la normativa y legislacion,extremo_funcional,1
la nueva,extremo_funcional,1
la nueva forma,extremo_funcional,1
la nueva forma del,extremo_funcional,1
la o,extremo_funcional,1
la o el,extremo_funcional,1
la o el ingeniero,extremo_funcional,1
la o el profesional,extremo_funcional,1
la optimacion,extremo_funcional,1
la optimacion e,extremo_funcional,1
la optimacion e innovacion,extremo_funcional,1
la organizacion,extremo_funcional,9
la organizacion desarrollando,extremo_funcional,1
la organizacion desarrollando soluciones,extremo_funcional,1
la organizacion en,extremo_funcional,4
la organizacion en contextos,extremo_funcional,1
la organizacion en funcion,extremo_funcional,1
la organizacion en la,extremo_funcional,1
la organizacion en que,extremo_funcional,1
la organizacion y,extremo_funcional,1
la organizacion y la,extremo_funcional,1
la participacion,extremo_funcional,1
la participacion equitativa,extremo_funcional,1
la participacion equitativa de,extremo_funcional,1
la perseverancia,extremo_funcional,1
la perseverancia y,extremo_funcional,1
la perseverancia y esfuerzo,extremo_funcional,1
la persona,extremo_funcional,4
la persona,segmento_de_identidad_institucional,2
la persona humana,extremo_funcional,2
la persona humana,segmento_de_identidad_institucional,2
la persona humana en,extremo_funcional,1
la persona humana y,extremo_funcional,1
la persona humana y,segmento_de_identidad_institucional,2
la persona titulada,extremo_funcional,2
la persona titulada como,extremo_funcional,1
la persona titulada de,extremo_funcional,1
la planificacion,extremo_funcional,3
la planificacion estrategica,extremo_funcional,1
la planificacion estrategica para,extremo_funcional,1
la pontificia,extremo_funcional,1
la pontificia universidad,extremo_funcional,1
la pontificia universidad catolica,extremo_funcional,1
la practica,extremo_funcional,2
la practica profesional,extremo_funcional,1
la practica profesional de,extremo_funcional,1
la preparacion,extremo_funcional,1
la preparacion suficiente,extremo_funcional,1
la preparacion suficiente para,extremo_funcional,1
la prestacion,extremo_funcional,1
la prestacion de,extremo_funcional,1
la prestacion de servicios,extremo_funcional,1
la problematica,extremo_funcional,1
la problematica organizacional,extremo_funcional,1
la problematica organizacional en,extremo_funcional,1
la produccion,extremo_funcional,1
la produccion de,extremo_funcional,1
la produccion de software,extremo_funcional,1
la productividad,extremo_funcional,1
la productividad y,extremo_funcional,1
la productividad y eficiencia,extremo_funcional,1
la profesion,extremo_funcional,1
la profesional,extremo_funcional,2
la profesional de,extremo_funcional,1
la profesional de ingenieria,extremo_funcional,1
la profesional podra,extremo_funcional,1
la profesional podra desenvolverse,extremo_funcional,1
la programacion,extremo_funcional,1
la programacion informatica,extremo_funcional,1
la promocion,extremo_funcional,3
la promocion,segmento_de_identidad_institucional,2
la promocion de,extremo_funcional,1
la promocion de los,extremo_funcional,1
la promocion del,extremo_funcional,2
la promocion del,segmento_de_identidad_institucional,2
la promocion del bien,extremo_funcional,2
la promocion del bien,segmento_de_identidad_institucional,2
la propuesta,extremo_funcional,1
la propuesta cristiana,extremo_funcional,1
la puerta,extremo_funcional,1
la puerta de,extremo_funcional,1
la puerta de entrada,extremo_funcional,1
la que,extremo_funcional,1
la que se,extremo_funcional,1
la que se desenvuelva,extremo_funcional,1
la realidad,extremo_funcional,3
la realidad circundante,extremo_funcional,1
la realidad circundante y,extremo_funcional,1
la realidad nacional,extremo_funcional,1
la realidad social,extremo_funcional,1
la realizacion,extremo_funcional,1
la realizacion de,extremo_funcional,1
la realizacion de la,extremo_funcional,1
la reciprocidad,extremo_funcional,1
la reciprocidad en,extremo_funcional,1
la reciprocidad en el,extremo_funcional,1
la red,extremo_funcional,1
la red de,extremo_funcional,1
la red de datos,extremo_funcional,1
la region,extremo_funcional,4
la region de,extremo_funcional,2
la region de atacama,extremo_funcional,1
la region de aysen,extremo_funcional,1
la region y,extremo_funcional,3
la region y del,extremo_funcional,1
la region y el,extremo_funcional,2
la relacion,extremo_funcional,1
la relacion con,extremo_funcional,1
la relacion con los,extremo_funcional,1
la resolucion,extremo_funcional,5
la resolucion de,extremo_funcional,5
la resolucion de problemas,extremo_funcional,4
la resolucion de problematicas,extremo_funcional,1
la responsabilidad,extremo_funcional,4
la responsabilidad social,extremo_funcional,4
la responsabilidad social desde,extremo_funcional,1
la responsabilidad social y,extremo_funcional,1
la revolucion,extremo_funcional,2
la revolucion tecnologica,extremo_funcional,2
la santisima,extremo_funcional,3
la santisima concepcion,extremo_funcional,3
la sede,extremo_funcional,2
la sede santiago,extremo_funcional,2
la sede santiago y,extremo_funcional,1
la seguridad,extremo_funcional,2
la seguridad informatica,extremo_funcional,1
la seguridad informatica y,extremo_funcional,1
la seguridad y,extremo_funcional,1
la seguridad y proteccion,extremo_funcional,1
la serena,extremo_funcional,2
la serena es,extremo_funcional,1
la serena es un,extremo_funcional,1
la sociedad,extremo_funcional,10
la sociedad con,extremo_funcional,1
la sociedad con innovacion,extremo_funcional,1
la sociedad desde,extremo_funcional,1
la sociedad desde su,extremo_funcional,1
la sociedad en,extremo_funcional,1
la sociedad en terminos,extremo_funcional,1
la sociedad necesita,extremo_funcional,1
la sociedad necesita ingenieros,extremo_funcional,1
la sociedad y,extremo_funcional,1
la sociedad y el,extremo_funcional,1
la solida,extremo_funcional,1
la solida formacion,extremo_funcional,1
la solida formacion en,extremo_funcional,1
la sostenibilidad,extremo_funcional,1
la sostenibilidad y,extremo_funcional,1
la sostenibilidad y la,extremo_funcional,1
la supervision,extremo_funcional,1
la sustentabilidad,extremo_funcional,1
la sustentabilidad y,extremo_funcional,1
la sustentabilidad y la,extremo_funcional,1
la titulado,extremo_funcional,3
la toma,extremo_vago_declarado,9
la toma de,extremo_funcional,9
la toma de decisiones,extremo_funcional,9
la transformacion,extremo_funcional,10
la transformacion digital,extremo_funcional,9
la transformacion digital como,extremo_funcional,1
la transformacion digital de,extremo_funcional,1
la transformacion digital este,extremo_funcional,1
la transformacion digital sostenible,extremo_funcional,1
la transformacion digital y,extremo_funcional,1
la trascendencia,extremo_funcional,1
la u,fragmento_corto_no_reconocido,2
la ubo,extremo_funcional,1
la ucn,extremo_funcional,2
la ucn posee,extremo_funcional,2
la ucn posee competencias,extremo_funcional,2
la ucsc,extremo_funcional,1
la ucsc es,extremo_funcional,1
la ucsc es un,extremo_funcional,1
la universidad,extremo_funcional,37
la universidad,segmento_con_indicios_de_menu,1
la universidad austral,extremo_funcional,1
la universidad austral de,extremo_funcional,1
la universidad autonoma,extremo_funcional,2
la universidad autonoma de,extremo_funcional,2
la universidad bernardo,extremo_funcional,1
la universidad bernardo o,extremo_funcional,1
la universidad catolica,extremo_funcional,8
la universidad catolica de,extremo_funcional,4
la universidad catolica del,extremo_funcional,3
la universidad central,extremo_funcional,1
la universidad central de,extremo_funcional,1
la universidad cesar,extremo_funcional,1
la universidad cesar vallejo,extremo_funcional,1
la universidad de,extremo_funcional,16
la universidad de,segmento_con_indicios_de_menu,1
la universidad de atacama,extremo_funcional,1
la universidad de aysen,extremo_funcional,1
la universidad de chile,extremo_funcional,1
la universidad de concepcion,extremo_funcional,1
la universidad de la,extremo_funcional,3
la universidad de la,segmento_con_indicios_de_menu,1
la universidad de las,extremo_funcional,1
la universidad de los,extremo_funcional,2
la universidad de magallanes,extremo_funcional,2
la universidad de talca,extremo_funcional,1
la universidad de valparaiso,extremo_funcional,3
la universidad del,extremo_funcional,3
la universidad del bio,extremo_funcional,2
la universidad del desarrollo,extremo_funcional,1
la universidad diego,extremo_funcional,1
la universidad diego portales,extremo_funcional,1
la universidad gabriela,extremo_funcional,2
la universidad gabriela mistral,extremo_funcional,2
la universidad historia,segmento_con_indicios_de_menu,1
la universidad historia institucional,segmento_con_indicios_de_menu,1
la universidad mayor,extremo_funcional,2
la universidad mayor es,extremo_funcional,1
la universidad san,extremo_funcional,1
la universidad san sebastian,extremo_funcional,1
la universidad tecnica,extremo_funcional,1
la universidad tecnica federico,extremo_funcional,1
la universidad tecnologica,extremo_funcional,2
la universidad tecnologica metropolitana,extremo_funcional,2
la universidad uiix,extremo_funcional,1
la universidad uiix de,extremo_funcional,1
la universidad y,extremo_funcional,1
la universidad y la,extremo_funcional,1
la usm,extremo_funcional,1
la usm forma,extremo_funcional,1
la usm forma profesionales,extremo_funcional,1
la uss,extremo_funcional,1
la uss es,extremo_funcional,1
la uss es un,extremo_funcional,1
la utilizacion,extremo_funcional,1
la utilizacion de,extremo_funcional,1
la utilizacion de herramientas,extremo_funcional,1
la verdad,extremo_funcional,1
la viabilidad,extremo_funcional,1
la viabilidad y,extremo_funcional,1
la viabilidad y sustentabilidad,extremo_funcional,1
la vida,extremo_funcional,2
la vida,segmento_de_identidad_institucional,3
la vida sana,extremo_funcional,1
la vida segun,segmento_de_identidad_institucional,3
la vida segun los,segmento_de_identidad_institucional,3
la vida y,extremo_funcional,1
la vida y contribuye,extremo_funcional,1
la vision,segmento_de_identidad_institucional,1
la vision cristiana,segmento_de_identidad_institucional,1
la visualizacion,extremo_funcional,2
la visualizacion de,extremo_funcional,1
la visualizacion de datos,extremo_funcional,1
la visualizacion y,extremo_funcional,1
la visualizacion y presentacion,extremo_funcional,1
la web,extremo_funcional,1
labor ingenieril posee,extremo_generico_declarado,1
labor ingenieril posee una,extremo_funcional,1
labor se,extremo_funcional,1
labor se desarrolla,expresion_funcional,1
labor se desarrolla en,extremo_funcional,1
laboral,stopword_o_unigrama_corto,6
laboral de,extremo_funcional,1
laboral de ingenieria,denominacion_grado,1
laboral de ingenieria en,extremo_funcional,1
laboral la,extremo_funcional,1
laboral la o,extremo_funcional,1
laboral la o el,extremo_funcional,1
laboral utilice sus,extremo_funcional,1
laboral utilice sus conocimientos,extremo_vago_declarado,1
laboral y,extremo_funcional,2
laboral y desarrollarte,expresion_funcional,1
laboral y desarrollarte profesionalmente,expresion_funcional,1
laboral y profesional,expresion_funcional,1
laborales complejos y,extremo_funcional,1
laborales complejos y resolver,expresion_funcional,1
laborales en,extremo_funcional,1
laborales en diversas,extremo_vago_declarado,1
laborales y,extremo_funcional,1
laborales y a,extremo_funcional,1
laborales y a las,extremo_funcional,1
lagos es,extremo_funcional,1
lagos es un,extremo_funcional,1
lagos posee,extremo_generico_declarado,1
lagos posee las,extremo_funcional,1
larenas directora de,extremo_funcional,1
larenas directora de la,extremo_funcional,1
las,stopword_o_unigrama_corto,46
las actividades,extremo_funcional,1
las actividades humanas,extremo_funcional,1
las actividades humanas para,extremo_funcional,1
las americas,extremo_funcional,1
las americas el,extremo_funcional,1
las americas el titulado,extremo_funcional,1
las areas,extremo_funcional,10
las areas de,extremo_funcional,8
las areas de desarrollo,extremo_funcional,3
las areas de desempeno,extremo_funcional,1
las areas de la,extremo_funcional,1
las areas de sistemas,extremo_funcional,1
las areas de tecnologia,extremo_funcional,1
las areas disciplinares,extremo_funcional,1
las areas disciplinares de,extremo_funcional,1
las areas numericas,extremo_funcional,1
las arquitecturas,extremo_funcional,2
las arquitecturas ti,extremo_funcional,2
las arquitecturas ti junto,extremo_funcional,2
las asignaturas,extremo_funcional,1
las asignaturas correspondientes,extremo_funcional,1
las asignaturas correspondientes a,extremo_funcional,1
las capacidades,extremo_funcional,1
las capacidades pertinentes,extremo_funcional,1
las capacidades pertinentes para,extremo_funcional,1
las caracteristicas,extremo_funcional,3
las caracteristicas de,extremo_funcional,1
las caracteristicas de estos,extremo_funcional,1
las caracteristicas del,extremo_funcional,2
las caracteristicas del proyecto,extremo_funcional,1
las caracteristicas del sistema,extremo_funcional,1
las carreras,identidad_institucional_declarada,1
las carreras de,identidad_institucional_declarada,1
las carreras de ingenieria,identidad_institucional_declarada,1
las catedras,extremo_funcional,1
las catedras de,extremo_funcional,1
las catedras de inteligencia,extremo_funcional,1
las ciencias,extremo_funcional,8
las ciencias basicas,extremo_funcional,4
las ciencias basicas de,extremo_funcional,1
las ciencias basicas y,extremo_funcional,2
las ciencias de,extremo_funcional,4
las ciencias de la,extremo_funcional,4
las circunstancias,extremo_funcional,1
las circunstancias cotidianas,extremo_funcional,1
las circunstancias cotidianas de,extremo_funcional,1
las competencias,extremo_funcional,6
las competencias alcanzadas,extremo_funcional,1
las competencias alcanzadas en,extremo_funcional,1
las competencias de,extremo_funcional,1
las competencias de un,extremo_funcional,1
las competencias especificas,extremo_funcional,1
las competencias especificas de,extremo_funcional,1
las competencias genericas,extremo_funcional,1
las competencias genericas y,extremo_funcional,1
las competencias para,extremo_funcional,1
las competencias para gestionar,extremo_funcional,1
las competencias que,extremo_funcional,1
las competencias que lo,extremo_funcional,1
las competencias sello,extremo_funcional,1
las competencias sello de,extremo_funcional,1
las competencias tecnicas,extremo_funcional,1
las competencias tecnicas y,extremo_funcional,1
las competencias transversales,extremo_funcional,1
las competencias transversales de,extremo_funcional,1
las competencias transversales que,extremo_funcional,1
las comunicaciones,extremo_funcional,1
las cosas,extremo_funcional,1
las cuales,extremo_funcional,1
las cuales formulan,extremo_funcional,1
las cuales formulan y,extremo_funcional,1
las definiciones,extremo_funcional,1
las definiciones y,extremo_funcional,1
las definiciones y requerimientos,extremo_funcional,1
las demandas,extremo_funcional,2
las demandas del,extremo_funcional,2
las demandas del entorno,extremo_funcional,2
las demas,extremo_funcional,2
las demas personas,extremo_funcional,1
las demas personas y,extremo_funcional,1
las diferencias,extremo_funcional,2
las diferencias que,extremo_funcional,2
las diferencias que surgen,extremo_funcional,2
las distintas,extremo_funcional,2
las distintas industrias,extremo_funcional,1
las distintas industrias y,extremo_funcional,1
las distintas lineas,extremo_funcional,1
las distintas lineas de,extremo_funcional,1
las empresas,extremo_funcional,2
las empresas socias,extremo_funcional,1
las empresas socias del,extremo_funcional,1
las empresas y,extremo_funcional,1
las empresas y organizaciones,extremo_funcional,1
las especificaciones,extremo_funcional,1
las especificaciones tecnicas,extremo_funcional,1
las estudiantes,extremo_funcional,1
las etapas,extremo_funcional,2
las etapas del,extremo_funcional,2
las etapas del ciclo,extremo_funcional,2
las exigencias,extremo_funcional,2
las exigencias que,extremo_funcional,1
las exigencias que implica,extremo_funcional,1
las exigencias y,extremo_funcional,1
las exigencias y restricciones,extremo_funcional,1
las finanzas,extremo_funcional,1
las finanzas y,extremo_funcional,1
las finanzas y las,extremo_funcional,1
las funciones,extremo_funcional,1
las funciones asociadas,extremo_funcional,1
las funciones asociadas a,extremo_funcional,1
las gerencias,extremo_funcional,1
las gerencias informaticas,extremo_funcional,1
las gerencias informaticas de,extremo_funcional,1
las habilidades,extremo_funcional,2
las habilidades necesarias,extremo_funcional,1
las habilidades necesarias para,extremo_funcional,1
las habilidades para,extremo_funcional,1
las habilidades para la,extremo_funcional,1
las herramientas,extremo_funcional,1
las herramientas necesarias,extremo_funcional,1
las herramientas necesarias para,extremo_funcional,1
las implicaciones,extremo_funcional,1
las implicaciones sociales,extremo_funcional,1
las implicaciones sociales y,extremo_funcional,1
las ingenierias,extremo_funcional,2
las ingenierias uah,extremo_funcional,1
las ingenierias uah permiten,extremo_funcional,1
las jefaturas,extremo_funcional,1
las jefaturas de,extremo_funcional,1
las jefaturas de departamentos,extremo_funcional,1
las matematicas,extremo_funcional,1
las mejores,extremo_funcional,1
las mejores practicas,extremo_funcional,1
las mejores practicas de,extremo_funcional,1
las metodologias,extremo_funcional,1
las metodologias de,extremo_funcional,1
las metodologias de desarrollo,extremo_funcional,1
las metodologias de gestion,extremo_funcional,1
las necesidades,extremo_funcional,9
las necesidades actuales,extremo_funcional,1
las necesidades actuales de,extremo_funcional,1
las necesidades de,extremo_funcional,5
las necesidades de la,extremo_funcional,1
las necesidades de las,extremo_funcional,2
las necesidades de organizaciones,extremo_funcional,1
las necesidades de sus,extremo_funcional,1
las necesidades del,extremo_funcional,1
las necesidades del sector,extremo_funcional,1
las necesidades e,extremo_funcional,1
las necesidades e intereses,extremo_funcional,1
las necesidades tecnologicas,extremo_funcional,1
las necesidades tecnologicas de,extremo_funcional,1
las normas,extremo_funcional,2
las normas y,extremo_funcional,2
las normas y la,extremo_funcional,1
las normas y legislacion,extremo_funcional,1
las nuevas,extremo_funcional,3
las nuevas tecnologias,extremo_funcional,3
las nuevas tecnologias de,extremo_funcional,1
las nuevas tecnologias relacionadas,extremo_funcional,1
las nuevas tecnologias y,extremo_funcional,1
las oportunidades,extremo_funcional,1
las oportunidades de,extremo_funcional,1
las oportunidades de negocio,extremo_funcional,1
las organizaciones,extremo_funcional,19
las organizaciones a,extremo_funcional,1
las organizaciones a traves,extremo_funcional,1
las organizaciones comunitarias,extremo_funcional,1
las organizaciones en,extremo_funcional,3
las organizaciones en general,extremo_funcional,1
las organizaciones en las,extremo_funcional,1
las organizaciones en que,extremo_funcional,1
las organizaciones publicas,extremo_funcional,1
las organizaciones publicas o,extremo_funcional,1
las organizaciones y,extremo_funcional,1
las organizaciones y a,extremo_funcional,1
las pasantias,extremo_funcional,1
las pasantias a,extremo_funcional,1
las pasantias a la,extremo_funcional,1
las personas,extremo_funcional,9
las personas a,extremo_funcional,1
las personas a traves,extremo_funcional,1
las personas y,extremo_funcional,3
las personas y el,extremo_funcional,1
las personas y orientado,extremo_funcional,1
las personas y tecnologias,extremo_funcional,1
las plataformas,extremo_funcional,2
las plataformas de,extremo_funcional,2
las plataformas de computo,extremo_funcional,2
las que,extremo_funcional,2
las que se,extremo_funcional,1
las que se desempena,extremo_funcional,1
las que suponen,extremo_funcional,1
las que suponen un,extremo_funcional,1
las responsabilidades,extremo_funcional,1
las responsabilidades eticas,extremo_funcional,1
las responsabilidades eticas en,extremo_funcional,1
las restricciones,extremo_funcional,1
las restricciones impuestas,extremo_funcional,1
las restricciones impuestas por,extremo_funcional,1
las satisfagan,extremo_funcional,1
las siguientes,extremo_funcional,1
las siguientes certificaciones,extremo_funcional,1
las siguientes certificaciones junto,extremo_funcional,1
las soluciones,extremo_funcional,4
las soluciones de,extremo_funcional,1
las soluciones de ingenieria,extremo_funcional,1
las soluciones propuestas,extremo_funcional,1
las soluciones tecnologicas,extremo_funcional,1
las tecnicas,extremo_funcional,1
las tecnicas de,extremo_funcional,1
las tecnicas de la,extremo_funcional,1
las tecnologias,extremo_funcional,19
las tecnologias de,extremo_funcional,14
las tecnologias de computacion,extremo_funcional,1
las tecnologias de informacion,extremo_funcional,4
las tecnologias de la,extremo_funcional,9
las tecnologias digitales,extremo_funcional,1
las tecnologias digitales en,extremo_funcional,1
las tecnologias informaticas,extremo_funcional,1
las tecnologias informaticas aplicadas,extremo_funcional,1
las tecnologias relacionadas,extremo_funcional,1
las tecnologias relacionadas con,extremo_funcional,1
las tecnologias y,extremo_funcional,1
las tecnologias y a,extremo_funcional,1
las tendencias,extremo_funcional,1
las tendencias del,extremo_funcional,1
las tendencias del sector,extremo_funcional,1
las tituladas,extremo_funcional,1
las tituladas de,extremo_funcional,1
las tituladas de la,extremo_funcional,1
las tres,extremo_funcional,1
las tres carreras,identidad_institucional_declarada,1
las tres carreras de,identidad_institucional_declarada,1
las y,extremo_funcional,2
las y los,extremo_funcional,2
las y los estudiantes,extremo_funcional,1
las y los titulados,extremo_funcional,1
las y los usuarios,extremo_funcional,1
le,stopword_o_unigrama_corto,26
le habilita,extremo_funcional,1
le habilita a,extremo_funcional,1
le habilita a enfrentar,extremo_funcional,1
le impone,extremo_funcional,1
le impone un,extremo_funcional,1
le impone un mundo,extremo_funcional,1
le otorga,extremo_funcional,1
le otorga el,extremo_funcional,1
le otorga el grado,extremo_funcional,1
le permitan,extremo_funcional,4
le permitan acceder,extremo_funcional,1
le permitan acceder a,extremo_funcional,1
le permitan disenar,extremo_funcional,1
le permitan disenar e,extremo_funcional,1
le permitan estar,extremo_funcional,2
le permitan estar en,extremo_funcional,2
le permite,extremo_funcional,16
le permite abordar,extremo_funcional,2
le permite abordar el,extremo_funcional,1
le permite abordar estos,extremo_funcional,1
le permite adaptarse,extremo_funcional,1
le permite adaptarse a,extremo_funcional,1
le permite analizar,extremo_funcional,2
le permite comprender,extremo_funcional,1
le permite comprender y,extremo_funcional,1
le permite desarrollar,extremo_funcional,1
le permite desarrollar pensamiento,extremo_funcional,1
le permite desempenarse,extremo_funcional,1
le permite desempenarse en,extremo_funcional,1
le permite desenvolverse,extremo_funcional,2
le permite desenvolverse en,extremo_funcional,2
le permite formular,extremo_funcional,1
le permite generar,extremo_funcional,2
le permite generar soluciones,extremo_funcional,2
le permite hacer,extremo_funcional,1
le permite hacer un,extremo_funcional,1
le permite liderar,extremo_funcional,1
le permite liderar proyectos,extremo_funcional,1
le permite proponer,extremo_funcional,1
le permite proponer soluciones,extremo_funcional,1
le permiten,extremo_funcional,2
le permiten desempenarse,extremo_funcional,1
le permiten desempenarse en,extremo_funcional,1
le permiten trabajar,extremo_funcional,1
le permiten trabajar colaborativamente,extremo_funcional,1
le permitira,extremo_funcional,2
le permitira desempenarse,extremo_funcional,1
le permitira desempenarse como,extremo_funcional,1
le permitira revisar,extremo_funcional,1
le permitira revisar de,extremo_funcional,1
le presentan,extremo_funcional,1
le proporciona,extremo_funcional,1
le proporciona la,extremo_funcional,1
le proporciona la preparacion,extremo_funcional,1
le suma,extremo_funcional,1
le suma un,extremo_funcional,1
le suma un entrenamiento,extremo_funcional,1
legado testamentario de,extremo_funcional,1
legal vigente y,extremo_funcional,1
legal vigente y los,extremo_funcional,1
legislacion vigente a,extremo_funcional,1
legislacion vigente a nivel,expresion_funcional,1
lengua materna como,extremo_funcional,1
lengua materna como en,extremo_funcional,1
lenguaje tecnico y,extremo_funcional,1
lenguaje tecnico y comprende,expresion_funcional,1
lenguajes de,extremo_funcional,5
lenguajes de programacion y,extremo_funcional,2
lenguajes propios de,extremo_funcional,1
lenguajes propios de la,extremo_funcional,1
lenguajes y,extremo_funcional,1
lenguajes y representaciones,expresion_funcional,1
lenguajes y representaciones formales,expresion_funcional,1
les,stopword_o_unigrama_corto,6
les faculta,extremo_funcional,1
les faculta para,extremo_funcional,1
les faculta para aplicar,extremo_funcional,1
les permitan,extremo_funcional,1
les permitan disenar,extremo_funcional,1
les permite,extremo_funcional,4
les permite disenar,extremo_funcional,1
les permite disenar nuevas,extremo_funcional,1
les permite identificar,extremo_funcional,1
les permite identificar oportunidades,extremo_funcional,1
les permite mantenerse,extremo_funcional,1
les permite mantenerse actualizados,extremo_funcional,1
les permite proponer,extremo_funcional,1
les permite proponer mecanismos,extremo_funcional,1
les permite relacionar,extremo_funcional,1
les permite relacionar datos,extremo_funcional,1
levantamiento de,extremo_funcional,1
libre ejercicio de,extremo_funcional,1
libre ejercicio de la,extremo_funcional,1
licenciado en,extremo_funcional,1
licenciado en ciencias de,extremo_funcional,1
lider de,extremo_funcional,2
lider de cualquier,extremo_funcional,1
lider de cualquier departamento,expresion_funcional,1
lider de proyectos de,extremo_funcional,1
lidera equipos multidisciplinarios en,extremo_funcional,1
lidera proyectos en,extremo_funcional,1
lidera proyectos informaticos,denominacion_grado,1
lidera proyectos informaticos definidos,denominacion_grado,1
liderado proyectos relacionados con,extremo_funcional,1
lideran equipos de,extremo_funcional,1
liderando e,extremo_funcional,1
liderando e implementando,expresion_funcional,1
liderando e implementando estrategias,expresion_funcional,1
liderando equipos de,extremo_funcional,1
liderando los,extremo_funcional,1
liderando los equipos de,extremo_funcional,1
liderando proyectos como,extremo_funcional,1
liderando proyectos como strategy,expresion_funcional,1
liderar equipos colaborativos y,extremo_funcional,1
liderar equipos de,extremo_funcional,5
liderar equipos multidisciplinarios en,extremo_funcional,1
liderar equipos multidisciplinarios para,extremo_funcional,1
liderar equipos multidisciplinarios que,extremo_funcional,1
liderar procesos creativos de,extremo_funcional,1
liderar procesos de,extremo_funcional,1
liderar proyectos que,extremo_funcional,1
liderar proyectos que ayuden,expresion_funcional,1
liderazgo de,extremo_funcional,1
liderazgo de proyectos informaticos,denominacion_grado,1
liderazgo que,extremo_funcional,1
liderazgo que le,extremo_funcional,1
liderazgo que le permiten,expresion_funcional,1
liderazgo y,extremo_funcional,5
liderazgo y capacidad,expresion_funcional,1
liderazgo y capacidad para,extremo_funcional,1
liderazgo y el,extremo_funcional,1
liderazgo y el trabajo,expresion_funcional,1
liderazgo y la,extremo_funcional,1
liderazgo y la inclusion,expresion_funcional,1
liderazgo y proactividad,expresion_funcional,2
lideres del,extremo_funcional,1
ligados al,extremo_funcional,1
ligados al area,expresion_funcional,1
ligados al area de,extremo_funcional,1
linea de,extremo_funcional,1
lineas de,extremo_funcional,2
lineas de especializacion de,extremo_funcional,1
lineas de i,fragmento_corto_no_reconocido,1
llevar adelante exitosamente los,extremo_funcional,1
lo,stopword_o_unigrama_corto,13
lo anterior,extremo_funcional,2
lo anterior le,extremo_funcional,1
lo anterior le permite,extremo_funcional,1
lo anterior se,extremo_funcional,1
lo anterior se traduce,extremo_funcional,1
lo capacita,extremo_funcional,1
lo capacita para,extremo_funcional,1
lo capacita para concebir,extremo_funcional,1
lo constituye,extremo_funcional,1
lo constituye su,extremo_funcional,1
lo constituye su conocimiento,extremo_vago_declarado,1
lo cual,extremo_funcional,1
lo cual es,extremo_funcional,1
lo cual es una,extremo_funcional,1
lo fundamental,extremo_funcional,1
lo habilitan,extremo_funcional,1
lo habilitan para,extremo_funcional,1
lo habilitan para identificar,extremo_funcional,1
lo que,extremo_funcional,6
lo que favorece,extremo_funcional,1
lo que favorece el,extremo_funcional,1
lo que le,extremo_funcional,4
lo que le otorga,extremo_funcional,1
lo que le permite,extremo_funcional,2
lo que le permitira,extremo_funcional,1
lo que les,extremo_funcional,1
lo que les permite,extremo_funcional,1
lo que permite,extremo_funcional,1
lo que permite que,extremo_funcional,1
lo tanto,extremo_funcional,1
local o,extremo_funcional,1
local o global,expresion_funcional,1
local o global en,extremo_funcional,1
locales y,extremo_funcional,1
locales y globales,expresion_funcional,1
locales y globales con,extremo_funcional,1
logran aplicar al,extremo_funcional,1
logran aplicar al desarrollo,expresion_funcional,1
lograr una,extremo_funcional,1
lograr una comunicacion,expresion_funcional,1
lograr una comunicacion efectiva,expresion_funcional,1
logro de,extremo_funcional,4
logro de los,extremo_funcional,1
logro de sus,extremo_funcional,1
logro de sus objetivos,expresion_funcional,1
los,segmento_de_identidad_institucional,3
los,stopword_o_unigrama_corto,49
los ambitos,extremo_vago_declarado,7
los ambitos de,extremo_funcional,2
los ambitos de ciencias,extremo_funcional,1
los ambitos de diseno,extremo_funcional,1
los ambitos del,extremo_funcional,2
los ambitos del diseno,extremo_funcional,2
los ambitos que,extremo_funcional,2
los ambitos que desarrolla,extremo_funcional,1
los ambitos que todo,extremo_funcional,1
los aspectos,extremo_funcional,1
los aspectos legales,extremo_funcional,1
los asuntos,extremo_funcional,1
los asuntos de,extremo_funcional,1
los asuntos de interes,extremo_funcional,1
los avances,extremo_funcional,1
los avances en,extremo_funcional,1
los avances en las,extremo_funcional,1
los clientes,extremo_funcional,1
los conocimientos,extremo_vago_declarado,3
los conocimientos adquiridos,extremo_funcional,2
los conocimientos adquiridos en,extremo_funcional,1
los conocimientos adquiridos y,extremo_funcional,1
los conocimientos de,extremo_funcional,1
los conocimientos de la,extremo_funcional,1
los datos,extremo_funcional,5
los datos digitales,extremo_funcional,1
los datos digitales criticos,extremo_funcional,1
los datos e,extremo_funcional,1
los datos e implementa,extremo_funcional,1
los datos para,extremo_funcional,1
los datos para dar,extremo_vago_declarado,1
los datos y,extremo_funcional,1
los datos y la,extremo_funcional,1
los demas,extremo_funcional,1
los derechos,extremo_funcional,2
los derechos humanos,extremo_funcional,2
los derechos humanos y,extremo_funcional,2
los desafios,extremo_funcional,7
los desafios de,extremo_funcional,3
los desafios de acceso,extremo_funcional,1
los desafios de la,extremo_funcional,1
los desafios de un,extremo_funcional,1
los desafios del,extremo_funcional,2
los desafios del desarrollo,extremo_funcional,1
los desafios del futuro,extremo_funcional,1
los desafios que,extremo_funcional,2
los desafios que le,extremo_funcional,1
los desafios que se,extremo_funcional,1
los desafios tecnologicos,extremo_funcional,1
los distintos,extremo_funcional,1
los distintos agentes,extremo_funcional,1
los distintos agentes que,extremo_funcional,1
los diversos,extremo_vago_declarado,1
los diversos contextos,extremo_funcional,1
los diversos contextos vinculados,extremo_funcional,1
los egresados,extremo_funcional,1
los egresados y,extremo_funcional,1
los egresados y egresadas,extremo_funcional,1
los equipos,extremo_funcional,2
los equipos de,extremo_funcional,1
los equipos de trabajo,extremo_funcional,1
los equipos en,extremo_funcional,1
los equipos en que,extremo_funcional,1
los estandares,extremo_funcional,2
los estandares de,extremo_funcional,2
los estandares de calidad,extremo_funcional,2
los estudiantes,extremo_funcional,1
los estudiantes puedan,extremo_funcional,1
los estudiantes puedan enfrentarse,extremo_funcional,1
los fundamentos,extremo_funcional,2
los fundamentos de,extremo_funcional,1
los fundamentos de la,extremo_funcional,1
los fundamentos eticos,extremo_funcional,1
los fundamentos eticos que,extremo_funcional,1
los ingenieros,extremo_funcional,1
los intereses,extremo_funcional,1
los intereses y,extremo_funcional,1
los intereses y los,extremo_funcional,1
los lagos,extremo_funcional,2
los lagos es,extremo_funcional,1
los lagos es un,extremo_funcional,1
los lagos posee,extremo_funcional,1
los lagos posee las,extremo_funcional,1
los negocios,extremo_funcional,1
los niveles,extremo_funcional,1
los niveles organizacionales,extremo_funcional,1
los niveles organizacionales utilizando,extremo_funcional,1
los objetivos,extremo_funcional,4
los objetivos de,extremo_funcional,1
los objetivos de la,extremo_funcional,1
los objetivos educacionales,extremo_funcional,1
los objetivos educacionales del,extremo_funcional,1
los objetivos estrategicos,extremo_funcional,1
los objetivos estrategicos definidos,extremo_funcional,1
los objetivos organizacionales,extremo_funcional,1
los objetivos organizacionales mediante,extremo_funcional,1
los pilares,extremo_funcional,1
los pilares fundamentales,extremo_funcional,1
los pilares fundamentales de,extremo_funcional,1
los principios,extremo_funcional,4
los principios,segmento_de_identidad_institucional,3
los principios de,extremo_funcional,2
los principios de,segmento_de_identidad_institucional,1
los principios de desarrollo,extremo_funcional,1
los principios de identidad,segmento_de_identidad_institucional,1
los principios de un,extremo_funcional,1
los principios del,segmento_de_identidad_institucional,2
los principios del sello,segmento_de_identidad_institucional,2
los principios humanistas,extremo_funcional,1
los principios humanistas y,extremo_funcional,1
los principios inherentes,extremo_funcional,1
los principios inherentes a,extremo_funcional,1
los problemas,extremo_funcional,4
los problemas de,extremo_funcional,1
los problemas de la,extremo_funcional,1
los problemas del,extremo_funcional,1
los problemas del mundo,extremo_funcional,1
los problemas publicos,extremo_funcional,1
los problemas que,extremo_funcional,1
los problemas que demanda,extremo_funcional,1
los procesos,extremo_funcional,8
los procesos de,extremo_funcional,6
los procesos de distintas,extremo_funcional,1
los procesos de inclusion,extremo_funcional,1
los procesos de ingenieria,extremo_funcional,1
los procesos de la,extremo_funcional,1
los procesos de mejora,extremo_funcional,1
los procesos de transformacion,extremo_funcional,1
los procesos organizacionales,extremo_funcional,1
los profesionales,extremo_funcional,2
los profesionales de,extremo_funcional,1
los profesionales de ingenieria,extremo_funcional,1
los profesionales para,extremo_funcional,1
los profesionales para responder,extremo_funcional,1
los programas,extremo_funcional,1
los programas y,extremo_funcional,1
los programas y proyectos,extremo_funcional,1
los proveedores,extremo_funcional,1
los proveedores de,extremo_funcional,1
los proveedores de los,extremo_funcional,1
los proyectos,extremo_funcional,1
los proyectos en,extremo_funcional,1
los proyectos en que,extremo_funcional,1
los que,extremo_funcional,3
los que logran,extremo_funcional,1
los que logran aplicar,extremo_funcional,1
los que se,extremo_funcional,1
los que se destacan,extremo_funcional,1
los que utiliza,extremo_funcional,1
los que utiliza un,extremo_funcional,1
los recursos,extremo_funcional,5
los recursos con,extremo_funcional,1
los recursos con el,extremo_funcional,1
los recursos humanos,extremo_funcional,1
los recursos informaticos,extremo_funcional,1
los recursos informaticos disponibles,extremo_funcional,1
los recursos tecnologicos,extremo_funcional,2
los recursos tecnologicos de,extremo_funcional,1
los requerimientos,extremo_funcional,8
los requerimientos de,extremo_funcional,6
los requerimientos de cada,extremo_funcional,1
los requerimientos de ese,extremo_funcional,1
los requerimientos de informacion,extremo_funcional,1
los requerimientos de la,extremo_funcional,3
los requerimientos de las,extremo_funcional,1
los requerimientos del,extremo_funcional,3
los requerimientos del cliente,extremo_funcional,1
los requerimientos del entorno,extremo_funcional,1
los requerimientos del mercado,extremo_funcional,1
los requisitos,extremo_funcional,1
los requisitos del,extremo_funcional,1
los requisitos del plan,extremo_funcional,1
los riesgos,extremo_funcional,2
los riesgos asociados,extremo_funcional,1
los riesgos de,extremo_funcional,1
los riesgos de exposicion,extremo_funcional,1
los sectores,extremo_funcional,1
los sectores productivos,extremo_funcional,1
los sectores productivos y,extremo_funcional,1
los sellos,extremo_funcional,1
los sellos y,extremo_funcional,1
los sellos y valores,extremo_funcional,1
los sistemas,extremo_funcional,4
los sistemas computacionales,extremo_funcional,1
los sistemas computacionales y,extremo_funcional,1
los sistemas de,extremo_funcional,3
los sistemas de informacion,extremo_funcional,1
los sistemas de software,extremo_funcional,2
los territorios,extremo_funcional,1
los territorios de,extremo_funcional,1
los territorios de la,extremo_funcional,1
los titulados,extremo_funcional,3
los titulados de,extremo_funcional,2
los titulados de la,extremo_funcional,1
los titulados de santo,extremo_funcional,1
los titulados revelan,extremo_funcional,1
los titulados revelan una,extremo_funcional,1
los titulados y,extremo_funcional,1
los titulados y las,extremo_funcional,1
los ultimos,extremo_funcional,1
los ultimos anos,extremo_funcional,1
los ultimos anos ha,extremo_funcional,1
los usuarios,extremo_funcional,1
los y,extremo_funcional,1
los y las,extremo_funcional,1
los y las estudiantes,extremo_funcional,1
luis ramirez donoso ingeniero,denominacion_grado,1
magister,stopword_o_unigrama_corto,1
magister de,extremo_funcional,1
magister de educacion,contexto_institucional_geografico,1
magister de educacion superior,extremo_generico_declarado,1
magister de gestion,contexto_institucional_geografico,1
magister de gestion de,extremo_funcional,1
magister en,extremo_funcional,1
magister en ciencias,contexto_institucional_geografico,1
magister en ciencias en,extremo_funcional,1
magister en educacion,contexto_institucional_geografico,1
magister en ingenieria,denominacion_grado,1
magister en inteligencia,contexto_institucional_geografico,1
magister en inteligencia artificial,contexto_institucional_geografico,1
magister en seguridad,contexto_institucional_geografico,1
magister en seguridad de,extremo_funcional,1
magister y,extremo_funcional,1
magister y diplomado,expresion_funcional,1
magister y diplomado direccion,expresion_funcional,1
malla curricular campus y,extremo_funcional,1
malla curricular ingenieria,denominacion_grado,1
malla curricular ingenieria en,extremo_funcional,1
manager en,extremo_funcional,1
manager o,extremo_funcional,1
manager o scrum,expresion_funcional,1
manager o scrum master,expresion_funcional,1
mandantes y,extremo_funcional,1
manejo de,extremo_funcional,4
manejo de ingles a,extremo_funcional,1
manejo de las,extremo_funcional,1
manejo de tecnologias de,extremo_funcional,2
manejo del,extremo_funcional,1
manera al,extremo_funcional,1
manera al desarrollo,expresion_funcional,1
manera al desarrollo sostenible,expresion_funcional,1
manera autonoma en,extremo_funcional,1
manera clara y,extremo_funcional,1
manera clara y coherente,expresion_funcional,1
manera efectiva en,extremo_funcional,2
manera efectiva en el,extremo_funcional,1
manera efectiva en la,extremo_funcional,1
manera efectiva mediante el,extremo_funcional,1
manera eficiente,extremo_generico_declarado,2
manera eficiente y,extremo_funcional,2
manera eficiente y contribuir,expresion_funcional,1
manera eficiente y sostenible,expresion_funcional,1
manera independiente como,extremo_funcional,1
manera independiente como prestador,expresion_funcional,1
manera oral y,extremo_funcional,1
manera oral y escrita,expresion_funcional,1
mantencion de,extremo_funcional,2
mantencion de redes de,extremo_funcional,1
mantencion del,extremo_funcional,1
mantencion e,extremo_funcional,1
mantencion e implementacion,expresion_funcional,1
mantencion e implementacion de,extremo_funcional,1
mantencion y,extremo_funcional,3
mantencion y gestion,expresion_funcional,1
mantencion y gestion de,extremo_funcional,1
mantencion y monitoreo,expresion_funcional,2
mantencion y monitoreo tanto,extremo_funcional,2
mantener sistemas de,extremo_funcional,1
mantener sistemas informaticos,denominacion_grado,1
mantener soluciones de,extremo_funcional,1
mantener vigentes sus,extremo_funcional,1
mantener vigentes sus conocimientos,extremo_vago_declarado,1
mantenerse actualizados en,extremo_funcional,1
mantenimiento de,extremo_funcional,3
mantenimiento de sistemas informaticos,denominacion_grado,1
mantenimiento de software de,extremo_funcional,1
marcado espiritu de,extremo_funcional,1
marcado sello valorico cristiano,contexto_institucional_geografico,1
marco de,extremo_funcional,2
marco de compromiso con,extremo_funcional,1
marco del,extremo_funcional,2
marco del proceso de,extremo_funcional,1
marco espanol a,extremo_funcional,1
marco espanol a la,extremo_funcional,1
marcos de,extremo_funcional,2
marcos de trabajo y,extremo_funcional,1
maria se,extremo_funcional,1
maria se forma,expresion_funcional,1
maria se forma para,extremo_funcional,1
maria y,extremo_funcional,1
maria y magister,expresion_funcional,1
maria y magister en,extremo_funcional,1
mas,stopword_o_unigrama_corto,4
mas de,extremo_funcional,1
mas informacion,extremo_funcional,1
mas justa,extremo_funcional,1
mas justa y,extremo_funcional,1
mas justa y equitativa,extremo_funcional,1
mas sustentable,extremo_funcional,1
mas sustentable y,extremo_funcional,1
mas sustentable y sostenible,extremo_funcional,1
matematicamente problemas susceptibles de,extremo_funcional,1
matematicos y,extremo_funcional,1
matematicos y de,extremo_funcional,1
matematicos y de ingenieria,expresion_funcional,1
materializacion de,extremo_funcional,1
materializacion de una,extremo_funcional,1
materializacion de una amenaza,expresion_funcional,1
materna como,extremo_funcional,1
materna como en,extremo_funcional,1
materna como en el,extremo_funcional,1
mayor es,extremo_funcional,1
mayor es un,extremo_funcional,1
me,stopword_o_unigrama_corto,1
me desempeno,extremo_funcional,1
me desempeno como,extremo_funcional,1
me desempeno como delivery,extremo_funcional,1
mecanismos que,extremo_funcional,1
mecanismos que integren,expresion_funcional,1
mecanismos que integren equipos,expresion_funcional,1
mediana envergadura de,extremo_funcional,1
mediante el,extremo_funcional,5
mediante el ejercicio de,extremo_funcional,1
mediante el uso de,extremo_funcional,2
mediante la,extremo_funcional,2
mediante la aplicacion de,extremo_funcional,1
mediante la mejora de,extremo_funcional,1
mediante su,extremo_funcional,1
mediante su trabajo,expresion_funcional,1
mediante su trabajo aporta,expresion_funcional,1
mediante tecnicas de,extremo_funcional,1
medidas de,extremo_funcional,1
medidas de seguridad y,extremo_funcional,1
medio ambiente y,extremo_funcional,2
medio ambiente y ejerce,expresion_funcional,1
medio ambiente y la,extremo_funcional,1
medio de,extremo_funcional,3
medio de la,extremo_funcional,2
medio de marcos de,extremo_funcional,1
medio del,extremo_funcional,1
medio del conocimiento,extremo_vago_declarado,1
medio para,extremo_funcional,1
medio para el,extremo_funcional,1
medioambiental de,extremo_funcional,1
medioambiental de la,extremo_funcional,1
medioambientales y,extremo_funcional,1
medioambientales y eticos,expresion_funcional,1
medios en,extremo_funcional,1
medios en diversos,extremo_vago_declarado,1
mejor entendimiento de,extremo_funcional,1
mejora continua de,extremo_funcional,1
mejora continua de las,extremo_funcional,1
mejora continua en,extremo_funcional,1
mejora continua en las,extremo_funcional,1
mejora continua y,extremo_funcional,2
mejora continua y buenas,expresion_funcional,1
mejora continua y el,extremo_funcional,1
mejora de,extremo_funcional,6
mejora de calidad de,extremo_funcional,1
mejora de procesos de,extremo_funcional,1
mejora de resultados de,extremo_funcional,1
mejora el,extremo_funcional,1
mejora el avance de,extremo_funcional,1
mejora y,extremo_funcional,2
mejora y automatizacion,expresion_funcional,1
mejora y automatizacion de,extremo_funcional,1
mejora y gestion,expresion_funcional,1
mejora y gestion en,extremo_funcional,1
mejoramiento continuo,extremo_generico_declarado,1
mejoramiento continuo en,extremo_funcional,1
mejoramiento continuo en el,extremo_funcional,1
mejorar el,extremo_funcional,1
mejorar el desempeno de,extremo_funcional,1
mejorar la,extremo_funcional,1
mejorar la calidad de,extremo_funcional,1
mejorar productos y,extremo_funcional,1
mejorar productos y procesos,expresion_funcional,1
mejorar su,extremo_funcional,1
mejorar su eficiencia,expresion_funcional,1
mejoras continuas en,extremo_funcional,1
mejoras continuas en el,extremo_funcional,1
mejoras de,extremo_funcional,1
mejores formas de,extremo_funcional,1
mejores practicas de,extremo_funcional,1
mejores practicas de la,extremo_funcional,1
mencion curriculum y,extremo_funcional,1
mencion curriculum y evaluacion,expresion_funcional,1
mencion en,extremo_funcional,1
mencion en desarrollo de,extremo_funcional,1
mencion informatica,denominacion_grado,1
mercado laboral y,extremo_funcional,1
mercado laboral y desarrollarte,expresion_funcional,1
metodo sistematico en,extremo_funcional,1
metodo sistematico en el,extremo_funcional,1
metodologia agil que,extremo_funcional,1
metodologia agil que incorpora,expresion_funcional,1
metodologias adecuadas a,extremo_funcional,1
metodologias adecuadas a cada,expresion_funcional,1
metodologias agiles de,extremo_funcional,1
metodologias agiles para,extremo_funcional,1
metodologias de,extremo_funcional,4
metodologias de gestion de,extremo_funcional,1
metodologias de investigacion en,extremo_funcional,1
metodologias de la,extremo_funcional,1
metodologias de la ingenieria,denominacion_grado,1
metodologias de vanguardia y,extremo_funcional,1
metodologias en,extremo_funcional,1
metodologias en el,extremo_funcional,1
metodologias que,extremo_funcional,1
metodologias que promueven,expresion_funcional,1
metodologias que promueven la,extremo_funcional,1
metodologias y,extremo_funcional,1
metodologias y herramientas,expresion_funcional,1
metodologias y herramientas de,extremo_funcional,1
metodologica de,extremo_funcional,1
metodologicas de,extremo_funcional,1
metodologicas de la,extremo_funcional,1
metodologicas de la ingenieria,denominacion_grado,1
metodos sistematicos teoricos y,extremo_funcional,1
metropolitana es,extremo_funcional,1
metropolitana es un,extremo_funcional,1
metropolitana posee,extremo_generico_declarado,1
metropolitana posee una,extremo_funcional,1
metropolitana posee una solida,expresion_funcional,1
metropolitana puede desempenarse en,extremo_funcional,1
metropolitana sur y,extremo_funcional,1
metropolitana sur y el,extremo_funcional,1
mexico y,extremo_funcional,1
mexico y peru,expresion_funcional,1
mg,fragmento_corto_no_reconocido,1
microsoft azure sc,fragmento_corto_no_reconocido,1
mineras y,extremo_funcional,1
mineras y de,extremo_funcional,1
mineras y de salud,expresion_funcional,1
mineria de,extremo_funcional,2
mineria de datos para,extremo_funcional,1
mirada en,extremo_funcional,1
mirada en la,extremo_funcional,1
mirada etica y,extremo_funcional,1
mirada etica y competencias,expresion_funcional,1
mision de,extremo_funcional,1
mision de la,extremo_funcional,1
mision de la universidad,contexto_institucional_geografico,1
misma disciplina,extremo_funcional,1
misma disciplina u,fragmento_corto_no_reconocido,1
misma disciplina u otra,fragmento_corto_no_reconocido,1
mismo tiempo,extremo_funcional,2
mismo tiempo capaces,extremo_funcional,1
mismo tiempo capaces de,extremo_funcional,1
mismo tiempo que,extremo_funcional,1
mismo tiempo que habilidades,extremo_funcional,1
mistral es,extremo_funcional,1
mistral es un,extremo_funcional,1
mistral es un profesional,expresion_funcional,1
mixto le,extremo_funcional,1
mixto le permite,expresion_funcional,1
mixto le permite analizar,expresion_funcional,1
modalidad no,extremo_funcional,1
modalidad no presencial,expresion_funcional,1
modalidad no presencial y,extremo_funcional,1
modalidad presencial formando al,extremo_funcional,1
modela sistemas y,extremo_funcional,1
modela sistemas y procesos,expresion_funcional,1
modelamiento de,extremo_funcional,1
modelar procesos y,extremo_funcional,1
modelar procesos y datos,expresion_funcional,1
modelar sistemas informaticos,denominacion_grado,1
modelar sistemas informaticos complejos,denominacion_grado,1
modelar y,extremo_funcional,3
modelar y analizar,expresion_funcional,1
modelar y analizar grandes,expresion_funcional,1
modelar y extraer,expresion_funcional,1
modelar y extraer conocimientos,extremo_vago_declarado,1
modelar y formalizar,expresion_funcional,1
modelar y formalizar matematicamente,expresion_funcional,1
modelo de,extremo_funcional,1
modelo de negocios en,extremo_funcional,1
modelo educativo de,extremo_funcional,1
modelos abstractos de,extremo_funcional,1
modelos abstractos de una,extremo_funcional,1
modelos de,extremo_funcional,4
modelos de arquitectura de,extremo_funcional,1
modelos de servicios y,extremo_funcional,2
monitorear y,extremo_funcional,1
monitorear y evaluar,expresion_funcional,1
monitorear y evaluar pruebas,expresion_funcional,1
monitoreo tanto,extremo_funcional,2
monitoreo tanto de,extremo_funcional,2
monitoreo tanto de bases,expresion_funcional,2
montt camino a,extremo_funcional,1
montt camino a chinquihue,expresion_funcional,1
moran heredia ingeniero,denominacion_grado,1
moran heredia ingeniero de,extremo_funcional,1
motivacion por,extremo_funcional,1
motivacion por un,extremo_funcional,1
motivacion por un autoaprendizaje,expresion_funcional,1
multi e,extremo_funcional,2
multi e interdisciplinarios,expresion_funcional,2
multi e interdisciplinarios y,extremo_funcional,1
multiculturales e,extremo_funcional,1
multiculturales e interdisciplinares,expresion_funcional,1
multidisciplinarios en,extremo_funcional,3
multidisciplinarios en diversas,extremo_vago_declarado,1
multidisciplinarios en la,extremo_funcional,1
multidisciplinarios para,extremo_funcional,2
multidisciplinarios para el,extremo_funcional,1
multidisciplinarios que,extremo_funcional,1
multidisciplinarios que permitan,expresion_funcional,1
multidisciplinarios que permitan garantizar,expresion_funcional,1
multidisciplinarios respetando la,extremo_funcional,1
multidisciplinarios y,extremo_funcional,4
multidisciplinarios y apoyar,expresion_funcional,1
multidisciplinarios y apoyar la,extremo_funcional,1
multidisciplinarios y comunicar,expresion_funcional,1
multidisciplinarios y comunicar efectivamente,expresion_funcional,1
multidisciplinarios y multiculturales,expresion_funcional,1
multidisciplinarios y resolver,expresion_funcional,1
multidisciplinarios y resolver problemas,expresion_funcional,1
multiplataforma e,extremo_funcional,1
multiplataforma e integracion,expresion_funcional,1
multiplataforma e integracion de,extremo_funcional,1
multiples temas relacionados con,extremo_funcional,1
mundo,segmento_de_identidad_institucional,3
mundo complejo y,extremo_funcional,1
mundo complejo y dinamico,expresion_funcional,1
mundo del,extremo_funcional,2
mundo del trabajo y,extremo_funcional,1
mundo mas,extremo_funcional,1
mundo mas sustentable,expresion_funcional,1
mundo mas sustentable y,extremo_funcional,1
mundo privado se,extremo_funcional,1
mundo privado se desempena,expresion_funcional,1
mundo social y,extremo_funcional,1
mundo social y productivo,expresion_funcional,1
mundo y,segmento_de_identidad_institucional,3
mundo y de,segmento_de_identidad_institucional,3
mundo y de la,segmento_de_identidad_institucional,3
mutua con,extremo_funcional,1
nacional como,extremo_funcional,1
nacional como internacional,expresion_funcional,1
nacional de,extremo_funcional,1
nacional del,extremo_funcional,1
nacional del consumidor y,extremo_funcional,1
nacional duoc uc,fragmento_corto_no_reconocido,1
nacional e,extremo_funcional,1
nacional e internacional,expresion_funcional,1
nacional y,extremo_funcional,1
nacional y bajo,expresion_funcional,1
nacional y bajo estandares,expresion_funcional,1
nacionales como,extremo_funcional,1
nacionales como extranjeras,expresion_funcional,1
nacionales e,extremo_funcional,1
nacionales e internacionales,expresion_funcional,1
necesarias para,extremo_funcional,2
necesarias para el,extremo_funcional,1
necesarias para la,extremo_funcional,1
necesidades actuales de,extremo_funcional,1
necesidades actuales de la,extremo_funcional,1
necesidades de,extremo_funcional,9
necesidades de la,extremo_funcional,4
necesidades de las,extremo_funcional,3
necesidades de organizaciones en,extremo_funcional,1
necesidades de sus,extremo_funcional,1
necesidades de sus diversos,extremo_vago_declarado,1
necesidades del,extremo_funcional,2
necesidades e,extremo_funcional,1
necesidades e intereses,expresion_funcional,1
necesidades e intereses generales,expresion_funcional,1
necesidades emergentes del,extremo_funcional,1
necesidades tecnologicas de,extremo_funcional,1
necesidades tecnologicas de las,extremo_funcional,1
necesidades y,extremo_funcional,1
necesidades y resolver,expresion_funcional,1
necesidades y resolver problemas,expresion_funcional,1
necesita ingenieros,denominacion_grado,1
necesita ingenieros e,extremo_funcional,1
necesita ingenieros e ingenieras,expresion_funcional,1
negocio en,extremo_funcional,2
negocio en el,extremo_funcional,1
negocio en organizaciones o,extremo_funcional,1
negocio y,extremo_funcional,1
negocio y continuar,expresion_funcional,1
negocio y continuar estudios,expresion_funcional,1
negocios basados en,extremo_funcional,1
negocios e,extremo_funcional,1
negocios e industria,expresion_funcional,1
negocios en,extremo_funcional,1
negocios en el,extremo_funcional,1
negocios en el ambito,extremo_vago_declarado,1
negocios y,extremo_funcional,1
negocios y tecnologia,expresion_funcional,1
negocios y tecnologia ofrece,expresion_funcional,1
nibaldo roncagliolo de,extremo_funcional,1
nibaldo roncagliolo de la,extremo_funcional,1
nivel academico y,extremo_funcional,1
nivel academico y en,extremo_funcional,1
nivel de,extremo_funcional,2
nivel de abstraccion en,extremo_funcional,1
nivel formativo carrera,identidad_institucional_declarada,1
nivel formativo carrera profesional,identidad_institucional_declarada,1
nivel individual como,extremo_funcional,1
nivel individual como en,extremo_funcional,1
nivel local o,extremo_funcional,1
nivel local o global,expresion_funcional,1
nivel nacional como,extremo_funcional,1
nivel nacional como internacional,expresion_funcional,1
nivel nacional y,extremo_funcional,1
nivel nacional y bajo,expresion_funcional,1
nivel regional como,extremo_funcional,1
nivel regional como nacional,expresion_funcional,1
nivel superior,extremo_generico_declarado,1
nivel superior el,extremo_funcional,1
nivel superior el egresado,extremo_generico_declarado,1
niveles de,extremo_funcional,1
niveles operativos hasta,extremo_funcional,1
niveles operativos hasta gerenciales,expresion_funcional,1
niveles organizacionales utilizando la,extremo_funcional,1
nlp y,extremo_funcional,1
nlp y genia,expresion_funcional,1
no,stopword_o_unigrama_corto,4
no disponible,extremo_funcional,1
no disponible admision,extremo_funcional,1
no estructurados,extremo_funcional,1
no gubernamentales,extremo_funcional,1
no presencial,extremo_funcional,1
no presencial y,extremo_funcional,1
no presencial y posee,extremo_funcional,1
no relacionales,extremo_funcional,1
normas y,extremo_funcional,3
normas y estandares,expresion_funcional,1
normas y estandares de,extremo_funcional,1
normas y la,extremo_funcional,1
normas y la normativa,expresion_funcional,1
normas y legislacion,expresion_funcional,1
normas y legislacion vigente,expresion_funcional,1
normativa legal vigente y,extremo_funcional,1
normativa y,extremo_funcional,1
normativa y legislacion,expresion_funcional,1
normativa y legislacion vigente,expresion_funcional,1
normativos y,extremo_funcional,1
normativos y los,extremo_funcional,1
normativos y los distintos,expresion_funcional,1
norte tiene,extremo_funcional,2
norte tiene el,extremo_funcional,2
norte tiene el siguiente,expresion_funcional,2
ntt data y,extremo_funcional,1
ntt data y transtecnia,expresion_funcional,1
nuestra carrera,identidad_institucional_declarada,2
nuestra carrera es,identidad_institucional_declarada,1
nuestra carrera es formar,identidad_institucional_declarada,1
nuestra sociedad a,extremo_funcional,1
nuestra sociedad a traves,expresion_funcional,1
nuestras ingenieras,denominacion_grado,1
nuestras ingenieras e,extremo_funcional,1
nuestras ingenieras e ingenieros,expresion_funcional,1
nuestro objetivo como,extremo_funcional,1
nuestro objetivo como facultad,expresion_funcional,1
nuestros,segmento_con_indicios_de_menu,1
nuestros alumnos se,extremo_funcional,1
nuestros alumnos se identifican,expresion_funcional,1
nuestros campus,segmento_con_indicios_de_menu,1
nuestros campus y,segmento_con_indicios_de_menu,1
nuestros campus y su,segmento_con_indicios_de_menu,1
nuestros profesionales en,extremo_funcional,1
nuestros profesionales en su,extremo_funcional,1
nuestros profesionales es,extremo_funcional,1
nuestros profesionales es amplio,expresion_funcional,1
nueva forma del,extremo_funcional,1
nuevas situaciones con,extremo_funcional,1
nuevas situaciones con el,extremo_funcional,1
nuevas tecnologias de,extremo_funcional,1
nuevas tecnologias en,extremo_funcional,1
nuevas tecnologias relacionadas al,extremo_funcional,1
nuevas tecnologias y,extremo_funcional,1
nuevas tecnologias y entregar,expresion_funcional,1
nuevas vias de,extremo_funcional,1
nuevas y,extremo_funcional,1
nuevas y mejores,expresion_funcional,1
nuevas y mejores formas,expresion_funcional,1
nuevo perfil de,extremo_funcional,1
nuevo profesional tenga las,extremo_funcional,1
nuevos conocimientos,extremo_vago_declarado,3
nuevos conocimientos y,extremo_funcional,1
nuevos conocimientos y competencias,expresion_funcional,1
nuevos modelos de,extremo_funcional,1
o,stopword_o_unigrama_corto,31
o actualizar,extremo_funcional,1
o actualizar procesos,extremo_funcional,1
o actualizar procesos de,extremo_funcional,1
o ambientales,extremo_funcional,1
o asesor,extremo_funcional,1
o asesor en,extremo_funcional,1
o asesor en el,extremo_funcional,1
o asesorias,extremo_funcional,1
o asesorias de,extremo_funcional,1
o asesorias de consultoria,extremo_funcional,1
o consultor,extremo_funcional,1
o consultor en,extremo_funcional,1
o consultor en el,extremo_funcional,1
o convalidacion,extremo_funcional,1
o convalidacion de,extremo_funcional,1
o convalidacion de estas,extremo_funcional,1
o crear,extremo_funcional,1
o crear empresas,extremo_funcional,1
o crear empresas tecnologicas,extremo_funcional,1
o de,extremo_funcional,4
o de forma,extremo_funcional,2
o de forma independiente,extremo_funcional,2
o de postgrado,extremo_funcional,1
o de postgrado en,extremo_funcional,1
o de sus,extremo_funcional,1
o de sus propios,extremo_funcional,1
o debe,extremo_funcional,1
o debe desarrollar,extremo_funcional,1
o debe desarrollar competencias,extremo_funcional,1
o desarrollo,extremo_funcional,1
o desarrollo de,extremo_funcional,1
o desarrollo de soluciones,extremo_funcional,1
o diplomados,extremo_funcional,1
o diplomados de,extremo_funcional,1
o diplomados de educacion,extremo_funcional,1
o el,extremo_funcional,1
o el ingeniero,extremo_funcional,1
o el ingeniero en,extremo_funcional,1
o el profesional,extremo_funcional,1
o el profesional ingeniero,extremo_funcional,1
o emprender,extremo_funcional,1
o emprender sus,extremo_funcional,1
o emprender sus propios,extremo_funcional,1
o emprendimientos,extremo_funcional,1
o en,extremo_funcional,1
o en sus,extremo_funcional,1
o en sus propios,extremo_funcional,1
o esta,extremo_funcional,1
o esta profesional,extremo_funcional,1
o esta profesional solucionar,extremo_funcional,1
o funcionarios,extremo_funcional,1
o funcionarios de,extremo_funcional,1
o funcionarios de instituciones,extremo_funcional,1
o global,extremo_funcional,1
o global en,extremo_funcional,1
o global en el,extremo_funcional,1
o grupos,extremo_funcional,2
o grupos en,extremo_funcional,2
o grupos en cualquier,extremo_funcional,2
o ingeniera,extremo_funcional,2
o ingeniera civil,extremo_funcional,2
o ingeniera civil en,extremo_funcional,2
o ingenieria,extremo_funcional,1
o ingenieria civil,extremo_funcional,1
o ingenieria civil en,extremo_funcional,1
o ingeniero,extremo_funcional,1
o ingeniero en,extremo_funcional,1
o ingeniero en informatica,extremo_funcional,1
o ingles,extremo_funcional,1
o la,extremo_funcional,3
o la egresado,extremo_funcional,1
o la ingeniera,extremo_funcional,1
o la ingeniera civil,extremo_funcional,1
o la profesional,extremo_funcional,1
o la profesional podra,extremo_funcional,1
o las,extremo_funcional,1
o las gerencias,extremo_funcional,1
o las gerencias informaticas,extremo_funcional,1
o liderar,extremo_funcional,1
o liderar equipos,extremo_funcional,1
o liderar equipos multidisciplinarios,extremo_funcional,1
o necesidades,extremo_funcional,1
o necesidades de,extremo_funcional,1
o necesidades de la,extremo_funcional,1
o necesidades de las,extremo_funcional,1
o no,extremo_funcional,1
o no estructurados,extremo_funcional,1
o plan,extremo_funcional,1
o plan comun,extremo_funcional,1
o plan comun ingenieria,extremo_funcional,1
o privadas,extremo_funcional,4
o privadas del,extremo_funcional,1
o privadas del ambito,extremo_vago_declarado,1
o privadas tanto,extremo_funcional,1
o privadas tanto nacionales,extremo_funcional,1
o privado,extremo_funcional,1
o problemas,extremo_funcional,1
o problemas de,extremo_funcional,1
o problemas de desempeno,extremo_funcional,1
o produccion,extremo_funcional,1
o produccion de,extremo_funcional,1
o produccion de soluciones,extremo_funcional,1
o productos,extremo_funcional,1
o productos para,extremo_funcional,1
o productos para generar,extremo_funcional,1
o programa,extremo_funcional,1
o programa de,extremo_funcional,1
o programa de ingenieria,extremo_funcional,1
o proveen,extremo_funcional,1
o proveen productos,extremo_funcional,1
o proveen productos y,extremo_funcional,1
o scrum,extremo_funcional,1
o scrum master,extremo_funcional,1
o servicios,extremo_funcional,2
o servicios afines,extremo_funcional,1
o servicios tecnicos,extremo_funcional,1
o situaciones,extremo_funcional,1
o situaciones de,extremo_funcional,1
o situaciones de diversa,extremo_vago_declarado,1
o sociedad,extremo_funcional,1
o tic,extremo_funcional,1
o un,extremo_funcional,1
o un mejor,extremo_funcional,1
o un mejor entendimiento,extremo_funcional,1
o una,extremo_funcional,1
o una profesional,extremo_funcional,1
o una profesional del,extremo_funcional,1
o usuarios,extremo_funcional,1
objetivo como,extremo_funcional,1
objetivo como facultad,expresion_funcional,1
objetivo de,extremo_funcional,1
objetivos con,extremo_funcional,1
objetivos de,extremo_funcional,1
objetivos de la,extremo_funcional,1
objetivos educacionales del,extremo_funcional,1
objetivos estrategicos de,extremo_funcional,1
objetivos estrategicos de las,extremo_funcional,1
objetivos estrategicos definidos en,extremo_funcional,1
observa la,extremo_funcional,1
obtenidas durante,extremo_funcional,1
obtenidas durante sus,extremo_funcional,1
obtenidas durante sus estudios,expresion_funcional,1
ocupacion en,extremo_funcional,1
ocupacion en el,extremo_funcional,1
ocupacional de,extremo_funcional,1
ocupacional de este,extremo_funcional,1
ocupacional el,extremo_funcional,2
ocupando cargos de,extremo_funcional,1
ocupar cargos ejecutivos en,extremo_funcional,1
ofrece este,extremo_funcional,1
ofrece este programa,expresion_funcional,1
ofrece este programa en,extremo_funcional,1
ofreciendo un,extremo_funcional,1
ofreciendo un amplio,expresion_funcional,1
ofreciendo un amplio abanico,expresion_funcional,1
opcion de,extremo_funcional,1
opcion de homologacion o,extremo_funcional,1
opera sistemas computacionales e,extremo_funcional,1
opera sistemas de,extremo_funcional,1
operacion de,extremo_funcional,1
operacion de sistemas informaticos,denominacion_grado,1
operacion y,extremo_funcional,2
operacion y mantenimiento,expresion_funcional,2
operacion y mantenimiento de,extremo_funcional,2
operar proyectos informaticos,denominacion_grado,1
operar proyectos informaticos en,extremo_funcional,1
operar sistemas informaticos,denominacion_grado,2
operar sistemas informaticos por,extremo_funcional,1
operar sistemas informaticos y,extremo_funcional,1
operar y,extremo_funcional,1
operar y mantener,expresion_funcional,1
operar y mantener sistemas,expresion_funcional,1
operativa de,extremo_funcional,1
operativa de la,extremo_funcional,1
operativa y,extremo_funcional,2
operativa y la,extremo_funcional,2
operativa y la mejora,expresion_funcional,1
operativa y la transformacion,expresion_funcional,1
operativo y,extremo_funcional,1
operativo y su,extremo_funcional,1
operativo y su interaccion,expresion_funcional,1
operativos hasta,extremo_funcional,1
operativos hasta gerenciales,expresion_funcional,1
oportunidades de,extremo_funcional,2
oportunidades de negocio en,extremo_funcional,1
oportunidades en,extremo_funcional,1
oportunidades en areas de,extremo_funcional,1
oportunidades laborales en,extremo_funcional,1
oportunidades laborales en diversas,extremo_vago_declarado,1
oportunidades para,extremo_funcional,1
oportunidades para mejorar el,extremo_funcional,1
oportunidades y,extremo_funcional,2
oportunidades y considerar,expresion_funcional,1
oportunidades y considerar los,extremo_funcional,1
oportunidades y desafios,expresion_funcional,1
oportunidades y desafios para,extremo_funcional,1
optimacion e,extremo_funcional,1
optimacion e innovacion,expresion_funcional,1
optimacion e innovacion en,extremo_funcional,1
optimas e,extremo_funcional,1
optimas e innovadoras,expresion_funcional,1
optimas e innovadoras a,extremo_funcional,1
optimizacion de,extremo_funcional,2
optimizacion de sistemas y,extremo_funcional,1
optimizando los,extremo_funcional,1
optimizando los recursos informaticos,denominacion_grado,1
optimizar los,extremo_funcional,1
optimizar o,extremo_funcional,1
optimizar o actualizar,expresion_funcional,1
optimizar o actualizar procesos,expresion_funcional,1
optimizar sus,extremo_funcional,1
optimizar sus procesos,expresion_funcional,1
optimizar sus procesos y,extremo_funcional,1
optimo de,extremo_funcional,1
optimo de hardware y,extremo_funcional,1
oral y,extremo_funcional,5
oral y escrita,expresion_funcional,5
oral y escrita en,extremo_funcional,1
orden y,extremo_funcional,2
orden y constancia,expresion_funcional,1
orden y eficiencia,expresion_funcional,1
organismos gubernamentales y,extremo_funcional,1
organismos gubernamentales y no,extremo_funcional,1
organismos publicos y,extremo_funcional,1
organismos publicos y privados,expresion_funcional,1
organizacion como,extremo_funcional,1
organizacion como directivo,expresion_funcional,1
organizacion como directivo de,extremo_funcional,1
organizacion desarrollando soluciones en,extremo_funcional,1
organizacion en,extremo_funcional,4
organizacion en funcion de,extremo_funcional,1
organizacion en la,extremo_funcional,1
organizacion en la que,extremo_funcional,1
organizacion en que,extremo_funcional,1
organizacion en que se,extremo_funcional,1
organizacion para,extremo_funcional,1
organizacion para resguardar su,extremo_funcional,1
organizacion y,extremo_funcional,1
organizacion y la,extremo_funcional,1
organizacion y la mejora,expresion_funcional,1
organizacional con,extremo_funcional,1
organizacional en,extremo_funcional,1
organizacional en el,extremo_funcional,1
organizacional en el ambito,extremo_vago_declarado,1
organizacional mediante el,extremo_funcional,1
organizacional y,extremo_funcional,1
organizacional y su,extremo_funcional,1
organizacional y su disposicion,expresion_funcional,1
organizacionales diversos,extremo_vago_declarado,1
organizacionales para,extremo_funcional,1
organizacionales utilizando la,extremo_funcional,1
organizacionales utilizando la informatica,denominacion_grado,1
organizacionales y,extremo_funcional,2
organizacionales y de,extremo_funcional,1
organizacionales y de proyectos,expresion_funcional,1
organizacionales y sociales,expresion_funcional,1
organizacionales y sociales que,extremo_funcional,1
organizaciones a,extremo_funcional,1
organizaciones a traves,expresion_funcional,1
organizaciones a traves del,extremo_funcional,1
organizaciones de,extremo_funcional,5
organizaciones de cualquier,extremo_funcional,2
organizaciones de cualquier rubro,expresion_funcional,1
organizaciones de cualquier tipo,expresion_funcional,1
organizaciones de produccion de,extremo_funcional,1
organizaciones de todo,extremo_funcional,1
organizaciones de todo tipo,expresion_funcional,1
organizaciones del,extremo_funcional,3
organizaciones en,extremo_funcional,4
organizaciones en las,extremo_funcional,1
organizaciones en las que,extremo_funcional,1
organizaciones en que,extremo_funcional,1
organizaciones en que se,extremo_funcional,1
organizaciones nacionales e,extremo_funcional,1
organizaciones nacionales e internacionales,expresion_funcional,1
organizaciones o,extremo_funcional,1
organizaciones o emprendimientos,expresion_funcional,1
organizaciones para,extremo_funcional,1
organizaciones para el,extremo_funcional,1
organizaciones publicas o,extremo_funcional,3
organizaciones publicas o privadas,expresion_funcional,3
organizaciones y,extremo_funcional,3
organizaciones y a,extremo_funcional,1
organizaciones y a su,extremo_funcional,1
organizaciones y emprendimientos,expresion_funcional,1
organizaciones y evidenciando,expresion_funcional,1
organizaciones y evidenciando las,extremo_funcional,1
orienta a,extremo_funcional,1
orienta a desarrollar,expresion_funcional,1
orienta a desarrollar soluciones,expresion_funcional,1
orienta su,extremo_funcional,1
orienta su quehacer,expresion_funcional,1
orienta su quehacer en,extremo_funcional,1
orientacion a,extremo_funcional,1
orientacion a sus,extremo_funcional,1
orientacion a sus clientes,expresion_funcional,1
orientacion al,extremo_funcional,1
orientacion al cliente,expresion_funcional,1
orientada a,extremo_funcional,2
orientada a la,extremo_funcional,1
orientada a la innovacion,expresion_funcional,1
orientada a reconocer,expresion_funcional,1
orientada a reconocer y,extremo_funcional,1
orientada al,extremo_funcional,2
orientada al uso,expresion_funcional,1
orientada al uso de,extremo_funcional,1
orientada al usuario,expresion_funcional,1
orientada al usuario y,extremo_funcional,1
orientadas al,extremo_funcional,1
orientadas al aprendizaje,expresion_funcional,1
orientadas al aprendizaje continuo,expresion_funcional,1
orientado a,extremo_funcional,2
orientado a la,extremo_funcional,1
orientado a la gestion,expresion_funcional,1
orientado a un,extremo_funcional,1
orientado a un alto,extremo_vago_declarado,1
orientado al,extremo_funcional,2
orientado al desarrollo,expresion_funcional,1
orientado al desarrollo de,extremo_funcional,1
orientado al servicio,expresion_funcional,1
orientado al servicio de,extremo_funcional,1
orientados al,extremo_funcional,1
orientados al desarrollo,expresion_funcional,1
orientados al desarrollo disciplinar,expresion_funcional,1
orientando su,extremo_funcional,1
orientando su funcionamiento,expresion_funcional,1
orientando su funcionamiento al,extremo_funcional,1
otorga el,extremo_funcional,2
otorga el grado de,extremo_funcional,1
otorga las,extremo_funcional,1
otorga una,extremo_funcional,1
otorga una vision,expresion_funcional,1
otorga una vision de,extremo_funcional,1
otros conocimientos,extremo_vago_declarado,1
otros conocimientos y,extremo_funcional,1
otros conocimientos y emplear,expresion_funcional,1
otros relacionados a,extremo_funcional,1
otros relacionados a las,extremo_funcional,1
paquetes de,extremo_funcional,1
para,stopword_o_unigrama_corto,50
para actualizar,extremo_funcional,1
para actualizar y,extremo_funcional,1
para actualizar y profundizar,extremo_funcional,1
para actuar,extremo_funcional,1
para actuar responsablemente,extremo_funcional,1
para analizar,extremo_funcional,2
para analizar informacion,extremo_funcional,1
para analizar y,extremo_funcional,1
para analizar y disenar,extremo_funcional,1
para aplicar,extremo_funcional,5
para aplicar conocimientos,extremo_vago_declarado,1
para aplicar conocimientos en,extremo_funcional,1
para aplicar el,extremo_funcional,1
para aplicar el conocimiento,extremo_vago_declarado,1
para aplicar las,extremo_funcional,1
para aplicar las ciencias,extremo_funcional,1
para aplicar principios,extremo_funcional,1
para aplicar principios de,extremo_funcional,1
para aplicar soluciones,extremo_funcional,1
para aplicar soluciones de,extremo_funcional,1
para aplicar un,extremo_funcional,1
para aplicar un cuerpo,extremo_funcional,1
para aplicarlas,extremo_funcional,1
para aplicarlas en,extremo_funcional,1
para aplicarlas en la,extremo_funcional,1
para apoyar,extremo_funcional,4
para apoyar el,extremo_funcional,1
para apoyar el desarrollo,extremo_funcional,1
para apoyar estrategicamente,extremo_funcional,1
para apoyar estrategicamente la,extremo_funcional,1
para apoyar la,extremo_funcional,1
para apoyar la toma,extremo_vago_declarado,1
para apoyar objetivos,extremo_funcional,1
para apoyar objetivos estrategicos,extremo_funcional,1
para aquellos,extremo_funcional,1
para aquellos que,extremo_funcional,1
para aquellos que se,extremo_funcional,1
para asegurar,extremo_funcional,1
para asegurar el,extremo_funcional,1
para asegurar el cumplimiento,extremo_funcional,1
para chile,extremo_funcional,1
para comprender,extremo_funcional,1
para comprender la,extremo_funcional,1
para comprender la problematica,extremo_funcional,1
para comunicarse,extremo_funcional,3
para comunicarse a,extremo_funcional,1
para comunicarse a traves,extremo_funcional,1
para comunicarse de,extremo_funcional,1
para comunicarse de manera,extremo_funcional,1
para comunicarse y,extremo_funcional,1
para comunicarse y desenvolverse,extremo_funcional,1
para concebir,extremo_funcional,1
para construir,extremo_funcional,1
para construir otros,extremo_funcional,1
para construir otros conocimientos,extremo_vago_declarado,1
para contribuir,extremo_funcional,1
para contribuir a,extremo_funcional,1
para contribuir a nivel,extremo_funcional,1
para crear,extremo_funcional,3
para crear soluciones,extremo_funcional,1
para crear soluciones eficientes,extremo_funcional,1
para crear y,extremo_funcional,2
para crear y administrar,extremo_funcional,1
para crear y liderar,extremo_funcional,1
para cumplir,extremo_funcional,1
para cumplir con,extremo_funcional,1
para cumplir con los,extremo_funcional,1
para dar,extremo_vago_declarado,4
para dar respuesta,extremo_funcional,1
para dar respuesta a,extremo_funcional,1
para dar respuestas,extremo_funcional,1
para dar respuestas eficientes,extremo_funcional,1
para dar soluciones,extremo_funcional,2
para dar soluciones a,extremo_funcional,1
para dar soluciones tecnologicas,extremo_funcional,1
para desarrollar,extremo_funcional,5
para desarrollar iniciativas,extremo_funcional,1
para desarrollar iniciativas transformadoras,extremo_funcional,1
para desarrollar soluciones,extremo_funcional,3
para desarrollar soluciones de,extremo_funcional,1
para desarrollar soluciones tecnologicas,extremo_funcional,2
para desarrollar y,extremo_funcional,1
para desarrollar y administrar,extremo_funcional,1
para desempenarse,extremo_funcional,2
para desempenarse como,extremo_funcional,1
para desempenarse como jefe,extremo_funcional,1
para desempenarse en,extremo_funcional,1
para desempenarse en los,extremo_funcional,1
para desenvolverse,extremo_funcional,1
para desenvolverse en,extremo_funcional,1
para desenvolverse en diversos,extremo_vago_declarado,1
para detectar,extremo_funcional,1
para detectar oportunidades,extremo_funcional,1
para detectar oportunidades y,extremo_funcional,1
para disenar,extremo_funcional,4
para disenar y,extremo_funcional,1
para disenar y desarrollar,extremo_funcional,1
para el,extremo_funcional,12
para el buen,extremo_funcional,1
para el buen uso,extremo_funcional,1
para el desarrollo,extremo_funcional,6
para el desarrollo de,extremo_funcional,4
para el desarrollo individual,extremo_funcional,1
para el desarrollo y,extremo_funcional,1
para el diseno,extremo_funcional,1
para el ejercicio,extremo_funcional,1
para el ejercicio profesional,extremo_funcional,1
para el mejoramiento,extremo_funcional,1
para el mejoramiento continuo,extremo_funcional,1
para el mundo,extremo_funcional,2
para el mundo del,extremo_funcional,1
para el mundo social,extremo_funcional,1
para el programa,extremo_funcional,1
para el programa de,extremo_funcional,1
para el trabajo,extremo_funcional,1
para el trabajo en,extremo_funcional,1
para ello,extremo_funcional,3
para ello durante,extremo_funcional,1
para ello durante su,extremo_funcional,1
para ello su,extremo_funcional,1
para ello su capacidad,extremo_funcional,1
para emprender,extremo_funcional,2
para emprender e,extremo_funcional,2
para emprender e incorporar,extremo_funcional,1
para emprender e innovar,extremo_funcional,1
para empresas,extremo_funcional,2
para empresas en,extremo_funcional,1
para empresas en banca,extremo_funcional,1
para empresas industriales,extremo_funcional,1
para empresas industriales y,extremo_funcional,1
para enfrentar,extremo_funcional,1
para enfrentar los,extremo_funcional,1
para enfrentar los desafios,extremo_funcional,1
para enfrentarse,extremo_funcional,1
para enfrentarse a,extremo_funcional,1
para enfrentarse a escenarios,extremo_funcional,1
para entregar,extremo_funcional,1
para entregar soluciones,extremo_funcional,1
para entregar soluciones eficientes,extremo_funcional,1
para establecer,extremo_funcional,1
para establecer nuevas,extremo_funcional,1
para establecer nuevas vias,extremo_funcional,1
para evaluar,extremo_funcional,2
para evaluar y,extremo_funcional,1
para evaluar y gestionar,extremo_funcional,1
para extraer,extremo_funcional,3
para extraer conocimiento,extremo_vago_declarado,1
para extraer conocimiento o,extremo_funcional,1
para extraer conocimientos,extremo_vago_declarado,1
para extraer conocimientos valiosos,extremo_funcional,1
para extraer informacion,extremo_funcional,1
para extraer informacion relevante,extremo_funcional,1
para facilitar,extremo_funcional,1
para facilitar la,extremo_funcional,1
para facilitar la transformacion,extremo_funcional,1
para formular,extremo_funcional,1
para garantizar,extremo_funcional,1
para garantizar el,extremo_funcional,1
para garantizar el eficiente,extremo_funcional,1
para generar,extremo_funcional,4
para generar modelos,extremo_funcional,1
para generar modelos abstractos,extremo_funcional,1
para generar soluciones,extremo_funcional,1
para generar soluciones innovadoras,extremo_funcional,1
para generar valor,extremo_funcional,2
para generar valor en,extremo_funcional,1
para gestionar,extremo_funcional,3
para gestionar proyectos,extremo_funcional,1
para gestionar proyectos y,extremo_funcional,1
para gestionar sistemas,extremo_funcional,1
para gestionar sistemas y,extremo_funcional,1
para gestionar y,extremo_funcional,1
para gestionar y desarrollar,extremo_funcional,1
para identificar,extremo_funcional,4
para identificar necesidades,extremo_funcional,1
para identificar necesidades de,extremo_funcional,1
para identificar y,extremo_funcional,2
para identificar y resolver,extremo_funcional,2
para implementar,extremo_funcional,1
para innovar,extremo_funcional,1
para innovar en,extremo_funcional,1
para innovar en procesos,extremo_funcional,1
para integrar,extremo_funcional,1
para integrar equipos,extremo_funcional,1
para integrar equipos multidisciplinarios,extremo_funcional,1
para integrarte,extremo_funcional,1
para integrarte al,extremo_funcional,1
para integrarte al mercado,extremo_funcional,1
para la,extremo_funcional,17
para la contribucion,extremo_funcional,1
para la contribucion de,extremo_funcional,1
para la creacion,extremo_funcional,1
para la creacion de,extremo_funcional,1
para la formacion,extremo_funcional,1
para la formacion en,extremo_funcional,1
para la generacion,extremo_funcional,2
para la generacion de,extremo_funcional,2
para la gestion,extremo_funcional,4
para la gestion administrativa,extremo_funcional,1
para la gestion de,extremo_funcional,1
para la implementacion,extremo_funcional,1
para la implementacion de,extremo_funcional,1
para la industria,extremo_funcional,1
para la innovacion,extremo_funcional,1
para la innovacion tecnologica,extremo_funcional,1
para la interconectividad,extremo_funcional,1
para la interconectividad entre,extremo_funcional,1
para la mejora,extremo_funcional,1
para la mejora de,extremo_funcional,1
para la modalidad,extremo_funcional,1
para la modalidad no,extremo_funcional,1
para la optimacion,extremo_funcional,1
para la optimacion e,extremo_funcional,1
para la practica,extremo_funcional,1
para la practica profesional,extremo_funcional,1
para la resolucion,extremo_funcional,1
para la resolucion de,extremo_funcional,1
para la toma,extremo_vago_declarado,2
para la toma de,extremo_funcional,2
para la visualizacion,extremo_funcional,1
para la visualizacion de,extremo_funcional,1
para liderar,extremo_funcional,2
para liderar equipos,extremo_funcional,2
para liderar equipos de,extremo_funcional,1
para liderar equipos multidisciplinarios,extremo_funcional,1
para llevar,extremo_funcional,1
para llevar adelante,extremo_funcional,1
para llevar adelante exitosamente,extremo_funcional,1
para lograrlo,extremo_funcional,2
para mejorar,extremo_funcional,2
para mejorar el,extremo_funcional,1
para mejorar el desempeno,extremo_funcional,1
para mejorar la,extremo_funcional,1
para mejorar la calidad,extremo_funcional,1
para mejorar productos,extremo_funcional,1
para mejorar productos y,extremo_funcional,1
para modelar,extremo_funcional,1
para modelar procesos,extremo_funcional,1
para modelar procesos y,extremo_funcional,1
para participar,extremo_funcional,1
para participar activamente,extremo_funcional,1
para participar activamente en,extremo_funcional,1
para planificar,extremo_funcional,2
para planificar e,extremo_funcional,1
para planificar e implementar,extremo_funcional,1
para planificar y,extremo_funcional,1
para planificar y ejecutar,extremo_funcional,1
para plataformas,extremo_funcional,1
para plataformas y,extremo_funcional,1
para plataformas y dispositivos,extremo_funcional,1
para poner,extremo_funcional,1
para poner a,extremo_funcional,1
para poner a prueba,extremo_funcional,1
para posgrado,extremo_funcional,1
para pregrado,extremo_funcional,1
para promover,extremo_funcional,1
para promover la,extremo_funcional,1
para promover la movilizacion,extremo_funcional,1
para proponer,extremo_funcional,1
para proponer soluciones,extremo_funcional,1
para proponer soluciones innovadoras,extremo_funcional,1
para proveer,extremo_funcional,1
para proveer mejores,extremo_funcional,1
para proveer mejores soluciones,extremo_funcional,1
para realizar,extremo_funcional,1
para realizar acciones,extremo_funcional,1
para realizar acciones de,extremo_funcional,1
para reducir,extremo_funcional,1
para reducir los,extremo_funcional,1
para reducir los riesgos,extremo_funcional,1
para resguardar,extremo_funcional,1
para resguardar su,extremo_funcional,1
para resguardar su informacion,extremo_funcional,1
para resolver,extremo_funcional,6
para resolver diversas,extremo_vago_declarado,2
para resolver diversas necesidades,extremo_funcional,2
para resolver los,extremo_funcional,1
para resolver los problemas,extremo_funcional,1
para resolver problemas,extremo_funcional,3
para resolver problemas complejos,extremo_funcional,1
para resolver problemas en,extremo_funcional,1
para resolver problemas fundamentales,extremo_funcional,1
para responder,extremo_funcional,3
para responder a,extremo_funcional,3
para responder a la,extremo_funcional,1
para responder a las,extremo_funcional,1
para responder a los,extremo_funcional,1
para satisfacer,extremo_funcional,3
para satisfacer las,extremo_funcional,1
para satisfacer las necesidades,extremo_funcional,1
para satisfacer los,extremo_funcional,2
para satisfacer los requerimientos,extremo_funcional,2
para su,extremo_funcional,2
para su adopcion,extremo_funcional,1
para su adopcion y,extremo_funcional,1
para su aplicacion,extremo_funcional,1
para su aplicacion a,extremo_funcional,1
para supervisar,extremo_funcional,1
para supervisar y,extremo_funcional,1
para supervisar y gestionar,extremo_funcional,1
para tecnicos,extremo_funcional,1
para tecnicos de,extremo_funcional,1
para tecnicos de nivel,extremo_funcional,1
para tomar,extremo_funcional,2
para tomar decisiones,extremo_funcional,2
para tomar decisiones de,extremo_funcional,1
para tomar decisiones y,extremo_funcional,1
para trabajar,extremo_funcional,3
para trabajar colaborativamente,extremo_funcional,1
para trabajar en,extremo_funcional,2
para trabajar en equipo,extremo_funcional,1
para trabajar en proyectos,extremo_funcional,1
para transformar,extremo_funcional,1
para transformar conceptos,extremo_funcional,1
para transformar conceptos tecnicos,extremo_funcional,1
para una,extremo_funcional,1
para una ciudadania,extremo_funcional,1
para una ciudadania responsable,extremo_funcional,1
parte de,extremo_funcional,3
parte de equipos de,extremo_funcional,1
parte de la,extremo_funcional,1
parte de un,extremo_funcional,1
parte de un departamento,expresion_funcional,1
participa en,extremo_funcional,1
participa en equipos de,extremo_funcional,1
participacion en,extremo_funcional,1
participacion equitativa de,extremo_funcional,1
participado en,extremo_funcional,1
participado en la,extremo_funcional,1
participando activamente en,extremo_funcional,1
participando activamente en las,extremo_funcional,1
participar activamente en,extremo_funcional,2
participar activamente en la,extremo_funcional,2
participar en,extremo_funcional,1
partir,segmento_de_identidad_institucional,3
partir,stopword_o_unigrama_corto,3
partir de,extremo_funcional,3
partir de,segmento_de_identidad_institucional,3
partir de las,extremo_funcional,1
partir de los,extremo_funcional,1
partir de una,segmento_de_identidad_institucional,3
partir de una vision,segmento_de_identidad_institucional,3
partir del,extremo_funcional,1
partir del levantamiento de,extremo_funcional,1
pasantias a,extremo_funcional,1
pasantias a la,extremo_funcional,1
pasantias a la fiscalia,expresion_funcional,1
pasantias en,extremo_funcional,1
pasantias en la,extremo_funcional,1
pastene aceituno ingeniero,denominacion_grado,1
pastene aceituno ingeniero civil,denominacion_grado,1
patricio moran heredia ingeniero,denominacion_grado,1
pena ancavil ingeniero,denominacion_grado,1
pena ancavil ingeniero civil,denominacion_grado,1
pensamiento critico y,extremo_funcional,2
pensamiento critico y capacidad,expresion_funcional,1
pensamiento critico y sustentabilidad,expresion_funcional,1
pensar de,extremo_funcional,2
perfil de,extremo_funcional,15
perfil de egreso de,extremo_funcional,2
perfil de egreso el,extremo_funcional,3
perfil de egreso ingenieria,denominacion_grado,1
perfil de egreso ingeniero,denominacion_grado,1
perfil de egreso la,extremo_funcional,3
perfil del,extremo_funcional,1
perfil del egresado,extremo_generico_declarado,1
perfil del egresado de,extremo_funcional,1
perfil mixto le,extremo_funcional,1
perfil mixto le permite,expresion_funcional,1
perfil profesional el,extremo_funcional,1
perfil profesional la,extremo_funcional,1
perfiles de,extremo_funcional,1
perfiles de egreso segun,extremo_funcional,1
permanente con,extremo_funcional,1
permanente con su,extremo_funcional,1
permanente con su aprendizaje,expresion_funcional,1
permanente consciencia social con,extremo_funcional,1
permanente de,extremo_funcional,4
permanente de la,extremo_funcional,2
permanente de las,extremo_funcional,1
permanente de sus,extremo_funcional,1
permanente de sus conocimientos,extremo_vago_declarado,1
permanente lo,extremo_funcional,1
permanente lo que,extremo_funcional,1
permanente lo que le,extremo_funcional,1
permanente por,extremo_funcional,1
permanente por mantener,expresion_funcional,1
permanente por mantener vigentes,expresion_funcional,1
permanente y,extremo_funcional,1
permanente y tenacidad,expresion_funcional,1
permanente y tenacidad para,extremo_funcional,1
permeabilidad al,extremo_funcional,2
permeabilidad al cambio,expresion_funcional,2
permitan,stopword_o_unigrama_corto,9
permitan acceder a,extremo_funcional,1
permitan acceder a una,extremo_funcional,1
permitan disenar e,extremo_funcional,1
permitan disenar e implementar,expresion_funcional,1
permitan el,extremo_funcional,1
permitan el alcance de,extremo_funcional,1
permitan estar en,extremo_funcional,2
permitan garantizar la,extremo_funcional,1
permitan resolver los,extremo_funcional,1
permite a,extremo_funcional,1
permite a este,extremo_funcional,1
permite a este o,extremo_funcional,1
permite abordar el,extremo_funcional,1
permite abordar estos,extremo_funcional,1
permite abordar estos proyectos,expresion_funcional,1
permite adaptarse a,extremo_funcional,1
permite adaptarse a tecnologias,expresion_funcional,1
permite comprender y,extremo_funcional,1
permite comprender y resolver,expresion_funcional,1
permite desempenarse en,extremo_funcional,1
permite desempenarse en la,extremo_funcional,1
permite desenvolverse,extremo_generico_declarado,2
permite desenvolverse en,extremo_funcional,2
permite desenvolverse en los,extremo_funcional,2
permite disenar nuevas y,extremo_funcional,1
permite generar soluciones que,extremo_funcional,2
permite hacer un,extremo_funcional,1
permite hacer un correcto,expresion_funcional,1
permite identificar oportunidades de,extremo_funcional,1
permite mantenerse actualizados en,extremo_funcional,1
permite proponer mecanismos que,extremo_funcional,1
permite que,extremo_funcional,2
permite que el,extremo_funcional,1
permite que el profesional,expresion_funcional,1
permite que sus,extremo_funcional,1
permite que sus estudiantes,expresion_funcional,1
permiten desarrollar una,extremo_funcional,1
permiten desarrollar una metodologia,expresion_funcional,1
permiten desempenarse en,extremo_funcional,1
permiten desempenarse en la,extremo_funcional,1
permiten trabajar colaborativamente en,extremo_funcional,1
permitiendo asi el,extremo_funcional,1
permitiendo su,extremo_funcional,1
permitiendo su incorporacion,expresion_funcional,1
permitiendo su incorporacion a,extremo_funcional,1
permitiendole liderar procesos de,extremo_funcional,1
permitira desempenarse como,extremo_funcional,1
permitira desempenarse como lider,expresion_funcional,1
permitira que,extremo_funcional,2
permitira que el,extremo_funcional,1
permitira que el nuevo,expresion_funcional,1
permitira que las,extremo_funcional,1
permitira que las y,extremo_funcional,1
permitira revisar de,extremo_funcional,1
perseverancia y,extremo_funcional,1
perseverancia y esfuerzo,expresion_funcional,1
perseverancia y esfuerzo en,extremo_funcional,1
perseverante y,extremo_funcional,1
perseverante y entusiasta,expresion_funcional,1
persona,segmento_de_identidad_institucional,2
persona,stopword_o_unigrama_corto,6
persona formada en,extremo_funcional,1
persona formada en la,extremo_funcional,1
persona humana,segmento_de_identidad_institucional,2
persona humana en,extremo_funcional,1
persona humana en un,extremo_funcional,1
persona humana y,extremo_funcional,1
persona humana y,segmento_de_identidad_institucional,2
persona humana y con,extremo_funcional,1
persona humana y con,segmento_de_identidad_institucional,2
persona profesional formada en,extremo_funcional,1
persona titulada como,extremo_funcional,1
persona titulada como ingeniera,expresion_funcional,1
persona titulada de,extremo_funcional,1
persona titulada de ingenieria,denominacion_grado,1
personal y,extremo_funcional,1
personal y profesional,expresion_funcional,1
personales e,extremo_funcional,1
personales e interpersonales,expresion_funcional,1
personas a,extremo_funcional,1
personas a traves,expresion_funcional,1
personas a traves de,extremo_funcional,1
personas que,extremo_funcional,1
personas que puedan,expresion_funcional,1
personas que puedan participar,expresion_funcional,1
personas y,extremo_funcional,6
personas y el,extremo_funcional,1
personas y el medio,expresion_funcional,1
personas y orientado,expresion_funcional,1
personas y orientado al,extremo_funcional,1
personas y recursos,expresion_funcional,1
personas y tecnologias,expresion_funcional,1
personas y tecnologias de,extremo_funcional,1
personas y trabajar,expresion_funcional,1
personas y trabajar en,extremo_funcional,1
perspectiva cristiana,contexto_institucional_geografico,1
perspectiva de,extremo_funcional,1
perspectiva de excelencia y,extremo_funcional,1
perspectiva respecto a,extremo_funcional,1
perspectiva respecto a como,extremo_funcional,1
perteneciente,segmento_con_indicios_de_menu,1
perteneciente a,extremo_funcional,1
perteneciente a,segmento_con_indicios_de_menu,1
perteneciente a la,extremo_funcional,1
perteneciente a la,segmento_con_indicios_de_menu,1
perteneciente a la universidad,expresion_funcional,1
perteneciente a la universidad,segmento_con_indicios_de_menu,1
pertinencia a,extremo_funcional,1
pertinencia a los,extremo_funcional,1
pertinencia a los desafios,expresion_funcional,1
pertinencia y,extremo_funcional,1
pertinencia y eficiencia,expresion_funcional,1
pertinencia y eficiencia a,extremo_funcional,1
pertinentes para,extremo_funcional,1
pertinentes para emprender e,extremo_funcional,1
peru e,extremo_funcional,1
peru e ingenieria,expresion_funcional,1
peru e ingenieria en,extremo_funcional,1
phd en,extremo_funcional,1
phd en ciencias de,extremo_funcional,1
pilares fundamentales de,extremo_funcional,1
pilares fundamentales de esta,extremo_funcional,1
plan comun ingenieria,denominacion_grado,1
plan comun ingenieria civil,denominacion_grado,1
plan de,extremo_funcional,4
plan de estudios tiene,extremo_funcional,1
plan estrategico de,extremo_funcional,1
plan estrategico de la,extremo_funcional,1
planes de,extremo_funcional,1
planes de seguridad de,extremo_funcional,1
planes para,extremo_funcional,1
planes para la,extremo_funcional,1
planificacion estrategica para,extremo_funcional,1
planificacion estrategica para dar,extremo_vago_declarado,1
planificacion y,extremo_funcional,1
planificacion y gestion,expresion_funcional,1
planificador estrategico de,extremo_funcional,1
planificar e,extremo_funcional,1
planificar e implementar,expresion_funcional,1
planificar e implementar procesos,expresion_funcional,1
planificar estrategias de,extremo_funcional,1
planificar estrategias para,extremo_funcional,1
planificar estrategias tecnologicas de,extremo_funcional,1
planificar sistemas de,extremo_funcional,1
planificar y,extremo_funcional,1
planificar y ejecutar,expresion_funcional,1
planificar y ejecutar actividades,expresion_funcional,1
plantear y,extremo_funcional,2
plantear y desarrollar,expresion_funcional,1
plantear y desarrollar soluciones,expresion_funcional,1
plantear y resolver,expresion_funcional,1
plantear y resolver problemas,expresion_funcional,1
plataformas de,extremo_funcional,3
plataformas de computo y,extremo_funcional,2
plataformas digitales con,extremo_funcional,1
plataformas digitales con una,extremo_funcional,1
plataformas tecnologicas y,extremo_funcional,1
plataformas tecnologicas y gestionar,expresion_funcional,1
plataformas y,extremo_funcional,2
plataformas y dispositivos,expresion_funcional,1
plataformas y dispositivos moviles,expresion_funcional,1
plataformas y el,extremo_funcional,1
plataformas y el estandar,expresion_funcional,1
pluralista y,extremo_funcional,1
pluralista y compromiso,expresion_funcional,1
pluralista y compromiso con,extremo_funcional,1
podra,stopword_o_unigrama_corto,6
podra actuar en,extremo_funcional,1
podra continuar su,extremo_funcional,1
podra continuar su trayectoria,expresion_funcional,1
podra desempenarse en,extremo_funcional,1
podra desempenarse en el,extremo_funcional,1
podra desenvolverse,extremo_generico_declarado,1
podra desenvolverse en,extremo_funcional,1
podra generar soluciones a,extremo_funcional,1
podra generar y,extremo_funcional,1
podra generar y evaluar,expresion_funcional,1
podra gestionar proyectos de,extremo_funcional,1
podra integrar o,extremo_funcional,1
podra integrar o liderar,expresion_funcional,1
politicas de,extremo_funcional,1
politicas de seguridad de,extremo_funcional,1
pone a,extremo_funcional,1
pone a disposicion,expresion_funcional,1
pone a disposicion sus,extremo_funcional,1
poner a,extremo_funcional,1
poner a prueba,expresion_funcional,1
poner a prueba los,extremo_funcional,1
pontificia universidad,contexto_institucional_geografico,1
pontificia universidad catolica,contexto_institucional_geografico,1
pontificia universidad catolica de,extremo_funcional,1
por,stopword_o_unigrama_corto,23
por aprender,extremo_funcional,1
por aprender y,extremo_funcional,1
por aprender y adquirir,extremo_funcional,1
por demostrar,extremo_funcional,1
por demostrar compromiso,extremo_funcional,1
por demostrar compromiso y,extremo_funcional,1
por el,extremo_funcional,1
por el compromiso,extremo_funcional,1
por el compromiso permanente,extremo_funcional,1
por ello,extremo_funcional,1
por entregar,extremo_funcional,1
por entregar una,extremo_funcional,1
por entregar una formacion,extremo_funcional,1
por la,extremo_funcional,5
por la calidad,extremo_funcional,1
por la calidad y,extremo_funcional,1
por la capacidad,extremo_funcional,1
por la capacidad de,extremo_funcional,1
por la legislacion,extremo_funcional,1
por la propuesta,extremo_funcional,1
por la propuesta cristiana,extremo_funcional,1
por la universidad,extremo_funcional,1
por la universidad cesar,extremo_funcional,1
por las,extremo_funcional,2
por las organizaciones,extremo_funcional,2
por lo,extremo_funcional,1
por lo tanto,extremo_funcional,1
por los,extremo_funcional,2
por los proveedores,extremo_funcional,1
por los proveedores de,extremo_funcional,1
por los sistemas,extremo_funcional,1
por los sistemas de,extremo_funcional,1
por mantener,extremo_funcional,1
por mantener vigentes,extremo_funcional,1
por mantener vigentes sus,extremo_funcional,1
por mas,extremo_funcional,1
por mas de,extremo_funcional,1
por medio,extremo_funcional,4
por medio de,extremo_funcional,3
por medio de la,extremo_funcional,2
por medio de marcos,extremo_funcional,1
por medio del,extremo_funcional,1
por medio del conocimiento,extremo_vago_declarado,1
por otra,extremo_funcional,1
por otra parte,extremo_funcional,1
por ser,extremo_funcional,4
por ser profesionales,extremo_funcional,1
por ser profesionales capaces,extremo_funcional,1
por ser un,extremo_funcional,2
por ser un profesional,extremo_funcional,1
por ser una,extremo_funcional,1
por ser una persona,extremo_funcional,1
por su,extremo_funcional,9
por su capacidad,extremo_funcional,6
por su capacidad de,extremo_funcional,4
por su capacidad para,extremo_funcional,2
por su desempeno,extremo_funcional,1
por su desempeno con,extremo_funcional,1
por su dominio,extremo_funcional,1
por su dominio en,extremo_funcional,1
por su multidisciplinariedad,extremo_funcional,1
por su orden,extremo_funcional,1
por su orden y,extremo_funcional,1
por su proactividad,extremo_funcional,1
por ultimo,extremo_funcional,2
por ultimo en,extremo_funcional,1
por ultimo en el,extremo_funcional,1
por un,extremo_funcional,2
por un autoaprendizaje,extremo_funcional,1
por un autoaprendizaje permanente,extremo_funcional,1
por un proceso,extremo_funcional,1
por un proceso de,extremo_funcional,1
por una,extremo_funcional,2
por una actitud,extremo_funcional,1
por una actitud reflexiva,extremo_funcional,1
por una vasta,extremo_funcional,1
por una vasta trayectoria,extremo_funcional,1
portal nacional de,extremo_funcional,1
portales son,extremo_funcional,1
portales son profesionales,expresion_funcional,1
portales son profesionales con,extremo_funcional,1
posean una,extremo_funcional,1
posean una fuerte,expresion_funcional,1
posean una fuerte formacion,expresion_funcional,1
posee,termino_generico_aislado,19
posee aptitudes,extremo_generico_declarado,1
posee aptitudes y,extremo_funcional,1
posee aptitudes y habilidades,expresion_funcional,1
posee certificaciones,extremo_generico_declarado,1
posee certificaciones internacionales,extremo_generico_declarado,1
posee certificaciones internacionales de,extremo_funcional,1
posee certificaciones internacionales en,extremo_funcional,1
posee como,extremo_funcional,1
posee como sello,expresion_funcional,1
posee como sello diferenciador,expresion_funcional,1
posee competencias,extremo_generico_declarado,3
posee competencias genericas,extremo_generico_declarado,2
posee competencias genericas tales,extremo_generico_declarado,2
posee competencias para,extremo_funcional,1
posee competencias para proponer,extremo_generico_declarado,1
posee conocimientos,extremo_vago_declarado,2
posee conocimientos en,extremo_funcional,1
posee conocimientos en ciencias,extremo_generico_declarado,1
posee conocimientos para,extremo_funcional,1
posee conocimientos para aplicar,extremo_generico_declarado,1
posee habilidades,extremo_generico_declarado,2
posee habilidades de,extremo_funcional,1
posee habilidades de abstraccion,extremo_generico_declarado,1
posee habilidades para,extremo_funcional,1
posee habilidades para comunicarse,extremo_generico_declarado,1
posee la,extremo_funcional,2
posee la capacidad,extremo_generico_declarado,2
posee la capacidad de,extremo_funcional,2
posee las,extremo_funcional,1
posee las competencias,extremo_generico_declarado,1
posee las competencias que,extremo_funcional,1
posee solidos,extremo_generico_declarado,2
posee solidos conocimientos,extremo_vago_declarado,2
posee solidos conocimientos de,extremo_funcional,1
posee solidos conocimientos en,extremo_funcional,1
posee un,extremo_funcional,1
posee un doctorado,expresion_funcional,1
posee un doctorado en,extremo_funcional,1
posee una,extremo_funcional,8
posee una formacion,expresion_funcional,1
posee una formacion centrada,expresion_funcional,1
posee una linea,expresion_funcional,1
posee una rigurosa,expresion_funcional,2
posee una rigurosa base,expresion_funcional,2
posee una significativa,expresion_funcional,1
posee una significativa formacion,expresion_funcional,1
posee una solida,expresion_funcional,3
posee una solida formacion,expresion_funcional,3
poseen los,extremo_funcional,1
poseen una,extremo_funcional,2
poseen una solida,expresion_funcional,1
poseen una solida formacion,expresion_funcional,1
poseen una vision,expresion_funcional,1
poseen una vision integral,expresion_funcional,1
poseera conocimientos,extremo_vago_declarado,1
posgrado de,extremo_funcional,1
posgrado de la,extremo_funcional,1
posgrado de la universidad,contexto_institucional_geografico,1
posibilidades de,extremo_funcional,1
posibilidades de ocupacion en,extremo_funcional,1
posicionandose como,extremo_funcional,1
posicionandose como un,extremo_funcional,1
posicionandose como un referente,expresion_funcional,1
postdoctoral con,extremo_funcional,1
postgrado en,extremo_funcional,1
postgrado en la,extremo_funcional,1
postgrado en la misma,extremo_funcional,1
postgrado para,extremo_funcional,1
postgrado para el,extremo_funcional,1
postgrado y,extremo_funcional,1
postgrado y como,extremo_funcional,1
postgrado y como doctor,expresion_funcional,1
postgrado y coordinacion,expresion_funcional,1
postgrado y coordinacion de,extremo_funcional,1
postulados valoricos y,extremo_funcional,1
postulados valoricos y sus,extremo_funcional,1
postular a,extremo_funcional,1
postular a una,extremo_funcional,1
postular a una de,extremo_funcional,1
potencien la,extremo_funcional,1
potencien la seguridad y,extremo_funcional,1
practica profesional de,extremo_funcional,1
practicas aplicables en,extremo_funcional,1
practicas de,extremo_funcional,3
practicas de la,extremo_funcional,3
practicas durante,extremo_funcional,1
practicas durante el,extremo_funcional,1
practicas durante el ciclo,expresion_funcional,1
practicas y,extremo_funcional,2
practicas y el,extremo_funcional,1
practicas y el uso,expresion_funcional,1
practicas y utilizando,expresion_funcional,1
practicas y utilizando metodologias,expresion_funcional,1
practico en,extremo_funcional,1
practico en las,extremo_funcional,1
practicos de,extremo_funcional,1
practicos que,extremo_funcional,1
practicos que le,extremo_funcional,1
practicos que le permiten,expresion_funcional,1
pre como,extremo_funcional,1
pre como postgrado,expresion_funcional,1
pre como postgrado y,extremo_funcional,1
pre y,extremo_funcional,1
pre y posgrado,expresion_funcional,1
pre y posgrado de,extremo_funcional,1
predominantemente aplicada a,extremo_funcional,1
predominantemente aplicada a problemas,expresion_funcional,1
pregrado en,extremo_funcional,1
preocupandose de,extremo_funcional,1
preocupandose de la,extremo_funcional,1
preocupandose por,extremo_funcional,1
preocupandose por la,extremo_funcional,1
preocupandose por la calidad,expresion_funcional,1
preparacion le,extremo_funcional,1
preparacion le permite,expresion_funcional,1
preparacion le permite adaptarse,expresion_funcional,1
preparacion suficiente para,extremo_funcional,1
preparados para,extremo_funcional,1
presencial formando al,extremo_funcional,1
presencial formando al estudiante,expresion_funcional,1
presencial y,extremo_funcional,1
presencial y posee,expresion_funcional,1
presencial y posee certificaciones,expresion_funcional,1
presenta el,extremo_funcional,1
presenta el perfil de,extremo_funcional,1
presentacion de,extremo_funcional,1
presentacion de estos,extremo_funcional,1
presentacion de estos para,extremo_funcional,1
presentan los,extremo_funcional,1
presentan los territorios de,extremo_funcional,1
presentan problemas de,extremo_funcional,1
prestacion de,extremo_funcional,1
prestador de,extremo_funcional,1
primar la,extremo_funcional,1
primer ano de,extremo_funcional,1
principios,segmento_de_identidad_institucional,3
principios de,extremo_funcional,5
principios de,segmento_de_identidad_institucional,1
principios de identidad,segmento_de_identidad_institucional,1
principios de identidad catolica,segmento_de_identidad_institucional,1
principios de la,extremo_funcional,1
principios de la ingenieria,denominacion_grado,1
principios de las,extremo_funcional,1
principios de un,extremo_funcional,1
principios de un comportamiento,expresion_funcional,1
principios del,segmento_de_identidad_institucional,2
principios del sello,segmento_de_identidad_institucional,2
principios del sello identitario,segmento_de_identidad_institucional,2
principios eticos y,extremo_funcional,2
principios eticos y con,extremo_funcional,2
principios humanistas y,extremo_funcional,1
principios humanistas y cristianos,expresion_funcional,1
principios inherentes a,extremo_funcional,1
principios inherentes a su,extremo_funcional,1
privacidad y,extremo_funcional,1
privacidad y gestion,expresion_funcional,1
privacidad y gestion de,extremo_funcional,1
privadas del,extremo_funcional,1
privadas del ambito,extremo_vago_declarado,1
privadas o,extremo_funcional,1
privadas o crear,expresion_funcional,1
privadas o crear empresas,expresion_funcional,1
privadas tanto,extremo_funcional,1
privadas tanto nacionales,expresion_funcional,1
privadas tanto nacionales como,extremo_funcional,1
privadas y,extremo_funcional,1
privadas y del,extremo_funcional,1
privadas y del tercer,expresion_funcional,1
privado se,extremo_funcional,1
privado se desempena,expresion_funcional,1
privado se desempena haciendo,expresion_funcional,1
privado y,extremo_funcional,1
privado y del,extremo_funcional,1
privado y del mundo,expresion_funcional,1
privados de,extremo_funcional,1
privados de desarrollo de,extremo_funcional,1
proactivo y,extremo_funcional,2
proactivo y consciente,expresion_funcional,1
proactivo y consciente del,extremo_funcional,1
proactivo y formado,expresion_funcional,1
proactivo y formado bajo,expresion_funcional,1
problemas basandose en,extremo_funcional,1
problemas basandose en la,extremo_funcional,1
problemas complejos con,extremo_funcional,1
problemas complejos con el,extremo_funcional,1
problemas complejos de,extremo_funcional,1
problemas complejos de la,extremo_funcional,1
problemas complejos en,extremo_funcional,3
problemas complejos en el,extremo_funcional,1
problemas complejos en los,extremo_funcional,1
problemas complejos en su,extremo_funcional,1
problemas complejos mediante el,extremo_funcional,2
problemas complejos que,extremo_funcional,1
problemas complejos que requieran,expresion_funcional,1
problemas complejos vinculados al,extremo_funcional,1
problemas complejos y,extremo_funcional,1
problemas complejos y desarrollar,expresion_funcional,1
problemas con,extremo_funcional,3
problemas con enfasis en,extremo_funcional,2
problemas con un,extremo_funcional,1
problemas con un enfoque,expresion_funcional,1
problemas de,extremo_funcional,7
problemas de gestion de,extremo_funcional,1
problemas de ingenieria,denominacion_grado,2
problemas de ingenieria e,extremo_funcional,1
problemas de ingenieria informatica,denominacion_grado,1
problemas de la,extremo_funcional,2
problemas de su,extremo_funcional,1
problemas de su especialidad,expresion_funcional,1
problemas del,extremo_funcional,1
problemas en,extremo_funcional,2
problemas en el,extremo_funcional,1
problemas en el ambito,extremo_vago_declarado,1
problemas en ingenieria,denominacion_grado,1
problemas fundamentales y,extremo_funcional,1
problemas fundamentales y propios,expresion_funcional,1
problemas o,extremo_funcional,1
problemas o situaciones,expresion_funcional,1
problemas o situaciones de,extremo_funcional,1
problemas practicos de,extremo_funcional,1
problemas propios del,extremo_funcional,1
problemas que,extremo_funcional,2
problemas que demanda,expresion_funcional,1
problemas que demanda la,extremo_funcional,1
problemas que requieren,expresion_funcional,1
problemas que requieren procesamiento,expresion_funcional,1
problemas susceptibles de,extremo_funcional,1
problemas susceptibles de ser,extremo_funcional,1
problemas y,extremo_funcional,1
problematica organizacional en,extremo_funcional,1
problematica organizacional en el,extremo_funcional,1
problematicas asociadas a,extremo_funcional,1
problematicas asociadas a la,extremo_funcional,1
problematicas contextualizadas de,extremo_funcional,1
problematicas contextualizadas de la,extremo_funcional,1
problematicas de,extremo_funcional,3
problematicas de empresas y,extremo_funcional,1
problematicas de la,extremo_funcional,1
problematicas de los,extremo_funcional,1
problematicas y,extremo_funcional,3
problematicas y gestiona,expresion_funcional,1
problematicas y gestiona desafios,expresion_funcional,1
problematicas y necesidades,expresion_funcional,1
problematicas y necesidades de,extremo_funcional,1
procedente de,extremo_funcional,1
procedente de fuentes diversas,extremo_vago_declarado,1
procedimentales y,extremo_funcional,1
procedimentales y actitudinales,expresion_funcional,1
procedimientos y,extremo_funcional,1
procedimientos y protocolos,expresion_funcional,1
procedimientos y protocolos de,extremo_funcional,1
procesamiento automatico de,extremo_funcional,1
procesamiento automatizado de,extremo_funcional,1
procesamiento de,extremo_funcional,1
procesamiento informatico,denominacion_grado,1
procesar y,extremo_funcional,1
procesar y analizar,expresion_funcional,1
procesar y analizar los,extremo_funcional,1
proceso de,extremo_funcional,4
proceso de extraccion de,extremo_funcional,1
procesos a,extremo_funcional,1
procesos a partir,expresion_funcional,1
procesos a partir del,extremo_funcional,1
procesos creativos de,extremo_funcional,1
procesos de,extremo_funcional,12
procesos de adopcion de,extremo_funcional,1
procesos de busqueda y,extremo_funcional,1
procesos de cambio en,extremo_funcional,1
procesos de inclusion y,extremo_funcional,1
procesos de ingenieria,denominacion_grado,1
procesos de ingenieria de,extremo_funcional,1
procesos de la,extremo_funcional,1
procesos de negocio en,extremo_funcional,1
procesos en,extremo_funcional,1
procesos en su,extremo_funcional,1
procesos en su ambito,extremo_vago_declarado,1
procesos informaticos,denominacion_grado,2
procesos informaticos con,extremo_funcional,1
procesos informaticos con el,extremo_funcional,1
procesos organizacionales para,extremo_funcional,1
procesos propios de,extremo_funcional,1
procesos propios de su,extremo_funcional,1
procesos y,extremo_funcional,8
procesos y datos,expresion_funcional,1
procesos y mejorar,expresion_funcional,1
procesos y mejorar su,extremo_funcional,1
procesos y productos,expresion_funcional,1
procesos y productos basados,expresion_funcional,1
procesos y seguridad,expresion_funcional,1
procesos y seguridad informatica,expresion_funcional,1
procesos y sistemas,expresion_funcional,4
procesos y sistemas de,extremo_funcional,2
procesos y sistemas para,extremo_funcional,1
procesos y sistemas relacionados,expresion_funcional,1
produccion de,extremo_funcional,4
produccion de bienes como,extremo_funcional,1
produccion de software y,extremo_funcional,1
produccion de soluciones informaticas,denominacion_grado,1
producen o,extremo_funcional,1
producen o proveen,expresion_funcional,1
producen o proveen productos,expresion_funcional,1
productivas y,extremo_funcional,1
productivas y de,extremo_funcional,1
productivas y de servicios,expresion_funcional,1
productividad y,extremo_funcional,1
productividad y eficiencia,expresion_funcional,1
productividad y eficiencia de,extremo_funcional,1
productivo en,extremo_funcional,1
productivo en la,extremo_funcional,1
productivo y,extremo_funcional,2
productivo y de,extremo_funcional,1
productivo y de servicios,expresion_funcional,1
productivo y economico,expresion_funcional,1
productivo y economico de,extremo_funcional,1
productivos y,extremo_funcional,1
productivos y de,extremo_funcional,1
productivos y de servicios,expresion_funcional,1
productos basados en,extremo_funcional,1
productos de,extremo_funcional,4
productos de innovacion y,extremo_funcional,1
productos de software y,extremo_funcional,2
productos para,extremo_funcional,1
productos y,extremo_funcional,4
productos y procesos,expresion_funcional,1
productos y procesos en,extremo_funcional,1
productos y servicios,expresion_funcional,1
productos y servicios tecnologicos,expresion_funcional,1
productos y sistemas,expresion_funcional,1
productos y sistemas basados,expresion_funcional,1
proenta,segmento_con_indicios_de_menu,1
profesion en,extremo_funcional,1
profesion y,extremo_funcional,1
profesion y en,extremo_funcional,1
profesion y en coherencia,expresion_funcional,1
profesional,segmento_de_identidad_institucional,1
profesional abarca desde,extremo_funcional,1
profesional abarca desde ser,extremo_funcional,1
profesional acorde,extremo_vago_declarado,1
profesional acorde con,extremo_funcional,1
profesional acorde con los,extremo_funcional,1
profesional capaz,extremo_generico_declarado,3
profesional capaz de,extremo_funcional,3
profesional competente con,extremo_funcional,1
profesional competente para,extremo_funcional,1
profesional comprenda los,extremo_funcional,1
profesional comprometido,segmento_de_identidad_institucional,1
profesional comprometido con,segmento_de_identidad_institucional,1
profesional comprometido con el,segmento_de_identidad_institucional,1
profesional con,extremo_funcional,9
profesional con alto,extremo_vago_declarado,1
profesional con competencias en,extremo_funcional,1
profesional con solida,extremo_generico_declarado,1
profesional con un,extremo_funcional,2
profesional con un marcado,expresion_funcional,2
profesional con una,extremo_funcional,1
profesional con una solida,expresion_funcional,1
profesional considera la,extremo_funcional,1
profesional de,extremo_funcional,5
profesional de chile,contexto_institucional_geografico,1
profesional de ingenieria,denominacion_grado,1
profesional de ingenieria en,extremo_funcional,1
profesional de tus conocimientos,extremo_vago_declarado,1
profesional del,extremo_funcional,2
profesional del area de,extremo_funcional,1
profesional del ingeniero,denominacion_grado,1
profesional el,extremo_funcional,1
profesional en,extremo_funcional,3
profesional en las,extremo_funcional,1
profesional en sus,extremo_funcional,1
profesional en sus labores,expresion_funcional,1
profesional enfocado al,extremo_funcional,1
profesional enfocado al logro,expresion_funcional,1
profesional enfocado en,extremo_funcional,1
profesional es,extremo_funcional,2
profesional es capaz,expresion_funcional,1
profesional es capaz de,extremo_funcional,1
profesional es el,extremo_funcional,1
profesional es el diseno,expresion_funcional,1
profesional estara capacitado para,extremo_funcional,1
profesional formada en,extremo_funcional,1
profesional iacc sera,extremo_generico_declarado,1
profesional iacc sera un,extremo_funcional,1
profesional inacap al,extremo_funcional,1
profesional inacap al egresar,expresion_funcional,1
profesional inacap desarrolla e,extremo_funcional,1
profesional ingeniero,denominacion_grado,2
profesional ingeniero en,extremo_funcional,1
profesional ingeniero en informatica,denominacion_grado,1
profesional integrador de,extremo_funcional,2
profesional integral e,extremo_funcional,2
profesional integral e innovador,expresion_funcional,2
profesional integral se,extremo_funcional,1
profesional integral se relaciona,expresion_funcional,1
profesional la,extremo_funcional,1
profesional las,extremo_funcional,1
profesional las competencias para,extremo_funcional,1
profesional podra desenvolverse,extremo_generico_declarado,1
profesional podra desenvolverse en,extremo_funcional,1
profesional proactivo y,extremo_funcional,1
profesional proactivo y consciente,expresion_funcional,1
profesional que,extremo_funcional,7
profesional que concibe,expresion_funcional,1
profesional que disena,expresion_funcional,1
profesional que esta,extremo_funcional,1
profesional que esta capacitado,expresion_funcional,1
profesional que evidencia,expresion_funcional,1
profesional que evidencia competencias,expresion_funcional,1
profesional que podra,expresion_funcional,1
profesional que podra generar,expresion_funcional,1
profesional que posee,expresion_funcional,1
profesional que posee solidos,expresion_funcional,1
profesional que resuelve,expresion_funcional,1
profesional que resuelve problematicas,expresion_funcional,1
profesional se,extremo_funcional,2
profesional se encuentra,expresion_funcional,2
profesional se encuentra capacitado,expresion_funcional,1
profesional se encuentra preparado,expresion_funcional,1
profesional sin,extremo_funcional,1
profesional sin licenciatura,expresion_funcional,1
profesional solucionar problemas de,extremo_funcional,1
profesional son,extremo_funcional,1
profesional tenga las,extremo_funcional,1
profesional tiene,extremo_funcional,1
profesional tiene amplias,expresion_funcional,1
profesional tiene amplias posibilidades,expresion_funcional,1
profesional virginio gomez son,extremo_funcional,1
profesional y,extremo_funcional,5
profesional y ciudadano,expresion_funcional,1
profesional y el,extremo_funcional,1
profesional y el aprendizaje,expresion_funcional,1
profesional y etica,expresion_funcional,1
profesional y etica en,extremo_funcional,1
profesional y responsabilidad,expresion_funcional,1
profesional y responsabilidad social,expresion_funcional,1
profesionales calificados para,extremo_funcional,1
profesionales capaces,extremo_generico_declarado,5
profesionales capaces de,extremo_funcional,5
profesionales como,extremo_funcional,1
profesionales como universidad,expresion_funcional,1
profesionales como universidad bernardo,expresion_funcional,1
profesionales con,extremo_funcional,3
profesionales con altas,extremo_vago_declarado,1
profesionales con competencias que,extremo_funcional,1
profesionales con formacion para,extremo_funcional,1
profesionales de,extremo_funcional,2
profesionales de diversa,extremo_vago_declarado,1
profesionales de ingenieria,denominacion_grado,1
profesionales de ingenieria civil,denominacion_grado,1
profesionales en,extremo_funcional,3
profesionales en la,extremo_funcional,1
profesionales en su,extremo_funcional,1
profesionales en su proceso,expresion_funcional,1
profesionales es,extremo_funcional,1
profesionales es amplio,expresion_funcional,1
profesionales es amplio y,extremo_funcional,1
profesionales obtenidas durante,extremo_funcional,1
profesionales obtenidas durante sus,extremo_funcional,1
profesionales para,extremo_funcional,1
profesionales para responder a,extremo_funcional,1
profesionales preparados para,extremo_funcional,1
profesionales que,extremo_funcional,4
profesionales que conciben,expresion_funcional,1
profesionales que protegen,expresion_funcional,1
profesionales que protegen la,extremo_funcional,1
profesionales que quieran,expresion_funcional,1
profesionales que quieran colaborar,expresion_funcional,1
profesionales resilientes comprometidos con,extremo_funcional,1
profesionalmente en,extremo_funcional,2
profesor asociado de,extremo_funcional,1
profesor programa yo,fragmento_corto_no_reconocido,1
profesor programa yo quiero,fragmento_corto_no_reconocido,1
profundizar sus,extremo_funcional,1
profundizar sus conocimientos,extremo_vago_declarado,1
profundizar sus conocimientos y,extremo_funcional,1
profundo de,extremo_funcional,1
profundo de la,extremo_funcional,1
profundo de la ingenieria,denominacion_grado,1
profundos de,extremo_funcional,1
profundos de ingenieria,denominacion_grado,1
profundos de ingenieria industrial,denominacion_grado,1
programa,segmento_con_indicios_de_menu,1
programa de,extremo_funcional,6
programa de estudio son,extremo_funcional,1
programa de ingenieria,denominacion_grado,4
programa de ingenieria civil,denominacion_grado,2
programa de ingenieria en,extremo_funcional,2
programa de magister,contexto_institucional_geografico,1
programa de magister y,extremo_funcional,1
programa en,extremo_funcional,1
programa formativo que,extremo_funcional,2
programa formativo que desarrolla,expresion_funcional,2
programa proenta,segmento_con_indicios_de_menu,1
programa se,extremo_funcional,2
programa se alinea,expresion_funcional,1
programa se alinea a,extremo_funcional,1
programa se enfoca,expresion_funcional,1
programa se enfoca en,extremo_funcional,1
programa yo,fragmento_corto_no_reconocido,1
programa yo quiero,fragmento_corto_no_reconocido,1
programa yo quiero ser,fragmento_corto_no_reconocido,1
programacion informatica,denominacion_grado,1
programacion y,extremo_funcional,3
programacion y analitica,expresion_funcional,1
programacion y analitica de,extremo_funcional,1
programacion y buenas,expresion_funcional,1
programacion y buenas practicas,expresion_funcional,1
programador en,extremo_funcional,1
programador en bases de,extremo_funcional,1
programas,segmento_con_indicios_de_menu,1
programas agrupaciones,segmento_con_indicios_de_menu,1
programas agrupaciones estudiantiles,segmento_con_indicios_de_menu,1
programas agrupaciones estudiantiles programa,segmento_con_indicios_de_menu,1
programas eficientes en,extremo_funcional,1
programas eficientes en el,extremo_funcional,1
programas informaticos,denominacion_grado,1
programas y,extremo_funcional,1
programas y proyectos,expresion_funcional,1
programas y proyectos de,extremo_funcional,1
progreso y,extremo_funcional,1
progreso y desarrollo,expresion_funcional,1
progreso y desarrollo de,extremo_funcional,1
project manager o,extremo_funcional,1
project manager o scrum,expresion_funcional,1
promocion,segmento_de_identidad_institucional,2
promocion de,extremo_funcional,1
promocion de los,extremo_funcional,1
promocion del,extremo_funcional,2
promocion del,segmento_de_identidad_institucional,2
promocion del bien,segmento_de_identidad_institucional,2
promocion del bien comun,segmento_de_identidad_institucional,2
promover la,extremo_funcional,1
promoviendo la,extremo_funcional,1
promoviendo la eficiencia y,extremo_funcional,1
promoviendo un,extremo_funcional,2
promoviendo un desarrollo,expresion_funcional,1
promoviendo un desarrollo sostenible,expresion_funcional,1
promoviendo un entorno,expresion_funcional,1
promoviendo un entorno inclusivo,expresion_funcional,1
promoviendo una,extremo_funcional,1
promoviendo una actitud,expresion_funcional,1
promoviendo una actitud critica,expresion_funcional,1
promueve,termino_generico_aislado,4
promueve el,extremo_funcional,3
promueve el autocuidado,extremo_generico_declarado,1
promueve el desarrollo,extremo_generico_declarado,1
promueve el desarrollo de,extremo_funcional,1
promueve el trabajo,extremo_generico_declarado,1
promueve el trabajo en,extremo_funcional,1
promueve mejoras,extremo_generico_declarado,1
promueve mejoras continuas,extremo_generico_declarado,1
promueve mejoras continuas en,extremo_funcional,1
promueve un,extremo_funcional,1
promueve un desempeno,expresion_funcional,1
promueve un desempeno profesional,expresion_funcional,1
promueven la,extremo_funcional,1
propicie la,extremo_funcional,1
propios de,extremo_funcional,6
propios de innovacion y,extremo_funcional,1
propios de la,extremo_funcional,2
propios de la ingenieria,denominacion_grado,1
propios de las,extremo_funcional,1
propios de su,extremo_funcional,2
propios de su area,expresion_funcional,1
propios de su campo,expresion_funcional,1
propios de su disciplina,expresion_funcional,1
propios del,extremo_funcional,1
propios emprendimientos de,extremo_funcional,1
proponer mecanismos que,extremo_funcional,1
proponer mecanismos que integren,expresion_funcional,1
proponer procesos de,extremo_funcional,1
proponer soluciones tecnologicas que,extremo_funcional,1
proporciona la,extremo_funcional,1
proposito de,extremo_funcional,2
proposito de alinearlos a,extremo_funcional,1
proposito de nuestra carrera,identidad_institucional_declarada,1
proposito formar ingenieros,denominacion_grado,1
proposito formar ingenieros en,extremo_funcional,1
propositos para,extremo_funcional,1
propuesta cristiana,contexto_institucional_geografico,1
propuestas en,extremo_funcional,1
protagonistas de,extremo_funcional,1
protagonistas de la,extremo_funcional,1
proteccion de,extremo_funcional,1
proteccion y,extremo_funcional,1
proteccion y resguardo,expresion_funcional,1
proteccion y resguardo de,extremo_funcional,1
protegen la,extremo_funcional,1
protegen la informacion y,extremo_funcional,1
protocolos de,extremo_funcional,1
protocolos de proteccion y,extremo_funcional,1
proveedoras de,extremo_funcional,1
proveedoras de servicios de,extremo_funcional,1
proveedores de,extremo_funcional,1
proveedores de los,extremo_funcional,1
proveen productos y,extremo_funcional,1
proyectos colaborativa y,extremo_funcional,1
proyectos colaborativa y autonomamente,expresion_funcional,1
proyectos como,extremo_funcional,1
proyectos como strategy,expresion_funcional,1
proyectos como strategy account,expresion_funcional,1
proyectos con,extremo_funcional,2
proyectos con componentes en,extremo_funcional,1
proyectos corfo por,extremo_funcional,1
proyectos corfo por mas,extremo_funcional,1
proyectos de,extremo_funcional,19
proyectos de ciencia de,extremo_funcional,1
proyectos de informatica,denominacion_grado,2
proyectos de informatica e,extremo_funcional,2
proyectos de ingenieria,denominacion_grado,6
proyectos de ingenieria de,extremo_funcional,1
proyectos de ingenieria en,extremo_funcional,3
proyectos de ingenieria informatica,denominacion_grado,2
proyectos de la,extremo_funcional,1
proyectos de la universidad,contexto_institucional_geografico,1
proyectos de tecnologias de,extremo_funcional,3
proyectos de vinculacion con,extremo_funcional,1
proyectos e,extremo_funcional,1
proyectos e impacto,expresion_funcional,1
proyectos e impacto del,extremo_funcional,1
proyectos en,extremo_funcional,4
proyectos en postgrado y,extremo_funcional,1
proyectos en que,extremo_funcional,1
proyectos en que se,extremo_funcional,1
proyectos en su,extremo_funcional,1
proyectos en su area,expresion_funcional,1
proyectos en tecnologias de,extremo_funcional,1
proyectos informaticos,denominacion_grado,16
proyectos informaticos a,extremo_funcional,1
proyectos informaticos a traves,expresion_funcional,1
proyectos informaticos de,extremo_funcional,1
proyectos informaticos de mediana,denominacion_grado,1
proyectos informaticos definidos,denominacion_grado,1
proyectos informaticos definidos en,extremo_funcional,1
proyectos informaticos en,extremo_funcional,2
proyectos informaticos en contextos,denominacion_grado,1
proyectos informaticos en las,extremo_funcional,1
proyectos informaticos interdisciplinarios,denominacion_grado,1
proyectos informaticos y,extremo_funcional,4
proyectos informaticos y equipos,expresion_funcional,1
proyectos informaticos y la,extremo_funcional,2
proyectos informaticos y tecnologias,expresion_funcional,1
proyectos o,extremo_funcional,1
proyectos o asesorias,expresion_funcional,1
proyectos o asesorias de,extremo_funcional,1
proyectos propios de,extremo_funcional,1
proyectos publicos y,extremo_funcional,1
proyectos publicos y privados,expresion_funcional,1
proyectos que,extremo_funcional,4
proyectos que ayuden,expresion_funcional,1
proyectos que ayuden en,extremo_funcional,1
proyectos que involucran,expresion_funcional,1
proyectos que involucran productos,expresion_funcional,1
proyectos que involucren,expresion_funcional,1
proyectos que involucren procesos,expresion_funcional,1
proyectos que requieren,expresion_funcional,1
proyectos que requieren liderazgo,expresion_funcional,1
proyectos relacionados con,extremo_funcional,3
proyectos relacionados con el,extremo_funcional,1
proyectos relacionados con las,extremo_funcional,1
proyectos tecnologicos en,extremo_funcional,1
proyectos tecnologicos en un,extremo_funcional,1
proyectos universidad,contexto_institucional_geografico,1
proyectos universidad mayor,contexto_institucional_geografico,1
proyectos y,extremo_funcional,4
proyectos y en,extremo_funcional,1
proyectos y en la,extremo_funcional,1
proyectos y servicios,expresion_funcional,1
proyectos y servicios de,extremo_funcional,1
proyectos y soluciones,expresion_funcional,1
proyectos y soluciones tecnologicas,expresion_funcional,1
proyectos y tecnologias,expresion_funcional,1
proyectos y tecnologias de,extremo_funcional,1
prueba los,extremo_funcional,1
prueba los conocimientos,extremo_vago_declarado,1
pruebas de,extremo_funcional,1
publica y,extremo_funcional,1
publica y privada,expresion_funcional,1
publicas como,extremo_funcional,1
publicas como privadas,expresion_funcional,1
publicas o,extremo_funcional,4
publicas o privadas,expresion_funcional,4
publicas o privadas del,extremo_funcional,1
publicas o privadas tanto,extremo_funcional,1
publicas y,extremo_funcional,4
publicas y privadas,expresion_funcional,4
publicas y privadas o,extremo_funcional,1
publico como,extremo_funcional,1
publico como privado,expresion_funcional,1
publico cuyo,extremo_funcional,1
publico cuyo enfoque,expresion_funcional,1
publico cuyo enfoque sea,expresion_funcional,1
publico o,extremo_funcional,1
publico o privado,expresion_funcional,1
publico y,extremo_funcional,1
publico y privado,expresion_funcional,1
publicos como,extremo_funcional,1
publicos como privados,expresion_funcional,1
publicos y,extremo_funcional,2
publicos y privados,expresion_funcional,2
publicos y privados de,extremo_funcional,1
pudiendo desempenarse como,extremo_funcional,1
pudiendo desempenarse como jefe,expresion_funcional,1
pudiendo desempenarse en,extremo_funcional,2
pudiendo desempenarse en cualquier,extremo_funcional,1
puedan enfrentarse a,extremo_funcional,1
puedan enfrentarse a situaciones,expresion_funcional,1
puedan participar activamente en,extremo_funcional,1
puede asi realizar un,extremo_funcional,1
puede desempenar en,extremo_funcional,1
puede desempenarse de,extremo_funcional,1
puede desempenarse en,extremo_funcional,2
puede desempenarse en el,extremo_funcional,1
puede integrar grupos de,extremo_funcional,1
pueden analizar e,extremo_funcional,1
pueden analizar e interpretar,expresion_funcional,1
pueden resolver problemas o,extremo_funcional,1
puerta de,extremo_funcional,1
puerta de entrada para,extremo_funcional,1
puerto montt camino a,extremo_funcional,1
que,stopword_o_unigrama_corto,49
que a,extremo_funcional,1
que a traves,extremo_funcional,1
que a traves del,extremo_funcional,1
que aporten,extremo_funcional,1
que aporten valor,extremo_funcional,1
que aporten valor a,extremo_funcional,1
que apoyen,extremo_funcional,1
que apoyen la,extremo_funcional,1
que apoyen la toma,extremo_vago_declarado,1
que aumenta,extremo_funcional,1
que aumenta al,extremo_funcional,1
que ayuden,extremo_funcional,1
que ayuden en,extremo_funcional,1
que ayuden en el,extremo_funcional,1
que caracteriza,extremo_funcional,1
que caracteriza la,extremo_funcional,1
que caracteriza la evolucion,extremo_funcional,1
que concibe,extremo_funcional,1
que conciben,extremo_funcional,1
que conformen,extremo_funcional,1
que conformen la,extremo_funcional,1
que conformen la base,extremo_funcional,1
que contribuya,extremo_funcional,2
que contribuya a,extremo_funcional,2
que contribuya a forjar,extremo_funcional,1
que contribuya a la,extremo_funcional,1
que cumplan,extremo_funcional,1
que cumplan con,extremo_funcional,1
que cumplan con los,extremo_funcional,1
que cumplen,extremo_funcional,1
que cumplen con,extremo_funcional,1
que cumplen con los,extremo_funcional,1
que da,fragmento_corto_no_reconocido,1
que da sentido,fragmento_corto_no_reconocido,1
que da sentido a,fragmento_corto_no_reconocido,1
que demanda,extremo_funcional,1
que demanda la,extremo_funcional,1
que demanda la sociedad,extremo_funcional,1
que den,extremo_funcional,2
que den solucion,extremo_funcional,1
que den solucion a,extremo_funcional,1
que den un,extremo_funcional,1
que den un valor,extremo_funcional,1
que desarrolla,extremo_funcional,3
que desarrolla habilidades,extremo_funcional,2
que desarrolla habilidades para,extremo_funcional,2
que desarrolla la,extremo_funcional,1
que desarrolla la carrera,identidad_institucional_declarada,1
que desarrollan,extremo_funcional,1
que desarrollan nuestros,extremo_funcional,1
que desarrollan nuestros profesionales,extremo_funcional,1
que desarrollaras,extremo_funcional,1
que desarrollaras en,extremo_funcional,1
que desarrollaras en este,extremo_funcional,1
que describen,extremo_funcional,1
que describen sistemas,extremo_funcional,1
que disena,extremo_funcional,1
que el,extremo_funcional,3
que el nuevo,extremo_funcional,1
que el nuevo profesional,extremo_funcional,1
que el profesional,extremo_funcional,1
que el profesional comprenda,extremo_funcional,1
que emergen,extremo_funcional,1
que emergen en,extremo_funcional,1
que emergen en contextos,extremo_funcional,1
que en,extremo_funcional,1
que en el,extremo_funcional,1
que en el ejercicio,extremo_funcional,1
que enriqueceran,extremo_funcional,1
que enriqueceran tu,extremo_funcional,1
que enriqueceran tu perfil,extremo_funcional,1
que es,extremo_funcional,1
que es procesada,extremo_funcional,1
que esta,extremo_funcional,1
que esta capacitado,extremo_funcional,1
que esta capacitado para,extremo_funcional,1
que evidencia,extremo_funcional,1
que evidencia competencias,extremo_funcional,1
que evidencia competencias con,extremo_funcional,1
que favorece,extremo_funcional,1
que favorece el,extremo_funcional,1
que favorece el manejo,extremo_funcional,1
que favorecen,extremo_funcional,1
que favorecen la,extremo_funcional,1
que favorecen la formacion,extremo_funcional,1
que gestiona,extremo_funcional,1
que gestiona amenazas,extremo_funcional,1
que gestiona amenazas y,extremo_funcional,1
que ha,extremo_funcional,1
que ha recibido,extremo_funcional,1
que ha recibido una,extremo_funcional,1
que habilidades,extremo_funcional,1
que habilidades sociales,extremo_funcional,1
que habilidades sociales y,extremo_funcional,1
que hacer,extremo_funcional,1
que hacer la,extremo_funcional,1
que hacer la etica,extremo_funcional,1
que implica,extremo_funcional,1
que implica el,extremo_funcional,1
que implica el desempeno,extremo_funcional,1
que incluyen,extremo_funcional,1
que incluyen software,extremo_funcional,1
que incorpora,extremo_funcional,1
que incorpora experiencias,extremo_funcional,1
que incorpora experiencias practicas,extremo_funcional,1
que incorpore,extremo_funcional,1
que incorpore inteligencia,extremo_funcional,1
que incorpore inteligencia artificial,extremo_funcional,1
que influyen,extremo_funcional,1
que influyen en,extremo_funcional,1
que influyen en los,extremo_funcional,1
que integran,extremo_funcional,2
que integran informacion,extremo_funcional,2
que integren,extremo_funcional,1
que integren equipos,extremo_funcional,1
que involucran,extremo_funcional,1
que involucran productos,extremo_funcional,1
que involucran productos de,extremo_funcional,1
que involucren,extremo_funcional,2
que involucren la,extremo_funcional,1
que involucren la integracion,extremo_funcional,1
que involucren procesos,extremo_funcional,1
que involucren procesos de,extremo_funcional,1
que las,extremo_funcional,2
que las satisfagan,extremo_funcional,1
que las y,extremo_funcional,1
que las y los,extremo_funcional,1
que le,extremo_funcional,13
que le impone,extremo_funcional,1
que le impone un,extremo_funcional,1
que le otorga,extremo_funcional,1
que le otorga el,extremo_funcional,1
que le permitan,extremo_funcional,4
que le permitan acceder,extremo_funcional,1
que le permitan disenar,extremo_funcional,1
que le permitan estar,extremo_funcional,2
que le permite,extremo_funcional,5
que le permite comprender,extremo_funcional,1
que le permite desarrollar,extremo_funcional,1
que le permite desenvolverse,extremo_funcional,2
que le permite formular,extremo_funcional,1
que le permiten,extremo_funcional,2
que le permiten desempenarse,extremo_funcional,1
que le permiten trabajar,extremo_funcional,1
que le permitira,extremo_funcional,2
que le permitira desempenarse,extremo_funcional,1
que le permitira revisar,extremo_funcional,1
que les,extremo_funcional,3
que les faculta,extremo_funcional,1
que les faculta para,extremo_funcional,1
que les permitan,extremo_funcional,1
que les permitan disenar,extremo_funcional,1
que les permite,extremo_funcional,1
que les permite mantenerse,extremo_funcional,1
que lo,extremo_funcional,1
que lo habilitan,extremo_funcional,1
que lo habilitan para,extremo_funcional,1
que logran,extremo_funcional,1
que logran aplicar,extremo_funcional,1
que logran aplicar al,extremo_funcional,1
que participa,extremo_funcional,1
que permitan,extremo_funcional,4
que permitan crear,extremo_funcional,1
que permitan el,extremo_funcional,1
que permitan el alcance,extremo_funcional,1
que permitan garantizar,extremo_funcional,1
que permitan garantizar la,extremo_funcional,1
que permitan resolver,extremo_funcional,1
que permitan resolver los,extremo_funcional,1
que permite,extremo_funcional,1
que permite que,extremo_funcional,1
que permite que sus,extremo_funcional,1
que permitiran,extremo_funcional,1
que permitiran enriquecer,extremo_funcional,1
que permitiran enriquecer tus,extremo_funcional,1
que podra,extremo_funcional,1
que podra generar,extremo_funcional,1
que podra generar y,extremo_funcional,1
que posean,extremo_funcional,1
que posean una,extremo_funcional,1
que posean una fuerte,extremo_funcional,1
que posee,extremo_funcional,1
que posee solidos,extremo_funcional,1
que posee solidos conocimientos,extremo_vago_declarado,1
que poseen,extremo_funcional,1
que poseen los,extremo_funcional,1
que poseen los datos,extremo_funcional,1
que potencien,extremo_funcional,1
que potencien la,extremo_funcional,1
que potencien la seguridad,extremo_funcional,1
que presentan,extremo_funcional,2
que presentan los,extremo_funcional,1
que presentan los territorios,extremo_funcional,1
que presentan problemas,extremo_funcional,1
que presentan problemas de,extremo_funcional,1
que producen,extremo_funcional,1
que producen o,extremo_funcional,1
que producen o proveen,extremo_funcional,1
que progresivamente,extremo_funcional,1
que progresivamente alcance,extremo_funcional,1
que promueven,extremo_funcional,1
que promueven la,extremo_funcional,1
que promueven la innovacion,extremo_funcional,1
que protegen,extremo_funcional,1
que protegen la,extremo_funcional,1
que protegen la informacion,extremo_funcional,1
que puedan,extremo_funcional,1
que puedan participar,extremo_funcional,1
que puedan participar activamente,extremo_funcional,1
que quieran,extremo_funcional,1
que quieran colaborar,extremo_funcional,1
que quieran colaborar y,extremo_funcional,1
que requieran,extremo_funcional,1
que requieran soluciones,extremo_funcional,1
que requieran soluciones computacionales,extremo_funcional,1
que requieren,extremo_funcional,4
que requieren analisis,extremo_funcional,1
que requieren analisis de,extremo_funcional,1
que requieren conocimientos,extremo_vago_declarado,1
que requieren conocimientos profundos,extremo_funcional,1
que requieren liderazgo,extremo_funcional,1
que requieren procesamiento,extremo_funcional,1
que requieren procesamiento automatico,extremo_funcional,1
que respondan,extremo_funcional,2
que respondan a,extremo_funcional,2
que respondan a las,extremo_funcional,1
que respondan a necesidades,extremo_funcional,1
que responden,extremo_funcional,2
que responden a,extremo_funcional,2
que responden a las,extremo_funcional,1
que responden a los,extremo_funcional,1
que resuelve,extremo_funcional,1
que resuelve problematicas,extremo_funcional,1
que resuelve problematicas y,extremo_funcional,1
que satisfacen,extremo_funcional,1
que satisfacen necesidades,extremo_funcional,1
que satisfacen necesidades organizacionales,extremo_funcional,1
que se,extremo_funcional,10
que se acomoda,extremo_funcional,1
que se acomoda a,extremo_funcional,1
que se dedican,extremo_funcional,1
que se dedican a,extremo_funcional,1
que se desempena,extremo_funcional,1
que se desempena con,extremo_funcional,1
que se desempene,extremo_funcional,1
que se desenvuelva,extremo_funcional,1
que se desenvuelve,extremo_funcional,1
que se destacan,extremo_funcional,2
que se destacan por,extremo_funcional,1
que se destacan programador,extremo_funcional,1
que se encuentran,extremo_funcional,1
que se encuentran interconectados,extremo_funcional,1
que se involucra,extremo_funcional,1
que se le,extremo_funcional,1
que se le presentan,extremo_funcional,1
que sea,extremo_funcional,1
que sea un,extremo_funcional,1
que sea un profesional,extremo_funcional,1
que sean,extremo_funcional,1
que sean capaces,extremo_funcional,1
que sean capaces de,extremo_funcional,1
que suponen,extremo_funcional,1
que suponen un,extremo_funcional,1
que suponen un riesgo,extremo_funcional,1
que surgen,extremo_funcional,2
que surgen entre,extremo_funcional,2
que surgen entre personas,extremo_funcional,2
que sus,extremo_funcional,1
que sus estudiantes,extremo_funcional,1
que sus estudiantes adquieran,extremo_funcional,1
que sustentan,extremo_funcional,1
que sustentan la,extremo_funcional,1
que sustentan la disciplina,extremo_funcional,1
que todo,extremo_funcional,1
que todo egresado,extremo_funcional,1
que todo egresado y,extremo_funcional,1
que utiliza,extremo_funcional,1
que utiliza un,extremo_funcional,1
que utiliza un conjunto,extremo_funcional,1
que valora,extremo_funcional,1
que valora la,extremo_funcional,1
que valora la diversidad,extremo_funcional,1
que viven,extremo_funcional,1
que viven las,extremo_funcional,1
que viven las organizaciones,extremo_funcional,1
quedan habilitados respectivamente para,extremo_funcional,1
quehacer de,extremo_funcional,1
quehacer en,extremo_funcional,1
quehacer en las,extremo_funcional,1
quehacer profesional de,extremo_funcional,1
quehacer profesional en,extremo_funcional,1
quehacer profesional en las,extremo_funcional,1
quehacer profesional y,extremo_funcional,1
quehacer profesional y ciudadano,expresion_funcional,1
quien egresa de,extremo_funcional,1
quien egresa de la,extremo_funcional,1
quien egrese de,extremo_funcional,1
quien egrese de la,extremo_funcional,1
quien se,extremo_funcional,1
quien se identificara,expresion_funcional,1
quien se identificara por,extremo_funcional,1
quienes conforman los,extremo_funcional,1
quienes egresan de,extremo_funcional,2
quienes egresan de ingenieria,denominacion_grado,1
quienes egresan de la,extremo_funcional,1
quienes ingresen a,extremo_funcional,1
quienes ingresen a estudiar,expresion_funcional,1
quieran colaborar y,extremo_funcional,1
quieran colaborar y vincularse,expresion_funcional,1
quiero ser,extremo_funcional,1
quiero ser ingeniera,expresion_funcional,1
quiero ser ingeniera division,expresion_funcional,1
quiero ser profesor,expresion_funcional,1
quiero ser profesor programa,expresion_funcional,1
raices de,extremo_funcional,1
ramirez donoso ingeniero,denominacion_grado,1
ramirez donoso ingeniero en,extremo_funcional,1
ramon pena ancavil ingeniero,denominacion_grado,1
reaccionar y,extremo_funcional,1
reaccionar y actuar,expresion_funcional,1
reaccionar y actuar antes,extremo_funcional,1
reales que,extremo_funcional,1
reales que viven,expresion_funcional,1
reales que viven las,extremo_funcional,1
reales y,extremo_funcional,1
reales y en,extremo_funcional,1
reales y en un,extremo_funcional,1
realidad circundante y,extremo_funcional,1
realidad circundante y pone,expresion_funcional,1
realiza gestion de,extremo_funcional,1
realiza un,extremo_funcional,1
realiza un doctorado,expresion_funcional,1
realiza un doctorado en,extremo_funcional,1
realizacion de,extremo_funcional,1
realizacion de la,extremo_funcional,1
realizando proyectos o,extremo_funcional,1
realizando proyectos o asesorias,expresion_funcional,1
realizar acciones de,extremo_funcional,1
realizar analitica de,extremo_funcional,1
realizar el,extremo_funcional,1
realizar el analisis de,extremo_funcional,1
realizar un,extremo_funcional,1
realizar un aporte,expresion_funcional,1
realizar un aporte concreto,expresion_funcional,1
recibido una,extremo_funcional,1
recibido una formacion,expresion_funcional,1
recibido una formacion integral,expresion_funcional,1
reciproca entre,extremo_funcional,1
reciproca entre la,extremo_funcional,1
reciproca entre la universidad,expresion_funcional,1
reciprocidad en,extremo_funcional,1
reciprocidad en el,extremo_funcional,1
recomendar evaluacion de,extremo_funcional,1
reconoce el,extremo_funcional,1
reconoce la,extremo_funcional,1
reconoce las,extremo_funcional,1
reconoce por,extremo_funcional,1
reconoce por ser,extremo_funcional,1
reconoce por ser una,extremo_funcional,1
reconoce segun,extremo_funcional,1
reconoce segun sus,extremo_funcional,1
reconoce segun sus intereses,expresion_funcional,1
reconocer y,extremo_funcional,1
reconocer y resguardar,expresion_funcional,1
reconocer y resguardar los,extremo_funcional,1
reconocimiento de,extremo_funcional,1
reconocimiento de la,extremo_funcional,1
reconocimiento del,extremo_funcional,1
reconocimiento del talento de,extremo_funcional,1
recuperar informacion valiosa de,extremo_funcional,1
recursos con,extremo_funcional,1
recursos con el,extremo_funcional,1
recursos digitales e,extremo_funcional,2
recursos digitales e inteligencia,expresion_funcional,2
recursos informaticos,denominacion_grado,1
recursos informaticos disponibles,denominacion_grado,1
recursos informaticos disponibles en,extremo_funcional,1
recursos liderar equipos de,extremo_funcional,1
recursos tecnologicos de,extremo_funcional,1
recursos tecnologicos de una,extremo_funcional,1
recursos tecnologicos en,extremo_funcional,1
recursos tecnologicos en la,extremo_funcional,1
recursos y,extremo_funcional,3
recursos y herramientas,expresion_funcional,2
recursos y herramientas de,extremo_funcional,2
recursos y promueve,expresion_funcional,1
recursos y promueve mejoras,expresion_funcional,1
red de,extremo_funcional,1
redes de,extremo_funcional,7
redes de computadores o,extremo_funcional,1
redes de computadores y,extremo_funcional,1
redes de comunicacion e,extremo_funcional,1
redes de comunicaciones de,extremo_funcional,1
redes de datos y,extremo_funcional,2
redes y,extremo_funcional,6
redes y comunicaciones,expresion_funcional,1
redes y recursos,expresion_funcional,1
redes y recursos computacionales,expresion_funcional,1
redes y sistemas,expresion_funcional,1
redes y sistemas digitales,expresion_funcional,1
redes y soluciones,expresion_funcional,1
redes y soluciones algoritmicas,expresion_funcional,1
redes y telecomunicaciones,expresion_funcional,2
reducir los,extremo_funcional,1
reducir los riesgos de,extremo_funcional,1
referente en,extremo_funcional,1
referente en la,extremo_funcional,1
reflexion critica con,extremo_funcional,1
reflexion critica con el,extremo_funcional,1
reflexion y,extremo_funcional,1
reflexion y aprendizaje,expresion_funcional,1
reflexion y aprendizaje segun,extremo_funcional,1
reflexionar de,extremo_funcional,1
reflexivo y,extremo_funcional,1
reflexivo y tolerante,expresion_funcional,1
region de,extremo_funcional,3
region de atacama y,extremo_funcional,1
region y,extremo_funcional,3
region y del,extremo_funcional,1
region y del pais,expresion_funcional,1
region y el,extremo_funcional,2
region y el pais,expresion_funcional,2
regional como,extremo_funcional,1
regional como nacional,expresion_funcional,1
relacion con,extremo_funcional,1
relacion con los,extremo_funcional,1
relaciona con,extremo_funcional,1
relaciona con el,extremo_funcional,1
relacionadas al,extremo_funcional,1
relacionadas al mundo,expresion_funcional,1
relacionadas al mundo digital,expresion_funcional,1
relacionadas con,extremo_funcional,4
relacionadas con el,extremo_funcional,3
relacionadas con la,extremo_funcional,1
relacionados a,extremo_funcional,2
relacionados a las,extremo_funcional,1
relacionados a las tecnologias,expresion_funcional,1
relacionados a sus,extremo_funcional,1
relacionados a sus respectivas,expresion_funcional,1
relacionados con,extremo_funcional,5
relacionados con el,extremo_funcional,1
relacionados con las,extremo_funcional,2
relacionados con programas informaticos,denominacion_grado,1
relacionados con su,extremo_funcional,1
relacionados con su profesion,expresion_funcional,1
relacionales y,extremo_funcional,1
relacionales y no,extremo_funcional,1
relacionales y no relacionales,expresion_funcional,1
relacionar datos empresariales para,extremo_funcional,1
relaciones sanas de,extremo_funcional,1
relativos al,extremo_funcional,1
relativos al procesamiento,expresion_funcional,1
relativos al procesamiento informatico,expresion_funcional,1
relevante desde,extremo_funcional,1
relevante desde datos,expresion_funcional,1
relevante desde datos de,extremo_funcional,1
relevante para,extremo_funcional,1
relevante para el,extremo_funcional,1
rendimiento y,extremo_funcional,2
rendimiento y aplicar,expresion_funcional,1
rendimiento y aplicar nuevos,expresion_funcional,1
rendimiento y nuevas,expresion_funcional,1
rendimiento y nuevas capacidades,expresion_funcional,1
requeridas por,extremo_funcional,2
requeridas por las,extremo_funcional,2
requeridas por las organizaciones,expresion_funcional,2
requerimientos de,extremo_funcional,7
requerimientos de ese,extremo_funcional,1
requerimientos de ese procesamiento,expresion_funcional,1
requerimientos de informacion en,extremo_funcional,1
requerimientos de la,extremo_funcional,4
requerimientos de las,extremo_funcional,1
requerimientos del,extremo_funcional,3
requerimientos del cliente y,extremo_funcional,1
requieren analisis de,extremo_funcional,1
requieren conocimientos,extremo_vago_declarado,1
requieren conocimientos profundos de,extremo_funcional,1
requieren procesamiento automatico de,extremo_funcional,1
requisitos del,extremo_funcional,1
requisitos del plan de,extremo_funcional,1
resena de,extremo_funcional,1
resena de la,extremo_funcional,1
resena de la carrera,identidad_institucional_declarada,1
resguardar los,extremo_funcional,1
resguardar los asuntos de,extremo_funcional,1
resguardar su,extremo_funcional,1
resguardar su informacion,expresion_funcional,1
resguardo de,extremo_funcional,1
resguardo de la,extremo_funcional,1
resilientes comprometidos con,extremo_funcional,1
resilientes comprometidos con la,extremo_funcional,1
resolucion de,extremo_funcional,6
resolucion de problemas de,extremo_funcional,2
resolucion de problematicas y,extremo_funcional,1
resolver diversas,extremo_vago_declarado,2
resolver diversas necesidades de,extremo_funcional,1
resolver las,extremo_funcional,3
resolver las diferencias que,extremo_funcional,2
resolver las necesidades de,extremo_funcional,1
resolver los,extremo_funcional,2
resolver los problemas que,extremo_funcional,1
resolver los requerimientos de,extremo_funcional,1
resolver problemas basandose en,extremo_funcional,1
resolver problemas complejos con,extremo_funcional,1
resolver problemas complejos en,extremo_funcional,2
resolver problemas complejos que,extremo_funcional,1
resolver problemas con,extremo_funcional,3
resolver problemas con un,extremo_funcional,1
resolver problemas de,extremo_funcional,2
resolver problemas de ingenieria,denominacion_grado,2
resolver problemas en,extremo_funcional,2
resolver problemas en el,extremo_funcional,1
resolver problemas en ingenieria,denominacion_grado,1
resolver problemas fundamentales y,extremo_funcional,1
resolver problemas o,extremo_funcional,1
resolver problemas o situaciones,expresion_funcional,1
resolver problemas propios del,extremo_funcional,1
resolver problemas y,extremo_funcional,1
resolviendo errores de,extremo_funcional,1
resolviendo problemas complejos en,extremo_funcional,1
respectivamente para,extremo_funcional,1
respecto a,extremo_funcional,1
respecto a como,extremo_funcional,1
respecto a como observar,expresion_funcional,1
respetando la,extremo_funcional,3
respetando la diversidad de,extremo_funcional,1
respetando la diversidad y,extremo_funcional,1
respetando los,extremo_funcional,1
respeto,segmento_de_identidad_institucional,2
respeto a,extremo_funcional,2
respeto a la,extremo_funcional,1
respeto a la diversidad,expresion_funcional,1
respeto a principios,expresion_funcional,1
respeto a principios eticos,expresion_funcional,1
respeto al,extremo_funcional,1
respeto al medio,expresion_funcional,1
respeto al medio ambiente,expresion_funcional,1
respeto de,extremo_funcional,1
respeto de,segmento_de_identidad_institucional,2
respeto de la,extremo_funcional,1
respeto de la,segmento_de_identidad_institucional,2
respeto de la dignidad,segmento_de_identidad_institucional,2
respeto hacia,extremo_funcional,1
respeto hacia los,extremo_funcional,1
respetuosa del,extremo_funcional,1
respetuoso y,extremo_funcional,1
respetuoso y que,extremo_funcional,1
respetuoso y que valora,expresion_funcional,1
respondan a,extremo_funcional,2
respondan a las,extremo_funcional,1
respondan a las necesidades,expresion_funcional,1
respondan a necesidades,expresion_funcional,1
respondan a necesidades del,extremo_funcional,1
responden a,extremo_funcional,2
responden a las,extremo_funcional,1
responden a las exigencias,expresion_funcional,1
responden a los,extremo_funcional,1
responden a los requerimientos,expresion_funcional,1
responder a,extremo_funcional,3
responder a la,extremo_funcional,1
responder a la evolucion,expresion_funcional,1
responder a las,extremo_funcional,1
responder a las necesidades,expresion_funcional,1
responder a los,extremo_funcional,1
responder a los desafios,expresion_funcional,1
respondiendo a,extremo_funcional,1
respondiendo a incidentes,expresion_funcional,1
respondiendo con,extremo_funcional,1
respondiendo con pertinencia y,extremo_funcional,1
responsabilidad a,extremo_funcional,1
responsabilidad a las,extremo_funcional,1
responsabilidad a las exigencias,expresion_funcional,1
responsabilidad profesional y,extremo_funcional,1
responsabilidad profesional y etica,expresion_funcional,1
responsabilidad social desde,extremo_funcional,1
responsabilidad social desde una,extremo_funcional,1
responsabilidad social y,extremo_funcional,2
responsabilidad social y ambiental,expresion_funcional,1
responsabilidad social y etica,expresion_funcional,1
responsabilidad y,extremo_funcional,3
responsabilidad y bien,expresion_funcional,1
responsabilidad y bien comun,expresion_funcional,1
responsabilidad y etica,expresion_funcional,1
responsabilidad y etica en,extremo_funcional,1
responsabilidad y orientacion,expresion_funcional,1
responsabilidad y orientacion al,extremo_funcional,1
responsabilidades eticas en,extremo_funcional,1
responsabilidades eticas en su,extremo_funcional,1
responsable de,extremo_funcional,1
responsable de la,extremo_funcional,1
responsable e,extremo_funcional,1
responsable e inclusiva,expresion_funcional,1
responsable y,extremo_funcional,1
responsable y autonoma,expresion_funcional,1
responsables en,extremo_funcional,1
responsables en satisfacer las,extremo_funcional,1
respuesta a,extremo_funcional,1
respuesta a demandas,expresion_funcional,1
respuesta a demandas del,extremo_funcional,1
respuesta valiosa al,extremo_funcional,1
respuesta valiosa al sentido,expresion_funcional,1
respuestas eficientes a,extremo_funcional,1
respuestas eficientes a los,extremo_funcional,1
restricciones impuestas por,extremo_funcional,1
restricciones impuestas por la,extremo_funcional,1
restricciones que,extremo_funcional,1
restricciones que presentan,expresion_funcional,1
restricciones que presentan problemas,expresion_funcional,1
resueltos computacionalmente con,extremo_funcional,1
resueltos computacionalmente con el,extremo_funcional,1
resuelve problematicas y,extremo_funcional,1
resuelve problematicas y gestiona,expresion_funcional,1
resultados de,extremo_funcional,3
resultados de aprendizaje ambito,extremo_vago_declarado,1
resultados de procesos informaticos,denominacion_grado,1
revelan una,extremo_funcional,1
revelan una capacidad,expresion_funcional,1
revelan una capacidad de,extremo_funcional,1
revisar de,extremo_funcional,1
riesgo a,extremo_funcional,1
riesgo a la,extremo_funcional,1
riesgo a la informacion,expresion_funcional,1
riesgos de,extremo_funcional,1
riesgos de exposicion de,extremo_funcional,1
riesgos en,extremo_funcional,1
riesgos en su,extremo_funcional,1
riesgos en su quehacer,expresion_funcional,1
rigurosa base en,extremo_funcional,2
robotica e,extremo_funcional,1
robotica e inteligencia,expresion_funcional,1
robotica e inteligencia artificial,expresion_funcional,1
rol de,extremo_funcional,3
rol de coordinadora y,extremo_funcional,1
rol de ingeniero,denominacion_grado,2
roles como,extremo_funcional,1
roles como desarrolladores,expresion_funcional,1
roles como desarrolladores de,extremo_funcional,1
roncagliolo de,extremo_funcional,1
roncagliolo de la,extremo_funcional,1
s,fragmento_corto_no_reconocido,1
saben gestionar y,extremo_funcional,1
saben gestionar y aplicar,expresion_funcional,1
saberes propios de,extremo_funcional,1
saberes propios de su,extremo_funcional,1
salas especializadas para,extremo_funcional,1
salas especializadas para la,extremo_funcional,1
salud y,extremo_funcional,1
salud y de,extremo_funcional,1
salud y de riesgos,expresion_funcional,1
sanas de,extremo_funcional,1
santa maria se,extremo_funcional,1
santa maria se forma,expresion_funcional,1
santa maria y,extremo_funcional,1
santa maria y magister,expresion_funcional,1
santiago,stopword_o_unigrama_corto,4
santiago republica,contexto_institucional_geografico,1
santiago y,extremo_funcional,1
santiago y concepcion,expresion_funcional,1
santisima concepcion,contexto_institucional_geografico,3
santo tomas son,extremo_funcional,1
santo tomas son profesionales,expresion_funcional,1
satisfacer las,extremo_funcional,2
satisfacer las necesidades e,extremo_funcional,1
satisfacer los,extremo_funcional,2
satisfacer los requerimientos de,extremo_funcional,1
satisfacer los requerimientos del,extremo_funcional,1
sc,fragmento_corto_no_reconocido,1
se,stopword_o_unigrama_corto,32
se acomoda,extremo_funcional,1
se acomoda a,extremo_funcional,1
se acomoda a tus,extremo_funcional,1
se adapta,extremo_funcional,2
se adapta a,extremo_funcional,2
se adapta a la,extremo_funcional,1
se adapta a situaciones,extremo_funcional,1
se alinea,extremo_funcional,1
se alinea a,extremo_funcional,1
se alinea a las,extremo_funcional,1
se caracteriza,extremo_funcional,3
se caracteriza por,extremo_funcional,3
se caracteriza por demostrar,extremo_funcional,1
se caracteriza por su,extremo_funcional,2
se caracterizan,extremo_funcional,2
se caracterizan por,extremo_funcional,2
se caracterizan por ser,extremo_funcional,1
se caracterizan por su,extremo_funcional,1
se centra,extremo_funcional,1
se centra en,extremo_funcional,1
se centra en la,extremo_funcional,1
se comunica,extremo_funcional,2
se comunica a,extremo_funcional,1
se comunica a traves,extremo_funcional,1
se comunica de,extremo_funcional,1
se comunica de manera,extremo_funcional,1
se constituyen,extremo_funcional,1
se constituyen los,extremo_funcional,1
se constituyen los pilares,extremo_funcional,1
se dedican,extremo_funcional,1
se dedican a,extremo_funcional,1
se dedican a las,extremo_funcional,1
se desarrolla,extremo_funcional,1
se desarrolla en,extremo_funcional,1
se desarrolla en un,extremo_funcional,1
se desarrollan,extremo_funcional,1
se desarrollan competencias,extremo_funcional,1
se desarrollan competencias para,extremo_funcional,1
se desempena,extremo_funcional,4
se desempena como,extremo_funcional,1
se desempena como docente,extremo_funcional,1
se desempena con,extremo_funcional,1
se desempena con un,extremo_funcional,1
se desempena en,extremo_funcional,2
se desempena en instituciones,extremo_funcional,2
se desempena haciendo,extremo_funcional,1
se desempena haciendo asesorias,extremo_funcional,1
se desempenan,extremo_funcional,1
se desempenan en,extremo_funcional,1
se desempenan en una,extremo_funcional,1
se desempene,extremo_funcional,1
se desenvuelva,extremo_funcional,1
se desenvuelve,extremo_funcional,1
se destaca,extremo_funcional,2
se destaca en,extremo_funcional,1
se destaca en la,extremo_funcional,1
se destaca por,extremo_funcional,1
se destaca por entregar,extremo_funcional,1
se destacan,extremo_funcional,4
se destacan por,extremo_funcional,3
se destacan por ser,extremo_funcional,1
se destacan por su,extremo_funcional,2
se destacan programador,extremo_funcional,1
se distingue,extremo_funcional,3
se distingue por,extremo_funcional,3
se distingue por el,extremo_funcional,1
se distingue por ser,extremo_funcional,1
se distingue por su,extremo_funcional,1
se encuentra,extremo_funcional,3
se encuentra capacitado,extremo_funcional,1
se encuentra habilitado,extremo_funcional,1
se encuentra preparado,extremo_funcional,1
se encuentran,extremo_funcional,3
se encuentran analizar,extremo_funcional,1
se encuentran interconectados,extremo_funcional,1
se encuentran modelar,extremo_funcional,1
se encuentran modelar y,extremo_funcional,1
se enfoca,extremo_funcional,1
se enfoca en,extremo_funcional,1
se enfoca en formar,extremo_funcional,1
se enfocan,extremo_funcional,1
se enfocan en,extremo_funcional,1
se enfocan en administrar,extremo_funcional,1
se enmarca,extremo_funcional,1
se enmarca en,extremo_funcional,1
se enmarca en involucrar,extremo_funcional,1
se especializa,extremo_funcional,1
se especializa en,extremo_funcional,1
se especializa en areas,extremo_funcional,1
se espera,extremo_funcional,1
se espera que,extremo_funcional,1
se espera que en,extremo_funcional,1
se espera que sea,extremo_funcional,1
se forma,extremo_funcional,1
se forma para,extremo_funcional,1
se forma para apoyar,extremo_funcional,1
se forman,extremo_funcional,1
se forman en,extremo_funcional,1
se forman en un,extremo_funcional,1
se fundamenta,extremo_funcional,1
se fundamenta en,extremo_funcional,1
se fundamenta en la,extremo_funcional,1
se ha,extremo_funcional,1
se ha desempenado,extremo_funcional,1
se ha desempenado en,extremo_funcional,1
se hace,extremo_funcional,1
se hace cargo,extremo_funcional,1
se hace cargo de,extremo_funcional,1
se identifican,extremo_funcional,1
se identifican por,extremo_funcional,1
se identifican por su,extremo_funcional,1
se identificara,extremo_funcional,1
se identificara por,extremo_funcional,1
se identificara por su,extremo_funcional,1
se imparte,extremo_funcional,2
se imparte en,extremo_funcional,2
se imparte en la,extremo_funcional,2
se involucra,extremo_funcional,1
se le,extremo_funcional,2
se le presentan,extremo_funcional,1
se le suma,extremo_funcional,1
se le suma un,extremo_funcional,1
se orienta,extremo_funcional,1
se orienta a,extremo_funcional,1
se orienta a desarrollar,extremo_funcional,1
se parte,extremo_funcional,1
se parte de,extremo_funcional,1
se parte de la,extremo_funcional,1
se propicie,extremo_funcional,1
se propicie la,extremo_funcional,1
se propicie la colaboracion,extremo_funcional,1
se puede,extremo_funcional,1
se puede desempenar,extremo_funcional,1
se puede desempenar en,extremo_funcional,1
se reconoce,extremo_funcional,1
se reconoce por,extremo_funcional,1
se reconoce por ser,extremo_funcional,1
se relaciona,extremo_funcional,1
se relaciona con,extremo_funcional,1
se relaciona con el,extremo_funcional,1
se traduce,extremo_funcional,1
se traduce en,extremo_funcional,1
se traduce en la,extremo_funcional,1
sea estructurados o,extremo_funcional,1
sea estructurados o no,extremo_funcional,1
sea la,extremo_funcional,1
sea la contribucion y,extremo_funcional,1
sea un,extremo_funcional,1
sea un profesional,expresion_funcional,1
sea un profesional enfocado,expresion_funcional,1
sean capaces,extremo_generico_declarado,1
sean capaces de,extremo_funcional,1
sector privado y,extremo_funcional,1
sector privado y del,extremo_funcional,1
sector productivo y,extremo_funcional,1
sector productivo y de,extremo_funcional,1
sector publico como,extremo_funcional,1
sector publico como privado,expresion_funcional,1
sector publico o,extremo_funcional,1
sector publico o privado,expresion_funcional,1
sector publico y,extremo_funcional,1
sector publico y privado,expresion_funcional,1
sector tecnologico y,extremo_funcional,1
sector tecnologico y desarrollar,expresion_funcional,1
sectores productivos y,extremo_funcional,1
sectores productivos y de,extremo_funcional,1
sectoriales del,extremo_funcional,1
sede santiago,contexto_institucional_geografico,3
sede santiago republica,contexto_institucional_geografico,1
sede santiago y,extremo_funcional,1
sede santiago y concepcion,expresion_funcional,1
segun,segmento_de_identidad_institucional,3
segun el,extremo_funcional,1
segun el portal,extremo_funcional,1
segun el portal nacional,extremo_funcional,1
segun estandares,extremo_funcional,1
segun estandares y,extremo_funcional,1
segun estandares y normas,extremo_funcional,1
segun las,extremo_funcional,1
segun las caracteristicas,extremo_funcional,1
segun las caracteristicas del,extremo_funcional,1
segun los,segmento_de_identidad_institucional,3
segun los principios,segmento_de_identidad_institucional,3
segun los principios de,segmento_de_identidad_institucional,1
segun los principios del,segmento_de_identidad_institucional,2
segun objetivos,extremo_funcional,1
segun objetivos establecidos,extremo_funcional,1
segun parametros,extremo_funcional,1
segun parametros establecidos,extremo_funcional,1
segun requerimientos,extremo_funcional,1
segun requerimientos del,extremo_funcional,1
segun requerimientos del cliente,extremo_funcional,1
segun sus,extremo_funcional,1
segun sus intereses,extremo_funcional,1
segundo ano de,extremo_funcional,1
seguridad adecuados para,extremo_funcional,1
seguridad de,extremo_funcional,9
seguridad de la,extremo_funcional,8
seguridad e,extremo_funcional,1
seguridad e innovacion,expresion_funcional,1
seguridad en,extremo_funcional,1
seguridad informatica,denominacion_grado,2
seguridad informatica y,extremo_funcional,1
seguridad informatica y de,extremo_funcional,1
seguridad y,extremo_funcional,5
seguridad y el,extremo_funcional,1
seguridad y el impacto,expresion_funcional,1
seguridad y privacidad,expresion_funcional,1
seguridad y proteccion,expresion_funcional,1
seguridad y proteccion de,extremo_funcional,1
seguridad y respondiendo,expresion_funcional,1
seguridad y respondiendo a,extremo_funcional,1
seguridad y sostenibilidad,expresion_funcional,1
seguridad y sostenibilidad del,extremo_funcional,1
seguro en,extremo_funcional,1
seguro en funcion a,extremo_funcional,1
selecciona componentes que,extremo_funcional,1
selecciona componentes que conformen,expresion_funcional,1
sello,segmento_de_identidad_institucional,2
sello,stopword_o_unigrama_corto,8
sello de,extremo_funcional,2
sello de la,extremo_funcional,2
sello de la carrera,identidad_institucional_declarada,1
sello de la universidad,contexto_institucional_geografico,1
sello diferenciador la,extremo_funcional,1
sello distintivo de,extremo_funcional,1
sello distintivo del,extremo_funcional,1
sello distintivo del o,extremo_funcional,1
sello formativo del,extremo_funcional,1
sello identitario,segmento_de_identidad_institucional,2
sello identitario de,segmento_de_identidad_institucional,2
sello identitario de la,segmento_de_identidad_institucional,2
sello profesional es,extremo_funcional,1
sello profesional es el,extremo_funcional,1
sello valorico cristiano,contexto_institucional_geografico,1
sello valorico cristiano y,extremo_funcional,1
sello y,extremo_funcional,1
sello y de,extremo_funcional,1
sello y de empleabilidad,expresion_funcional,1
sellos,stopword_o_unigrama_corto,1
sellos y,extremo_funcional,1
sellos y valores,expresion_funcional,1
sellos y valores institucionales,identidad_institucional_declarada,1
semestres vacantes no,extremo_funcional,1
semestres vacantes no disponible,expresion_funcional,1
senalar que,extremo_funcional,1
senalar que el,extremo_funcional,1
sensibles de,extremo_funcional,1
sensibles de usuarios y,extremo_funcional,1
sentido a,extremo_funcional,1
sentido a la,extremo_funcional,1
sentido a la vida,expresion_funcional,1
sentido amplio de,extremo_funcional,2
sentido de,extremo_funcional,4
sentido de la,extremo_funcional,1
sentido de orden y,extremo_funcional,1
sentido de responsabilidad y,extremo_funcional,1
sentido etico profesional en,extremo_funcional,1
sentido etico y,extremo_funcional,1
sentido etico y de,extremo_funcional,1
ser,stopword_o_unigrama_corto,9
ser ingeniera,extremo_funcional,1
ser ingeniera division,extremo_funcional,1
ser ingeniera division de,extremo_funcional,1
ser parte,extremo_funcional,1
ser parte de,extremo_funcional,1
ser parte de un,extremo_funcional,1
ser profesionales,extremo_funcional,1
ser profesionales capaces,extremo_funcional,1
ser profesionales capaces de,extremo_funcional,1
ser profesor,extremo_funcional,1
ser profesor programa,extremo_funcional,1
ser profesor programa yo,fragmento_corto_no_reconocido,1
ser resueltos,extremo_funcional,1
ser resueltos computacionalmente,extremo_funcional,1
ser resueltos computacionalmente con,extremo_funcional,1
ser un,extremo_funcional,4
ser un profesional,extremo_funcional,1
ser un profesional responsable,extremo_funcional,1
ser una,extremo_funcional,1
ser una persona,extremo_funcional,1
ser una persona formada,extremo_funcional,1
sera,termino_generico_aislado,3
sera capaz,extremo_generico_declarado,2
sera capaz de,extremo_funcional,2
sera capaz de diagnosticar,extremo_generico_declarado,1
sera un,extremo_funcional,1
sera un profesional,expresion_funcional,1
sera un profesional que,extremo_funcional,1
serena es,extremo_funcional,1
serena es un,extremo_funcional,1
serena es un profesional,expresion_funcional,1
servicio de,extremo_funcional,1
servicio de la,extremo_funcional,1
servicio nacional del,extremo_funcional,1
servicio y,extremo_funcional,1
servicio y un,extremo_funcional,1
servicio y un alto,extremo_vago_declarado,1
servicios a,extremo_funcional,1
servicios a empresas,expresion_funcional,1
servicios a empresas productivas,expresion_funcional,1
servicios de,extremo_funcional,3
servicios de desarrollo de,extremo_funcional,1
servicios de tecnologia de,extremo_funcional,1
servicios especializados a,extremo_funcional,1
servicios especializados a empresas,expresion_funcional,1
servicios informaticos,denominacion_grado,1
servicios informaticos y,extremo_funcional,1
servicios informaticos y de,extremo_funcional,1
servicios para,extremo_funcional,1
servicios tecnologicos sobre,extremo_funcional,1
servicios tecnologicos sobre plataformas,expresion_funcional,1
servicios y,extremo_funcional,3
servicios y modelos,expresion_funcional,2
servicios y modelos operativos,expresion_funcional,2
servicios y organizaciones,expresion_funcional,1
servicios y organizaciones de,extremo_funcional,1
serviran para,extremo_funcional,1
serviran para integrarte al,extremo_funcional,1
sido formados para,extremo_funcional,1
siempre con,extremo_funcional,1
siempre con una,extremo_funcional,1
siempre con una responsabilidad,expresion_funcional,1
siempre el,extremo_funcional,1
siendo al,extremo_funcional,1
siendo al mismo,extremo_funcional,1
siendo al mismo tiempo,expresion_funcional,1
siendo capaz,extremo_generico_declarado,5
siendo capaz de,extremo_funcional,5
siendo validado a,extremo_funcional,1
siendo validado a traves,expresion_funcional,1
significativa formacion en,extremo_funcional,1
siguiendo las,extremo_funcional,1
siguiendo las metodologias de,extremo_funcional,1
siguiendo un,extremo_funcional,1
siguiendo un metodo,expresion_funcional,1
siguiendo un metodo sistematico,expresion_funcional,1
siguientes certificaciones junto con,extremo_funcional,1
simbolica en,extremo_funcional,1
simbolica en el,extremo_funcional,1
simulacros reales y,extremo_funcional,1
simulacros reales y en,extremo_funcional,1
sin,stopword_o_unigrama_corto,2
sin licenciatura,extremo_funcional,1
sin opcion,extremo_funcional,1
sin opcion de,extremo_funcional,1
sin opcion de homologacion,extremo_funcional,1
sintesis en,extremo_funcional,1
sintesis en el,extremo_funcional,1
sintesis y,extremo_funcional,1
sintesis y reflexion,expresion_funcional,1
sintesis y reflexion critica,expresion_funcional,1
sirviendo a,extremo_funcional,1
sirviendo a la,extremo_funcional,1
sirviendo a la sociedad,expresion_funcional,1
sistema operativo y,extremo_funcional,1
sistema operativo y su,extremo_funcional,1
sistemas automatizados e,extremo_funcional,1
sistemas automatizados e inteligencia,expresion_funcional,1
sistemas basados en,extremo_funcional,1
sistemas computacionales a,extremo_funcional,1
sistemas computacionales a nivel,expresion_funcional,1
sistemas computacionales e,extremo_funcional,1
sistemas computacionales e informaticos,expresion_funcional,1
sistemas computacionales y,extremo_funcional,4
sistemas computacionales y de,extremo_funcional,1
sistemas computacionales y ejecutivo,expresion_funcional,1
sistemas computacionales y la,extremo_funcional,1
sistemas computacionales y tic,expresion_funcional,1
sistemas de,extremo_funcional,19
sistemas de comunicacion de,extremo_funcional,1
sistemas de informacion que,extremo_funcional,1
sistemas de informacion y,extremo_funcional,6
sistemas de ingenieria,denominacion_grado,2
sistemas de redes de,extremo_funcional,1
sistemas de redes y,extremo_funcional,2
sistemas informaticos,denominacion_grado,13
sistemas informaticos complejos,denominacion_grado,1
sistemas informaticos de,extremo_funcional,1
sistemas informaticos de una,extremo_funcional,1
sistemas informaticos en,extremo_funcional,1
sistemas informaticos en diferentes,denominacion_grado,1
sistemas informaticos por,extremo_funcional,1
sistemas informaticos por medio,expresion_funcional,1
sistemas informaticos y,extremo_funcional,2
sistemas informaticos y arquitecturas,expresion_funcional,1
sistemas informaticos y de,extremo_funcional,1
sistemas integrados que,extremo_funcional,1
sistemas integrados que producen,expresion_funcional,1
sistemas inteligentes de,extremo_funcional,1
sistemas inteligentes de la,extremo_funcional,1
sistemas inteligentes y,extremo_funcional,1
sistemas inteligentes y optimizacion,expresion_funcional,1
sistemas para,extremo_funcional,1
sistemas para extraer conocimiento,extremo_vago_declarado,1
sistemas por,extremo_funcional,1
sistemas por la,extremo_funcional,1
sistemas por la universidad,expresion_funcional,1
sistemas relacionados a,extremo_funcional,1
sistemas relacionados a sus,extremo_funcional,1
sistemas y,extremo_funcional,6
sistemas y aplicaciones,expresion_funcional,1
sistemas y procesos,expresion_funcional,2
sistemas y procesos informaticos,expresion_funcional,1
sistemas y procesos organizacionales,expresion_funcional,1
sistemas y redes,expresion_funcional,2
sistemas y redes de,extremo_funcional,1
sistemas y soluciones,expresion_funcional,1
sistemas y soluciones informaticas,expresion_funcional,1
sistematica y,extremo_funcional,2
sistematica y cuantificable,expresion_funcional,1
sistematica y de,extremo_funcional,1
sistematica y de evaluacion,expresion_funcional,1
sistematicamente conocimientos,extremo_vago_declarado,1
sistematicamente conocimientos tecnicos y,extremo_funcional,1
sistematicamente sus,extremo_funcional,1
sistematicamente sus ideas,expresion_funcional,1
sistematicamente sus ideas en,extremo_funcional,1
sistematico de,extremo_funcional,1
sistematico en,extremo_funcional,1
sistematico en el,extremo_funcional,1
sistematicos teoricos y,extremo_funcional,1
sistematicos teoricos y practicos,expresion_funcional,1
sistemica y,extremo_funcional,1
sistemica y en,extremo_funcional,1
sistemica y en funcion,expresion_funcional,1
sistemica y enfasis,expresion_funcional,1
sistemica y enfasis en,extremo_funcional,1
sistemico en,extremo_funcional,1
sistemico en el,extremo_funcional,1
sistemico en el ambito,extremo_vago_declarado,1
sitio,segmento_con_indicios_de_menu,1
sitio perteneciente,segmento_con_indicios_de_menu,1
sitio perteneciente a,extremo_funcional,1
sitio perteneciente a,segmento_con_indicios_de_menu,1
sitio perteneciente a la,extremo_funcional,1
sitio perteneciente a la,segmento_con_indicios_de_menu,1
situaciones con,extremo_funcional,1
situaciones con el,extremo_funcional,1
situaciones de,extremo_funcional,1
situaciones de diversa,extremo_vago_declarado,1
situaciones del,extremo_funcional,1
situaciones reales que,extremo_funcional,1
situaciones reales que viven,expresion_funcional,1
situaciones y,extremo_funcional,1
situaciones y problematicas,expresion_funcional,1
situaciones y problematicas de,extremo_funcional,1
sobre,stopword_o_unigrama_corto,6
sobre distintos,extremo_funcional,1
sobre distintos dominios,extremo_funcional,1
sobre distintos dominios del,extremo_funcional,1
sobre ia,extremo_funcional,1
sobre la,extremo_funcional,2
sobre la base,extremo_funcional,1
sobre la base de,extremo_funcional,1
sobre la calidad,extremo_funcional,1
sobre la calidad de,extremo_funcional,1
sobre los,extremo_funcional,1
sobre los avances,extremo_funcional,1
sobre los avances en,extremo_funcional,1
sobre multiples,extremo_funcional,1
sobre multiples temas,extremo_funcional,1
sobre multiples temas relacionados,extremo_funcional,1
sobre plataformas,extremo_funcional,1
sobre plataformas heterogeneas,extremo_funcional,1
social con,extremo_funcional,1
social con su,extremo_funcional,1
social con su entorno,expresion_funcional,1
social de,extremo_funcional,1
social de las,extremo_funcional,1
social del,extremo_funcional,1
social desde,extremo_funcional,1
social desde una,extremo_funcional,1
social desde una perspectiva,expresion_funcional,1
social mediante el,extremo_funcional,1
social y,extremo_funcional,6
social y ambiental,expresion_funcional,2
social y ambiental activa,expresion_funcional,1
social y con,extremo_funcional,1
social y con valores,expresion_funcional,1
social y etica,expresion_funcional,1
social y etica acorde,extremo_vago_declarado,1
social y humanista,expresion_funcional,1
social y humanista para,extremo_funcional,1
social y medioambiental,expresion_funcional,1
social y productivo,expresion_funcional,1
social y productivo en,extremo_funcional,1
social y productivo sostenible,expresion_funcional,1
sociales que,extremo_funcional,1
sociales que emergen,expresion_funcional,1
sociales que emergen en,extremo_funcional,1
sociales y,extremo_funcional,4
sociales y ambientales,expresion_funcional,2
sociales y ambientales de,extremo_funcional,1
sociales y de,extremo_funcional,1
sociales y de gestion,expresion_funcional,1
socias del,extremo_funcional,1
sociedad a,extremo_funcional,1
sociedad a traves,expresion_funcional,1
sociedad a traves de,extremo_funcional,1
sociedad con,extremo_funcional,1
sociedad desde,extremo_funcional,1
sociedad desde su,extremo_funcional,1
sociedad desde su profesion,expresion_funcional,1
sociedad en,extremo_funcional,1
sociedad en terminos de,extremo_funcional,1
sociedad mas,extremo_funcional,1
sociedad mas justa,expresion_funcional,1
sociedad mas justa y,extremo_funcional,1
sociedad necesita ingenieros,denominacion_grado,1
sociedad necesita ingenieros e,extremo_funcional,1
sociedad y,extremo_funcional,1
sociedad y el,extremo_funcional,1
sociedad y el medio,expresion_funcional,1
software a,extremo_funcional,1
software a problematicas,expresion_funcional,1
software a problematicas contextualizadas,expresion_funcional,1
software bajo ambientes de,extremo_funcional,1
software de,extremo_funcional,1
software de calidad que,extremo_funcional,1
software e,extremo_funcional,2
software e ingenieria,expresion_funcional,1
software e ingenieria de,extremo_funcional,1
software e inteligencia,expresion_funcional,1
software e inteligencia artificial,expresion_funcional,1
software en,extremo_funcional,2
software en las,extremo_funcional,1
software en los,extremo_funcional,1
software en los que,extremo_funcional,1
software encargandose de,extremo_funcional,1
software infraestructura de,extremo_funcional,1
software infraestructura de la,extremo_funcional,1
software innovadoras y,extremo_funcional,1
software innovadoras y de,extremo_funcional,1
software innovadores para,extremo_funcional,1
software que,extremo_funcional,1
software que den,expresion_funcional,1
software que den solucion,expresion_funcional,1
software relativos al,extremo_funcional,1
software relativos al procesamiento,expresion_funcional,1
software sostenibles y,extremo_funcional,1
software sostenibles y escalables,expresion_funcional,1
software y,extremo_funcional,16
software y area,expresion_funcional,1
software y area de,extremo_funcional,1
software y base,expresion_funcional,1
software y base de,extremo_funcional,1
software y de,extremo_funcional,2
software y de gestion,expresion_funcional,1
software y de soluciones,expresion_funcional,1
software y hardware,expresion_funcional,5
software y hardware en,extremo_funcional,2
software y hardware para,extremo_funcional,1
software y la,extremo_funcional,1
software y la aplicacion,expresion_funcional,1
software y marcos,expresion_funcional,1
software y marcos de,extremo_funcional,1
software y sistemas,expresion_funcional,2
software y sistemas de,extremo_funcional,1
software y soluciones,expresion_funcional,2
software y soluciones tecnologicas,expresion_funcional,2
software y tecnologias,expresion_funcional,3
software y tecnologias de,extremo_funcional,3
solida,termino_generico_aislado,13
solida base,extremo_generico_declarado,1
solida base disciplinar,extremo_generico_declarado,1
solida base disciplinar y,extremo_funcional,1
solida formacion,extremo_generico_declarado,12
solida formacion en,extremo_funcional,9
solida formacion en ciencias,extremo_generico_declarado,6
solida formacion en ingenieria,extremo_generico_declarado,1
solida formacion en las,extremo_funcional,2
solida formacion etica,extremo_generico_declarado,2
solida formacion tecnologica,extremo_generico_declarado,1
solido,termino_generico_aislado,1
solido compromiso,extremo_generico_declarado,1
solido compromiso etico,extremo_generico_declarado,1
solido compromiso etico y,extremo_funcional,1
solidos a,extremo_funcional,1
solidos a nivel,expresion_funcional,1
solidos a nivel teorico,expresion_funcional,1
solidos conocimientos,extremo_vago_declarado,4
solidos conocimientos de,extremo_funcional,1
solidos conocimientos de las,extremo_funcional,1
solidos conocimientos en,extremo_funcional,1
solidos conocimientos ligados al,extremo_funcional,1
solidos conocimientos teoricos y,extremo_funcional,1
solidos principios de,extremo_funcional,1
solidos principios de las,extremo_funcional,1
solucion a,extremo_funcional,2
solucion a los,extremo_funcional,1
solucion a los requerimientos,expresion_funcional,1
solucion a problemas,expresion_funcional,1
solucion a problemas practicos,expresion_funcional,1
solucion informatica,denominacion_grado,1
solucion informatica adecuada,denominacion_grado,1
solucion informatica adecuada y,extremo_funcional,1
solucion y,extremo_funcional,1
solucion y resolver,expresion_funcional,1
solucion y resolver problemas,expresion_funcional,1
soluciona problemas complejos de,extremo_funcional,1
solucionar problemas de,extremo_funcional,1
solucionar problemas que,extremo_funcional,1
solucionar problemas que requieren,expresion_funcional,1
soluciones a,extremo_funcional,4
soluciones a diversas,extremo_vago_declarado,2
soluciones a diversas problematicas,expresion_funcional,2
soluciones a los,extremo_funcional,2
soluciones a los problemas,expresion_funcional,1
soluciones a los requerimientos,expresion_funcional,1
soluciones a problemas,expresion_funcional,1
soluciones a problemas de,extremo_funcional,1
soluciones aplicando conocimientos,extremo_vago_declarado,1
soluciones aplicando conocimientos de,extremo_funcional,1
soluciones computacionales que,extremo_funcional,1
soluciones computacionales que responden,expresion_funcional,1
soluciones con,extremo_funcional,1
soluciones con enfasis en,extremo_funcional,1
soluciones consideran las,extremo_funcional,2
soluciones creativas basadas en,extremo_funcional,1
soluciones de,extremo_funcional,11
soluciones de analisis de,extremo_funcional,1
soluciones de hardware y,extremo_funcional,1
soluciones de ingenieria,denominacion_grado,1
soluciones de ingenieria en,extremo_funcional,1
soluciones de sistemas de,extremo_funcional,1
soluciones de software a,extremo_funcional,1
soluciones de software que,extremo_funcional,1
soluciones de software y,extremo_funcional,1
soluciones eficientes de,extremo_funcional,3
soluciones eficientes de su,extremo_funcional,1
soluciones eficientes y,extremo_funcional,2
soluciones eficientes y de,extremo_funcional,1
soluciones eficientes y efectivas,expresion_funcional,1
soluciones en,extremo_funcional,1
soluciones en el,extremo_funcional,1
soluciones estrategicas para,extremo_funcional,1
soluciones estrategicas para la,extremo_funcional,1
soluciones informaticas,denominacion_grado,12
soluciones informaticas avanzadas,denominacion_grado,1
soluciones informaticas de,extremo_funcional,1
soluciones informaticas de vanguardia,denominacion_grado,1
soluciones informaticas efectivas,denominacion_grado,1
soluciones informaticas efectivas y,extremo_funcional,1
soluciones informaticas eficientes,denominacion_grado,1
soluciones informaticas eficientes e,extremo_funcional,1
soluciones informaticas en,extremo_funcional,1
soluciones informaticas en diversos,extremo_vago_declarado,1
soluciones informaticas integrales,denominacion_grado,1
soluciones informaticas para,extremo_funcional,2
soluciones informaticas para apoyar,denominacion_grado,1
soluciones informaticas para responder,denominacion_grado,1
soluciones informaticas que,extremo_funcional,2
soluciones informaticas que las,extremo_funcional,1
soluciones informaticas que respondan,expresion_funcional,1
soluciones innovadoras a,extremo_funcional,1
soluciones innovadoras a diversas,extremo_vago_declarado,1
soluciones innovadoras basadas en,extremo_funcional,1
soluciones innovadoras que,extremo_funcional,1
soluciones innovadoras que respondan,expresion_funcional,1
soluciones integrales basadas en,extremo_funcional,1
soluciones practicas aplicables en,extremo_funcional,1
soluciones que,extremo_funcional,3
soluciones que integran,expresion_funcional,2
soluciones que integran informacion,expresion_funcional,2
soluciones que permitan,expresion_funcional,1
soluciones que permitan resolver,expresion_funcional,1
soluciones relacionadas con,extremo_funcional,1
soluciones relacionadas con el,extremo_funcional,1
soluciones tecnologicas acordes a,extremo_funcional,1
soluciones tecnologicas basadas en,extremo_funcional,1
soluciones tecnologicas con,extremo_funcional,1
soluciones tecnologicas con una,extremo_funcional,1
soluciones tecnologicas de,extremo_funcional,2
soluciones tecnologicas de diversa,extremo_vago_declarado,1
soluciones tecnologicas en,extremo_funcional,1
soluciones tecnologicas innovadoras y,extremo_funcional,1
soluciones tecnologicas para,extremo_funcional,1
soluciones tecnologicas para la,extremo_funcional,1
soluciones tecnologicas que,extremo_funcional,3
soluciones tecnologicas que aporten,expresion_funcional,1
soluciones tecnologicas que involucren,expresion_funcional,1
soluciones tecnologicas que responden,expresion_funcional,1
soluciones tic que,extremo_funcional,1
soluciones tic que permitan,expresion_funcional,1
soluciones tic requeridas por,extremo_funcional,2
son,stopword_o_unigrama_corto,12
son calificados,extremo_funcional,1
son calificados como,extremo_funcional,1
son calificados como ejecutivos,extremo_funcional,1
son capaces,extremo_funcional,2
son capaces de,extremo_funcional,2
son capaces de colaborar,extremo_funcional,1
son capaces de disenar,extremo_funcional,1
son profesionales,extremo_funcional,7
son profesionales calificados,extremo_funcional,1
son profesionales calificados para,extremo_funcional,1
son profesionales capaces,extremo_funcional,2
son profesionales capaces de,extremo_funcional,2
son profesionales con,extremo_funcional,1
son profesionales con formacion,extremo_funcional,1
son profesionales integrales,extremo_funcional,1
son profesionales preparados,extremo_funcional,1
son profesionales preparados para,extremo_funcional,1
son profesionales que,extremo_funcional,2
son profesionales que conciben,extremo_funcional,1
soporte al,extremo_funcional,1
soporte al diseno,expresion_funcional,1
soporte al diseno de,extremo_funcional,1
soporte de,extremo_funcional,1
soporte de redes de,extremo_funcional,1
soporte tecnico de,extremo_funcional,1
sostenibilidad del,extremo_funcional,1
sostenibilidad y,extremo_funcional,2
sostenibilidad y la,extremo_funcional,1
sostenibilidad y la etica,expresion_funcional,1
sostenibilidad y pensamiento,expresion_funcional,1
sostenibilidad y pensamiento critico,expresion_funcional,1
sostenible de,extremo_funcional,1
sostenible de la,extremo_funcional,1
sostenible el,extremo_funcional,1
sostenible el campo de,extremo_funcional,1
sostenible en,extremo_funcional,1
sostenible en un,extremo_funcional,1
sostenible en un mundo,expresion_funcional,1
sostenibles y,extremo_funcional,1
sostenibles y escalables,expresion_funcional,1
soto de,extremo_funcional,1
sql y,extremo_funcional,1
sql y data,expresion_funcional,1
sql y data mining,expresion_funcional,1
startups o,extremo_funcional,1
startups o de,extremo_funcional,1
startups o de forma,expresion_funcional,1
su,segmento_con_indicios_de_menu,1
su,stopword_o_unigrama_corto,40
su actuar,extremo_funcional,1
su actuar como,extremo_funcional,1
su actuar como profesional,extremo_funcional,1
su adopcion,extremo_funcional,1
su adopcion y,extremo_funcional,1
su ambito,extremo_vago_declarado,1
su ambito de,extremo_funcional,1
su ambito de desempeno,extremo_funcional,1
su aplicacion,extremo_funcional,1
su aplicacion a,extremo_funcional,1
su aplicacion a problemas,extremo_funcional,1
su aprendizaje,extremo_funcional,2
su aprendizaje implementando,extremo_funcional,1
su aprendizaje implementando estrategias,extremo_funcional,1
su area,extremo_funcional,2
su area de,extremo_funcional,2
su area de desempeno,extremo_funcional,1
su area de especializacion,extremo_funcional,1
su area profesional,extremo_funcional,1
su base,extremo_funcional,1
su base formativa,extremo_funcional,1
su base formativa en,extremo_funcional,1
su campo,extremo_funcional,1
su campo disciplinar,extremo_funcional,1
su capacidad,extremo_funcional,7
su capacidad de,extremo_funcional,5
su capacidad de adaptacion,extremo_funcional,1
su capacidad de aprendizaje,extremo_funcional,1
su capacidad de comunicacion,extremo_funcional,1
su capacidad de concebir,extremo_funcional,1
su capacidad de insercion,extremo_funcional,1
su capacidad de toma,extremo_vago_declarado,1
su capacidad para,extremo_funcional,2
su capacidad para gestionar,extremo_funcional,1
su capacidad para transformar,extremo_funcional,1
su ciudadania,extremo_funcional,1
su ciudadania en,extremo_funcional,1
su ciudadania en forma,extremo_funcional,1
su compromiso,extremo_funcional,1
su compromiso con,extremo_funcional,1
su compromiso con la,extremo_funcional,1
su conocimiento,extremo_vago_declarado,1
su conocimiento de,extremo_funcional,1
su conocimiento de la,extremo_funcional,1
su desarrollo,extremo_funcional,1
su desempeno,extremo_funcional,3
su desempeno con,extremo_funcional,1
su desempeno con orientacion,extremo_funcional,1
su desempeno interactua,extremo_funcional,1
su desempeno interactua con,extremo_funcional,1
su desempeno profesional,extremo_funcional,1
su desempeno y,extremo_funcional,1
su desempeno y evolucion,extremo_funcional,1
su disciplina,extremo_funcional,3
su disciplina para,extremo_funcional,1
su disciplina para generar,extremo_funcional,1
su disciplina para mejorar,extremo_funcional,1
su diseno,extremo_funcional,1
su diseno y,extremo_funcional,1
su diseno y desarrollo,extremo_funcional,1
su disposicion,extremo_funcional,1
su disposicion hacia,extremo_funcional,1
su disposicion hacia el,extremo_funcional,1
su dominio,extremo_funcional,1
su dominio en,extremo_funcional,1
su dominio en los,extremo_funcional,1
su eficiencia,extremo_funcional,2
su eficiencia y,extremo_funcional,1
su eficiencia y calidad,extremo_funcional,1
su ejercicio,extremo_funcional,1
su ejercicio profesional,extremo_funcional,1
su entorno,extremo_funcional,2
su entorno,segmento_con_indicios_de_menu,1
su entorno agrupaciones,segmento_con_indicios_de_menu,1
su entorno agrupaciones y,segmento_con_indicios_de_menu,1
su especialidad,extremo_funcional,3
su formacion,extremo_funcional,16
su formacion basica,extremo_funcional,1
su formacion basica y,extremo_funcional,1
su formacion con,extremo_funcional,1
su formacion con pensamiento,extremo_funcional,1
su formacion disciplinar,extremo_funcional,1
su formacion disciplinar con,extremo_funcional,1
su formacion implica,extremo_funcional,2
su formacion implica la,extremo_funcional,2
su formacion integral,extremo_funcional,3
su formacion integral basada,extremo_funcional,1
su formacion integral le,extremo_funcional,1
su formacion le,extremo_funcional,4
su formacion le permite,extremo_funcional,4
su formacion les,extremo_funcional,2
su formacion les permite,extremo_funcional,2
su formacion se,extremo_funcional,1
su formacion se centra,extremo_funcional,1
su formacion y,extremo_funcional,1
su formacion y reconoce,extremo_funcional,1
su funcionamiento,extremo_funcional,1
su funcionamiento al,extremo_funcional,1
su funcionamiento al cumplimiento,extremo_funcional,1
su impacto,extremo_funcional,1
su impacto en,extremo_funcional,1
su impacto en seguridad,extremo_funcional,1
su incorporacion,extremo_funcional,1
su incorporacion a,extremo_funcional,1
su incorporacion a equipos,extremo_funcional,1
su informacion,extremo_funcional,1
su insercion,extremo_funcional,1
su insercion y,extremo_funcional,1
su insercion y participacion,extremo_funcional,1
su interaccion,extremo_funcional,1
su interaccion con,extremo_funcional,1
su interaccion con la,extremo_funcional,1
su labor,extremo_funcional,1
su labor se,extremo_funcional,1
su labor se desarrolla,extremo_funcional,1
su lengua,extremo_funcional,1
su lengua materna,extremo_funcional,1
su libertad,extremo_funcional,1
su liderazgo,extremo_funcional,1
su liderazgo y,extremo_funcional,1
su liderazgo y capacidad,extremo_funcional,1
su mirada,extremo_funcional,1
su mirada en,extremo_funcional,1
su mirada en la,extremo_funcional,1
su multidisciplinariedad,extremo_funcional,1
su orden,extremo_funcional,1
su orden y,extremo_funcional,1
su orden y eficiencia,extremo_funcional,1
su preparacion,extremo_funcional,1
su preparacion le,extremo_funcional,1
su preparacion le permite,extremo_funcional,1
su proactividad,extremo_funcional,1
su proceso,extremo_funcional,1
su proceso de,extremo_funcional,1
su proceso de ensenanza,extremo_funcional,1
su profesion,extremo_funcional,6
su profesion en,extremo_funcional,1
su profesion en forma,extremo_funcional,1
su profesion y,extremo_funcional,1
su profesion y en,extremo_funcional,1
su que,extremo_funcional,1
su que hacer,extremo_funcional,1
su que hacer la,extremo_funcional,1
su quehacer,extremo_funcional,6
su quehacer en,extremo_funcional,1
su quehacer en las,extremo_funcional,1
su quehacer profesional,extremo_funcional,5
su quehacer profesional de,extremo_funcional,1
su quehacer profesional en,extremo_funcional,1
su quehacer profesional y,extremo_funcional,1
su rol,extremo_funcional,2
su rol de,extremo_funcional,2
su rol de ingeniero,extremo_funcional,2
su sello,extremo_funcional,1
su sello profesional,extremo_funcional,1
su sello profesional es,extremo_funcional,1
su solida,extremo_funcional,1
su solida formacion,extremo_funcional,1
su solida formacion tecnologica,extremo_funcional,1
su trabajo,extremo_funcional,3
su trabajo aporta,extremo_funcional,1
su trabajo aporta al,extremo_funcional,1
su trabajo y,extremo_funcional,1
su trabajo y asumir,extremo_funcional,1
su trayectoria,extremo_funcional,2
su trayectoria formativa,extremo_funcional,2
su trayectoria formativa articulando,extremo_funcional,1
su trayectoria formativa para,extremo_funcional,1
su vez,extremo_funcional,1
suficiente para,extremo_funcional,1
suficiente para actualizar y,extremo_funcional,1
suma un,extremo_funcional,1
suma un entrenamiento,expresion_funcional,1
suma un entrenamiento altamente,expresion_funcional,1
sumadas a,extremo_funcional,1
sumadas a las,extremo_funcional,1
sumadas a las competencias,expresion_funcional,1
sumado a,extremo_funcional,1
sumado a la,extremo_funcional,1
sumado a la capacidad,expresion_funcional,1
superior,termino_generico_aislado,3
superior como,extremo_funcional,1
superior como jefe,expresion_funcional,1
superior como jefe de,extremo_funcional,1
superior el,extremo_funcional,1
superior el egresado,extremo_generico_declarado,1
superior en,extremo_funcional,1
superior en la,extremo_funcional,1
superior en la universidad,extremo_generico_declarado,1
superior titulo,extremo_generico_declarado,1
superior titulo profesional,extremo_generico_declarado,1
superior titulo profesional ingeniero,extremo_generico_declarado,1
superior y,extremo_funcional,1
superior y en,extremo_funcional,1
superior y en organizaciones,expresion_funcional,1
supervisar y,extremo_funcional,1
supervisar y gestionar,expresion_funcional,1
supervisar y gestionar proyectos,expresion_funcional,1
suponen un,extremo_funcional,1
suponen un riesgo,expresion_funcional,1
suponen un riesgo a,extremo_funcional,1
sur y,extremo_funcional,1
sur y el,extremo_funcional,1
sur y el conservador,expresion_funcional,1
surgen entre,extremo_funcional,2
surgen entre personas,expresion_funcional,2
surgen entre personas y,extremo_funcional,2
sus,stopword_o_unigrama_corto,25
sus acciones,extremo_funcional,1
sus actividades,extremo_funcional,1
sus actividades sobre,extremo_funcional,1
sus actividades sobre la,extremo_funcional,1
sus clientes,extremo_funcional,1
sus competencias,extremo_funcional,2
sus competencias se,extremo_funcional,2
sus competencias se encuentran,extremo_funcional,2
sus conocimientos,extremo_vago_declarado,4
sus conocimientos en,extremo_funcional,1
sus conocimientos en tecnologias,extremo_funcional,1
sus conocimientos y,extremo_funcional,3
sus conocimientos y capital,extremo_funcional,1
sus conocimientos y continuar,extremo_funcional,1
sus conocimientos y habilidades,extremo_funcional,1
sus cuatro,extremo_funcional,1
sus cuatro especialidades,extremo_funcional,1
sus decisiones,extremo_funcional,1
sus decisiones y,extremo_funcional,1
sus decisiones y enfrenta,extremo_funcional,1
sus diferentes,extremo_funcional,1
sus diferentes formas,extremo_funcional,1
sus diversos,extremo_vago_declarado,1
sus diversos clientes,extremo_funcional,1
sus estandares,extremo_funcional,1
sus estandares de,extremo_funcional,1
sus estandares de calidad,extremo_funcional,1
sus estudiantes,extremo_funcional,1
sus estudiantes adquieran,extremo_funcional,1
sus estudiantes adquieran conocimiento,extremo_vago_declarado,1
sus estudios,extremo_funcional,1
sus funciones,extremo_funcional,1
sus funciones destacan,extremo_funcional,1
sus habilidades,extremo_funcional,1
sus habilidades tecnicas,extremo_funcional,1
sus habilidades tecnicas para,extremo_funcional,1
sus ideas,extremo_funcional,2
sus ideas a,extremo_funcional,1
sus ideas a traves,extremo_funcional,1
sus ideas en,extremo_funcional,1
sus ideas en contextos,extremo_funcional,1
sus intereses,extremo_funcional,1
sus labores,extremo_funcional,1
sus modelos,extremo_funcional,2
sus modelos de,extremo_funcional,2
sus modelos de servicios,extremo_funcional,2
sus necesidades,extremo_funcional,1
sus objetivos,extremo_funcional,1
sus objetivos con,extremo_funcional,1
sus objetivos con espiritu,extremo_funcional,1
sus postulados,extremo_funcional,1
sus postulados valoricos,extremo_funcional,1
sus postulados valoricos y,extremo_funcional,1
sus procesos,extremo_funcional,1
sus procesos y,extremo_funcional,1
sus procesos y mejorar,extremo_funcional,1
sus propios,extremo_funcional,3
sus propios emprendimientos,extremo_funcional,2
sus propios emprendimientos de,extremo_funcional,1
sus propios negocios,extremo_funcional,1
sus propositos,extremo_funcional,1
sus propositos para,extremo_funcional,1
sus propositos para tomar,extremo_funcional,1
sus propuestas,extremo_funcional,1
sus propuestas en,extremo_funcional,1
sus propuestas en ambientes,extremo_funcional,1
sus respectivas,extremo_funcional,1
sus respectivas especialidades,extremo_funcional,1
sus servicios,extremo_funcional,2
sus servicios asociados,extremo_funcional,2
sus tareas,extremo_funcional,1
sus tareas la,extremo_funcional,1
sus tareas la comprension,extremo_funcional,1
sus tres,extremo_funcional,1
sus tres carreras,identidad_institucional_declarada,1
sus tres carreras de,identidad_institucional_declarada,1
susceptibles de,extremo_funcional,1
susceptibles de ser,extremo_funcional,1
susceptibles de ser resueltos,expresion_funcional,1
sustentabilidad de,extremo_funcional,1
sustentabilidad de la,extremo_funcional,1
sustentabilidad y,extremo_funcional,1
sustentabilidad y la,extremo_funcional,1
sustentabilidad y la innovacion,expresion_funcional,1
sustentable y,extremo_funcional,2
sustentable y sostenible,expresion_funcional,2
sustentada en,extremo_funcional,1
sustentada en los,extremo_funcional,1
sustentan la,extremo_funcional,1
talca son,extremo_funcional,1
talca son profesionales,expresion_funcional,1
talca son profesionales integrales,expresion_funcional,1
talento de,extremo_funcional,1
talento de las,extremo_funcional,1
tales como,extremo_funcional,4
tales como un,extremo_funcional,1
tales como un espiritu,expresion_funcional,1
tambien,stopword_o_unigrama_corto,12
tambien a,extremo_funcional,2
tambien a desarrollarse,extremo_funcional,1
tambien a desarrollarse en,extremo_funcional,1
tambien a empresas,extremo_funcional,1
tambien a empresas proveedoras,extremo_funcional,1
tambien aumentar,extremo_funcional,1
tambien aumentar la,extremo_funcional,1
tambien aumentar la productividad,extremo_funcional,1
tambien como,extremo_funcional,1
tambien como consultor,extremo_funcional,1
tambien es,extremo_funcional,2
tambien es capaz,extremo_funcional,2
tambien es capaz de,extremo_funcional,2
tambien evaluara,extremo_funcional,1
tambien evaluara el,extremo_funcional,1
tambien evaluara el soporte,extremo_funcional,1
tambien para,extremo_funcional,1
tambien para disenar,extremo_funcional,1
tambien para disenar y,extremo_funcional,1
tambien poseera,extremo_funcional,1
tambien poseera conocimientos,extremo_vago_declarado,1
tambien poseera conocimientos especializados,extremo_funcional,1
tambien puede,extremo_funcional,2
tambien puede desempenarse,extremo_funcional,2
tambien puede desempenarse de,extremo_funcional,1
tambien puede desempenarse en,extremo_funcional,1
tanto,stopword_o_unigrama_corto,15
tanto a,extremo_funcional,3
tanto a nivel,extremo_funcional,3
tanto a nivel individual,extremo_funcional,1
tanto a nivel nacional,extremo_funcional,1
tanto a nivel regional,extremo_funcional,1
tanto de,extremo_funcional,4
tanto de bases,extremo_funcional,2
tanto de bases de,extremo_funcional,2
tanto de la,extremo_funcional,1
tanto de la region,extremo_funcional,1
tanto de redes,extremo_funcional,1
tanto del,extremo_funcional,1
tanto del sector,extremo_funcional,1
tanto del sector publico,extremo_funcional,1
tanto en,extremo_funcional,4
tanto en espanol,extremo_funcional,1
tanto en espanol como,extremo_funcional,1
tanto en la,extremo_funcional,1
tanto en la lengua,extremo_funcional,1
tanto en organizaciones,extremo_funcional,1
tanto en organizaciones de,extremo_funcional,1
tanto en pre,extremo_funcional,1
tanto en pre como,extremo_funcional,1
tanto nacionales,extremo_funcional,1
tanto nacionales como,extremo_funcional,1
tanto nacionales como extranjeras,extremo_funcional,1
tanto publicas,extremo_funcional,1
tanto publicas como,extremo_funcional,1
tanto publicas como privadas,extremo_funcional,1
tanto publicos,extremo_funcional,1
tanto publicos como,extremo_funcional,1
tanto publicos como privados,extremo_funcional,1
tareas de,extremo_funcional,1
tareas de diversa,extremo_vago_declarado,1
tareas la,extremo_funcional,1
tareas la comprension de,extremo_funcional,1
te,stopword_o_unigrama_corto,3
te distinguiran,extremo_funcional,1
te distinguiran en,extremo_funcional,1
te distinguiran en el,extremo_funcional,1
te llamamos,extremo_funcional,1
te permitira,extremo_funcional,1
te permitira resolver,extremo_funcional,1
te permitira resolver problemas,extremo_funcional,1
tecnica que,extremo_funcional,1
tecnica que posean,expresion_funcional,1
tecnica que posean una,extremo_funcional,1
tecnica y,extremo_funcional,1
tecnica y una,extremo_funcional,1
tecnica y una actualizacion,expresion_funcional,1
tecnicas cuantitativas en,extremo_funcional,1
tecnicas de,extremo_funcional,3
tecnicas de la,extremo_funcional,1
tecnicas de mineria de,extremo_funcional,1
tecnicas especificas para,extremo_funcional,1
tecnicas especificas para la,extremo_funcional,1
tecnicas para,extremo_funcional,2
tecnicas para la,extremo_funcional,1
tecnicas y,extremo_funcional,2
tecnicas y conocimientos,extremo_vago_declarado,1
tecnicas y conocimientos en,extremo_funcional,1
tecnicas y profesionales,expresion_funcional,1
tecnicas y profesionales obtenidas,expresion_funcional,1
tecnico al,extremo_funcional,1
tecnico al mismo,extremo_funcional,1
tecnico al mismo tiempo,expresion_funcional,1
tecnico de,extremo_funcional,1
tecnico y,extremo_funcional,1
tecnico y comprende,expresion_funcional,1
tecnico y comprende el,extremo_funcional,1
tecnicos complejos en,extremo_funcional,1
tecnicos de,extremo_funcional,1
tecnicos de nivel superior,extremo_generico_declarado,1
tecnicos y,extremo_funcional,1
tecnicos y cientificos,expresion_funcional,1
tecnicos y cientificos propios,expresion_funcional,1
tecnologia de,extremo_funcional,4
tecnologia de informacion y,extremo_funcional,1
tecnologia de la,extremo_funcional,3
tecnologia e,extremo_funcional,1
tecnologia e ingenieria,expresion_funcional,1
tecnologia ofrece este,extremo_funcional,1
tecnologia ofrece este programa,expresion_funcional,1
tecnologias avanzadas y,extremo_funcional,1
tecnologias avanzadas y jefa,expresion_funcional,1
tecnologias de,extremo_funcional,36
tecnologias de computacion e,extremo_funcional,1
tecnologias de informacion de,extremo_funcional,2
tecnologias de informacion en,extremo_funcional,1
tecnologias de informacion y,extremo_funcional,7
tecnologias de integracion y,extremo_funcional,1
tecnologias de la,extremo_funcional,24
tecnologias de vanguardia para,extremo_funcional,1
tecnologias digitales en,extremo_funcional,1
tecnologias digitales en los,extremo_funcional,1
tecnologias digitales y,extremo_funcional,1
tecnologias digitales y de,extremo_funcional,1
tecnologias disponibles acorde,extremo_vago_declarado,1
tecnologias disponibles acorde a,extremo_funcional,1
tecnologias emergentes para,extremo_funcional,1
tecnologias emergentes y,extremo_funcional,1
tecnologias emergentes y proponer,expresion_funcional,1
tecnologias en,extremo_funcional,1
tecnologias informaticas,denominacion_grado,2
tecnologias informaticas aplicadas,denominacion_grado,1
tecnologias informaticas aplicadas a,extremo_funcional,1
tecnologias para,extremo_funcional,1
tecnologias para la,extremo_funcional,1
tecnologias relacionadas al,extremo_funcional,1
tecnologias relacionadas al mundo,expresion_funcional,1
tecnologias relacionadas con,extremo_funcional,1
tecnologias relacionadas con la,extremo_funcional,1
tecnologias y,extremo_funcional,5
tecnologias y a,extremo_funcional,1
tecnologias y a los,extremo_funcional,1
tecnologias y entregar,expresion_funcional,1
tecnologias y entregar soluciones,expresion_funcional,1
tecnologias y gestion,expresion_funcional,1
tecnologias y metodologias,expresion_funcional,1
tecnologias y metodologias que,extremo_funcional,1
tecnologias y sistemas,expresion_funcional,1
tecnologica con,extremo_funcional,1
tecnologica con las,extremo_funcional,1
tecnologica de,extremo_funcional,2
tecnologica de la,extremo_funcional,2
tecnologica de la universidad,contexto_institucional_geografico,1
tecnologica en,extremo_funcional,2
tecnologica en la,extremo_funcional,1
tecnologica metropolitana es,extremo_funcional,1
tecnologica metropolitana es un,extremo_funcional,1
tecnologica metropolitana posee,extremo_generico_declarado,1
tecnologica metropolitana posee una,extremo_funcional,1
tecnologica operativa de,extremo_funcional,1
tecnologica operativa de la,extremo_funcional,1
tecnologica para,extremo_funcional,1
tecnologica y,extremo_funcional,1
tecnologica y atendiendo,expresion_funcional,1
tecnologica y atendiendo a,extremo_funcional,1
tecnologicas acordes a,extremo_funcional,1
tecnologicas acordes a los,extremo_funcional,1
tecnologicas aplicadas a,extremo_funcional,1
tecnologicas aplicadas a su,extremo_funcional,1
tecnologicas basadas en,extremo_funcional,1
tecnologicas con,extremo_funcional,1
tecnologicas con una,extremo_funcional,1
tecnologicas con una vision,expresion_funcional,1
tecnologicas considerando aspectos de,extremo_funcional,1
tecnologicas de,extremo_funcional,4
tecnologicas de acuerdo con,extremo_funcional,1
tecnologicas de diversa,extremo_vago_declarado,1
tecnologicas de las,extremo_funcional,1
tecnologicas de solucion y,extremo_funcional,1
tecnologicas en,extremo_funcional,1
tecnologicas en sistemas de,extremo_funcional,1
tecnologicas innovadoras y,extremo_funcional,1
tecnologicas innovadoras y emprendedoras,expresion_funcional,1
tecnologicas para,extremo_funcional,2
tecnologicas para la,extremo_funcional,1
tecnologicas que,extremo_funcional,3
tecnologicas que aporten,expresion_funcional,1
tecnologicas que aporten valor,expresion_funcional,1
tecnologicas que apoyen,expresion_funcional,1
tecnologicas que apoyen la,extremo_funcional,1
tecnologicas que involucren,expresion_funcional,1
tecnologicas que involucren la,extremo_funcional,1
tecnologicas que responden,expresion_funcional,1
tecnologicas que responden a,extremo_funcional,1
tecnologicas y,extremo_funcional,2
tecnologicas y fisica,expresion_funcional,1
tecnologicas y gestionar,expresion_funcional,1
tecnologicas y gestionar tecnologias,expresion_funcional,1
tecnologico de,extremo_funcional,2
tecnologico de la,extremo_funcional,2
tecnologico de la universidad,contexto_institucional_geografico,2
tecnologico en,extremo_funcional,1
tecnologico y,extremo_funcional,3
tecnologico y desarrollar,expresion_funcional,1
tecnologico y desarrollar proyectos,expresion_funcional,1
tecnologico y lider,expresion_funcional,1
tecnologico y lider de,extremo_funcional,1
tecnologico y organizacional,expresion_funcional,1
tecnologico y organizacional mediante,expresion_funcional,1
tecnologicos de,extremo_funcional,1
tecnologicos de una,extremo_funcional,1
tecnologicos de una organizacion,expresion_funcional,1
tecnologicos desarrollados en,extremo_funcional,1
tecnologicos en,extremo_funcional,2
tecnologicos en la,extremo_funcional,1
tecnologicos en un,extremo_funcional,1
tecnologicos en un contexto,expresion_funcional,1
tecnologicos gestionar tecnologias de,extremo_funcional,1
tecnologicos para,extremo_funcional,1
tecnologicos para la,extremo_funcional,1
tecnologicos sobre,extremo_funcional,1
tecnologicos sobre plataformas,expresion_funcional,1
tecnologicos sobre plataformas heterogeneas,expresion_funcional,1
tecnologicos y,extremo_funcional,2
tecnologicos y de,extremo_funcional,1
tecnologicos y de tiempo,expresion_funcional,1
tecnologicos y promueve,expresion_funcional,1
tecnologicos y promueve el,extremo_funcional,1
tecnopedagogica y,extremo_funcional,1
tecnopedagogica y analitica,expresion_funcional,1
tecnopedagogica y analitica del,extremo_funcional,1
telecomunicaciones de,extremo_funcional,1
telecomunicaciones de la,extremo_funcional,1
telecomunicaciones de la u,fragmento_corto_no_reconocido,1
telecomunicaciones es,extremo_funcional,1
telecomunicaciones es un,extremo_funcional,1
telecomunicaciones es un profesional,expresion_funcional,1
telefono y,extremo_funcional,1
telefono y te,extremo_funcional,1
telefono y te llamamos,expresion_funcional,1
telematico e,extremo_funcional,1
telematico e ingeniero,expresion_funcional,1
telematico e ingeniero en,extremo_funcional,1
temas relacionados con,extremo_funcional,1
temas relacionados con su,extremo_funcional,1
temuco es,extremo_funcional,1
temuco es una,extremo_funcional,1
temuco es una persona,expresion_funcional,1
tenacidad para,extremo_funcional,1
tendencias del,extremo_funcional,1
tendran habilidades de,extremo_funcional,1
tenga las,extremo_funcional,1
teorica y,extremo_funcional,1
teorica y tecnologica,expresion_funcional,1
teorica y tecnologica de,extremo_funcional,1
teoricos para,extremo_funcional,1
teoricos y,extremo_funcional,2
teoricos y practicos,expresion_funcional,2
teoricos y practicos que,extremo_funcional,1
termino de,extremo_funcional,1
termino de la,extremo_funcional,1
termino de la carrera,identidad_institucional_declarada,1
termino del,extremo_funcional,1
terminos de,extremo_funcional,1
terrae demuestra,extremo_generico_declarado,1
terrae demuestra una,extremo_funcional,1
terrae demuestra una solida,expresion_funcional,1
territorios de,extremo_funcional,1
territorios de la,extremo_funcional,1
testamentario de,extremo_funcional,1
ti en,extremo_funcional,1
ti en el,extremo_funcional,1
ti junto a,extremo_funcional,2
ti junto a sus,extremo_funcional,2
tic que,extremo_funcional,1
tic que permitan,expresion_funcional,1
tic que permitan crear,expresion_funcional,1
tic requeridas por,extremo_funcional,2
tic requeridas por las,extremo_funcional,2
tiempo capaces,extremo_generico_declarado,1
tiempo capaces de,extremo_funcional,1
tiempo que,extremo_funcional,1
tiempo que habilidades,expresion_funcional,1
tiempo que habilidades sociales,expresion_funcional,1
tiempo y,extremo_funcional,1
tiempo y del,extremo_funcional,1
tiempo y del presupuesto,expresion_funcional,1
tiene,stopword_o_unigrama_corto,14
tiene amplias,extremo_funcional,1
tiene amplias posibilidades,extremo_funcional,1
tiene amplias posibilidades de,extremo_funcional,1
tiene como,extremo_funcional,1
tiene como proposito,extremo_funcional,1
tiene como proposito formar,extremo_funcional,1
tiene conocimientos,extremo_vago_declarado,2
tiene conocimientos en,extremo_funcional,2
tiene conocimientos en economia,extremo_funcional,1
tiene conocimientos en la,extremo_funcional,1
tiene el,extremo_funcional,2
tiene el siguiente,extremo_funcional,2
tiene el siguiente perfil,extremo_funcional,2
tiene habilidades,extremo_funcional,1
tiene habilidades de,extremo_funcional,1
tiene habilidades de liderazgo,extremo_funcional,1
tiene ingreso,extremo_funcional,1
tiene ingreso a,extremo_funcional,1
tiene ingreso a traves,extremo_funcional,1
tiene la,extremo_funcional,2
tiene la capacidad,extremo_funcional,1
tiene la capacidad para,extremo_funcional,1
tiene la habilidad,extremo_funcional,1
tiene la habilidad de,extremo_funcional,1
tiene las,extremo_funcional,1
tiene las habilidades,extremo_funcional,1
tiene las habilidades para,extremo_funcional,1
tiene una,extremo_funcional,3
tiene una duracion,extremo_funcional,3
tiene una duracion de,extremo_funcional,3
tienen capacidades de,extremo_funcional,1
tienen una,extremo_funcional,1
tienen una formacion,expresion_funcional,1
tienen una formacion centrada,expresion_funcional,1
tipo de,extremo_funcional,2
tipos de,extremo_funcional,1
titulada como,extremo_funcional,1
titulada como ingeniera,expresion_funcional,1
titulada como ingeniera o,extremo_funcional,1
titulada de,extremo_funcional,1
titulada de ingenieria,denominacion_grado,1
titulada de ingenieria civil,denominacion_grado,1
tituladas de,extremo_funcional,1
tituladas de la,extremo_funcional,1
tituladas de la carrera,identidad_institucional_declarada,1
titulado,termino_generico_aislado,4
titulado de,extremo_funcional,1
titulado de la,extremo_funcional,1
titulado de la carrera,identidad_institucional_declarada,1
titulados,termino_generico_aislado,3
titulados de,extremo_funcional,2
titulados de la,extremo_funcional,1
titulados de la carrera,identidad_institucional_declarada,1
titulados de santo,extremo_generico_declarado,1
titulados de santo tomas,extremo_generico_declarado,1
titulados revelan,extremo_generico_declarado,1
titulados revelan una,extremo_funcional,1
titulados revelan una capacidad,expresion_funcional,1
titulados y,extremo_funcional,1
titulados y las,extremo_funcional,1
titulados y las tituladas,expresion_funcional,1
titulo de,extremo_funcional,1
titulo de ingeniero,denominacion_grado,1
titulo de ingeniero civil,denominacion_grado,1
titulo profesional ingeniero,denominacion_grado,1
titulo profesional son,extremo_funcional,1
titulo profesional y,extremo_funcional,1
toda,stopword_o_unigrama_corto,1
toda egresada,extremo_funcional,1
toda egresada domina,extremo_funcional,1
toda egresada domina al,extremo_funcional,1
todas,stopword_o_unigrama_corto,5
todas las,extremo_funcional,5
todas las actividades,extremo_funcional,1
todas las actividades humanas,extremo_funcional,1
todas las areas,extremo_funcional,1
todas las areas de,extremo_funcional,1
todas las asignaturas,extremo_funcional,1
todas las asignaturas correspondientes,extremo_funcional,1
todas las etapas,extremo_funcional,2
todas las etapas del,extremo_funcional,2
todo,stopword_o_unigrama_corto,3
todo egresado,extremo_funcional,1
todo egresado y,extremo_funcional,1
todo egresado y toda,extremo_funcional,1
todo el,extremo_funcional,1
todo el ciclo,extremo_funcional,1
todo el ciclo de,extremo_funcional,1
todo ello,extremo_funcional,1
todo ello en,extremo_funcional,1
todo ello en el,extremo_funcional,1
todo tipo,extremo_funcional,1
todos,stopword_o_unigrama_corto,1
todos los,extremo_funcional,1
todos los niveles,extremo_funcional,1
todos los niveles organizacionales,extremo_funcional,1
toma de,extremo_vago_declarado,13
toma de decisiones,extremo_vago_declarado,13
toma de decisiones basadas,extremo_vago_declarado,1
toma de decisiones con,extremo_vago_declarado,1
toma de decisiones en,extremo_vago_declarado,3
toma de decisiones estrategicas,extremo_vago_declarado,1
toma de decisiones tecnologicas,extremo_vago_declarado,1
toma de decisiones y,extremo_vago_declarado,6
tomando decisiones estrategicas en,extremo_funcional,1
tomando en,extremo_funcional,2
tomando en consideracion las,extremo_funcional,1
tomar decisiones de,extremo_funcional,1
tomar decisiones y,extremo_funcional,1
tomar decisiones y asumir,expresion_funcional,1
tomas son,extremo_funcional,1
tomas son profesionales,expresion_funcional,1
tomas son profesionales preparados,expresion_funcional,1
trabaja colaborativamente para,extremo_funcional,1
trabajado en,extremo_funcional,1
trabajando en,extremo_funcional,1
trabajando en la,extremo_funcional,1
trabajar colaborativamente en,extremo_funcional,2
trabajar en,extremo_funcional,8
trabajar en equipo en,extremo_funcional,1
trabajar en proyectos con,extremo_funcional,1
trabajo aporta al,extremo_funcional,1
trabajo aporta al desarrollo,expresion_funcional,1
trabajo colaborativo y,extremo_funcional,1
trabajo colaborativo y comunicacion,expresion_funcional,1
trabajo de,extremo_funcional,1
trabajo de alto,extremo_vago_declarado,1
trabajo dedicados al,extremo_funcional,1
trabajo dedicados al desarrollo,expresion_funcional,1
trabajo en,extremo_funcional,11
trabajo en diversos,extremo_vago_declarado,1
trabajo en equipo y,extremo_funcional,2
trabajo en las,extremo_funcional,1
trabajo interdisciplinarios de,extremo_funcional,1
trabajo interdisciplinarios para,extremo_funcional,1
trabajo involucrados en,extremo_funcional,1
trabajo involucrados en ellos,extremo_funcional,1
trabajo multidisciplinarios para,extremo_funcional,1
trabajo multidisciplinarios para el,extremo_funcional,1
trabajo multidisciplinarios y,extremo_funcional,1
trabajo multidisciplinarios y resolver,expresion_funcional,1
trabajo segun,extremo_funcional,1
trabajo segun requerimientos,expresion_funcional,1
trabajo segun requerimientos del,extremo_funcional,1
trabajo y,extremo_funcional,3
trabajo y asumir,expresion_funcional,1
trabajo y asumir su,extremo_funcional,1
trabajo y regulatorios,expresion_funcional,1
tradicionales y,extremo_funcional,1
tradicionales y agiles,expresion_funcional,1
traduce en,extremo_funcional,1
traduce en la,extremo_funcional,1
transferencia del,extremo_funcional,1
transferencia del conocimiento,extremo_vago_declarado,1
transferencia del conocimiento en,extremo_funcional,1
transferencia o,extremo_funcional,1
transferencia o produccion,expresion_funcional,1
transferencia o produccion de,extremo_funcional,1
transformacion de,extremo_funcional,1
transformacion de los,extremo_funcional,1
transformacion digital como,extremo_funcional,1
transformacion digital como elementos,expresion_funcional,1
transformacion digital de,extremo_funcional,2
transformacion digital de las,extremo_funcional,2
transformacion digital este,extremo_funcional,1
transformacion digital este presente,expresion_funcional,1
transformacion digital y,extremo_funcional,1
transformacion digital y el,extremo_funcional,1
transformadoras e,extremo_funcional,1
transformadoras e innovadoras,expresion_funcional,1
transformadoras e innovadoras que,extremo_funcional,1
transportada y,extremo_funcional,1
transportada y almacenada,expresion_funcional,1
transportada y almacenada por,extremo_funcional,1
transversales de,extremo_funcional,1
transversales de inacap te,extremo_funcional,1
transversales que,extremo_funcional,1
transversales que desarrollaras,expresion_funcional,1
transversales que desarrollaras en,extremo_funcional,1
trascendente de,extremo_funcional,1
trascendente de la,extremo_funcional,1
traves de,extremo_funcional,14
traves de la,extremo_funcional,4
traves de las,extremo_funcional,2
traves de proyectos que,extremo_funcional,1
traves de un,extremo_funcional,1
traves de un estilo,expresion_funcional,1
traves de una,extremo_funcional,2
traves de una solida,expresion_funcional,1
traves de una vision,expresion_funcional,1
traves del,extremo_funcional,7
traves del desarrollo de,extremo_funcional,1
traves del levantamiento de,extremo_funcional,1
traves del uso de,extremo_funcional,1
traves del uso eficiente,extremo_generico_declarado,1
trayectoria como,extremo_funcional,1
trayectoria como docente,expresion_funcional,1
trayectoria como docente de,extremo_funcional,1
trayectoria con,extremo_funcional,1
trayectoria con mas,extremo_funcional,1
trayectoria con mas de,extremo_funcional,1
trayectoria formativa articulando con,extremo_funcional,1
trayectoria formativa para,extremo_funcional,1
trayectoria profesional acorde,extremo_vago_declarado,1
trayectoria profesional acorde con,extremo_funcional,1
tres carreras,identidad_institucional_declarada,1
tres carreras de,identidad_institucional_declarada,1
tres carreras de especializacion,identidad_institucional_declarada,1
tu,stopword_o_unigrama_corto,2
tu perfil,extremo_funcional,1
tu perfil profesional,extremo_funcional,1
tu telefono,extremo_funcional,1
tu telefono y,extremo_funcional,1
tu telefono y te,extremo_funcional,1
tus conocimientos,extremo_vago_declarado,1
u,fragmento_corto_no_reconocido,4
u organizaciones,fragmento_corto_no_reconocido,1
u organizaciones de,fragmento_corto_no_reconocido,1
u organizaciones de servicio,fragmento_corto_no_reconocido,1
u otra,fragmento_corto_no_reconocido,1
u otra afin,fragmento_corto_no_reconocido,1
uah permiten desarrollar una,extremo_funcional,1
uc,fragmento_corto_no_reconocido,2
uc disena,fragmento_corto_no_reconocido,1
ucen region de,extremo_funcional,1
ucn coquimbo jefe de,extremo_funcional,1
ucn posee,extremo_generico_declarado,2
ucsc es,extremo_funcional,1
ucsc es un,extremo_funcional,1
udla es,extremo_funcional,1
udla es un,extremo_funcional,1
udla es un profesional,expresion_funcional,1
udla podra actuar en,extremo_funcional,1
ufro programa yo,fragmento_corto_no_reconocido,1
ufro programa yo quiero,fragmento_corto_no_reconocido,1
uiix de,extremo_funcional,1
ultimo en,extremo_funcional,1
ultimo en el,extremo_funcional,1
ultimos anos ha,extremo_funcional,1
ultimos anos ha participado,expresion_funcional,1
un,segmento_de_identidad_institucional,1
un,stopword_o_unigrama_corto,53
un actuar,extremo_funcional,1
un actuar etico,extremo_funcional,1
un alto,extremo_vago_declarado,4
un alto compromiso,extremo_funcional,1
un alto compromiso social,extremo_funcional,1
un alto desempeno,extremo_funcional,1
un alto nivel,extremo_funcional,1
un alto nivel de,extremo_funcional,1
un alto sentido,extremo_funcional,1
un alto sentido etico,extremo_funcional,1
un amplio,extremo_funcional,1
un amplio abanico,extremo_funcional,1
un amplio abanico de,extremo_funcional,1
un aporte,extremo_funcional,2
un aporte concreto,extremo_funcional,1
un aporte concreto a,extremo_funcional,1
un aporte fundamental,extremo_funcional,1
un aporte fundamental a,extremo_funcional,1
un autoaprendizaje,extremo_funcional,1
un autoaprendizaje permanente,extremo_funcional,1
un autoaprendizaje permanente y,extremo_funcional,1
un componente,extremo_funcional,1
un componente administrativo,extremo_funcional,1
un componente administrativo gerencial,extremo_funcional,1
un comportamiento,extremo_funcional,1
un comportamiento etico,extremo_funcional,1
un comportamiento etico y,extremo_funcional,1
un conjunto,extremo_funcional,2
un conjunto de,extremo_funcional,1
un conjunto de herramientas,extremo_funcional,1
un conjunto sistematico,extremo_funcional,1
un conjunto sistematico de,extremo_funcional,1
un contexto,extremo_funcional,8
un contexto academico,extremo_funcional,1
un contexto de,extremo_funcional,4
un contexto de actualizacion,extremo_funcional,1
un contexto de constante,extremo_funcional,1
un contexto de diversidad,extremo_funcional,1
un contexto de innovacion,extremo_funcional,1
un contexto economico,extremo_funcional,1
un contexto global,extremo_funcional,3
un correcto,extremo_funcional,1
un correcto uso,extremo_funcional,1
un correcto uso de,extremo_funcional,1
un cuerpo,extremo_funcional,2
un cuerpo distintivo,extremo_funcional,1
un cuerpo distintivo de,extremo_funcional,1
un cuerpo docente,extremo_funcional,1
un cuerpo docente de,extremo_funcional,1
un departamento,extremo_funcional,1
un departamento de,extremo_funcional,1
un departamento de informatica,extremo_funcional,1
un desarrollo,extremo_funcional,1
un desarrollo sostenible,extremo_funcional,1
un desempeno,extremo_funcional,1
un desempeno profesional,extremo_funcional,1
un desempeno profesional etico,extremo_funcional,1
un doctorado,extremo_funcional,1
un doctorado en,extremo_funcional,1
un doctorado en direccion,extremo_funcional,1
un doctorado en ingenieria,extremo_funcional,1
un enfoque,extremo_funcional,6
un enfoque centrado,extremo_funcional,1
un enfoque centrado en,extremo_funcional,1
un enfoque cientifico,extremo_funcional,1
un enfoque cientifico e,extremo_funcional,1
un enfoque de,extremo_funcional,1
un enfoque de calidad,extremo_funcional,1
un enfoque integral,extremo_funcional,1
un enfoque integral y,extremo_funcional,1
un enfoque multidisciplinario,extremo_funcional,1
un enfoque orientado,extremo_funcional,1
un enfoque orientado a,extremo_funcional,1
un entorno,extremo_funcional,4
un entorno global,extremo_funcional,1
un entorno globalizado,extremo_funcional,1
un entorno globalizado y,extremo_funcional,1
un entorno inclusivo,extremo_funcional,1
un entorno inclusivo al,extremo_funcional,1
un entorno tecnologico,extremo_funcional,1
un entorno tecnologico en,extremo_funcional,1
un entrenamiento,extremo_funcional,1
un entrenamiento altamente,extremo_funcional,1
un entrenamiento altamente experiencial,extremo_funcional,1
un espiritu,extremo_funcional,1
un espiritu critico,extremo_funcional,1
un estilo,extremo_funcional,1
un estilo de,extremo_funcional,1
un estilo de vida,extremo_funcional,1
un fuerte,extremo_funcional,1
un fuerte componente,extremo_funcional,1
un fuerte componente cientifico,extremo_funcional,1
un horario,extremo_funcional,1
un horario que,extremo_funcional,1
un horario que se,extremo_funcional,1
un ingeniero,extremo_funcional,1
un ingeniero en,extremo_funcional,1
un ingeniero en informatica,extremo_funcional,1
un marcado,extremo_funcional,4
un marcado compromiso,extremo_funcional,1
un marcado compromiso etico,extremo_funcional,1
un marcado espiritu,extremo_funcional,1
un marcado espiritu de,extremo_funcional,1
un marcado sello,extremo_funcional,2
un marcado sello valorico,extremo_funcional,2
un marco,extremo_funcional,2
un marco de,extremo_funcional,2
un marco de comportamiento,extremo_funcional,1
un marco de compromiso,extremo_funcional,1
un mejor,extremo_funcional,1
un mejor entendimiento,extremo_funcional,1
un mejor entendimiento de,extremo_funcional,1
un metodo,extremo_funcional,1
un metodo sistematico,extremo_funcional,1
un metodo sistematico en,extremo_funcional,1
un mundo,extremo_funcional,3
un mundo complejo,extremo_funcional,1
un mundo complejo y,extremo_funcional,1
un mundo globalizado,extremo_funcional,1
un mundo mas,extremo_funcional,1
un mundo mas sustentable,extremo_funcional,1
un o,extremo_funcional,1
un o una,extremo_funcional,1
un o una profesional,extremo_funcional,1
un problema,extremo_funcional,1
un proceso,extremo_funcional,1
un proceso de,extremo_funcional,1
un proceso de auto,extremo_funcional,1
un profesional,extremo_funcional,14
un profesional,segmento_de_identidad_institucional,1
un profesional capaz,extremo_funcional,1
un profesional capaz de,extremo_funcional,1
un profesional comprometido,segmento_de_identidad_institucional,1
un profesional comprometido con,segmento_de_identidad_institucional,1
un profesional con,extremo_funcional,4
un profesional con alto,extremo_vago_declarado,1
un profesional con formacion,extremo_funcional,1
un profesional con liderazgo,extremo_funcional,1
un profesional con un,extremo_funcional,1
un profesional enfocado,extremo_funcional,1
un profesional enfocado al,extremo_funcional,1
un profesional enfocado en,extremo_funcional,1
un profesional integrador,extremo_funcional,2
un profesional integrador de,extremo_funcional,2
un profesional integral,extremo_funcional,1
un profesional integro,extremo_funcional,1
un profesional proactivo,extremo_funcional,1
un profesional proactivo y,extremo_funcional,1
un profesional que,extremo_funcional,3
un profesional que esta,extremo_funcional,1
un profesional que podra,extremo_funcional,1
un profesional que posee,extremo_funcional,1
un profesional responsable,extremo_funcional,1
un programa,extremo_funcional,2
un programa formativo,extremo_funcional,2
un programa formativo que,extremo_funcional,2
un referente,extremo_funcional,1
un referente en,extremo_funcional,1
un referente en la,extremo_funcional,1
un riesgo,extremo_funcional,1
un riesgo a,extremo_funcional,1
un riesgo a la,extremo_funcional,1
un segundo,extremo_funcional,1
un segundo idioma,extremo_funcional,1
un sentido,extremo_funcional,2
un sentido amplio,extremo_funcional,2
un sentido amplio de,extremo_funcional,2
un solido,extremo_funcional,1
un solido compromiso,extremo_funcional,1
un solido compromiso etico,extremo_funcional,1
un titulo,extremo_funcional,1
un titulo profesional,extremo_funcional,1
un titulo profesional y,extremo_funcional,1
un uso,extremo_funcional,1
un uso eficiente,extremo_funcional,1
un uso eficiente de,extremo_funcional,1
un valor,extremo_funcional,1
un valor diferenciador,extremo_funcional,1
un valor diferenciador en,extremo_funcional,1
una,segmento_de_identidad_institucional,3
una,stopword_o_unigrama_corto,37
una actitud,extremo_funcional,3
una actitud critica,extremo_funcional,1
una actitud critica y,extremo_funcional,1
una actitud flexible,extremo_funcional,1
una actitud reflexiva,extremo_funcional,1
una actualizacion,extremo_funcional,1
una actualizacion permanente,extremo_funcional,1
una actualizacion permanente de,extremo_funcional,1
una adecuada,extremo_funcional,1
una adecuada seguridad,extremo_funcional,1
una adecuada seguridad de,extremo_funcional,1
una amenaza,extremo_funcional,1
una busqueda,extremo_funcional,1
una busqueda constante,extremo_funcional,1
una busqueda constante de,extremo_funcional,1
una capacidad,extremo_funcional,1
una capacidad de,extremo_funcional,1
una capacidad de autoaprendizaje,extremo_funcional,1
una carrera,identidad_institucional_declarada,1
una carrera que,identidad_institucional_declarada,1
una carrera que a,identidad_institucional_declarada,1
una ciudadania,extremo_funcional,1
una ciudadania responsable,extremo_funcional,1
una comunicacion,extremo_funcional,1
una comunicacion efectiva,extremo_funcional,1
una comunicacion efectiva de,extremo_funcional,1
una continuacion,extremo_funcional,1
una continuacion de,extremo_funcional,1
una continuacion de algunos,extremo_funcional,1
una cultura,extremo_funcional,3
una cultura ciudadana,extremo_funcional,1
una cultura ciudadana inspirada,extremo_funcional,1
una cultura de,extremo_funcional,1
una cultura de innovacion,extremo_funcional,1
una cultura empresarial,extremo_funcional,1
una cultura empresarial y,extremo_funcional,1
una de,extremo_funcional,2
una de las,extremo_funcional,2
una de las carreras,identidad_institucional_declarada,1
una de las tres,extremo_funcional,1
una disposicion,extremo_funcional,1
una disposicion permanente,extremo_funcional,1
una disposicion permanente por,extremo_funcional,1
una duracion,extremo_funcional,3
una duracion de,extremo_funcional,3
una especializacion,extremo_funcional,1
una especializacion en,extremo_funcional,1
una especializacion en gobernanza,extremo_funcional,1
una forma,extremo_funcional,1
una forma de,extremo_funcional,1
una forma de generar,extremo_funcional,1
una formacion,extremo_funcional,4
una formacion centrada,extremo_funcional,2
una formacion centrada en,extremo_funcional,2
una formacion continua,extremo_funcional,1
una formacion continua en,extremo_funcional,1
una formacion integral,extremo_funcional,1
una formacion integral en,extremo_funcional,1
una formacion orientada,extremo_funcional,1
una formacion orientada al,extremo_funcional,1
una formacion profesional,extremo_funcional,1
una formacion profesional integral,extremo_funcional,1
una fuerte,extremo_funcional,1
una fuerte formacion,extremo_funcional,1
una fuerte formacion social,extremo_funcional,1
una linea,extremo_funcional,1
una metodologia,extremo_funcional,1
una metodologia agil,extremo_funcional,1
una metodologia agil que,extremo_funcional,1
una mirada,extremo_funcional,2
una mirada etica,extremo_funcional,1
una mirada etica y,extremo_funcional,1
una mirada trascendente,extremo_funcional,1
una organizacion,extremo_funcional,4
una organizacion para,extremo_funcional,1
una organizacion para resguardar,extremo_funcional,1
una persona,extremo_funcional,2
una persona formada,extremo_funcional,1
una persona formada en,extremo_funcional,1
una persona profesional,extremo_funcional,1
una persona profesional formada,extremo_funcional,1
una perspectiva,extremo_funcional,5
una perspectiva cristiana,extremo_funcional,1
una perspectiva de,extremo_funcional,1
una perspectiva de excelencia,extremo_funcional,1
una perspectiva innovadora,extremo_funcional,1
una perspectiva respecto,extremo_funcional,1
una perspectiva respecto a,extremo_funcional,1
una perspectiva sistemica,extremo_funcional,1
una perspectiva sistemica amplia,extremo_funcional,1
una profesional,extremo_funcional,1
una profesional del,extremo_funcional,1
una profesional del area,extremo_funcional,1
una responsabilidad,extremo_funcional,1
una responsabilidad social,extremo_funcional,1
una responsabilidad social y,extremo_funcional,1
una rigurosa,extremo_funcional,2
una rigurosa base,extremo_funcional,2
una rigurosa base en,extremo_funcional,2
una significativa,extremo_funcional,1
una significativa formacion,extremo_funcional,1
una significativa formacion en,extremo_funcional,1
una situacion,extremo_funcional,1
una situacion particular,extremo_funcional,1
una sociedad,extremo_funcional,1
una sociedad mas,extremo_funcional,1
una sociedad mas justa,extremo_funcional,1
una solida,extremo_funcional,9
una solida base,extremo_funcional,1
una solida base disciplinar,extremo_funcional,1
una solida formacion,extremo_funcional,8
una solida formacion en,extremo_funcional,6
una solida formacion etica,extremo_funcional,2
una solucion,extremo_funcional,1
una solucion informatica,extremo_funcional,1
una solucion informatica adecuada,extremo_funcional,1
una trayectoria,extremo_funcional,2
una trayectoria como,extremo_funcional,1
una trayectoria como docente,extremo_funcional,1
una trayectoria profesional,extremo_funcional,1
una trayectoria profesional acorde,extremo_vago_declarado,1
una variedad,extremo_funcional,1
una variedad de,extremo_funcional,1
una variedad de roles,extremo_funcional,1
una vasta,extremo_funcional,1
una vasta trayectoria,extremo_funcional,1
una vasta trayectoria con,extremo_funcional,1
una vez,extremo_funcional,1
una vez cumplidos,extremo_funcional,1
una vez cumplidos los,extremo_funcional,1
una vision,extremo_funcional,7
una vision,segmento_de_identidad_institucional,3
una vision centrada,extremo_funcional,1
una vision centrada en,extremo_funcional,1
una vision cristiana,segmento_de_identidad_institucional,3
una vision cristiana del,segmento_de_identidad_institucional,3
una vision de,extremo_funcional,1
una vision de la,extremo_funcional,1
una vision integral,extremo_funcional,2
una vision integral de,extremo_funcional,1
una vision integral del,extremo_funcional,1
una vision orientada,extremo_funcional,2
una vision orientada a,extremo_funcional,1
una vision orientada al,extremo_funcional,1
una vision sistemica,extremo_funcional,1
una vision sistemica y,extremo_funcional,1
unica en,extremo_funcional,1
unica en el,extremo_funcional,1
unidades de,extremo_funcional,1
unidades de informatica,denominacion_grado,1
unidades de informatica en,extremo_funcional,1
universidad,segmento_con_indicios_de_menu,1
universidad,stopword_o_unigrama_corto,38
universidad adolfo,contexto_institucional_geografico,1
universidad adolfo ibanez,contexto_institucional_geografico,1
universidad austral,contexto_institucional_geografico,1
universidad austral de,extremo_funcional,1
universidad austral de chile,contexto_institucional_geografico,1
universidad autonoma,contexto_institucional_geografico,2
universidad autonoma de,extremo_funcional,2
universidad autonoma de chile,contexto_institucional_geografico,2
universidad bernardo,contexto_institucional_geografico,1
universidad bernardo o,extremo_funcional,1
universidad catolica,contexto_institucional_geografico,9
universidad catolica de,extremo_funcional,5
universidad catolica de la,extremo_funcional,3
universidad catolica de temuco,contexto_institucional_geografico,1
universidad catolica de valparaiso,contexto_institucional_geografico,1
universidad catolica del,extremo_funcional,3
universidad catolica del maule,contexto_institucional_geografico,1
universidad catolica del norte,contexto_institucional_geografico,2
universidad central,contexto_institucional_geografico,1
universidad central de,extremo_funcional,1
universidad central de chile,contexto_institucional_geografico,1
universidad cesar,contexto_institucional_geografico,1
universidad cesar vallejo,contexto_institucional_geografico,1
universidad cesar vallejo de,extremo_funcional,1
universidad de,extremo_funcional,16
universidad de,segmento_con_indicios_de_menu,1
universidad de atacama,contexto_institucional_geografico,1
universidad de atacama a,extremo_funcional,1
universidad de atacama es,extremo_funcional,1
universidad de atacama se,extremo_funcional,1
universidad de aysen,contexto_institucional_geografico,1
universidad de aysen se,extremo_funcional,1
universidad de aysen son,extremo_funcional,1
universidad de chile,contexto_institucional_geografico,2
universidad de chile son,extremo_funcional,1
universidad de concepcion,contexto_institucional_geografico,1
universidad de concepcion son,extremo_funcional,1
universidad de la,extremo_funcional,3
universidad de la,segmento_con_indicios_de_menu,1
universidad de la frontera,contexto_institucional_geografico,2
universidad de la frontera,segmento_con_indicios_de_menu,1
universidad de la serena,contexto_institucional_geografico,1
universidad de las,extremo_funcional,1
universidad de las americas,contexto_institucional_geografico,1
universidad de los,extremo_funcional,2
universidad de los lagos,contexto_institucional_geografico,2
universidad de magallanes,contexto_institucional_geografico,2
universidad de talca,contexto_institucional_geografico,1
universidad de talca son,extremo_funcional,1
universidad de valparaiso,contexto_institucional_geografico,3
universidad de valparaiso posee,extremo_generico_declarado,2
universidad del,extremo_funcional,3
universidad del bio,contexto_institucional_geografico,2
universidad del desarrollo,contexto_institucional_geografico,1
universidad diego,contexto_institucional_geografico,1
universidad diego portales,contexto_institucional_geografico,1
universidad diego portales son,extremo_funcional,1
universidad gabriela,contexto_institucional_geografico,2
universidad gabriela mistral,contexto_institucional_geografico,2
universidad gabriela mistral es,extremo_funcional,1
universidad historia,segmento_con_indicios_de_menu,1
universidad historia institucional,segmento_con_indicios_de_menu,1
universidad historia institucional acreditacion,segmento_con_indicios_de_menu,1
universidad mayor,contexto_institucional_geografico,3
universidad mayor es,extremo_funcional,1
universidad mayor es un,extremo_funcional,1
universidad san,contexto_institucional_geografico,1
universidad san sebastian,contexto_institucional_geografico,1
universidad santo,contexto_institucional_geografico,1
universidad santo tomas,contexto_institucional_geografico,1
universidad tecnica,contexto_institucional_geografico,2
universidad tecnica federico,contexto_institucional_geografico,2
universidad tecnica federico santa,contexto_institucional_geografico,2
universidad tecnologica,contexto_institucional_geografico,2
universidad tecnologica metropolitana,contexto_institucional_geografico,2
universidad tecnologica metropolitana es,extremo_funcional,1
universidad tecnologica metropolitana posee,extremo_generico_declarado,1
universidad tecnologica metropolitana puede,contexto_institucional_geografico,1
universidad uiix,contexto_institucional_geografico,1
universidad uiix de,extremo_funcional,1
universidad uiix de mexico,contexto_institucional_geografico,1
universidad y,extremo_funcional,1
universidad y la,extremo_funcional,1
universidad y la comunidad,expresion_funcional,1
universidades,stopword_o_unigrama_corto,1
universidades e,extremo_funcional,1
universidades e institutos,expresion_funcional,1
universidades e institutos profesionales,expresion_funcional,1
universitarias de,extremo_funcional,1
universitarias de formacion para,extremo_funcional,1
universitario e,extremo_funcional,1
universitario e investigador,expresion_funcional,1
universitario e investigador postdoctoral,expresion_funcional,1
universitario y,extremo_funcional,1
universitario y en,extremo_funcional,1
universitario y en el,extremo_funcional,1
usa las,extremo_funcional,1
usa las tecnologias de,extremo_funcional,1
usm forma profesionales con,extremo_funcional,1
uso adecuado del,extremo_funcional,1
uso avanzado y,extremo_funcional,2
uso avanzado y combinado,expresion_funcional,2
uso de,extremo_funcional,12
uso de la,extremo_funcional,2
uso de las,extremo_funcional,2
uso de metodologias de,extremo_funcional,1
uso de su,extremo_funcional,1
uso de su liderazgo,expresion_funcional,1
uso eficiente,extremo_generico_declarado,2
uso eficiente de,extremo_funcional,1
uso eficiente de ellos,extremo_funcional,1
uso eficiente y,extremo_funcional,1
uso eficiente y eficaz,expresion_funcional,1
uss es,extremo_funcional,1
uss es un,extremo_funcional,1
uss es un profesional,expresion_funcional,1
usuario y,extremo_funcional,1
usuario y al,extremo_funcional,1
usuario y al cumplimiento,expresion_funcional,1
usuarios y,extremo_funcional,1
usuarios y de,extremo_funcional,1
usuarios y de los,extremo_funcional,1
utilice sus,extremo_funcional,1
utilice sus conocimientos,extremo_vago_declarado,1
utilice sus conocimientos y,extremo_funcional,1
utiliza metodologias de,extremo_funcional,1
utiliza un,extremo_funcional,1
utiliza un conjunto,expresion_funcional,1
utiliza un conjunto de,extremo_funcional,1
utilizacion de,extremo_funcional,2
utilizacion de sistemas de,extremo_funcional,1
utilizando estandares y,extremo_funcional,1
utilizando estandares y metodologias,expresion_funcional,1
utilizando estrategias apropiadas de,extremo_funcional,1
utilizando herramientas metodologicas de,extremo_funcional,1
utilizando herramientas y,extremo_funcional,2
utilizando herramientas y lenguajes,expresion_funcional,1
utilizando herramientas y tecnicas,expresion_funcional,1
utilizando la,extremo_funcional,1
utilizando la informatica,denominacion_grado,1
utilizando la informatica empresarial,denominacion_grado,1
utilizando metodologias y,extremo_funcional,1
utilizando metodologias y herramientas,expresion_funcional,1
utilizando tecnologias de,extremo_funcional,1
utilizando tecnologias de la,extremo_funcional,1
utilizando un,extremo_funcional,1
utilizando un enfoque,expresion_funcional,1
utilizando un enfoque cientifico,expresion_funcional,1
utilizar las,extremo_funcional,1
utilizarlos de,extremo_funcional,1
utilizarlos de manera eficiente,extremo_generico_declarado,1
vacantes no,extremo_funcional,1
vacantes no disponible,expresion_funcional,1
vacantes no disponible admision,expresion_funcional,1
validado a,extremo_funcional,1
validado a traves,expresion_funcional,1
validado a traves de,extremo_funcional,1
valiosa al,extremo_funcional,1
valiosa al sentido,expresion_funcional,1
valiosa al sentido de,extremo_funcional,1
valiosa de,extremo_funcional,1
valiosa de datos diversos,extremo_vago_declarado,1
valiosos y,extremo_funcional,1
valiosos y tomar,expresion_funcional,1
valiosos y tomar decisiones,expresion_funcional,1
vallejo de,extremo_funcional,1
vallejo de peru e,extremo_funcional,1
valor a,extremo_funcional,1
valor a las,extremo_funcional,1
valor a las organizaciones,expresion_funcional,1
valor de,extremo_funcional,1
valor de los,extremo_funcional,1
valor diferenciador en,extremo_funcional,1
valor diferenciador en diversos,extremo_vago_declarado,1
valor e,extremo_funcional,2
valor e innovacion,expresion_funcional,1
valor e innovacion a,extremo_funcional,1
valor e innovar,expresion_funcional,1
valor e innovar mediante,expresion_funcional,1
valor en,extremo_funcional,3
valor en diversos,extremo_vago_declarado,1
valor en el,extremo_funcional,2
valor en una,extremo_funcional,1
valor en una organizacion,expresion_funcional,1
valor estrategico a,extremo_funcional,1
valor estrategico a las,extremo_funcional,1
valor estrategico que,extremo_funcional,1
valor estrategico que poseen,expresion_funcional,1
valor organizacional con,extremo_funcional,1
valor y,extremo_funcional,1
valor y la,extremo_funcional,1
valor y la innovacion,expresion_funcional,1
valora la,extremo_funcional,1
valores asociados a,extremo_funcional,1
valores asociados a la,extremo_funcional,1
valores institucionales,identidad_institucional_declarada,2
valores institucionales tales,identidad_institucional_declarada,1
valores institucionales tales como,identidad_institucional_declarada,1
valorico cristiano,contexto_institucional_geografico,1
valorico cristiano y,extremo_funcional,1
valorico cristiano y compromiso,expresion_funcional,1
valoricos y,extremo_funcional,1
valoricos y sus,extremo_funcional,1
valoricos y sus acciones,expresion_funcional,1
valparaiso,stopword_o_unigrama_corto,4
valparaiso posee,extremo_generico_declarado,2
valparaiso posee conocimientos,extremo_vago_declarado,1
valparaiso posee conocimientos en,extremo_funcional,1
valparaiso posee solidos,contexto_institucional_geografico,1
valparaiso posee solidos conocimientos,extremo_vago_declarado,1
vanguardia para,extremo_funcional,1
vanguardia para facilitar la,extremo_funcional,1
vanguardia que,extremo_funcional,1
vanguardia que den,expresion_funcional,1
vanguardia que den un,extremo_funcional,1
vanguardia y,extremo_funcional,1
vanguardia y estandares,expresion_funcional,1
vanguardia y estandares de,extremo_funcional,1
variedad de,extremo_funcional,1
variedad de roles como,extremo_funcional,1
vasta trayectoria con,extremo_funcional,1
vasta trayectoria con mas,extremo_funcional,1
ver perfil de,extremo_funcional,1
ver perfiles de,extremo_funcional,1
vez cumplidos los,extremo_funcional,1
viabilidad y,extremo_funcional,1
viabilidad y sustentabilidad,expresion_funcional,1
viabilidad y sustentabilidad de,extremo_funcional,1
vias de,extremo_funcional,1
vida,segmento_de_identidad_institucional,3
vida de,extremo_funcional,4
vida de este,extremo_funcional,1
vida de estos,extremo_funcional,2
vida de las,extremo_funcional,1
vida del,extremo_funcional,1
vida del desarrollo de,extremo_funcional,1
vida segun,segmento_de_identidad_institucional,3
vida segun los,segmento_de_identidad_institucional,3
vida segun los principios,segmento_de_identidad_institucional,3
vida y,extremo_funcional,1
vida y contribuye,expresion_funcional,1
vida y contribuye al,extremo_funcional,1
vigente a,extremo_funcional,1
vigente a nivel,expresion_funcional,1
vigente a nivel nacional,expresion_funcional,1
vigente y,extremo_funcional,1
vigente y los,extremo_funcional,1
vigente y los principios,expresion_funcional,1
vigentes sus,extremo_funcional,1
vigentes sus conocimientos,extremo_vago_declarado,1
vigentes sus conocimientos en,extremo_funcional,1
vinculacion con,extremo_funcional,1
vinculacion con el,extremo_funcional,1
vinculados a,extremo_funcional,1
vinculados a su,extremo_funcional,1
vinculados a su profesion,expresion_funcional,1
vinculados al,extremo_funcional,1
vinculados al diseno,expresion_funcional,1
vincularse con,extremo_funcional,1
vincularse con la,extremo_funcional,1
virginio gomez son,extremo_funcional,1
virginio gomez son profesionales,expresion_funcional,1
vision,segmento_de_identidad_institucional,4
vision centrada en,extremo_funcional,1
vision centrada en el,extremo_funcional,1
vision cristiana,segmento_de_identidad_institucional,4
vision cristiana del,segmento_de_identidad_institucional,3
vision cristiana del mundo,segmento_de_identidad_institucional,3
vision de,extremo_funcional,1
vision de la,extremo_funcional,1
vision integral de,extremo_funcional,1
vision integral de los,extremo_funcional,1
vision integral del,extremo_funcional,1
vision orientada a,extremo_funcional,1
vision orientada a la,extremo_funcional,1
vision orientada al,extremo_funcional,1
vision orientada al usuario,expresion_funcional,1
vision pluralista y,extremo_funcional,1
vision pluralista y compromiso,expresion_funcional,1
vision sistematica y,extremo_funcional,1
vision sistematica y de,extremo_funcional,1
vision sistemica y,extremo_funcional,1
vision sistemica y en,extremo_funcional,1
vision sistemica y enfasis,expresion_funcional,1
visualizacion de,extremo_funcional,1
visualizacion y,extremo_funcional,1
visualizacion y presentacion,expresion_funcional,1
visualizacion y presentacion de,extremo_funcional,1
viven las,extremo_funcional,1
vocacion de,extremo_funcional,1
vocacion de servicio y,extremo_funcional,1
volumenes de,extremo_funcional,4
volumenes de datos que,extremo_funcional,1
volumenes de informacion para,extremo_funcional,1
y,segmento_con_indicios_de_menu,1
y,segmento_de_identidad_institucional,3
y,stopword_o_unigrama_corto,63
y a,extremo_funcional,4
y a construir,extremo_funcional,1
y a construir nuevos,extremo_funcional,1
y a la,extremo_funcional,1
y a la transformacion,extremo_funcional,1
y a las,extremo_funcional,1
y a las tecnologias,extremo_funcional,1
y a los,extremo_funcional,1
y a los desafios,extremo_funcional,1
y a su,extremo_funcional,1
y a su entorno,extremo_funcional,1
y abordar,extremo_funcional,1
y abordar problemas,extremo_funcional,1
y actitudinales,extremo_funcional,1
y actualizacion,extremo_funcional,1
y actualizacion disciplinar,extremo_funcional,1
y actualizacion disciplinar permanente,extremo_funcional,1
y actualizarse,extremo_funcional,2
y actualizarse permanentemente,extremo_funcional,2
y actuar,extremo_funcional,1
y actuar antes,extremo_funcional,1
y adaptar,extremo_funcional,1
y adaptar los,extremo_funcional,1
y adaptar los procesos,extremo_funcional,1
y adaptarse,extremo_funcional,3
y adaptarse a,extremo_funcional,1
y adaptarse a entornos,extremo_funcional,1
y adaptarse activa,extremo_funcional,2
y adaptarse activa y,extremo_funcional,2
y administracion,extremo_funcional,2
y administracion de,extremo_funcional,2
y administracion de proyectos,extremo_funcional,1
y administracion de soluciones,extremo_funcional,1
y administrar,extremo_funcional,4
y administrar proyectos,extremo_funcional,2
y administrar proyectos de,extremo_funcional,1
y administrar proyectos informaticos,extremo_funcional,1
y administrar soluciones,extremo_funcional,1
y administrar soluciones informaticas,extremo_funcional,1
y administrar tecnologias,extremo_funcional,1
y administrar tecnologias de,extremo_funcional,1
y adquirir,extremo_funcional,1
y adquirir conocimientos,extremo_vago_declarado,1
y adquirir conocimientos y,extremo_funcional,1
y agil,extremo_funcional,1
y agiles,extremo_funcional,1
y al,extremo_funcional,2
y al bienestar,extremo_funcional,1
y al bienestar social,extremo_funcional,1
y al cumplimiento,extremo_funcional,1
y al cumplimiento de,extremo_funcional,1
y almacenada,extremo_funcional,1
y almacenada por,extremo_funcional,1
y almacenada por los,extremo_funcional,1
y ambiental,extremo_funcional,6
y ambiental activa,extremo_funcional,1
y ambientales,extremo_funcional,2
y ambientales de,extremo_funcional,1
y ambientales de la,extremo_funcional,1
y ambientalmente,extremo_funcional,1
y ambientalmente sostenibles,extremo_funcional,1
y analisis,extremo_funcional,2
y analisis de,extremo_funcional,2
y analisis de datos,extremo_funcional,2
y analitica,extremo_funcional,2
y analitica de,extremo_funcional,1
y analitica de datos,extremo_funcional,1
y analitica del,extremo_funcional,1
y analitica del aprendizaje,extremo_funcional,1
y analizar,extremo_funcional,2
y analizar grandes,extremo_funcional,1
y analizar grandes volumenes,extremo_funcional,1
y analizar los,extremo_funcional,1
y analizar los datos,extremo_funcional,1
y aplica,extremo_funcional,2
y aplica estandares,extremo_funcional,1
y aplica la,extremo_funcional,1
y aplica la ciberseguridad,extremo_funcional,1
y aplicacion,extremo_funcional,3
y aplicacion de,extremo_funcional,3
y aplicacion de conocimientos,extremo_vago_declarado,2
y aplicacion de inteligencia,extremo_funcional,1
y aplicaciones,extremo_funcional,2
y aplicaciones para,extremo_funcional,1
y aplicaciones para la,extremo_funcional,1
y aplicada,extremo_funcional,2
y aplicada le,extremo_funcional,1
y aplicada le permite,extremo_funcional,1
y aplicando,extremo_funcional,2
y aplicando criterios,extremo_funcional,1
y aplicando criterios de,extremo_funcional,1
y aplicando principios,extremo_funcional,1
y aplicando principios de,extremo_funcional,1
y aplicar,extremo_funcional,2
y aplicar nuevos,extremo_funcional,1
y aplicar nuevos conocimientos,extremo_vago_declarado,1
y aplicar tecnicas,extremo_funcional,1
y aplicar tecnicas de,extremo_funcional,1
y apoyar,extremo_funcional,2
y apoyar la,extremo_funcional,2
y apoyar la gestion,extremo_funcional,1
y apoyar la toma,extremo_vago_declarado,1
y aprendizaje,extremo_funcional,1
y aprendizaje segun,extremo_funcional,1
y aprendizaje segun objetivos,extremo_funcional,1
y area,extremo_funcional,1
y area de,extremo_funcional,1
y area de las,extremo_funcional,1
y arquitecturas,extremo_funcional,1
y arquitecturas de,extremo_funcional,1
y arquitecturas de software,extremo_funcional,1
y asumir,extremo_funcional,2
y asumir riesgos,extremo_funcional,1
y asumir su,extremo_funcional,1
y asumir su quehacer,extremo_funcional,1
y atendiendo,extremo_funcional,1
y atendiendo a,extremo_funcional,1
y atendiendo a las,extremo_funcional,1
y auditoria,extremo_funcional,2
y auditoria a,extremo_funcional,1
y auditoria a la,extremo_funcional,1
y auditoria informatica,extremo_funcional,1
y autocritica,extremo_funcional,1
y autocritica frente,extremo_funcional,1
y autocritica frente a,extremo_funcional,1
y autogestion,extremo_funcional,1
y automatizacion,extremo_funcional,3
y automatizacion de,extremo_funcional,1
y automatizacion de los,extremo_funcional,1
y autonoma,extremo_funcional,1
y autonomamente,extremo_funcional,1
y autonomamente mediante,extremo_funcional,1
y autonomamente mediante soluciones,extremo_funcional,1
y autonomia,extremo_funcional,1
y autonomia en,extremo_funcional,1
y autonomia en la,extremo_funcional,1
y bajo,extremo_funcional,1
y bajo estandares,extremo_funcional,1
y bajo estandares internacionales,extremo_funcional,1
y base,extremo_funcional,1
y base de,extremo_funcional,1
y base de datos,extremo_funcional,1
y bases,extremo_funcional,1
y bases de,extremo_funcional,1
y bases de datos,extremo_funcional,1
y bien,extremo_funcional,1
y bien comun,extremo_funcional,1
y buenas,extremo_funcional,2
y buenas practicas,extremo_funcional,2
y buenas practicas de,extremo_funcional,1
y buenas practicas durante,extremo_funcional,1
y calidad,extremo_funcional,2
y calidad de,extremo_funcional,1
y calidad de software,extremo_funcional,1
y capacidad,extremo_funcional,3
y capacidad analitica,extremo_funcional,1
y capacidad de,extremo_funcional,1
y capacidad de comunicarse,extremo_funcional,1
y capacidad innovadora,extremo_funcional,1
y capacidad innovadora al,extremo_funcional,1
y capacidad para,extremo_funcional,1
y capacidad para trabajar,extremo_funcional,1
y capital,extremo_funcional,1
y capital intelectual,extremo_funcional,1
y capital intelectual con,extremo_funcional,1
y certificacion,segmento_con_indicios_de_menu,1
y certificacion de,segmento_con_indicios_de_menu,1
y certificacion de carreras,segmento_con_indicios_de_menu,1
y ciberseguridad,extremo_funcional,4
y ciberseguridad en,extremo_funcional,1
y ciberseguridad en uniacc,extremo_funcional,1
y ciberseguridad forma,extremo_funcional,1
y ciberseguridad forma profesionales,extremo_funcional,1
y ciberseguridad o,extremo_funcional,1
y ciberseguridad o ingenieria,extremo_funcional,1
y ciencia,extremo_funcional,1
y ciencia de,extremo_funcional,1
y ciencia de datos,extremo_funcional,1
y ciencias,extremo_funcional,3
y ciencias de,extremo_funcional,1
y ciencias de la,extremo_funcional,1
y ciencias geologicas,extremo_funcional,2
y ciencias geologicas escuela,extremo_funcional,1
y ciencias geologicas jefe,extremo_funcional,1
y cientificos,extremo_funcional,1
y cientificos propios,extremo_funcional,1
y cientificos propios de,extremo_funcional,1
y ciudadania,extremo_funcional,1
y ciudadano,extremo_funcional,1
y coherente,extremo_funcional,2
y coherente sus,extremo_funcional,1
y coherente sus ideas,extremo_funcional,1
y combinado,extremo_funcional,2
y combinado de,extremo_funcional,2
y combinado de las,extremo_funcional,2
y como,extremo_funcional,1
y como doctor,extremo_funcional,1
y como doctor en,extremo_funcional,1
y como evaluadora,extremo_funcional,1
y como evaluadora de,extremo_funcional,1
y competencias,extremo_funcional,2
y competencias para,extremo_funcional,1
y competencias para el,extremo_funcional,1
y competencias tecnicas,extremo_funcional,1
y competencias tecnicas para,extremo_funcional,1
y competitivo,extremo_funcional,1
y comprende,extremo_funcional,1
y comprende el,extremo_funcional,1
y comprende el idioma,extremo_funcional,1
y comprobar,extremo_funcional,1
y comprobar coherente,extremo_funcional,1
y comprobar coherente y,extremo_funcional,1
y comprometida,extremo_funcional,1
y comprometida con,extremo_funcional,1
y comprometida con los,extremo_funcional,1
y compromiso,extremo_funcional,2
y compromiso con,extremo_funcional,1
y compromiso con los,extremo_funcional,1
y compromiso social,extremo_funcional,1
y computacion,extremo_funcional,3
y computacion e,extremo_funcional,1
y computacion e informatica,extremo_funcional,1
y comunicacion,extremo_funcional,10
y comunicacion como,extremo_funcional,1
y comunicacion como herramienta,extremo_funcional,1
y comunicacion con,extremo_funcional,1
y comunicacion con capacidades,extremo_funcional,1
y comunicacion efectiva,extremo_funcional,3
y comunicacion efectiva con,extremo_funcional,1
y comunicacion emergentes,extremo_funcional,1
y comunicaciones,extremo_funcional,8
y comunicaciones emergentes,extremo_funcional,1
y comunicaciones en,extremo_funcional,2
y comunicaciones en funcion,extremo_funcional,1
y comunicaciones en la,extremo_funcional,1
y comunicaciones junto,extremo_funcional,2
y comunicaciones junto a,extremo_funcional,2
y comunicaciones para,extremo_funcional,1
y comunicaciones para establecer,extremo_funcional,1
y comunicar,extremo_funcional,1
y comunicar efectivamente,extremo_funcional,1
y comunicar efectivamente sus,extremo_funcional,1
y comunicarse,extremo_funcional,1
y comunicarse efectivamente,extremo_funcional,1
y comunicarse efectivamente tanto,extremo_funcional,1
y con,extremo_funcional,5
y con,segmento_de_identidad_institucional,2
y con curiosidad,extremo_funcional,1
y con curiosidad por,extremo_funcional,1
y con la,extremo_funcional,1
y con la,segmento_de_identidad_institucional,2
y con la promocion,extremo_funcional,1
y con la promocion,segmento_de_identidad_institucional,2
y con un,extremo_funcional,2
y con un sentido,extremo_funcional,2
y con valores,extremo_funcional,1
y con valores asociados,extremo_funcional,1
y concepcion,extremo_funcional,1
y conocimientos,extremo_vago_declarado,2
y conocimientos de,extremo_funcional,1
y conocimientos de la,extremo_funcional,1
y conocimientos en,extremo_funcional,1
y conocimientos en el,extremo_funcional,1
y consciente,extremo_funcional,1
y consciente del,extremo_funcional,1
y consciente del impacto,extremo_funcional,1
y considerar,extremo_funcional,1
y considerar los,extremo_funcional,1
y considerar los riesgos,extremo_funcional,1
y constancia,extremo_funcional,1
y constructiva,extremo_funcional,1
y consultoria,extremo_funcional,1
y consultoria de,extremo_funcional,1
y consultoria de proyectos,extremo_funcional,1
y contextualizada,extremo_funcional,1
y contextualizada los,extremo_funcional,1
y contextualizada los conocimientos,extremo_vago_declarado,1
y continua,extremo_funcional,2
y continuar,extremo_funcional,2
y continuar estudios,extremo_funcional,2
y continuar estudios conducentes,extremo_funcional,1
y contribuir,extremo_funcional,1
y contribuir al,extremo_funcional,1
y contribuir al logro,extremo_funcional,1
y contribuye,extremo_funcional,1
y contribuye al,extremo_funcional,1
y contribuye al bien,extremo_funcional,1
y control,extremo_funcional,1
y control de,extremo_funcional,1
y control de calidad,extremo_funcional,1
y coordinacion,extremo_funcional,1
y coordinacion de,extremo_funcional,1
y coordinacion de los,extremo_funcional,1
y crear,extremo_funcional,1
y crear valor,extremo_funcional,1
y crear valor de,extremo_funcional,1
y cristianos,extremo_funcional,1
y criterios,extremo_funcional,1
y criterios de,extremo_funcional,1
y criterios de seguridad,extremo_funcional,1
y cuantificable,extremo_funcional,1
y cuenta,extremo_funcional,1
y cuenta con,extremo_funcional,1
y cuenta con una,extremo_funcional,1
y data,extremo_funcional,1
y data mining,extremo_funcional,1
y datos,extremo_funcional,1
y de,extremo_funcional,30
y de,segmento_de_identidad_institucional,3
y de calidad,extremo_funcional,2
y de calidad para,extremo_funcional,1
y de calidad relacionadas,extremo_funcional,1
y de empleabilidad,extremo_funcional,1
y de especialidad,extremo_funcional,1
y de evaluacion,extremo_funcional,1
y de evaluacion de,extremo_funcional,1
y de gestion,extremo_funcional,2
y de gestion de,extremo_funcional,1
y de gestion informatica,extremo_funcional,1
y de gestion para,extremo_funcional,1
y de ingenieria,extremo_funcional,1
y de ingenieria a,extremo_funcional,1
y de la,extremo_funcional,10
y de la,segmento_de_identidad_institucional,3
y de la computacion,extremo_funcional,2
y de la disciplina,extremo_funcional,1
y de la especialidad,extremo_funcional,1
y de la experiencia,extremo_funcional,1
y de la informacion,extremo_funcional,2
y de la informatica,extremo_funcional,2
y de la ingenieria,extremo_funcional,2
y de la vida,segmento_de_identidad_institucional,3
y de las,extremo_funcional,2
y de las organizaciones,extremo_funcional,1
y de las tecnologias,extremo_funcional,1
y de liderar,extremo_funcional,1
y de liderar equipos,extremo_funcional,1
y de los,extremo_funcional,1
y de los sistemas,extremo_funcional,1
y de proyectos,extremo_funcional,1
y de responsabilidad,extremo_funcional,2
y de responsabilidad social,extremo_funcional,2
y de riesgos,extremo_funcional,1
y de riesgos en,extremo_funcional,1
y de salud,extremo_funcional,1
y de servicios,extremo_funcional,6
y de servicios y,extremo_funcional,1
y de sistemas,extremo_funcional,1
y de sistemas inteligentes,extremo_funcional,1
y de soluciones,extremo_funcional,1
y de soluciones tecnologicas,extremo_funcional,1
y de telecomunicaciones,extremo_funcional,1
y de tiempo,extremo_funcional,1
y debilidades,extremo_funcional,1
y debilidades en,extremo_funcional,1
y debilidades en los,extremo_funcional,1
y del,extremo_funcional,3
y del mundo,extremo_funcional,1
y del mundo cientifico,extremo_funcional,1
y del pais,extremo_funcional,1
y del presupuesto,extremo_funcional,1
y del tercer,extremo_funcional,1
y del tercer sector,extremo_funcional,1
y desafio,extremo_funcional,1
y desafio latam,extremo_funcional,1
y desafios,extremo_funcional,1
y desafios para,extremo_funcional,1
y desafios para aquellos,extremo_funcional,1
y desarrollador,extremo_funcional,1
y desarrollador de,extremo_funcional,1
y desarrollador de aplicaciones,extremo_funcional,1
y desarrollar,extremo_funcional,8
y desarrollar autoaprendizaje,extremo_funcional,1
y desarrollar iniciativas,extremo_funcional,1
y desarrollar iniciativas a,extremo_funcional,1
y desarrollar investigacion,extremo_funcional,1
y desarrollar investigacion aplicada,extremo_funcional,1
y desarrollar proyectos,extremo_funcional,4
y desarrollar proyectos de,extremo_funcional,1
y desarrollar proyectos propios,extremo_funcional,1
y desarrollar proyectos que,extremo_funcional,1
y desarrollar proyectos relacionados,extremo_funcional,1
y desarrollar soluciones,extremo_funcional,2
y desarrollar soluciones informaticas,extremo_funcional,1
y desarrollar soluciones pertinentes,extremo_funcional,1
y desarrollarte,extremo_funcional,1
y desarrollarte profesionalmente,extremo_funcional,1
y desarrollo,extremo_funcional,3
y desarrollo de,extremo_funcional,1
y desarrollo de la,extremo_funcional,1
y desarrollo sostenible,extremo_funcional,1
y desempenando,extremo_funcional,1
y desempenando el,extremo_funcional,1
y desempenando el rol,extremo_funcional,1
y desempenar,extremo_funcional,1
y desempenar tareas,extremo_funcional,1
y desempenar tareas de,extremo_funcional,1
y desempenarse,extremo_funcional,2
y desempenarse profesionalmente,extremo_funcional,2
y desempenarse profesionalmente en,extremo_funcional,2
y desenvolverse,extremo_funcional,1
y desenvolverse con,extremo_funcional,1
y desenvolverse con responsabilidad,extremo_funcional,1
y desplegar,extremo_funcional,1
y desplegar soluciones,extremo_funcional,1
y desplegar soluciones de,extremo_funcional,1
y despliega,extremo_funcional,1
y despliega soluciones,extremo_funcional,1
y despliega soluciones informaticas,extremo_funcional,1
y despues,extremo_funcional,1
y despues de,extremo_funcional,1
y despues de la,extremo_funcional,1
y destaca,extremo_funcional,1
y destaca por,extremo_funcional,1
y destaca por su,extremo_funcional,1
y destrezas,extremo_funcional,1
y destrezas en,extremo_funcional,1
y destrezas en el,extremo_funcional,1
y dinamico,extremo_funcional,1
y diplomado,extremo_funcional,1
y diplomado direccion,extremo_funcional,1
y diplomado direccion y,extremo_funcional,1
y direccion,extremo_funcional,1
y direccion de,extremo_funcional,1
y direccion de carreras,identidad_institucional_declarada,1
y director,extremo_funcional,1
y director de,extremo_funcional,1
y director de carrera,identidad_institucional_declarada,1
y directora,extremo_funcional,1
y directora de,extremo_funcional,1
y directora de proyectos,extremo_funcional,1
y directora del,extremo_funcional,1
y directora del magister,extremo_funcional,1
y disena,extremo_funcional,2
y disena sistemas,extremo_funcional,1
y disena sistemas computacionales,extremo_funcional,1
y disena soluciones,extremo_funcional,1
y disena soluciones computacionales,extremo_funcional,1
y disenan,extremo_funcional,1
y disenan soluciones,extremo_funcional,1
y disenan soluciones informaticas,extremo_funcional,1
y disenar,extremo_funcional,3
y disenar e,extremo_funcional,2
y disenar e implementar,extremo_funcional,2
y disenar sistemas,extremo_funcional,1
y diseno,extremo_funcional,1
y diseno de,extremo_funcional,1
y diseno de sistemas,extremo_funcional,1
y disponibilidad,extremo_funcional,1
y disponibilidad de,extremo_funcional,1
y disponibilidad de los,extremo_funcional,1
y dispositivos,extremo_funcional,1
y dispositivos moviles,extremo_funcional,1
y diversidad,extremo_funcional,1
y diverso,extremo_vago_declarado,1
y economico,extremo_funcional,1
y economico de,extremo_funcional,1
y economico de la,extremo_funcional,1
y efectivas,extremo_funcional,1
y eficacia,extremo_funcional,1
y eficaz,extremo_funcional,1
y eficaz de,extremo_funcional,1
y eficaz de tecnologias,extremo_funcional,1
y eficiencia,extremo_funcional,4
y eficiencia a,extremo_funcional,1
y eficiencia a los,extremo_funcional,1
y eficiencia de,extremo_funcional,1
y eficiencia de las,extremo_funcional,1
y eficientes,extremo_funcional,1
y eficientes para,extremo_funcional,1
y eficientes para resolver,extremo_funcional,1
y egresadas,extremo_funcional,1
y egresadas quedan,extremo_funcional,1
y egresadas quedan habilitados,extremo_funcional,1
y ejecutar,extremo_funcional,3
y ejecutar actividades,extremo_funcional,1
y ejecutar actividades que,extremo_funcional,1
y ejecutar proyectos,extremo_funcional,2
y ejecutar proyectos informaticos,extremo_funcional,1
y ejecutar proyectos que,extremo_funcional,1
y ejecutivo,extremo_funcional,1
y ejecutivo de,extremo_funcional,1
y ejecutivo de desarrollo,extremo_funcional,1
y ejerce,extremo_funcional,1
y ejerce su,extremo_funcional,1
y ejerce su ciudadania,extremo_funcional,1
y ejercer,extremo_funcional,1
y ejercer su,extremo_funcional,1
y ejercer su profesion,extremo_funcional,1
y el,extremo_funcional,19
y el aprendizaje,extremo_funcional,1
y el aprendizaje permanente,extremo_funcional,1
y el buen,extremo_funcional,1
y el buen uso,extremo_funcional,1
y el conocimiento,extremo_vago_declarado,1
y el conservador,extremo_funcional,1
y el conservador de,extremo_funcional,1
y el desarrollo,extremo_funcional,1
y el desarrollo sustentable,extremo_funcional,1
y el ejercicio,extremo_funcional,1
y el ejercicio profesional,extremo_funcional,1
y el emprendimiento,extremo_funcional,1
y el entorno,extremo_funcional,1
y el estandar,extremo_funcional,1
y el estandar de,extremo_funcional,1
y el impacto,extremo_funcional,1
y el impacto de,extremo_funcional,1
y el medio,extremo_funcional,2
y el medio ambiente,extremo_funcional,2
y el pais,extremo_funcional,3
y el reconocimiento,extremo_funcional,2
y el reconocimiento de,extremo_funcional,1
y el reconocimiento del,extremo_funcional,1
y el sello,extremo_funcional,1
y el sello formativo,extremo_funcional,1
y el software,extremo_funcional,1
y el software en,extremo_funcional,1
y el titulo,extremo_funcional,1
y el titulo de,extremo_funcional,1
y el trabajo,extremo_funcional,1
y el trabajo colaborativo,extremo_funcional,1
y el uso,extremo_funcional,1
y el uso adecuado,extremo_funcional,1
y emergentes,extremo_funcional,1
y emergentes como,extremo_funcional,1
y emergentes como inteligencia,extremo_funcional,1
y emplear,extremo_funcional,1
y emplear las,extremo_funcional,1
y emplear las nuevas,extremo_funcional,1
y emprendedora,extremo_funcional,1
y emprendedora con,extremo_funcional,1
y emprendedora con altos,extremo_vago_declarado,1
y emprendedoras,extremo_funcional,1
y emprender,extremo_funcional,1
y emprendimiento,extremo_funcional,2
y emprendimientos,extremo_funcional,1
y empresariales,extremo_funcional,1
y en,extremo_funcional,8
y en coherencia,extremo_funcional,1
y en coherencia con,extremo_funcional,1
y en el,extremo_funcional,1
y en el empresarial,extremo_funcional,1
y en funcion,extremo_funcional,1
y en funcion de,extremo_funcional,1
y en general,extremo_funcional,1
y en general puede,extremo_funcional,1
y en gestion,extremo_funcional,1
y en gestion organizacional,extremo_funcional,1
y en la,extremo_funcional,1
y en la gestion,extremo_funcional,1
y en organizaciones,extremo_funcional,1
y en organizaciones publicas,extremo_funcional,1
y en salas,extremo_funcional,1
y en salas especializadas,extremo_funcional,1
y en un,extremo_funcional,1
y en un horario,extremo_funcional,1
y enfasis,extremo_funcional,1
y enfasis en,extremo_funcional,1
y enfasis en la,extremo_funcional,1
y enfrenta,extremo_funcional,1
y enfrenta con,extremo_funcional,1
y enfrenta con compromiso,extremo_funcional,1
y entregar,extremo_funcional,1
y entregar soluciones,extremo_funcional,1
y entregar soluciones eficientes,extremo_funcional,1
y entrenamiento,extremo_funcional,1
y entrenamiento en,extremo_funcional,1
y entrenamiento en sistemas,extremo_funcional,1
y entusiasta,extremo_funcional,1
y equipos,extremo_funcional,1
y equipos de,extremo_funcional,1
y equipos de desarrollo,extremo_funcional,1
y equitativa,extremo_funcional,1
y es,extremo_funcional,1
y es capaz,extremo_funcional,1
y es capaz de,extremo_funcional,1
y escalables,extremo_funcional,1
y escrita,extremo_funcional,5
y escrita en,extremo_funcional,1
y escrita en idioma,extremo_funcional,1
y esfuerzo,extremo_funcional,1
y esfuerzo en,extremo_funcional,1
y esfuerzo en su,extremo_funcional,1
y especificas,extremo_funcional,1
y especificas desarrolladas,extremo_funcional,1
y especificas desarrolladas en,extremo_funcional,1
y estandares,extremo_funcional,3
y estandares de,extremo_funcional,2
y estandares de calidad,extremo_funcional,1
y estandares de la,extremo_funcional,1
y estandares disciplinarios,extremo_funcional,1
y estandares disciplinarios de,extremo_funcional,1
y etica,extremo_funcional,4
y etica acorde,extremo_vago_declarado,1
y etica acorde a,extremo_funcional,1
y etica en,extremo_funcional,2
y etica en su,extremo_funcional,1
y etica en un,extremo_funcional,1
y eticos,extremo_funcional,1
y evaluacion,extremo_funcional,5
y evaluacion de,extremo_funcional,5
y evaluacion de proyectos,extremo_funcional,2
y evaluacion de sistemas,extremo_funcional,1
y evaluacion de soluciones,extremo_funcional,2
y evaluando,extremo_funcional,1
y evaluando tecnologias,extremo_funcional,1
y evaluando tecnologias emergentes,extremo_funcional,1
y evaluar,extremo_funcional,3
y evaluar politicas,extremo_funcional,1
y evaluar politicas de,extremo_funcional,1
y evaluar pruebas,extremo_funcional,1
y evaluar pruebas de,extremo_funcional,1
y evaluar soluciones,extremo_funcional,1
y evaluar soluciones integrales,extremo_funcional,1
y evidenciando,extremo_funcional,1
y evidenciando las,extremo_funcional,1
y evidenciando las competencias,extremo_funcional,1
y evolucion,extremo_funcional,1
y evolucion de,extremo_funcional,1
y evolucion de su,extremo_funcional,1
y extraer,extremo_funcional,1
y extraer conocimientos,extremo_vago_declarado,1
y extraer conocimientos de,extremo_funcional,1
y fisica,extremo_funcional,1
y flexibilidad,extremo_funcional,1
y flexibilidad para,extremo_funcional,1
y flexibilidad para trabajar,extremo_funcional,1
y flexiblemente,extremo_funcional,2
y flexiblemente a,extremo_funcional,2
y flexiblemente a las,extremo_funcional,2
y formacion,extremo_funcional,2
y formacion de,extremo_funcional,1
y formacion de capital,extremo_funcional,1
y formacion general,extremo_funcional,1
y formado,extremo_funcional,1
y formado bajo,extremo_funcional,1
y formado bajo los,extremo_funcional,1
y formalizar,extremo_funcional,1
y formalizar matematicamente,extremo_funcional,1
y formalizar matematicamente problemas,extremo_funcional,1
y fundamentos,extremo_funcional,1
y fundamentos teoricos,extremo_funcional,1
y fundamentos teoricos para,extremo_funcional,1
y generando,extremo_funcional,1
y generando soluciones,extremo_funcional,1
y generando soluciones creativas,extremo_funcional,1
y generar,extremo_funcional,3
y generar soluciones,extremo_funcional,3
y generar soluciones de,extremo_funcional,1
y generar soluciones innovadoras,extremo_funcional,2
y generar soluciones que,extremo_funcional,1
y genia,extremo_funcional,1
y gestion,extremo_funcional,13
y gestion de,extremo_funcional,9
y gestion de datos,extremo_funcional,1
y gestion de incidencias,extremo_funcional,1
y gestion de informatica,extremo_funcional,1
y gestion de la,extremo_funcional,1
y gestion de proyectos,extremo_funcional,4
y gestion de riesgos,extremo_funcional,1
y gestion en,extremo_funcional,1
y gestion en proyectos,extremo_funcional,1
y gestion integral,extremo_funcional,1
y gestion integral de,extremo_funcional,1
y gestion ti,extremo_funcional,1
y gestiona,extremo_funcional,2
y gestiona desafios,extremo_funcional,1
y gestiona desafios tecnologicos,extremo_funcional,1
y gestiona soluciones,extremo_funcional,1
y gestiona soluciones tecnologicas,extremo_funcional,1
y gestionar,extremo_funcional,10
y gestionar aplicaciones,extremo_funcional,1
y gestionar aplicaciones informaticas,extremo_funcional,1
y gestionar areas,extremo_funcional,1
y gestionar areas ti,extremo_funcional,1
y gestionar proyectos,extremo_funcional,6
y gestionar proyectos de,extremo_funcional,1
y gestionar proyectos en,extremo_funcional,1
y gestionar proyectos informaticos,extremo_funcional,3
y gestionar soluciones,extremo_funcional,1
y gestionar soluciones tecnologicas,extremo_funcional,1
y gestionar tecnologias,extremo_funcional,1
y gestionar tecnologias de,extremo_funcional,1
y globales,extremo_funcional,1
y globales con,extremo_funcional,1
y globales con enfoque,extremo_funcional,1
y globalizados,extremo_funcional,1
y gobierno,extremo_funcional,1
y graduadas,extremo_funcional,1
y graduadas capaces,extremo_funcional,1
y graduadas capaces de,extremo_funcional,1
y ha,extremo_funcional,1
y ha realizado,extremo_funcional,1
y ha realizado charlas,extremo_funcional,1
y habilidades,extremo_funcional,3
y habilidades en,extremo_funcional,1
y habilidades en desarrollo,extremo_funcional,1
y habilidades para,extremo_funcional,2
y habilidades para actuar,extremo_funcional,1
y habilidades para la,extremo_funcional,1
y hardware,extremo_funcional,5
y hardware en,extremo_funcional,2
y hardware en diversos,extremo_vago_declarado,2
y hardware para,extremo_funcional,1
y hardware para la,extremo_funcional,1
y he,fragmento_corto_no_reconocido,1
y he trabajado,fragmento_corto_no_reconocido,1
y he trabajado en,fragmento_corto_no_reconocido,1
y herramientas,extremo_funcional,6
y herramientas de,extremo_funcional,3
y herramientas de ingenieria,extremo_funcional,2
y herramientas de software,extremo_funcional,1
y herramientas para,extremo_funcional,1
y herramientas para proveer,extremo_funcional,1
y herramientas que,extremo_funcional,2
y herramientas que le,extremo_funcional,2
y humanista,extremo_funcional,2
y humanista para,extremo_funcional,1
y humanista para responder,extremo_funcional,1
y jefa,extremo_funcional,1
y jefa de,extremo_funcional,1
y jefa de carrera,identidad_institucional_declarada,1
y la,extremo_funcional,22
y la analitica,extremo_funcional,1
y la analitica predictiva,extremo_funcional,1
y la antropologia,extremo_funcional,1
y la antropologia cristiana,extremo_funcional,1
y la aplicacion,extremo_funcional,1
y la aplicacion de,extremo_funcional,1
y la autogestion,extremo_funcional,1
y la autogestion a,extremo_funcional,1
y la capacidad,extremo_funcional,2
y la capacidad de,extremo_funcional,2
y la comunicacion,extremo_funcional,1
y la comunidad,extremo_funcional,1
y la cultura,extremo_funcional,1
y la cultura como,extremo_funcional,1
y la efectividad,extremo_funcional,1
y la efectividad de,extremo_funcional,1
y la eficacia,extremo_funcional,1
y la eficacia de,extremo_funcional,1
y la estrategia,extremo_funcional,1
y la estrategia empresarial,extremo_funcional,1
y la etica,extremo_funcional,1
y la etica en,extremo_funcional,1
y la generacion,extremo_funcional,3
y la generacion de,extremo_funcional,3
y la gestion,extremo_funcional,1
y la gestion de,extremo_funcional,1
y la inclusion,extremo_funcional,1
y la inclusion de,extremo_funcional,1
y la ingeniera,extremo_funcional,1
y la ingeniera civil,extremo_funcional,1
y la ingenieria,extremo_funcional,1
y la ingenieria de,extremo_funcional,1
y la innovacion,extremo_funcional,4
y la innovacion en,extremo_funcional,1
y la mejora,extremo_funcional,3
y la mejora continua,extremo_funcional,3
y la normativa,extremo_funcional,1
y la normativa legal,extremo_funcional,1
y la realizacion,extremo_funcional,1
y la realizacion de,extremo_funcional,1
y la reciprocidad,extremo_funcional,1
y la reciprocidad en,extremo_funcional,1
y la red,extremo_funcional,1
y la red de,extremo_funcional,1
y la responsabilidad,extremo_funcional,1
y la responsabilidad social,extremo_funcional,1
y la sociedad,extremo_funcional,2
y la transformacion,extremo_funcional,2
y la transformacion digital,extremo_funcional,2
y las,extremo_funcional,6
y las comunicaciones,extremo_funcional,1
y las estudiantes,extremo_funcional,1
y las personas,extremo_funcional,1
y las plataformas,extremo_funcional,2
y las plataformas de,extremo_funcional,2
y las tituladas,extremo_funcional,1
y las tituladas de,extremo_funcional,1
y legislacion,extremo_funcional,2
y legislacion vigente,extremo_funcional,2
y legislacion vigente a,extremo_funcional,1
y lenguajes,extremo_funcional,1
y lenguajes propios,extremo_funcional,1
y lenguajes propios de,extremo_funcional,1
y lider,extremo_funcional,1
y lider de,extremo_funcional,1
y lider de proyectos,extremo_funcional,1
y liderando,extremo_funcional,1
y liderando proyectos,extremo_funcional,1
y liderando proyectos como,extremo_funcional,1
y liderar,extremo_funcional,3
y liderar equipos,extremo_funcional,1
y liderar equipos de,extremo_funcional,1
y liderar procesos,extremo_funcional,1
y liderar procesos creativos,extremo_funcional,1
y liderar soluciones,extremo_funcional,1
y liderar soluciones digitales,extremo_funcional,1
y liderazgo,extremo_funcional,3
y liderazgo emprendedor,extremo_funcional,1
y liderazgo que,extremo_funcional,1
y liderazgo que le,extremo_funcional,1
y los,extremo_funcional,8
y los clientes,extremo_funcional,1
y los datos,extremo_funcional,1
y los desafios,extremo_funcional,1
y los desafios del,extremo_funcional,1
y los distintos,extremo_funcional,1
y los distintos agentes,extremo_funcional,1
y los estudiantes,extremo_funcional,1
y los estudiantes puedan,extremo_funcional,1
y los objetivos,extremo_funcional,1
y los objetivos de,extremo_funcional,1
y los principios,extremo_funcional,1
y los principios de,extremo_funcional,1
y los titulados,extremo_funcional,1
y los titulados de,extremo_funcional,1
y los usuarios,extremo_funcional,1
y machine,extremo_funcional,1
y machine learning,extremo_funcional,1
y magister,extremo_funcional,1
y magister en,extremo_funcional,1
y magister en inteligencia,extremo_funcional,1
y mantencion,extremo_funcional,2
y mantencion de,extremo_funcional,2
y mantencion de redes,extremo_funcional,1
y mantencion de sistemas,extremo_funcional,1
y mantener,extremo_funcional,3
y mantener sistemas,extremo_funcional,2
y mantener sistemas de,extremo_funcional,1
y mantener sistemas informaticos,extremo_funcional,1
y mantener soluciones,extremo_funcional,1
y mantener soluciones de,extremo_funcional,1
y mantenimiento,extremo_funcional,3
y mantenimiento de,extremo_funcional,3
y mantenimiento de componentes,extremo_funcional,1
y mantenimiento de sistemas,extremo_funcional,1
y mantenimiento de software,extremo_funcional,1
y marcos,extremo_funcional,1
y marcos de,extremo_funcional,1
y marcos de desarrollo,extremo_funcional,1
y marcos de desarrollos,extremo_funcional,1
y masivos,extremo_funcional,1
y medible,extremo_funcional,1
y medioambiental,extremo_funcional,2
y medioambiental de,extremo_funcional,1
y medioambiental de la,extremo_funcional,1
y mejora,extremo_funcional,3
y mejora continua,extremo_funcional,1
y mejora continua en,extremo_funcional,1
y mejora de,extremo_funcional,1
y mejora de procesos,extremo_funcional,1
y mejora el,extremo_funcional,1
y mejora el avance,extremo_funcional,1
y mejorar,extremo_funcional,1
y mejorar su,extremo_funcional,1
y mejorar su eficiencia,extremo_funcional,1
y mejoras,extremo_funcional,1
y mejoras de,extremo_funcional,1
y mejoras de sistemas,extremo_funcional,1
y mejores,extremo_funcional,1
y mejores formas,extremo_funcional,1
y mejores formas de,extremo_funcional,1
y mercado,extremo_funcional,1
y mercado laboral,extremo_funcional,1
y metodologias,extremo_funcional,5
y metodologias adecuadas,extremo_funcional,1
y metodologias adecuadas a,extremo_funcional,1
y metodologias agiles,extremo_funcional,1
y metodologias agiles para,extremo_funcional,1
y metodologias en,extremo_funcional,1
y metodologias en el,extremo_funcional,1
y metodologias pertinentes,extremo_funcional,1
y metodologias que,extremo_funcional,1
y metodologias que promueven,extremo_funcional,1
y metodologica,extremo_funcional,1
y metodologica de,extremo_funcional,1
y metodologica de proyectos,extremo_funcional,1
y modelar,extremo_funcional,1
y modelar sistemas,extremo_funcional,1
y modelar sistemas informaticos,extremo_funcional,1
y modelos,extremo_funcional,2
y modelos operativos,extremo_funcional,2
y monitoreo,extremo_funcional,2
y monitoreo tanto,extremo_funcional,2
y monitoreo tanto de,extremo_funcional,2
y moral,extremo_funcional,1
y motivacion,extremo_funcional,1
y motivacion por,extremo_funcional,1
y motivacion por un,extremo_funcional,1
y multiculturales,extremo_funcional,1
y multidisciplinarios,extremo_funcional,1
y multidisciplinarios respetando,extremo_funcional,1
y multidisciplinarios respetando la,extremo_funcional,1
y naturaleza,extremo_funcional,1
y necesidades,extremo_funcional,1
y necesidades de,extremo_funcional,1
y necesidades de la,extremo_funcional,1
y negociacion,extremo_funcional,1
y no,extremo_funcional,2
y no gubernamentales,extremo_funcional,1
y no relacionales,extremo_funcional,1
y normas,extremo_funcional,1
y normas establecidas,extremo_funcional,1
y notarias,extremo_funcional,1
y nuevas,extremo_funcional,1
y nuevas capacidades,extremo_funcional,1
y opera,extremo_funcional,2
y opera sistemas,extremo_funcional,2
y opera sistemas computacionales,extremo_funcional,1
y opera sistemas de,extremo_funcional,1
y operacion,extremo_funcional,1
y operacion de,extremo_funcional,1
y operacion de sistemas,extremo_funcional,1
y operar,extremo_funcional,6
y operar productos,extremo_funcional,2
y operar proyectos,extremo_funcional,1
y operar proyectos informaticos,extremo_funcional,1
y operar sistemas,extremo_funcional,3
y operar sistemas informaticos,extremo_funcional,2
y optima,extremo_funcional,1
y optimizacion,extremo_funcional,4
y optimizacion de,extremo_funcional,2
y optimizacion de sistemas,extremo_funcional,2
y optimizar,extremo_funcional,1
y optimizar los,extremo_funcional,1
y optimizar los recursos,extremo_funcional,1
y organizacional,extremo_funcional,1
y organizacional mediante,extremo_funcional,1
y organizacional mediante el,extremo_funcional,1
y organizaciones,extremo_funcional,4
y organizaciones de,extremo_funcional,2
y organizaciones de cualquier,extremo_funcional,2
y organizaciones para,extremo_funcional,1
y organizaciones para el,extremo_funcional,1
y organizaciones tecnologicas,extremo_funcional,1
y orientacion,extremo_funcional,1
y orientacion al,extremo_funcional,1
y orientacion al cliente,extremo_funcional,1
y orientado,extremo_funcional,1
y orientado al,extremo_funcional,1
y orientado al servicio,extremo_funcional,1
y otros,extremo_funcional,1
y otros relacionados,extremo_funcional,1
y otros relacionados a,extremo_funcional,1
y participacion,extremo_funcional,1
y participacion en,extremo_funcional,1
y participacion en contextos,extremo_funcional,1
y participando,extremo_funcional,1
y participando activamente,extremo_funcional,1
y participando activamente en,extremo_funcional,1
y pensamiento,extremo_funcional,3
y pensamiento critico,extremo_funcional,3
y permanente,extremo_funcional,1
y permanente consciencia,extremo_funcional,1
y permanente consciencia social,extremo_funcional,1
y perspectivas,extremo_funcional,1
y peru,extremo_funcional,1
y planificar,extremo_funcional,1
y planificar estrategias,extremo_funcional,1
y planificar estrategias para,extremo_funcional,1
y plataformas,extremo_funcional,1
y plataformas digitales,extremo_funcional,1
y plataformas digitales con,extremo_funcional,1
y pone,extremo_funcional,1
y pone a,extremo_funcional,1
y pone a disposicion,extremo_funcional,1
y por,extremo_funcional,2
y por su,extremo_funcional,1
y por su multidisciplinariedad,extremo_funcional,1
y por ultimo,extremo_funcional,1
y por ultimo en,extremo_funcional,1
y posee,extremo_funcional,1
y posee certificaciones,extremo_funcional,1
y posee certificaciones internacionales,extremo_funcional,1
y posgrado,extremo_funcional,1
y posgrado de,extremo_funcional,1
y posgrado de la,extremo_funcional,1
y practico,extremo_funcional,1
y practicos,extremo_funcional,2
y practicos que,extremo_funcional,1
y practicos que le,extremo_funcional,1
y presentacion,extremo_funcional,1
y presentacion de,extremo_funcional,1
y presentacion de estos,extremo_funcional,1
y privacidad,extremo_funcional,1
y privada,extremo_funcional,1
y privadas,extremo_funcional,4
y privadas o,extremo_funcional,1
y privadas o crear,extremo_funcional,1
y privado,extremo_funcional,1
y privados,extremo_funcional,2
y privados de,extremo_funcional,1
y privados de desarrollo,extremo_funcional,1
y proactividad,extremo_funcional,2
y problematicas,extremo_funcional,1
y problematicas de,extremo_funcional,1
y problematicas de empresas,extremo_funcional,1
y procesamiento,extremo_funcional,1
y procesamiento de,extremo_funcional,1
y procesamiento de informacion,extremo_funcional,1
y procesos,extremo_funcional,4
y procesos de,extremo_funcional,1
y procesos de adopcion,extremo_funcional,1
y procesos en,extremo_funcional,1
y procesos en su,extremo_funcional,1
y procesos informaticos,extremo_funcional,1
y procesos informaticos con,extremo_funcional,1
y procesos organizacionales,extremo_funcional,1
y procesos organizacionales para,extremo_funcional,1
y produccion,extremo_funcional,1
y produccion de,extremo_funcional,1
y produccion de sistemas,extremo_funcional,1
y productivo,extremo_funcional,1
y productivo en,extremo_funcional,1
y productivo en la,extremo_funcional,1
y productivo sostenible,extremo_funcional,1
y productos,extremo_funcional,2
y productos basados,extremo_funcional,1
y productos basados en,extremo_funcional,1
y profesional,extremo_funcional,3
y profesionales,extremo_funcional,1
y profesionales obtenidas,extremo_funcional,1
y profesionales obtenidas durante,extremo_funcional,1
y profundizar,extremo_funcional,1
y profundizar sus,extremo_funcional,1
y profundizar sus conocimientos,extremo_vago_declarado,1
y programas,segmento_con_indicios_de_menu,1
y programas agrupaciones,segmento_con_indicios_de_menu,1
y programas agrupaciones estudiantiles,segmento_con_indicios_de_menu,1
y promueve,extremo_funcional,2
y promueve el,extremo_funcional,1
y promueve el trabajo,extremo_funcional,1
y promueve mejoras,extremo_funcional,1
y promueve mejoras continuas,extremo_funcional,1
y propios,extremo_funcional,1
y propios de,extremo_funcional,1
y propios de las,extremo_funcional,1
y proponer,extremo_funcional,1
y proponer procesos,extremo_funcional,1
y proponer procesos de,extremo_funcional,1
y proteccion,extremo_funcional,1
y proteccion de,extremo_funcional,1
y proteccion de datos,extremo_funcional,1
y protocolos,extremo_funcional,1
y protocolos de,extremo_funcional,1
y protocolos de proteccion,extremo_funcional,1
y proyectos,extremo_funcional,2
y proyectos de,extremo_funcional,2
y proyectos de ingenieria,extremo_funcional,1
y proyectos de vinculacion,extremo_funcional,1
y que,extremo_funcional,1
y que valora,extremo_funcional,1
y que valora la,extremo_funcional,1
y realizar,extremo_funcional,1
y realizar analitica,extremo_funcional,1
y realizar analitica de,extremo_funcional,1
y recomendar,extremo_funcional,1
y recomendar evaluacion,extremo_funcional,1
y recomendar evaluacion de,extremo_funcional,1
y reconoce,extremo_funcional,1
y reconoce el,extremo_funcional,1
y reconoce el emprendimiento,extremo_funcional,1
y recuperar,extremo_funcional,1
y recuperar informacion,extremo_funcional,1
y recuperar informacion valiosa,extremo_funcional,1
y recursos,extremo_funcional,2
y recursos computacionales,extremo_funcional,1
y redes,extremo_funcional,2
y redes de,extremo_funcional,1
y redes de comunicaciones,extremo_funcional,1
y reflexion,extremo_funcional,1
y reflexion critica,extremo_funcional,1
y reflexion critica con,extremo_funcional,1
y regulatorios,extremo_funcional,1
y representaciones,extremo_funcional,1
y representaciones formales,extremo_funcional,1
y requerimientos,extremo_funcional,1
y requerimientos de,extremo_funcional,1
y requerimientos de la,extremo_funcional,1
y resguardar,extremo_funcional,1
y resguardar los,extremo_funcional,1
y resguardar los asuntos,extremo_funcional,1
y resguardo,extremo_funcional,1
y resguardo de,extremo_funcional,1
y resguardo de la,extremo_funcional,1
y resolver,extremo_funcional,9
y resolver las,extremo_funcional,1
y resolver las necesidades,extremo_funcional,1
y resolver problemas,extremo_funcional,8
y resolver problemas basandose,extremo_funcional,1
y resolver problemas complejos,extremo_funcional,4
y resolver problemas con,extremo_funcional,1
y resolver problemas de,extremo_funcional,1
y resolver problemas propios,extremo_funcional,1
y resolviendo,extremo_funcional,1
y resolviendo errores,extremo_funcional,1
y resolviendo errores de,extremo_funcional,1
y respeto,extremo_funcional,2
y respeto a,extremo_funcional,1
y respeto a la,extremo_funcional,1
y respeto hacia,extremo_funcional,1
y respeto hacia los,extremo_funcional,1
y respetuosa,extremo_funcional,1
y respetuosa del,extremo_funcional,1
y respetuosa del medio,extremo_funcional,1
y respondiendo,extremo_funcional,1
y respondiendo a,extremo_funcional,1
y respondiendo a incidentes,extremo_funcional,1
y responsabilidad,extremo_funcional,4
y responsabilidad social,extremo_funcional,4
y responsabilidad social empresarial,extremo_funcional,1
y responsables,extremo_funcional,1
y responsables en,extremo_funcional,1
y responsables en satisfacer,extremo_funcional,1
y restricciones,extremo_funcional,1
y restricciones que,extremo_funcional,1
y restricciones que presentan,extremo_funcional,1
y saberes,extremo_funcional,1
y saberes propios,extremo_funcional,1
y saberes propios de,extremo_funcional,1
y se,extremo_funcional,2
y se adapta,extremo_funcional,1
y se adapta a,extremo_funcional,1
y se desarrollan,extremo_funcional,1
y se desarrollan competencias,extremo_funcional,1
y sedes,extremo_funcional,1
y sedes campus,extremo_funcional,1
y sedes campus osorno,extremo_funcional,1
y seguridad,extremo_funcional,7
y seguridad de,extremo_funcional,3
y seguridad de datos,extremo_funcional,1
y seguridad de la,extremo_funcional,2
y seguridad en,extremo_funcional,1
y seguridad en ambientes,extremo_funcional,1
y seguridad informatica,extremo_funcional,1
y servicios,extremo_funcional,4
y servicios de,extremo_funcional,3
y servicios de proyectos,extremo_funcional,1
y servicios de tecnologia,extremo_funcional,1
y servicios de telecomunicaciones,extremo_funcional,1
y servicios tecnologicos,extremo_funcional,2
y servicios tecnologicos sobre,extremo_funcional,1
y siguiendo,extremo_funcional,1
y siguiendo las,extremo_funcional,1
y siguiendo las metodologias,extremo_funcional,1
y sintesis,extremo_funcional,1
y sintesis en,extremo_funcional,1
y sintesis en el,extremo_funcional,1
y sistemas,extremo_funcional,13
y sistemas basados,extremo_funcional,1
y sistemas basados en,extremo_funcional,1
y sistemas de,extremo_funcional,4
y sistemas de comunicacion,extremo_funcional,1
y sistemas de informacion,extremo_funcional,2
y sistemas de ingenieria,extremo_funcional,2
y sistemas digitales,extremo_funcional,1
y sistemas informaticos,extremo_funcional,2
y sistemas informaticos de,extremo_funcional,1
y sistemas inteligentes,extremo_funcional,1
y sistemas inteligentes de,extremo_funcional,1
y sistemas para,extremo_funcional,1
y sistemas para extraer,extremo_funcional,1
y sistemas relacionados,extremo_funcional,1
y sistemas relacionados a,extremo_funcional,1
y sistematicamente,extremo_funcional,1
y sistematicamente sus,extremo_funcional,1
y sistematicamente sus ideas,extremo_funcional,1
y sistemico,extremo_funcional,1
y sistemico en,extremo_funcional,1
y sistemico en el,extremo_funcional,1
y social,extremo_funcional,2
y social del,extremo_funcional,1
y social del pais,extremo_funcional,1
y sociales,extremo_funcional,1
y sociales que,extremo_funcional,1
y sociales que emergen,extremo_funcional,1
y socialmente,extremo_funcional,1
y socialmente responsable,extremo_funcional,1
y software,extremo_funcional,2
y software relativos,extremo_funcional,1
y software relativos al,extremo_funcional,1
y solucionar,extremo_funcional,1
y solucionar problemas,extremo_funcional,1
y solucionar problemas que,extremo_funcional,1
y soluciones,extremo_funcional,5
y soluciones algoritmicas,extremo_funcional,1
y soluciones informaticas,extremo_funcional,1
y soluciones informaticas que,extremo_funcional,1
y soluciones tecnologicas,extremo_funcional,3
y soluciones tecnologicas con,extremo_funcional,1
y soluciones tecnologicas de,extremo_funcional,1
y sostenibilidad,extremo_funcional,1
y sostenibilidad del,extremo_funcional,1
y sostenibilidad del proyecto,extremo_funcional,1
y sostenible,extremo_funcional,3
y sostenibles,extremo_funcional,1
y su,extremo_funcional,2
y su,segmento_con_indicios_de_menu,1
y su disposicion,extremo_funcional,1
y su disposicion hacia,extremo_funcional,1
y su entorno,segmento_con_indicios_de_menu,1
y su entorno agrupaciones,segmento_con_indicios_de_menu,1
y su interaccion,extremo_funcional,1
y su interaccion con,extremo_funcional,1
y sus,extremo_funcional,4
y sus acciones,extremo_funcional,1
y sus estandares,extremo_funcional,1
y sus estandares de,extremo_funcional,1
y sus necesidades,extremo_funcional,1
y sus tres,extremo_funcional,1
y sus tres carreras,identidad_institucional_declarada,1
y sustentabilidad,extremo_funcional,2
y sustentabilidad de,extremo_funcional,1
y sustentabilidad de la,extremo_funcional,1
y sustentable,extremo_funcional,1
y te,extremo_funcional,1
y te llamamos,extremo_funcional,1
y tecnica,extremo_funcional,1
y tecnica que,extremo_funcional,1
y tecnica que posean,extremo_funcional,1
y tecnicas,extremo_funcional,1
y tecnicas especificas,extremo_funcional,1
y tecnicas especificas para,extremo_funcional,1
y tecnologia,extremo_funcional,4
y tecnologia ofrece,extremo_funcional,1
y tecnologia ofrece este,extremo_funcional,1
y tecnologias,extremo_funcional,12
y tecnologias avanzadas,extremo_funcional,1
y tecnologias avanzadas y,extremo_funcional,1
y tecnologias de,extremo_funcional,10
y tecnologias de informacion,extremo_funcional,2
y tecnologias de la,extremo_funcional,8
y tecnologias educativas,extremo_funcional,1
y tecnologias para,extremo_funcional,1
y tecnologias para la,extremo_funcional,1
y tecnologias vigentes,extremo_funcional,1
y tecnologica,extremo_funcional,2
y tecnologica de,extremo_funcional,1
y tecnologica de la,extremo_funcional,1
y tecnologica en,extremo_funcional,1
y tecnologica en ciencias,extremo_funcional,1
y tecnologico,extremo_funcional,1
y tecnologico aplicado,extremo_funcional,1
y tecnologicos,extremo_funcional,2
y tecnologicos desarrollados,extremo_funcional,1
y tecnologicos desarrollados en,extremo_funcional,1
y telecomunicaciones,extremo_funcional,5
y telecomunicaciones de,extremo_funcional,1
y telecomunicaciones de la,extremo_funcional,1
y telecomunicaciones es,extremo_funcional,1
y telecomunicaciones es un,extremo_funcional,1
y tenacidad,extremo_funcional,1
y tenacidad para,extremo_funcional,1
y tenacidad para llevar,extremo_funcional,1
y tic,extremo_funcional,1
y toda,extremo_funcional,1
y toda egresada,extremo_funcional,1
y toda egresada domina,extremo_funcional,1
y tolerante,extremo_funcional,1
y toma,extremo_vago_declarado,2
y toma de,extremo_funcional,2
y toma de decisiones,extremo_funcional,2
y tomando,extremo_funcional,1
y tomando en,extremo_funcional,1
y tomando en consideracion,extremo_funcional,1
y tomar,extremo_funcional,1
y tomar decisiones,extremo_funcional,1
y tomar decisiones informadas,extremo_funcional,1
y trabaja,extremo_funcional,1
y trabaja colaborativamente,extremo_funcional,1
y trabaja colaborativamente para,extremo_funcional,1
y trabajar,extremo_funcional,1
y trabajar en,extremo_funcional,1
y trabajar en equipo,extremo_funcional,1
y trabajo,extremo_funcional,1
y trabajo en,extremo_funcional,1
y trabajo en equipo,extremo_funcional,1
y transferencia,extremo_funcional,2
y transferencia del,extremo_funcional,1
y transferencia del conocimiento,extremo_vago_declarado,1
y transferencia tecnologica,extremo_funcional,1
y transformacion,extremo_funcional,1
y transformacion de,extremo_funcional,1
y transformacion de los,extremo_funcional,1
y transtecnia,extremo_funcional,1
y un,extremo_funcional,3
y un alto,extremo_vago_declarado,2
y un alto compromiso,extremo_funcional,1
y un alto sentido,extremo_funcional,1
y un componente,extremo_funcional,1
y un componente administrativo,extremo_funcional,1
y una,extremo_funcional,3
y una actualizacion,extremo_funcional,1
y una actualizacion permanente,extremo_funcional,1
y una disposicion,extremo_funcional,1
y una disposicion permanente,extremo_funcional,1
y una vision,extremo_funcional,1
y una vision orientada,extremo_funcional,1
y uso,extremo_funcional,3
y uso de,extremo_funcional,3
y uso de herramientas,extremo_funcional,2
y uso de nuevas,extremo_funcional,1
y utiliza,extremo_funcional,1
y utiliza tecnicas,extremo_funcional,1
y utiliza tecnicas computacionales,extremo_funcional,1
y utilizacion,extremo_funcional,1
y utilizacion de,extremo_funcional,1
y utilizacion de sistemas,extremo_funcional,1
y utilizando,extremo_funcional,1
y utilizando metodologias,extremo_funcional,1
y utilizando metodologias y,extremo_funcional,1
y valores,extremo_funcional,1
y valores institucionales,identidad_institucional_declarada,1
y valorica,extremo_funcional,2
y vincularse,extremo_funcional,1
y vincularse con,extremo_funcional,1
y vincularse con la,extremo_funcional,1
ya,stopword_o_unigrama_corto,1
ya sea,extremo_funcional,1
ya sea estructurados,extremo_funcional,1
ya sea estructurados o,extremo_funcional,1
yo,fragmento_corto_no_reconocido,1
yo quiero,fragmento_corto_no_reconocido,1
yo quiero ser,fragmento_corto_no_reconocido,1
yo quiero ser ingeniera,fragmento_corto_no_reconocido,1
yo quiero ser profesor,fragmento_corto_no_reconocido,1
