grado,termino,log2_ratio_prevalencia,documentos_grado,total_documentos_grado,documentos_resto,total_documentos_resto,prevalencia_grado,prevalencia_resto,instituciones_grado,grupos_apoyo_grado,expresion_original
Civil,abarcando,-2.3663222142458156,0,32,2,31,0.0,0.06451612903225806,0,0,abarcando
Civil,abordar,-0.044394119358453395,2,32,2,31,0.0625,0.06451612903225806,2,2,abordar
Civil,abstraccion,-0.044394119358453395,2,32,2,31,0.0625,0.06451612903225806,2,2,abstracción
Civil,academico,0.4410327078117884,3,32,2,31,0.09375,0.06451612903225806,3,3,académico
Civil,acciones,-0.044394119358453395,2,32,2,31,0.0625,0.06451612903225806,2,2,acciones
Civil,acorde,2.762960802699151,3,32,0,31,0.09375,0.0,3,3,acorde
Civil,actitud,-0.8923910259134035,2,32,4,31,0.0625,0.12903225806451613,2,2,actitud
Civil,actitud de liderazgo,-0.044394119358453395,1,32,1,31,0.03125,0.03225806451612903,1,1,actitud de liderazgo
Civil,actitud emprendedora,-0.044394119358453395,1,32,1,31,0.03125,0.03225806451612903,1,1,actitud emprendedora
Civil,activa,-0.7813597135246597,1,32,2,31,0.03125,0.06451612903225806,1,1,activa
Civil,activamente,-0.7813597135246597,1,32,2,31,0.03125,0.06451612903225806,1,1,activamente
Civil,actividades,-0.7813597135246597,1,32,2,31,0.03125,0.06451612903225806,1,1,actividades
Civil,actua,-2.8517490414160576,0,32,3,31,0.0,0.0967741935483871,0,0,actúa
Civil,actualizacion,-0.8923910259134035,2,32,4,31,0.0625,0.12903225806451613,2,2,actualización
Civil,actualizar,-0.044394119358453395,1,32,1,31,0.03125,0.03225806451612903,1,1,actualizar
Civil,actualizarse,-0.044394119358453395,1,32,1,31,0.03125,0.03225806451612903,1,1,actualizarse
Civil,actualizarse permanentemente,-0.044394119358453395,1,32,1,31,0.03125,0.03225806451612903,1,1,actualizarse permanentemente
Civil,actuando,-0.044394119358453395,1,32,1,31,0.03125,0.03225806451612903,1,1,actuando
Civil,actuar,-1.2667865406949013,1,32,3,31,0.03125,0.0967741935483871,1,1,actuar
Civil,adapta,2.277533975528909,2,32,0,31,0.0625,0.0,2,2,adapta
Civil,adaptacion,-2.8517490414160576,0,32,3,31,0.0,0.0967741935483871,0,0,adaptación
Civil,adaptandose,-2.8517490414160576,0,32,3,31,0.0,0.0967741935483871,0,0,adaptándose
Civil,adaptarse,-0.4069641987431617,3,32,4,31,0.09375,0.12903225806451613,3,3,adaptarse
Civil,adaptarse activa,-0.044394119358453395,1,32,1,31,0.03125,0.03225806451612903,1,1,adaptarse activa
Civil,adecuada,-0.7813597135246597,1,32,2,31,0.03125,0.06451612903225806,1,1,adecuada
Civil,adelante,-0.044394119358453395,1,32,1,31,0.03125,0.03225806451612903,1,1,adelante
Civil,ademas,-0.044394119358453395,8,32,8,31,0.25,0.25806451612903225,8,8,además
Civil,ademas de planificar,-0.044394119358453395,1,32,1,31,0.03125,0.03225806451612903,1,1,además de planificar
Civil,adicionalmente,-0.7813597135246597,1,32,2,31,0.03125,0.06451612903225806,1,1,adicionalmente
Civil,administracion,-1.6293566200796095,1,32,4,31,0.03125,0.12903225806451613,1,1,administración
Civil,administrador,-0.044394119358453395,1,32,1,31,0.03125,0.03225806451612903,1,1,administrador
Civil,administrar,-1.6293566200796095,1,32,4,31,0.03125,0.12903225806451613,1,1,administrar
Civil,administrar proyectos,-2.3663222142458156,0,32,2,31,0.0,0.06451612903225806,0,0,administrar proyectos
Civil,admision,-0.044394119358453395,1,32,1,31,0.03125,0.03225806451612903,1,1,admisión
Civil,adopcion,2.277533975528909,2,32,0,31,0.0625,0.0,2,2,adopción
Civil,adquiridos,2.277533975528909,2,32,0,31,0.0625,0.0,2,2,adquiridos
Civil,adquisicion,-0.044394119358453395,1,32,1,31,0.03125,0.03225806451612903,1,1,adquisición
Civil,agil,2.277533975528909,2,32,0,31,0.0625,0.0,2,2,ágil
Civil,agiles,-3.2143191208007655,0,32,4,31,0.0,0.12903225806451613,0,0,ágiles
Civil,alcance,-0.7813597135246597,1,32,2,31,0.03125,0.06451612903225806,1,1,alcance
Civil,algoritmos,2.277533975528909,2,32,0,31,0.0625,0.0,2,2,algoritmos
Civil,alinearlos,2.277533975528909,2,32,0,31,0.0625,0.0,2,2,alinearlos
Civil,altamente,2.277533975528909,2,32,0,31,0.0625,0.0,2,2,altamente
Civil,ambiental,0.3181759600262548,4,32,3,31,0.125,0.0967741935483871,4,4,ambiental
Civil,ambientales,-1.2667865406949013,1,32,3,31,0.03125,0.0967741935483871,1,1,ambientales
Civil,ambiente,0.4410327078117884,3,32,2,31,0.09375,0.06451612903225806,3,3,ambiente
Civil,ambito,-0.4314172424677008,6,32,8,31,0.1875,0.25806451612903225,6,6,ámbito
Civil,ambitos,0.24511249783653138,5,32,4,31,0.15625,0.12903225806451613,5,5,ámbitos
Civil,amplia,-0.044394119358453395,1,32,1,31,0.03125,0.03225806451612903,1,1,amplia
Civil,amplio,0.6925714748077527,2,32,1,31,0.0625,0.03225806451612903,2,2,amplio
Civil,amplio de responsabilidad,-0.044394119358453395,1,32,1,31,0.03125,0.03225806451612903,1,1,amplio de responsabilidad
Civil,amplio de responsabilidad social,-0.044394119358453395,1,32,1,31,0.03125,0.03225806451612903,1,1,amplio de responsabilidad social
Civil,analisis,0.6925714748077527,7,32,4,31,0.21875,0.12903225806451613,7,7,análisis
Civil,analisis de datos,-0.044394119358453395,3,32,3,31,0.09375,0.0967741935483871,3,3,análisis de datos
Civil,analista,1.1779983019779945,3,32,1,31,0.09375,0.03225806451612903,3,3,analista
Civil,analista de sistemas,-0.044394119358453395,1,32,1,31,0.03125,0.03225806451612903,1,1,analista de sistemas
Civil,analitica,-1.1818976431083883,2,32,5,31,0.0625,0.16129032258064516,2,2,analítica
Civil,analitica de datos,-2.3663222142458156,0,32,2,31,0.0,0.06451612903225806,0,0,analítica de datos
Civil,analizar,-0.25084499682587985,6,32,7,31,0.1875,0.22580645161290322,6,6,analizar
Civil,analizar grandes,-0.044394119358453395,1,32,1,31,0.03125,0.03225806451612903,1,1,analizar grandes
Civil,analizar grandes volumenes,-0.044394119358453395,1,32,1,31,0.03125,0.03225806451612903,1,1,analizar grandes volúmenes
Civil,anterior,-0.044394119358453395,1,32,1,31,0.03125,0.03225806451612903,1,1,anterior
Civil,aplica,-1.6293566200796095,1,32,4,31,0.03125,0.12903225806451613,1,1,aplica
Civil,aplicacion,-0.3339007365534385,4,32,5,31,0.125,0.16129032258064516,4,4,aplicación
Civil,aplicaciones,-0.4069641987431617,3,32,4,31,0.09375,0.12903225806451613,3,3,aplicaciones
Civil,aplicada,0.6925714748077527,7,32,4,31,0.21875,0.12903225806451613,7,7,aplicada
Civil,aplicadas,-2.3663222142458156,0,32,2,31,0.0,0.06451612903225806,0,0,aplicadas
Civil,aplicando,-0.9619319591664807,4,32,8,31,0.125,0.25806451612903225,4,4,aplicando
Civil,aplicando criterios,-0.044394119358453395,1,32,1,31,0.03125,0.03225806451612903,1,1,aplicando criterios
Civil,aplicar,0.4030648576127679,7,32,5,31,0.21875,0.16129032258064516,6,7,aplicar
Civil,aplicar principios,-0.044394119358453395,1,32,1,31,0.03125,0.03225806451612903,1,1,aplicar principios
Civil,aporta,-0.044394119358453395,1,32,1,31,0.03125,0.03225806451612903,1,1,aporta
Civil,aportando,0.6925714748077527,2,32,1,31,0.0625,0.03225806451612903,2,2,aportando
Civil,aporte,-0.044394119358453395,1,32,1,31,0.03125,0.03225806451612903,1,1,aporte
Civil,apoyar,-0.8923910259134035,2,32,4,31,0.0625,0.12903225806451613,2,2,apoyar
Civil,aprender,0.4410327078117884,3,32,2,31,0.09375,0.06451612903225806,3,3,aprender
Civil,aprender de forma,-0.044394119358453395,1,32,1,31,0.03125,0.03225806451612903,1,1,aprender de forma
Civil,aprender de forma autonoma,-0.044394119358453395,1,32,1,31,0.03125,0.03225806451612903,1,1,aprender de forma autónoma
Civil,aprendizaje,-0.3854310371935204,7,32,9,31,0.21875,0.2903225806451613,7,7,aprendizaje
Civil,area,-0.7813597135246597,4,32,7,31,0.125,0.22580645161290322,4,4,área
Civil,area de desempeno,-2.3663222142458156,0,32,2,31,0.0,0.06451612903225806,0,0,área de desempeño
Civil,areas,0.5030936759440401,9,32,6,31,0.28125,0.1935483870967742,9,9,áreas
Civil,areas de desarrollo,-0.7813597135246597,1,32,2,31,0.03125,0.06451612903225806,1,1,áreas de desarrollo
Civil,arquitectura,-0.7813597135246597,1,32,2,31,0.03125,0.06451612903225806,1,1,arquitectura
Civil,arquitectura de software,-2.3663222142458156,0,32,2,31,0.0,0.06451612903225806,0,0,arquitectura de software
Civil,arquitecturas,-0.7813597135246597,1,32,2,31,0.03125,0.06451612903225806,1,1,arquitecturas
Civil,arquitecturas ti,-0.044394119358453395,1,32,1,31,0.03125,0.03225806451612903,1,1,arquitecturas ti
Civil,arquitecturas ti junto,-0.044394119358453395,1,32,1,31,0.03125,0.03225806451612903,1,1,arquitecturas ti junto
Civil,artificial,0.5836371032545887,8,32,5,31,0.25,0.16129032258064516,7,8,artificial
Civil,asegurando,-0.7813597135246597,1,32,2,31,0.03125,0.06451612903225806,1,1,asegurando
Civil,asesor,-0.044394119358453395,1,32,1,31,0.03125,0.03225806451612903,1,1,asesor
Civil,asesorias,-2.8517490414160576,0,32,3,31,0.0,0.0967741935483871,0,0,asesorías
Civil,asi,1.1779983019779945,10,32,4,31,0.3125,0.12903225806451613,10,10,así
Civil,asimismo,-1.1818976431083883,2,32,5,31,0.0625,0.16129032258064516,2,2,asimismo
Civil,asociadas,-2.3663222142458156,0,32,2,31,0.0,0.06451612903225806,0,0,asociadas
Civil,asociados,-0.8923910259134035,2,32,4,31,0.0625,0.12903225806451613,2,2,asociados
Civil,aspectos,1.1779983019779945,3,32,1,31,0.09375,0.03225806451612903,3,3,aspectos
Civil,asumir,-0.044394119358453395,1,32,1,31,0.03125,0.03225806451612903,1,1,asumir
Civil,atendiendo,-2.3663222142458156,0,32,2,31,0.0,0.06451612903225806,0,0,atendiendo
Civil,auditoria,-2.3663222142458156,0,32,2,31,0.0,0.06451612903225806,0,0,auditoría
Civil,autoaprendizaje,-3.2143191208007655,0,32,4,31,0.0,0.12903225806451613,0,0,autoaprendizaje
Civil,autogestion,-0.7813597135246597,1,32,2,31,0.03125,0.06451612903225806,1,1,autogestión
Civil,automatico,-0.044394119358453395,1,32,1,31,0.03125,0.03225806451612903,1,1,automático
Civil,automatizacion,0.6925714748077527,2,32,1,31,0.0625,0.03225806451612903,2,2,automatización
Civil,automatizando,-2.3663222142458156,0,32,2,31,0.0,0.06451612903225806,0,0,automatizando
Civil,automatizando procesos,-2.3663222142458156,0,32,2,31,0.0,0.06451612903225806,0,0,automatizando procesos
Civil,autonoma,-0.6964708159381465,3,32,5,31,0.09375,0.16129032258064516,3,3,autónoma
Civil,autonomia,-0.044394119358453395,1,32,1,31,0.03125,0.03225806451612903,1,1,autonomía
Civil,avanzadas,-0.044394119358453395,1,32,1,31,0.03125,0.03225806451612903,1,1,avanzadas
Civil,avanzado,0.6925714748077527,2,32,1,31,0.0625,0.03225806451612903,1,2,avanzado
Civil,avda,-0.044394119358453395,1,32,1,31,0.03125,0.03225806451612903,1,1,avda
Civil,bajo,-0.5298209465286953,2,32,3,31,0.0625,0.0967741935483871,2,2,bajo
Civil,basadas,-0.5298209465286953,2,32,3,31,0.0625,0.0967741935483871,2,2,basadas
Civil,basadas en tecnologias,-0.044394119358453395,1,32,1,31,0.03125,0.03225806451612903,1,1,basadas en tecnologías
Civil,basados,-0.044394119358453395,2,32,2,31,0.0625,0.06451612903225806,2,2,basados
Civil,basados en tecnologias,-0.044394119358453395,1,32,1,31,0.03125,0.03225806451612903,1,1,basados en tecnologías
Civil,base,1.055141554192461,7,32,3,31,0.21875,0.0967741935483871,7,7,base
Civil,base de datos,-0.044394119358453395,1,32,1,31,0.03125,0.03225806451612903,1,1,base de datos
Civil,base tecnologica,-0.044394119358453395,1,32,1,31,0.03125,0.03225806451612903,1,1,base tecnológica
Civil,bases,-1.8099288657214305,2,32,8,31,0.0625,0.25806451612903225,2,2,bases
Civil,bases de datos,-1.6293566200796095,2,32,7,31,0.0625,0.22580645161290322,2,2,bases de datos
Civil,basica,2.277533975528909,2,32,0,31,0.0625,0.0,2,2,básica
Civil,basicas,1.7398771895861096,15,32,4,31,0.46875,0.12903225806451613,15,15,básicas
Civil,bien,-0.4069641987431617,3,32,4,31,0.09375,0.12903225806451613,3,3,bien
Civil,bien comun,-0.044394119358453395,3,32,3,31,0.09375,0.0967741935483871,3,3,bien común
Civil,bienes,2.277533975528909,2,32,0,31,0.0625,0.0,2,2,bienes
Civil,bio,-0.044394119358453395,1,32,1,31,0.03125,0.03225806451612903,1,1,bío
Civil,brindando,-0.044394119358453395,1,32,1,31,0.03125,0.03225806451612903,1,1,brindando
Civil,buen,-2.3663222142458156,0,32,2,31,0.0,0.06451612903225806,0,0,buen
Civil,buen uso,-2.3663222142458156,0,32,2,31,0.0,0.06451612903225806,0,0,buen uso
Civil,buenas practicas,-3.5038257379957507,0,32,5,31,0.0,0.16129032258064516,0,0,buenas prácticas
Civil,buscando,-2.3663222142458156,0,32,2,31,0.0,0.06451612903225806,0,0,buscando
Civil,busqueda,0.6925714748077527,2,32,1,31,0.0625,0.03225806451612903,2,2,búsqueda
Civil,cada,-0.7813597135246597,1,32,2,31,0.03125,0.06451612903225806,1,1,cada
Civil,calidad,-1.0916998341368103,7,32,15,31,0.21875,0.4838709677419355,7,7,calidad
Civil,calidad de software,-2.3663222142458156,0,32,2,31,0.0,0.06451612903225806,0,0,calidad de software
Civil,calidad de vida,2.277533975528909,2,32,0,31,0.0625,0.0,2,2,calidad de vida
Civil,calificados,-0.044394119358453395,1,32,1,31,0.03125,0.03225806451612903,1,1,calificados
Civil,cambio,0.4410327078117884,3,32,2,31,0.09375,0.06451612903225806,3,3,cambio
Civil,cambio tecnologico,2.277533975528909,2,32,0,31,0.0625,0.0,2,2,cambio tecnológico
Civil,cambios,-0.044394119358453395,1,32,1,31,0.03125,0.03225806451612903,1,1,cambios
Civil,campo,-0.04439411935845356,4,32,4,31,0.125,0.12903225806451613,4,4,campo
Civil,campo de desarrollo,-0.044394119358453395,1,32,1,31,0.03125,0.03225806451612903,1,1,campo de desarrollo
Civil,campo de desarrollo profesional,-0.044394119358453395,1,32,1,31,0.03125,0.03225806451612903,1,1,campo de desarrollo profesional
Civil,campo laboral,-2.3663222142458156,0,32,2,31,0.0,0.06451612903225806,0,0,campo laboral
Civil,campo ocupacional,-0.044394119358453395,1,32,1,31,0.03125,0.03225806451612903,1,1,campo ocupacional
Civil,capacidad,-0.5652262826598938,11,32,16,31,0.34375,0.5161290322580645,11,11,capacidad
Civil,capacidad analitica,-0.044394119358453395,2,32,2,31,0.0625,0.06451612903225806,2,2,capacidad analítica
Civil,capacidad de aprendizaje,-2.3663222142458156,0,32,2,31,0.0,0.06451612903225806,0,0,capacidad de aprendizaje
Civil,capacidad de comunicacion,2.277533975528909,2,32,0,31,0.0625,0.0,2,2,capacidad de comunicación
Civil,capacidad de trabajar,-0.5298209465286953,2,32,3,31,0.0625,0.0967741935483871,2,2,capacidad de trabajar
Civil,capacidades,-0.044394119358453395,3,32,3,31,0.09375,0.0967741935483871,3,3,capacidades
Civil,capacitado,-0.9374789154419416,3,32,6,31,0.09375,0.1935483870967742,3,3,capacitado
Civil,capital,-0.044394119358453395,1,32,1,31,0.03125,0.03225806451612903,1,1,capital
Civil,caracteristicas,-0.044394119358453395,2,32,2,31,0.0625,0.06451612903225806,2,2,características
Civil,caracteriza,-0.044394119358453395,2,32,2,31,0.0625,0.06451612903225806,2,2,caracteriza
Civil,caracterizan,-0.044394119358453395,1,32,1,31,0.03125,0.03225806451612903,1,1,caracterizan
Civil,caracterizandose,-0.044394119358453395,1,32,1,31,0.03125,0.03225806451612903,1,1,caracterizándose
Civil,cargos,0.6925714748077527,2,32,1,31,0.0625,0.03225806451612903,2,2,cargos
Civil,centra,2.277533975528909,2,32,0,31,0.0625,0.0,2,2,centra
Civil,centrada,-1.2667865406949013,1,32,3,31,0.03125,0.0967741935483871,1,1,centrada
Civil,centrada en el usuario,-2.3663222142458156,0,32,2,31,0.0,0.06451612903225806,0,0,centrada en el usuario
Civil,centrado,0.6925714748077527,2,32,1,31,0.0625,0.03225806451612903,2,2,centrado
Civil,central,-0.044394119358453395,1,32,1,31,0.03125,0.03225806451612903,1,1,central
Civil,certificacion,2.277533975528909,2,32,0,31,0.0625,0.0,2,2,certificación
Civil,certificaciones,-0.044394119358453395,1,32,1,31,0.03125,0.03225806451612903,1,1,certificaciones
Civil,ciberseguridad,-1.2667865406949013,1,32,3,31,0.03125,0.0967741935483871,1,1,ciberseguridad
Civil,ciclo,-0.5298209465286953,2,32,3,31,0.0625,0.0967741935483871,1,2,ciclo
Civil,ciclo de vida,-0.044394119358453395,2,32,2,31,0.0625,0.06451612903225806,1,2,ciclo de vida
Civil,ciencia,0.8731437204495736,8,32,4,31,0.25,0.12903225806451613,8,8,ciencia
Civil,ciencia de datos,0.4410327078117884,3,32,2,31,0.09375,0.06451612903225806,3,3,ciencia de datos
Civil,ciencia de la computacion,-0.044394119358453395,1,32,1,31,0.03125,0.03225806451612903,1,1,ciencia de la computación
Civil,ciencia de los datos,-0.044394119358453395,1,32,1,31,0.03125,0.03225806451612903,1,1,ciencia de los datos
Civil,ciencias,2.050763113681887,23,32,5,31,0.71875,0.16129032258064516,22,23,ciencias
Civil,ciencias basicas,2.102447268970818,15,32,3,31,0.46875,0.0967741935483871,15,15,ciencias básicas
Civil,ciencias de la computacion,1.1779983019779945,3,32,1,31,0.09375,0.03225806451612903,3,3,ciencias de la computación
Civil,ciencias geologicas,-0.044394119358453395,1,32,1,31,0.03125,0.03225806451612903,1,1,ciencias geológicas
Civil,cientifica,-0.044394119358453395,1,32,1,31,0.03125,0.03225806451612903,1,1,científica
Civil,cientifico,3.1255308820838588,4,32,0,31,0.125,0.0,4,4,científico
Civil,cientificos,-1.2667865406949013,1,32,3,31,0.03125,0.0967741935483871,1,1,científicos
Civil,cisco,-0.044394119358453395,1,32,1,31,0.03125,0.03225806451612903,1,1,cisco
Civil,ciudadania,-0.7813597135246597,1,32,2,31,0.03125,0.06451612903225806,1,1,ciudadanía
Civil,cliente,-2.8517490414160576,0,32,3,31,0.0,0.0967741935483871,0,0,cliente
Civil,clientes,-2.3663222142458156,0,32,2,31,0.0,0.06451612903225806,0,0,clientes
Civil,cloud,-0.044394119358453395,1,32,1,31,0.03125,0.03225806451612903,1,1,cloud
Civil,coherencia,-0.044394119358453395,1,32,1,31,0.03125,0.03225806451612903,1,1,coherencia
Civil,coherente,-2.3663222142458156,0,32,2,31,0.0,0.06451612903225806,0,0,coherente
Civil,colaboracion,-2.3663222142458156,0,32,2,31,0.0,0.06451612903225806,0,0,colaboración
Civil,colaborar,-0.7813597135246597,1,32,2,31,0.03125,0.06451612903225806,1,1,colaborar
Civil,colaborativa,3.1255308820838588,4,32,0,31,0.125,0.0,4,4,colaborativa
Civil,colaborativamente,-0.5298209465286953,2,32,3,31,0.0625,0.0967741935483871,2,2,colaborativamente
Civil,colaborativamente en equipos,-0.044394119358453395,1,32,1,31,0.03125,0.03225806451612903,1,1,colaborativamente en equipos
Civil,colaborativo,-1.2667865406949013,1,32,3,31,0.03125,0.0967741935483871,1,1,colaborativo
Civil,colaborativos,-0.044394119358453395,1,32,1,31,0.03125,0.03225806451612903,1,1,colaborativos
Civil,combinado,2.277533975528909,2,32,0,31,0.0625,0.0,1,2,combinado
Civil,combinado de las tecnologias,2.277533975528909,2,32,0,31,0.0625,0.0,1,2,combinado de las tecnologías
Civil,comercial,-0.044394119358453395,1,32,1,31,0.03125,0.03225806451612903,1,1,comercial
Civil,competencias,0.18693142674800234,13,32,11,31,0.40625,0.3548387096774194,13,13,competencias
Civil,competencias del perfil,-0.044394119358453395,1,32,1,31,0.03125,0.03225806451612903,1,1,competencias del perfil
Civil,competencias genericas,-0.5298209465286953,2,32,3,31,0.0625,0.0967741935483871,2,2,competencias genéricas
Civil,competencias genericas tales,-0.044394119358453395,1,32,1,31,0.03125,0.03225806451612903,1,1,competencias genéricas tales
Civil,competencias para liderar,2.277533975528909,2,32,0,31,0.0625,0.0,2,2,competencias para liderar
Civil,competencias para liderar equipos,2.277533975528909,2,32,0,31,0.0625,0.0,2,2,competencias para liderar equipos
Civil,competencias profesionales,-0.7813597135246597,1,32,2,31,0.03125,0.06451612903225806,1,1,competencias profesionales
Civil,competencias tecnicas,2.277533975528909,2,32,0,31,0.0625,0.0,2,2,competencias técnicas
Civil,competente,-0.7813597135246597,1,32,2,31,0.03125,0.06451612903225806,1,1,competente
Civil,complejidad,-0.044394119358453395,1,32,1,31,0.03125,0.03225806451612903,1,1,complejidad
Civil,complejos,1.6718129146409553,11,32,3,31,0.34375,0.0967741935483871,10,11,complejos
Civil,complejos mediante,2.277533975528909,2,32,0,31,0.0625,0.0,1,2,complejos mediante
Civil,complejos mediante el uso,2.277533975528909,2,32,0,31,0.0625,0.0,1,2,complejos mediante el uso
Civil,complementa,-2.3663222142458156,0,32,2,31,0.0,0.06451612903225806,0,0,complementa
Civil,completar,0.6925714748077527,2,32,1,31,0.0625,0.03225806451612903,2,2,completar
Civil,componente,2.277533975528909,2,32,0,31,0.0625,0.0,2,2,componente
Civil,comportamiento,2.277533975528909,2,32,0,31,0.0625,0.0,2,2,comportamiento
Civil,comportamiento etico,2.277533975528909,2,32,0,31,0.0625,0.0,2,2,comportamiento ético
Civil,comprende,2.277533975528909,2,32,0,31,0.0625,0.0,2,2,comprende
Civil,comprender,-0.044394119358453395,1,32,1,31,0.03125,0.03225806451612903,1,1,comprender
Civil,comprometida,-0.7813597135246597,1,32,2,31,0.03125,0.06451612903225806,1,1,comprometida
Civil,comprometido,-0.044394119358453395,3,32,3,31,0.09375,0.0967741935483871,3,3,comprometido
Civil,compromiso,0.3426290037507937,8,32,6,31,0.25,0.1935483870967742,8,8,compromiso
Civil,compromiso con la calidad,2.277533975528909,2,32,0,31,0.0625,0.0,2,2,compromiso con la calidad
Civil,compromiso etico,-1.6293566200796095,1,32,4,31,0.03125,0.12903225806451613,1,1,compromiso ético
Civil,compromiso social,0.6925714748077527,2,32,1,31,0.0625,0.03225806451612903,2,2,compromiso social
Civil,computacion,0.7261240345187794,14,32,8,31,0.4375,0.25806451612903225,14,14,computación
Civil,computacionales,1.0336083926428197,9,32,4,31,0.28125,0.12903225806451613,9,9,computacionales
Civil,computadores,2.277533975528909,2,32,0,31,0.0625,0.0,2,2,computadores
Civil,computo,-0.044394119358453395,1,32,1,31,0.03125,0.03225806451612903,1,1,cómputo
Civil,comun,0.6076825772212396,5,32,3,31,0.15625,0.0967741935483871,5,5,común
Civil,comunica,-0.7813597135246597,1,32,2,31,0.03125,0.06451612903225806,1,1,comunica
Civil,comunica de manera,-0.044394119358453395,1,32,1,31,0.03125,0.03225806451612903,1,1,comunica de manera
Civil,comunicacion,0.6618746775848364,15,32,9,31,0.46875,0.2903225806451613,15,15,comunicación
Civil,comunicacion efectiva,-0.9374789154419416,3,32,6,31,0.09375,0.1935483870967742,3,3,comunicación efectiva
Civil,comunicaciones,-0.3339007365534385,4,32,5,31,0.125,0.16129032258064516,4,4,comunicaciones
Civil,comunicaciones junto,-0.044394119358453395,1,32,1,31,0.03125,0.03225806451612903,1,1,comunicaciones junto
Civil,comunicar,-2.8517490414160576,0,32,3,31,0.0,0.0967741935483871,0,0,comunicar
Civil,comunicar ideas,-2.3663222142458156,0,32,2,31,0.0,0.06451612903225806,0,0,comunicar ideas
Civil,comunicarse,1.3341175038952762,6,32,2,31,0.1875,0.06451612903225806,6,6,comunicarse
Civil,comunicarse efectivamente,-0.044394119358453395,2,32,2,31,0.0625,0.06451612903225806,2,2,comunicarse efectivamente
Civil,comunicarse efectivamente en forma,-0.044394119358453395,1,32,1,31,0.03125,0.03225806451612903,1,1,comunicarse efectivamente en forma
Civil,comunidad,-2.8517490414160576,0,32,3,31,0.0,0.0967741935483871,0,0,comunidad
Civil,concebir,0.8036027871964965,4,32,2,31,0.125,0.06451612903225806,4,4,concebir
Civil,conceptos,-2.3663222142458156,0,32,2,31,0.0,0.06451612903225806,0,0,conceptos
Civil,concibe,2.277533975528909,2,32,0,31,0.0625,0.0,2,2,concibe
Civil,confidencialidad,-2.3663222142458156,0,32,2,31,0.0,0.06451612903225806,0,0,confidencialidad
Civil,configuracion,-0.044394119358453395,1,32,1,31,0.03125,0.03225806451612903,1,1,configuración
Civil,conforme,-0.044394119358453395,1,32,1,31,0.03125,0.03225806451612903,1,1,conforme
Civil,conjunto,-2.3663222142458156,0,32,2,31,0.0,0.06451612903225806,0,0,conjunto
Civil,conocimiento,0.3181759600262548,4,32,3,31,0.125,0.0967741935483871,4,4,conocimiento
Civil,conocimientos,-0.23080724358933477,14,32,16,31,0.4375,0.5161290322580645,13,14,conocimientos
Civil,consciente,-0.044394119358453395,1,32,1,31,0.03125,0.03225806451612903,1,1,consciente
Civil,considera,-2.3663222142458156,0,32,2,31,0.0,0.06451612903225806,0,0,considera
Civil,consideracion,-2.3663222142458156,0,32,2,31,0.0,0.06451612903225806,0,0,consideración
Civil,consideran,-0.044394119358453395,1,32,1,31,0.03125,0.03225806451612903,1,1,consideran
Civil,consideran las arquitecturas,-0.044394119358453395,1,32,1,31,0.03125,0.03225806451612903,1,1,consideran las arquitecturas
Civil,consideran las arquitecturas ti,-0.044394119358453395,1,32,1,31,0.03125,0.03225806451612903,1,1,consideran las arquitecturas ti
Civil,considerando,-0.04439411935845356,6,32,6,31,0.1875,0.1935483870967742,6,6,considerando
Civil,considerando aspectos,-0.044394119358453395,1,32,1,31,0.03125,0.03225806451612903,1,1,considerando aspectos
Civil,considerando criterios,-0.044394119358453395,1,32,1,31,0.03125,0.03225806451612903,1,1,considerando criterios
Civil,considerando criterios de seguridad,-0.044394119358453395,1,32,1,31,0.03125,0.03225806451612903,1,1,considerando criterios de seguridad
Civil,considerando el impacto,-0.044394119358453395,1,32,1,31,0.03125,0.03225806451612903,1,1,considerando el impacto
Civil,constante,0.3181759600262548,4,32,3,31,0.125,0.0967741935483871,4,4,constante
Civil,constante actualizacion,-0.044394119358453395,1,32,1,31,0.03125,0.03225806451612903,1,1,constante actualización
Civil,constante evolucion,0.6925714748077527,2,32,1,31,0.0625,0.03225806451612903,2,2,constante evolución
Civil,construir,-0.044394119358453395,3,32,3,31,0.09375,0.0967741935483871,3,3,construir
Civil,consultor,0.3181759600262548,4,32,3,31,0.125,0.0967741935483871,4,4,consultor
Civil,consultor empresarial,-0.044394119358453395,1,32,1,31,0.03125,0.03225806451612903,1,1,consultor empresarial
Civil,consultor empresarial de sistemas,-0.044394119358453395,1,32,1,31,0.03125,0.03225806451612903,1,1,consultor empresarial de sistemas
Civil,consultoria,-2.8517490414160576,0,32,3,31,0.0,0.0967741935483871,0,0,consultoría
Civil,contara,-2.3663222142458156,0,32,2,31,0.0,0.06451612903225806,0,0,contará
Civil,contexto,-0.8328900141647417,5,32,9,31,0.15625,0.2903225806451613,5,5,contexto
Civil,contexto global,0.6925714748077527,2,32,1,31,0.0625,0.03225806451612903,2,2,contexto global
Civil,contexto social,-0.044394119358453395,1,32,1,31,0.03125,0.03225806451612903,1,1,contexto social
Civil,contextos,-1.1085244567781691,5,32,11,31,0.15625,0.3548387096774194,5,5,contextos
Civil,contextos organizacionales,0.6925714748077527,2,32,1,31,0.0625,0.03225806451612903,2,2,contextos organizacionales
Civil,continua,-0.9374789154419416,3,32,6,31,0.09375,0.1935483870967742,3,3,continua
Civil,continuar,0.6925714748077527,2,32,1,31,0.0625,0.03225806451612903,2,2,continuar
Civil,continuar estudios,2.277533975528909,2,32,0,31,0.0625,0.0,2,2,continuar estudios
Civil,contribucion,2.277533975528909,2,32,0,31,0.0625,0.0,2,2,contribución
Civil,contribuir,0.3181759600262548,4,32,3,31,0.125,0.0967741935483871,4,4,contribuir
Civil,contribuya,-0.044394119358453395,1,32,1,31,0.03125,0.03225806451612903,1,1,contribuya
Civil,coquimbo,2.277533975528909,2,32,0,31,0.0625,0.0,2,2,coquimbo
Civil,cosas,-0.044394119358453395,1,32,1,31,0.03125,0.03225806451612903,1,1,cosas
Civil,creacion,-0.044394119358453395,2,32,2,31,0.0625,0.06451612903225806,2,2,creación
Civil,crear,-0.4069641987431617,3,32,4,31,0.09375,0.12903225806451613,3,3,crear
Civil,crear valor,-0.044394119358453395,1,32,1,31,0.03125,0.03225806451612903,1,1,crear valor
Civil,creativas,2.277533975528909,2,32,0,31,0.0625,0.0,2,2,creativas
Civil,creatividad,2.277533975528909,2,32,0,31,0.0625,0.0,2,2,creatividad
Civil,criterios,-0.6964708159381465,3,32,5,31,0.09375,0.16129032258064516,3,3,criterios
Civil,criterios de calidad,-2.8517490414160576,0,32,3,31,0.0,0.0967741935483871,0,0,criterios de calidad
Civil,criterios de seguridad,-0.7813597135246597,1,32,2,31,0.03125,0.06451612903225806,1,1,criterios de seguridad
Civil,critico,-0.5749088360572334,4,32,6,31,0.125,0.1935483870967742,4,4,crítico
Civil,cuenta,1.3341175038952762,6,32,2,31,0.1875,0.06451612903225806,6,6,cuenta
Civil,cuerpo,-0.7813597135246597,1,32,2,31,0.03125,0.06451612903225806,1,1,cuerpo
Civil,cuerpo docente,-0.044394119358453395,1,32,1,31,0.03125,0.03225806451612903,1,1,cuerpo docente
Civil,cuidado,-2.3663222142458156,0,32,2,31,0.0,0.06451612903225806,0,0,cuidado
Civil,cultura,-0.5298209465286953,2,32,3,31,0.0625,0.0967741935483871,2,2,cultura
Civil,cultural,2.277533975528909,2,32,0,31,0.0625,0.0,2,2,cultural
Civil,cumpliendo,-0.7813597135246597,1,32,2,31,0.03125,0.06451612903225806,1,1,cumpliendo
Civil,cumplimiento,-0.044394119358453395,2,32,2,31,0.0625,0.06451612903225806,2,2,cumplimiento
Civil,cumplimiento de los objetivos,-0.044394119358453395,1,32,1,31,0.03125,0.03225806451612903,1,1,cumplimiento de los objetivos
Civil,curricular,-0.044394119358453395,1,32,1,31,0.03125,0.03225806451612903,1,1,curricular
Civil,curriculum,-0.044394119358453395,1,32,1,31,0.03125,0.03225806451612903,1,1,curriculum
Civil,cursos,-0.044394119358453395,1,32,1,31,0.03125,0.03225806451612903,1,1,cursos
Civil,dando,-0.044394119358453395,1,32,1,31,0.03125,0.03225806451612903,1,1,dando
Civil,dar,-1.2667865406949013,1,32,3,31,0.03125,0.0967741935483871,1,1,dar
Civil,datos,-0.543965128848965,14,32,20,31,0.4375,0.6451612903225806,14,14,datos
Civil,decisiones,-0.6610654798069477,7,32,11,31,0.21875,0.3548387096774194,7,7,decisiones
Civil,decisiones en las organizaciones,-2.3663222142458156,0,32,2,31,0.0,0.06451612903225806,0,0,decisiones en las organizaciones
Civil,decisiones estrategicas,2.277533975528909,2,32,0,31,0.0625,0.0,2,2,decisiones estratégicas
Civil,definidos,-0.044394119358453395,1,32,1,31,0.03125,0.03225806451612903,1,1,definidos
Civil,demandas,-0.7813597135246597,1,32,2,31,0.03125,0.06451612903225806,1,1,demandas
Civil,demandas del entorno,-0.044394119358453395,1,32,1,31,0.03125,0.03225806451612903,1,1,demandas del entorno
Civil,demas,-2.3663222142458156,0,32,2,31,0.0,0.06451612903225806,0,0,demás
Civil,democraticos,2.277533975528909,2,32,0,31,0.0625,0.0,2,2,democráticos
Civil,demostrando,-3.2143191208007655,0,32,4,31,0.0,0.12903225806451613,0,0,demostrando
Civil,demostrar,-2.8517490414160576,0,32,3,31,0.0,0.0967741935483871,0,0,demostrar
Civil,den,-0.044394119358453395,1,32,1,31,0.03125,0.03225806451612903,1,1,den
Civil,dentro,0.6925714748077527,2,32,1,31,0.0625,0.03225806451612903,2,2,dentro
Civil,departamento,0.6925714748077527,2,32,1,31,0.0625,0.03225806451612903,2,2,departamento
Civil,derechos,-2.3663222142458156,0,32,2,31,0.0,0.06451612903225806,0,0,derechos
Civil,derechos humanos,-2.3663222142458156,0,32,2,31,0.0,0.06451612903225806,0,0,derechos humanos
Civil,desafios,0.24511249783653138,5,32,4,31,0.15625,0.12903225806451613,5,5,desafíos
Civil,desafios tecnologicos,-0.044394119358453395,1,32,1,31,0.03125,0.03225806451612903,1,1,desafíos tecnológicos
Civil,desarrolla,-0.28540221886224837,5,32,6,31,0.15625,0.1935483870967742,4,5,desarrolla
Civil,desarrolla habilidades,2.277533975528909,2,32,0,31,0.0625,0.0,1,2,desarrolla habilidades
Civil,desarrolla habilidades para identificar,2.277533975528909,2,32,0,31,0.0625,0.0,1,2,desarrolla habilidades para identificar
Civil,desarrollados,2.277533975528909,2,32,0,31,0.0625,0.0,2,2,desarrollados
Civil,desarrollan,2.277533975528909,2,32,0,31,0.0625,0.0,2,2,desarrollan
Civil,desarrollando,-0.044394119358453395,1,32,1,31,0.03125,0.03225806451612903,1,1,desarrollando
Civil,desarrollar,-0.8408607252733212,9,32,16,31,0.28125,0.5161290322580645,9,9,desarrollar
Civil,desarrollar iniciativas,-0.044394119358453395,1,32,1,31,0.03125,0.03225806451612903,1,1,desarrollar iniciativas
Civil,desarrollar proyectos,1.5405683813627025,4,32,1,31,0.125,0.03225806451612903,4,4,desarrollar proyectos
Civil,desarrollar proyectos de software,-0.044394119358453395,1,32,1,31,0.03125,0.03225806451612903,1,1,desarrollar proyectos de software
Civil,desarrollar soluciones,-2.1598713367783895,1,32,6,31,0.03125,0.1935483870967742,1,1,desarrollar soluciones
Civil,desarrollar soluciones tecnologicas,-2.3663222142458156,0,32,2,31,0.0,0.06451612903225806,0,0,desarrollar soluciones tecnológicas
Civil,desarrollo,-0.12034297259175222,18,32,19,31,0.5625,0.6129032258064516,18,18,desarrollo
Civil,desarrollo de software,-1.8099288657214305,2,32,8,31,0.0625,0.25806451612903225,2,2,desarrollo de software
Civil,desarrollo de soluciones,-1.2667865406949013,1,32,3,31,0.03125,0.0967741935483871,1,1,desarrollo de soluciones
Civil,desarrollo del pais,-0.044394119358453395,1,32,1,31,0.03125,0.03225806451612903,1,1,desarrollo del país
Civil,desarrollo permanente,-0.044394119358453395,1,32,1,31,0.03125,0.03225806451612903,1,1,desarrollo permanente
Civil,desarrollo profesional,-0.044394119358453395,1,32,1,31,0.03125,0.03225806451612903,1,1,desarrollo profesional
Civil,desarrollo sostenible,1.5405683813627025,4,32,1,31,0.125,0.03225806451612903,4,4,desarrollo sostenible
Civil,desarrollo sustentable,-0.7813597135246597,1,32,2,31,0.03125,0.06451612903225806,1,1,desarrollo sustentable
Civil,desarrollo tecnologico,-0.044394119358453395,1,32,1,31,0.03125,0.03225806451612903,1,1,desarrollo tecnológico
Civil,descripcion,-0.7813597135246597,1,32,2,31,0.03125,0.06451612903225806,1,1,descripción
Civil,desempenar,-0.044394119358453395,1,32,1,31,0.03125,0.03225806451612903,1,1,desempeñar
Civil,desempenarse,0.5030936759440401,9,32,6,31,0.28125,0.1935483870967742,9,9,desempeñarse
Civil,desempenarse en instituciones,-0.044394119358453395,1,32,1,31,0.03125,0.03225806451612903,1,1,desempeñarse en instituciones
Civil,desempenarse en organizaciones,-0.044394119358453395,1,32,1,31,0.03125,0.03225806451612903,1,1,desempeñarse en organizaciones
Civil,desempenarse profesionalmente,-0.044394119358453395,1,32,1,31,0.03125,0.03225806451612903,1,1,desempeñarse profesionalmente
Civil,desempenarse profesionalmente en forma,-0.044394119358453395,1,32,1,31,0.03125,0.03225806451612903,1,1,desempeñarse profesionalmente en forma
Civil,desempeno,-0.7813597135246597,4,32,7,31,0.125,0.22580645161290322,4,4,desempeño
Civil,desempeno laboral,-2.3663222142458156,0,32,2,31,0.0,0.06451612903225806,0,0,desempeño laboral
Civil,desempeno profesional,-0.044394119358453395,1,32,1,31,0.03125,0.03225806451612903,1,1,desempeño profesional
Civil,desplegar,2.277533975528909,2,32,0,31,0.0625,0.0,2,2,desplegar
Civil,destaca,0.6925714748077527,2,32,1,31,0.0625,0.03225806451612903,2,2,destaca
Civil,destrezas,-2.3663222142458156,0,32,2,31,0.0,0.06451612903225806,0,0,destrezas
Civil,diagnosticar,-0.7813597135246597,1,32,2,31,0.03125,0.06451612903225806,1,1,diagnosticar
Civil,dichos,2.277533975528909,2,32,0,31,0.0625,0.0,1,2,dichos
Civil,diferenciador,-0.044394119358453395,1,32,1,31,0.03125,0.03225806451612903,1,1,diferenciador
Civil,diferencias,-0.044394119358453395,1,32,1,31,0.03125,0.03225806451612903,1,1,diferencias
Civil,diferentes,-0.5298209465286953,2,32,3,31,0.0625,0.0967741935483871,2,2,diferentes
Civil,diferentes contextos,-0.044394119358453395,1,32,1,31,0.03125,0.03225806451612903,1,1,diferentes contextos
Civil,digital,-0.7813597135246597,4,32,7,31,0.125,0.22580645161290322,4,4,digital
Civil,digitales,-0.5749088360572334,4,32,6,31,0.125,0.1935483870967742,4,4,digitales
Civil,dinamicos,-0.044394119358453395,1,32,1,31,0.03125,0.03225806451612903,1,1,dinámicos
Civil,direccion,-2.3663222142458156,0,32,2,31,0.0,0.06451612903225806,0,0,dirección
Civil,director,-0.044394119358453395,1,32,1,31,0.03125,0.03225806451612903,1,1,director
Civil,director de proyectos,-0.044394119358453395,1,32,1,31,0.03125,0.03225806451612903,1,1,director de proyectos
Civil,disciplina,1.5405683813627027,7,32,2,31,0.21875,0.06451612903225806,7,7,disciplina
Civil,disciplinar,0.4410327078117884,3,32,2,31,0.09375,0.06451612903225806,3,3,disciplinar
Civil,disciplinares,-3.2143191208007655,0,32,4,31,0.0,0.12903225806451613,0,0,disciplinares
Civil,disena,0.8036027871964965,4,32,2,31,0.125,0.06451612903225806,4,4,diseña
Civil,disena soluciones,2.277533975528909,2,32,0,31,0.0625,0.0,2,2,diseña soluciones
Civil,disenan,2.277533975528909,2,32,0,31,0.0625,0.0,2,2,diseñan
Civil,disenar,-0.16468835307616514,11,32,12,31,0.34375,0.3870967741935484,11,11,diseñar
Civil,disenar sistemas,-0.044394119358453395,1,32,1,31,0.03125,0.03225806451612903,1,1,diseñar sistemas
Civil,diseno,0.1160705528347929,9,32,8,31,0.28125,0.25806451612903225,8,9,diseño
Civil,disponibles,2.277533975528909,2,32,0,31,0.0625,0.0,2,2,disponibles
Civil,disposicion,0.6925714748077527,2,32,1,31,0.0625,0.03225806451612903,2,2,disposición
Civil,dispositivos,-2.3663222142458156,0,32,2,31,0.0,0.06451612903225806,0,0,dispositivos
Civil,distingue,-0.7813597135246597,1,32,2,31,0.03125,0.06451612903225806,1,1,distingue
Civil,distintas areas,-0.044394119358453395,1,32,1,31,0.03125,0.03225806451612903,1,1,distintas áreas
Civil,distintas organizaciones,-2.3663222142458156,0,32,2,31,0.0,0.06451612903225806,0,0,distintas organizaciones
Civil,distintivo,-0.7813597135246597,1,32,2,31,0.03125,0.06451612903225806,1,1,distintivo
Civil,docente,-0.7813597135246597,1,32,2,31,0.03125,0.06451612903225806,1,1,docente
Civil,domina,2.277533975528909,2,32,0,31,0.0625,0.0,2,2,domina
Civil,dominio,2.277533975528909,2,32,0,31,0.0625,0.0,2,2,dominio
Civil,duoc,-2.3663222142458156,0,32,2,31,0.0,0.06451612903225806,0,0,duoc
Civil,duracion,1.1779983019779945,3,32,1,31,0.09375,0.03225806451612903,2,3,duración
Civil,economico,0.8036027871964965,4,32,2,31,0.125,0.06451612903225806,4,4,económico
Civil,economicos,-0.044394119358453395,2,32,2,31,0.0625,0.06451612903225806,2,2,económicos
Civil,educacion,-3.2143191208007655,0,32,4,31,0.0,0.12903225806451613,0,0,educación
Civil,efectiva,-0.25084499682587985,6,32,7,31,0.1875,0.22580645161290322,6,6,efectiva
Civil,efectivamente,-0.5298209465286953,2,32,3,31,0.0625,0.0967741935483871,2,2,efectivamente
Civil,efectivamente en forma,-0.044394119358453395,1,32,1,31,0.03125,0.03225806451612903,1,1,efectivamente en forma
Civil,efectivamente en forma oral,-0.044394119358453395,1,32,1,31,0.03125,0.03225806451612903,1,1,efectivamente en forma oral
Civil,efectivas,-2.3663222142458156,0,32,2,31,0.0,0.06451612903225806,0,0,efectivas
Civil,eficacia,2.277533975528909,2,32,0,31,0.0625,0.0,2,2,eficacia
Civil,eficiencia,-0.22496636500027437,7,32,8,31,0.21875,0.25806451612903225,7,7,eficiencia
Civil,eficiencia operativa,-2.3663222142458156,0,32,2,31,0.0,0.06451612903225806,0,0,eficiencia operativa
Civil,eficientes,-0.6964708159381465,3,32,5,31,0.09375,0.16129032258064516,3,3,eficientes
Civil,eficientes de software,-0.044394119358453395,1,32,1,31,0.03125,0.03225806451612903,1,1,eficientes de software
Civil,egresan,-0.044394119358453395,1,32,1,31,0.03125,0.03225806451612903,1,1,egresan
Civil,egreso,-0.7362718239961215,6,32,10,31,0.1875,0.3225806451612903,6,6,egreso
Civil,egreso competencias,-2.3663222142458156,0,32,2,31,0.0,0.06451612903225806,0,0,egreso competencias
Civil,ejecutar,-1.2667865406949013,1,32,3,31,0.03125,0.0967741935483871,1,1,ejecutar
Civil,ejecutar proyectos,-0.7813597135246597,1,32,2,31,0.03125,0.06451612903225806,1,1,ejecutar proyectos
Civil,ejecutivos,0.6925714748077527,2,32,1,31,0.0625,0.03225806451612903,2,2,ejecutivos
Civil,ejercicio,-1.6293566200796095,1,32,4,31,0.03125,0.12903225806451613,1,1,ejercicio
Civil,ejercicio profesional,-0.7813597135246597,1,32,2,31,0.03125,0.06451612903225806,1,1,ejercicio profesional
Civil,elementos,-2.3663222142458156,0,32,2,31,0.0,0.06451612903225806,0,0,elementos
Civil,ello,-0.8923910259134035,2,32,4,31,0.0625,0.12903225806451613,2,2,ello
Civil,emergentes,-0.04439411935845356,4,32,4,31,0.125,0.12903225806451613,4,4,emergentes
Civil,empleabilidad,-0.044394119358453395,1,32,1,31,0.03125,0.03225806451612903,1,1,empleabilidad
Civil,emprendedor,0.6925714748077527,2,32,1,31,0.0625,0.03225806451612903,2,2,emprendedor
Civil,emprendedora,0.4410327078117884,3,32,2,31,0.09375,0.06451612903225806,3,3,emprendedora
Civil,emprender,1.5405683813627025,4,32,1,31,0.125,0.03225806451612903,4,4,emprender
Civil,emprendimiento,0.6925714748077527,7,32,4,31,0.21875,0.12903225806451613,7,7,emprendimiento
Civil,emprendimientos,-0.044394119358453395,3,32,3,31,0.09375,0.0967741935483871,3,3,emprendimientos
Civil,emprendimientos basados,-0.044394119358453395,1,32,1,31,0.03125,0.03225806451612903,1,1,emprendimientos basados
Civil,empresa,0.6925714748077527,2,32,1,31,0.0625,0.03225806451612903,2,2,empresa
Civil,empresarial,-0.5298209465286953,2,32,3,31,0.0625,0.0967741935483871,2,2,empresarial
Civil,empresarial de sistemas,-0.044394119358453395,1,32,1,31,0.03125,0.03225806451612903,1,1,empresarial de sistemas
Civil,empresariales,-2.3663222142458156,0,32,2,31,0.0,0.06451612903225806,0,0,empresariales
Civil,empresas,0.6925714748077527,7,32,4,31,0.21875,0.12903225806451613,7,7,empresas
Civil,encuentra,-2.8517490414160576,0,32,3,31,0.0,0.0967741935483871,0,0,encuentra
Civil,encuentran,-0.7813597135246597,1,32,2,31,0.03125,0.06451612903225806,1,1,encuentran
Civil,enfasis,-0.044394119358453395,2,32,2,31,0.0625,0.06451612903225806,2,2,énfasis
Civil,enfasis en la eficiencia,-0.044394119358453395,1,32,1,31,0.03125,0.03225806451612903,1,1,énfasis en la eficiencia
Civil,enfocado,-2.3663222142458156,0,32,2,31,0.0,0.06451612903225806,0,0,enfocado
Civil,enfoque,-0.04439411935845356,5,32,5,31,0.15625,0.16129032258064516,5,5,enfoque
Civil,enfrentar,-0.044394119358453395,1,32,1,31,0.03125,0.03225806451612903,1,1,enfrentar
Civil,enfrentarse,-0.044394119358453395,1,32,1,31,0.03125,0.03225806451612903,1,1,enfrentarse
Civil,enlaces,-0.044394119358453395,1,32,1,31,0.03125,0.03225806451612903,1,1,enlaces
Civil,entorno,-1.1439297929093677,3,32,7,31,0.09375,0.22580645161290322,3,3,entorno
Civil,entornos,0.4410327078117884,3,32,2,31,0.09375,0.06451612903225806,3,3,entornos
Civil,entregando,-2.3663222142458156,0,32,2,31,0.0,0.06451612903225806,0,0,entregando
Civil,entregar,-0.7813597135246597,1,32,2,31,0.03125,0.06451612903225806,1,1,entregar
Civil,entregar soluciones,-2.3663222142458156,0,32,2,31,0.0,0.06451612903225806,0,0,entregar soluciones
Civil,entrenamiento,-0.044394119358453395,1,32,1,31,0.03125,0.03225806451612903,1,1,entrenamiento
Civil,equipo,-0.04439411935845356,4,32,4,31,0.125,0.12903225806451613,4,4,equipo
Civil,equipos,-0.2996511746005279,15,32,18,31,0.46875,0.5806451612903226,15,15,equipos
Civil,equipos de desarrollo,-0.044394119358453395,1,32,1,31,0.03125,0.03225806451612903,1,1,equipos de desarrollo
Civil,equipos de trabajo,-0.4918530963296749,5,32,7,31,0.15625,0.22580645161290322,5,5,equipos de trabajo
Civil,equipos de trabajo interdisciplinarios,-0.7813597135246597,1,32,2,31,0.03125,0.06451612903225806,1,1,equipos de trabajo interdisciplinarios
Civil,equipos de trabajo multidisciplinarios,-0.044394119358453395,2,32,2,31,0.0625,0.06451612903225806,2,2,equipos de trabajo multidisciplinarios
Civil,equipos multi,-0.044394119358453395,1,32,1,31,0.03125,0.03225806451612903,1,1,equipos multi
Civil,equipos multidisciplinarios,-0.22496636500027437,7,32,8,31,0.21875,0.25806451612903225,7,7,equipos multidisciplinarios
Civil,equitativa,-2.3663222142458156,0,32,2,31,0.0,0.06451612903225806,0,0,equitativa
Civil,escenarios,-2.8517490414160576,0,32,3,31,0.0,0.0967741935483871,0,0,escenarios
Civil,escrita,-1.6293566200796095,1,32,4,31,0.03125,0.12903225806451613,1,1,escrita
Civil,escuela,0.6925714748077527,2,32,1,31,0.0625,0.03225806451612903,2,2,escuela
Civil,espanol,0.6925714748077527,2,32,1,31,0.0625,0.03225806451612903,2,2,español
Civil,especialidad,-0.8923910259134035,2,32,4,31,0.0625,0.12903225806451613,2,2,especialidad
Civil,especializacion,-1.2667865406949013,1,32,3,31,0.03125,0.0967741935483871,1,1,especialización
Civil,especializados,-0.7813597135246597,1,32,2,31,0.03125,0.06451612903225806,1,1,especializados
Civil,especificas,-0.7813597135246597,1,32,2,31,0.03125,0.06451612903225806,1,1,específicas
Civil,espiritu,-1.2667865406949013,1,32,3,31,0.03125,0.0967741935483871,1,1,espíritu
Civil,espiritu critico,-0.044394119358453395,1,32,1,31,0.03125,0.03225806451612903,1,1,espíritu crítico
Civil,establecer,-0.044394119358453395,1,32,1,31,0.03125,0.03225806451612903,1,1,establecer
Civil,establecidos,-2.8517490414160576,0,32,3,31,0.0,0.0967741935483871,0,0,establecidos
Civil,estan,2.277533975528909,2,32,0,31,0.0625,0.0,2,2,están
Civil,estandares,-2.1147834472498515,2,32,10,31,0.0625,0.3225806451612903,2,2,estándares
Civil,estandares de calidad,-1.9188632372745944,1,32,5,31,0.03125,0.16129032258064516,1,1,estándares de calidad
Civil,estar,-0.044394119358453395,1,32,1,31,0.03125,0.03225806451612903,1,1,estar
Civil,estar en constante,-0.044394119358453395,1,32,1,31,0.03125,0.03225806451612903,1,1,estar en constante
Civil,estar en constante actualizacion,-0.044394119358453395,1,32,1,31,0.03125,0.03225806451612903,1,1,estar en constante actualización
Civil,estara,-0.044394119358453395,1,32,1,31,0.03125,0.03225806451612903,1,1,estará
Civil,estara capacitado,-0.044394119358453395,1,32,1,31,0.03125,0.03225806451612903,1,1,estará capacitado
Civil,estrategia,-0.044394119358453395,2,32,2,31,0.0625,0.06451612903225806,2,2,estrategia
Civil,estrategia de la organizacion,2.277533975528909,2,32,0,31,0.0625,0.0,2,2,estrategia de la organización
Civil,estrategias,-0.5298209465286953,2,32,3,31,0.0625,0.0967741935483871,2,2,estrategias
Civil,estrategica,-2.3663222142458156,0,32,2,31,0.0,0.06451612903225806,0,0,estratégica
Civil,estrategicas,1.1779983019779945,3,32,1,31,0.09375,0.03225806451612903,3,3,estratégicas
Civil,estrategico,1.1779983019779945,3,32,1,31,0.09375,0.03225806451612903,3,3,estratégico
Civil,estrategicos,-0.044394119358453395,1,32,1,31,0.03125,0.03225806451612903,1,1,estratégicos
Civil,estudiantes,2.277533975528909,2,32,0,31,0.0625,0.0,2,2,estudiantes
Civil,estudio,0.6925714748077527,2,32,1,31,0.0625,0.03225806451612903,2,2,estudio
Civil,etapas,2.277533975528909,2,32,0,31,0.0625,0.0,1,2,etapas
Civil,etapas del ciclo,2.277533975528909,2,32,0,31,0.0625,0.0,1,2,etapas del ciclo
Civil,etica,0.3917049954482201,11,32,8,31,0.34375,0.25806451612903225,11,11,ética
Civil,etica profesional,-0.044394119358453395,1,32,1,31,0.03125,0.03225806451612903,1,1,ética profesional
Civil,etico,0.4030648576127679,7,32,5,31,0.21875,0.16129032258064516,7,7,ético
Civil,eticos,-0.3339007365534385,4,32,5,31,0.125,0.16129032258064516,4,4,éticos
Civil,evalua,0.6925714748077527,2,32,1,31,0.0625,0.03225806451612903,2,2,evalúa
Civil,evaluacion,1.3341175038952762,6,32,2,31,0.1875,0.06451612903225806,6,6,evaluación
Civil,evaluacion de proyectos,-0.044394119358453395,1,32,1,31,0.03125,0.03225806451612903,1,1,evaluación de proyectos
Civil,evaluacion de soluciones,2.277533975528909,2,32,0,31,0.0625,0.0,2,2,evaluación de soluciones
Civil,evaluando,-1.2667865406949013,1,32,3,31,0.03125,0.0967741935483871,1,1,evaluando
Civil,evaluar,-0.28540221886224837,5,32,6,31,0.15625,0.1935483870967742,5,5,evaluar
Civil,evaluar proyectos,-0.044394119358453395,1,32,1,31,0.03125,0.03225806451612903,1,1,evaluar proyectos
Civil,evidencian,-2.3663222142458156,0,32,2,31,0.0,0.06451612903225806,0,0,evidencian
Civil,evidenciando,-0.044394119358453395,1,32,1,31,0.03125,0.03225806451612903,1,1,evidenciando
Civil,evolucion,-0.3339007365534385,4,32,5,31,0.125,0.16129032258064516,4,4,evolución
Civil,excelencia,1.1779983019779945,3,32,1,31,0.09375,0.03225806451612903,3,3,excelencia
Civil,exigencias,-0.044394119358453395,1,32,1,31,0.03125,0.03225806451612903,1,1,exigencias
Civil,experiencia,0.6925714748077527,2,32,1,31,0.0625,0.03225806451612903,2,2,experiencia
Civil,experiencial,2.277533975528909,2,32,0,31,0.0625,0.0,1,2,experiencial
Civil,extraer,1.5405683813627025,4,32,1,31,0.125,0.03225806451612903,4,4,extraer
Civil,facilitar,-2.3663222142458156,0,32,2,31,0.0,0.06451612903225806,0,0,facilitar
Civil,facultad,1.1779983019779945,3,32,1,31,0.09375,0.03225806451612903,3,3,facultad
Civil,federico,-0.044394119358453395,1,32,1,31,0.03125,0.03225806451612903,1,1,federico
Civil,federico santa,-0.044394119358453395,1,32,1,31,0.03125,0.03225806451612903,1,1,federico santa
Civil,federico santa maria,-0.044394119358453395,1,32,1,31,0.03125,0.03225806451612903,1,1,federico santa maría
Civil,fin,-0.4069641987431617,3,32,4,31,0.09375,0.12903225806451613,3,3,fin
Civil,finalidad,-0.044394119358453395,1,32,1,31,0.03125,0.03225806451612903,1,1,finalidad
Civil,financieros,-0.044394119358453395,1,32,1,31,0.03125,0.03225806451612903,1,1,financieros
Civil,fisica,-0.044394119358453395,1,32,1,31,0.03125,0.03225806451612903,1,1,física
Civil,flexiblemente,-0.044394119358453395,1,32,1,31,0.03125,0.03225806451612903,1,1,flexiblemente
Civil,fomentando,-0.044394119358453395,1,32,1,31,0.03125,0.03225806451612903,1,1,fomentando
Civil,forma,0.07590011435925846,12,32,11,31,0.375,0.3548387096774194,12,12,forma
Civil,forma autonoma,-0.7813597135246597,1,32,2,31,0.03125,0.06451612903225806,1,1,forma autónoma
Civil,forma colaborativa,2.762960802699151,3,32,0,31,0.09375,0.0,3,3,forma colaborativa
Civil,forma efectiva,-0.044394119358453395,1,32,1,31,0.03125,0.03225806451612903,1,1,forma efectiva
Civil,forma etica,0.6925714748077527,2,32,1,31,0.0625,0.03225806451612903,2,2,forma ética
Civil,forma independiente,0.6925714748077527,2,32,1,31,0.0625,0.03225806451612903,2,2,forma independiente
Civil,forma oral,-1.2667865406949013,1,32,3,31,0.03125,0.0967741935483871,1,1,forma oral
Civil,forma profesionales,-2.3663222142458156,0,32,2,31,0.0,0.06451612903225806,0,0,forma profesionales
Civil,formacion,0.6693016954849056,20,32,12,31,0.625,0.3870967741935484,20,20,formación
Civil,formacion centrada,-0.044394119358453395,1,32,1,31,0.03125,0.03225806451612903,1,1,formación centrada
Civil,formacion de profesionales,2.277533975528909,2,32,0,31,0.0625,0.0,2,2,formación de profesionales
Civil,formacion en ciencias,2.0710830980614823,6,32,1,31,0.1875,0.03225806451612903,6,6,formación en ciencias
Civil,formacion en ciencias basicas,1.8300749985576876,5,32,1,31,0.15625,0.03225806451612903,5,5,formación en ciencias básicas
Civil,formacion etica,2.277533975528909,2,32,0,31,0.0625,0.0,2,2,formación ética
Civil,formacion implica,-0.044394119358453395,1,32,1,31,0.03125,0.03225806451612903,1,1,formación implica
Civil,formacion implica la adquisicion,-0.044394119358453395,1,32,1,31,0.03125,0.03225806451612903,1,1,formación implica la adquisición
Civil,formacion integral,1.1779983019779945,3,32,1,31,0.09375,0.03225806451612903,3,3,formación integral
Civil,formacion profesional,2.762960802699151,3,32,0,31,0.09375,0.0,3,3,formación profesional
Civil,formada,2.277533975528909,2,32,0,31,0.0625,0.0,2,2,formada
Civil,formado,-0.044394119358453395,1,32,1,31,0.03125,0.03225806451612903,1,1,formado
Civil,formando,-0.044394119358453395,1,32,1,31,0.03125,0.03225806451612903,1,1,formando
Civil,formar,0.8036027871964965,4,32,2,31,0.125,0.06451612903225806,4,4,formar
Civil,formas,-2.3663222142458156,0,32,2,31,0.0,0.06451612903225806,0,0,formas
Civil,formativa,0.6925714748077527,2,32,1,31,0.0625,0.03225806451612903,2,2,formativa
Civil,formativo,1.1779983019779945,3,32,1,31,0.09375,0.03225806451612903,2,3,formativo
Civil,formulacion,0.6925714748077527,2,32,1,31,0.0625,0.03225806451612903,2,2,formulación
Civil,formulacion de proyectos,-0.044394119358453395,1,32,1,31,0.03125,0.03225806451612903,1,1,formulación de proyectos
Civil,formular,-0.5298209465286953,2,32,3,31,0.0625,0.0967741935483871,2,2,formular
Civil,frontera,-0.044394119358453395,1,32,1,31,0.03125,0.03225806451612903,1,1,frontera
Civil,fuentes,-2.3663222142458156,0,32,2,31,0.0,0.06451612903225806,0,0,fuentes
Civil,fuerte,2.277533975528909,2,32,0,31,0.0625,0.0,2,2,fuerte
Civil,funcion,-2.8517490414160576,0,32,3,31,0.0,0.0967741935483871,0,0,función
Civil,funcionamiento,-0.044394119358453395,1,32,1,31,0.03125,0.03225806451612903,1,1,funcionamiento
Civil,funciones,-0.7813597135246597,1,32,2,31,0.03125,0.06451612903225806,1,1,funciones
Civil,fundamental,-0.7813597135246597,1,32,2,31,0.03125,0.06451612903225806,1,1,fundamental
Civil,fundamentales,2.277533975528909,2,32,0,31,0.0625,0.0,2,2,fundamentales
Civil,fundamentos,3.656045598782639,6,32,0,31,0.1875,0.0,6,6,fundamentos
Civil,fundamentos de la computacion,2.277533975528909,2,32,0,31,0.0625,0.0,2,2,fundamentos de la computación
Civil,futuro,-0.044394119358453395,1,32,1,31,0.03125,0.03225806451612903,1,1,futuro
Civil,gabriela,-2.3663222142458156,0,32,2,31,0.0,0.06451612903225806,0,0,gabriela
Civil,gabriela mistral,-2.3663222142458156,0,32,2,31,0.0,0.06451612903225806,0,0,gabriela mistral
Civil,garantizar,-2.3663222142458156,0,32,2,31,0.0,0.06451612903225806,0,0,garantizar
Civil,generacion,-0.4069641987431617,3,32,4,31,0.09375,0.12903225806451613,3,3,generación
Civil,generacion de emprendimientos,-0.7813597135246597,1,32,2,31,0.03125,0.06451612903225806,1,1,generación de emprendimientos
Civil,generacion de emprendimientos basados,-0.044394119358453395,1,32,1,31,0.03125,0.03225806451612903,1,1,generación de emprendimientos basados
Civil,general,2.762960802699151,3,32,0,31,0.09375,0.0,3,3,general
Civil,generando valor,-0.044394119358453395,1,32,1,31,0.03125,0.03225806451612903,1,1,generando valor
Civil,generar soluciones,-0.8923910259134035,2,32,4,31,0.0625,0.12903225806451613,2,2,generar soluciones
Civil,generar soluciones innovadoras,-0.7813597135246597,1,32,2,31,0.03125,0.06451612903225806,1,1,generar soluciones innovadoras
Civil,generar valor,-2.3663222142458156,0,32,2,31,0.0,0.06451612903225806,0,0,generar valor
Civil,genericas,-0.5298209465286953,2,32,3,31,0.0625,0.0967741935483871,2,2,genéricas
Civil,genericas tales,-0.044394119358453395,1,32,1,31,0.03125,0.03225806451612903,1,1,genéricas tales
Civil,genero,-2.3663222142458156,0,32,2,31,0.0,0.06451612903225806,0,0,género
Civil,geologicas,-0.044394119358453395,1,32,1,31,0.03125,0.03225806451612903,1,1,geológicas
Civil,gerencial,2.277533975528909,2,32,0,31,0.0625,0.0,2,2,gerencial
Civil,gestion,-0.044394119358453395,13,32,13,31,0.40625,0.41935483870967744,12,13,gestión
Civil,gestion de datos,-0.044394119358453395,1,32,1,31,0.03125,0.03225806451612903,1,1,gestión de datos
Civil,gestion de la informacion,0.6925714748077527,2,32,1,31,0.0625,0.03225806451612903,2,2,gestión de la información
Civil,gestion de proyectos,-0.3339007365534385,4,32,5,31,0.125,0.16129032258064516,3,4,gestión de proyectos
Civil,gestion de proyectos tecnologicos,-2.8517490414160576,0,32,3,31,0.0,0.0967741935483871,0,0,gestión de proyectos tecnológicos
Civil,gestion organizacional,-0.044394119358453395,1,32,1,31,0.03125,0.03225806451612903,1,1,gestión organizacional
Civil,gestiona,-1.6293566200796095,1,32,4,31,0.03125,0.12903225806451613,1,1,gestiona
Civil,gestiona recursos,-0.044394119358453395,1,32,1,31,0.03125,0.03225806451612903,1,1,gestiona recursos
Civil,gestionar,0.3181759600262548,13,32,10,31,0.40625,0.3225806451612903,13,13,gestionar
Civil,gestionar proyectos,-1.1439297929093677,3,32,7,31,0.09375,0.22580645161290322,3,3,gestionar proyectos
Civil,gestionar proyectos de tecnologias,-2.3663222142458156,0,32,2,31,0.0,0.06451612903225806,0,0,gestionar proyectos de tecnologías
Civil,gestionar soluciones,-0.7813597135246597,1,32,2,31,0.03125,0.06451612903225806,1,1,gestionar soluciones
Civil,gestionar soluciones tecnologicas,-0.044394119358453395,1,32,1,31,0.03125,0.03225806451612903,1,1,gestionar soluciones tecnológicas
Civil,gestionar tecnologias,-0.044394119358453395,1,32,1,31,0.03125,0.03225806451612903,1,1,gestionar tecnologías
Civil,global,0.24511249783653138,5,32,4,31,0.15625,0.12903225806451613,5,5,global
Civil,globalizado,-0.044394119358453395,1,32,1,31,0.03125,0.03225806451612903,1,1,globalizado
Civil,globalizados,-2.3663222142458156,0,32,2,31,0.0,0.06451612903225806,0,0,globalizados
Civil,gobierno,-2.3663222142458156,0,32,2,31,0.0,0.06451612903225806,0,0,gobierno
Civil,gonzalo,-0.044394119358453395,1,32,1,31,0.03125,0.03225806451612903,1,1,gonzalo
Civil,grado,2.277533975528909,2,32,0,31,0.0625,0.0,2,2,grado
Civil,grandes,1.1779983019779945,3,32,1,31,0.09375,0.03225806451612903,3,3,grandes
Civil,grandes volumenes,1.1779983019779945,3,32,1,31,0.09375,0.03225806451612903,3,3,grandes volúmenes
Civil,grandes volumenes de datos,0.6925714748077527,2,32,1,31,0.0625,0.03225806451612903,2,2,grandes volúmenes de datos
Civil,grupos,0.6925714748077527,2,32,1,31,0.0625,0.03225806451612903,2,2,grupos
Civil,habilidades,1.0197362180612621,11,32,5,31,0.34375,0.16129032258064516,10,11,habilidades
Civil,habilidades de comunicacion,2.277533975528909,2,32,0,31,0.0625,0.0,2,2,habilidades de comunicación
Civil,habilidades para identificar,2.277533975528909,2,32,0,31,0.0625,0.0,1,2,habilidades para identificar
Civil,hacer,-2.8517490414160576,0,32,3,31,0.0,0.0967741935483871,0,0,hacer
Civil,haciendo,-2.3663222142458156,0,32,2,31,0.0,0.06451612903225806,0,0,haciendo
Civil,haciendo uso,-2.3663222142458156,0,32,2,31,0.0,0.06451612903225806,0,0,haciendo uso
Civil,hardware,-0.9374789154419416,3,32,6,31,0.09375,0.1935483870967742,3,3,hardware
Civil,hardware en diversos niveles,-0.044394119358453395,1,32,1,31,0.03125,0.03225806451612903,1,1,hardware en diversos niveles
Civil,herramientas,-0.5298209465286953,7,32,10,31,0.21875,0.3225806451612903,7,7,herramientas
Civil,herramientas tecnologicas,-3.2143191208007655,0,32,4,31,0.0,0.12903225806451613,0,0,herramientas tecnológicas
Civil,humanista,2.277533975528909,2,32,0,31,0.0625,0.0,2,2,humanista
Civil,ideas,-2.8517490414160576,0,32,3,31,0.0,0.0967741935483871,0,0,ideas
Civil,identificar,0.6076825772212396,5,32,3,31,0.15625,0.0967741935483871,4,5,identificar
Civil,idioma,1.0931094043914815,5,32,2,31,0.15625,0.06451612903225806,5,5,idioma
Civil,idioma ingles,1.0931094043914815,5,32,2,31,0.15625,0.06451612903225806,5,5,idioma inglés
Civil,impacto,0.6076825772212396,5,32,3,31,0.15625,0.0967741935483871,5,5,impacto
Civil,imparte,2.277533975528909,2,32,0,31,0.0625,0.0,1,2,imparte
Civil,imparte en la sede,2.277533975528909,2,32,0,31,0.0625,0.0,1,2,imparte en la sede
Civil,implantar,-0.7813597135246597,1,32,2,31,0.03125,0.06451612903225806,1,1,implantar
Civil,implantar soluciones,-0.044394119358453395,1,32,1,31,0.03125,0.03225806451612903,1,1,implantar soluciones
Civil,implantar soluciones eficientes,-0.044394119358453395,1,32,1,31,0.03125,0.03225806451612903,1,1,implantar soluciones eficientes
Civil,implementa,-1.6293566200796095,1,32,4,31,0.03125,0.12903225806451613,1,1,implementa
Civil,implementacion,-0.04439411935845356,6,32,6,31,0.1875,0.1935483870967742,6,6,implementación
Civil,implementacion de sistemas,-2.3663222142458156,0,32,2,31,0.0,0.06451612903225806,0,0,implementación de sistemas
Civil,implementacion de soluciones,-0.5298209465286953,2,32,3,31,0.0625,0.0967741935483871,2,2,implementación de soluciones
Civil,implementando,-0.7813597135246597,1,32,2,31,0.03125,0.06451612903225806,1,1,implementando
Civil,implementando estrategias,-0.044394119358453395,1,32,1,31,0.03125,0.03225806451612903,1,1,implementando estrategias
Civil,implementar,-0.4403227956895925,9,32,12,31,0.28125,0.3870967741935484,9,9,implementar
Civil,implementar sistemas,-1.2667865406949013,1,32,3,31,0.03125,0.0967741935483871,1,1,implementar sistemas
Civil,implementar sistemas de redes,-0.044394119358453395,1,32,1,31,0.03125,0.03225806451612903,1,1,implementar sistemas de redes
Civil,implementar soluciones,-1.9188632372745944,1,32,5,31,0.03125,0.16129032258064516,1,1,implementar soluciones
Civil,implementar soluciones tic,-0.044394119358453395,1,32,1,31,0.03125,0.03225806451612903,1,1,implementar soluciones tic
Civil,implementar soluciones tic requeridas,-0.044394119358453395,1,32,1,31,0.03125,0.03225806451612903,1,1,implementar soluciones tic requeridas
Civil,implica,-0.7813597135246597,1,32,2,31,0.03125,0.06451612903225806,1,1,implica
Civil,implica la adquisicion,-0.044394119358453395,1,32,1,31,0.03125,0.03225806451612903,1,1,implica la adquisición
Civil,inclusion,-0.044394119358453395,2,32,2,31,0.0625,0.06451612903225806,2,2,inclusión
Civil,inclusiva,-0.044394119358453395,1,32,1,31,0.03125,0.03225806451612903,1,1,inclusiva
Civil,incluyendo,2.277533975528909,2,32,0,31,0.0625,0.0,2,2,incluyendo
Civil,incorpora,-0.044394119358453395,1,32,1,31,0.03125,0.03225806451612903,1,1,incorpora
Civil,incorporacion,-0.044394119358453395,1,32,1,31,0.03125,0.03225806451612903,1,1,incorporación
Civil,incorporando,-0.5298209465286953,2,32,3,31,0.0625,0.0967741935483871,2,2,incorporando
Civil,incorporando tecnologias,-2.3663222142458156,0,32,2,31,0.0,0.06451612903225806,0,0,incorporando tecnologías
Civil,independiente,1.1779983019779945,3,32,1,31,0.09375,0.03225806451612903,3,3,independiente
Civil,individual,-0.044394119358453395,1,32,1,31,0.03125,0.03225806451612903,1,1,individual
Civil,indole,-2.8517490414160576,0,32,3,31,0.0,0.0967741935483871,0,0,índole
Civil,industria,-1.8099288657214305,2,32,8,31,0.0625,0.25806451612903225,2,2,industria
Civil,industrial,0.6925714748077527,2,32,1,31,0.0625,0.03225806451612903,2,2,industrial
Civil,industriales,-2.3663222142458156,0,32,2,31,0.0,0.06451612903225806,0,0,industriales
Civil,industrias,-2.8517490414160576,0,32,3,31,0.0,0.0967741935483871,0,0,industrias
Civil,informacion,-0.22496636500027437,22,32,25,31,0.6875,0.8064516129032258,21,22,información
Civil,informacion en organizaciones,2.277533975528909,2,32,0,31,0.0625,0.0,2,2,información en organizaciones
Civil,informacion relevante,-0.044394119358453395,1,32,1,31,0.03125,0.03225806451612903,1,1,información relevante
Civil,infraestructura,0.4410327078117884,3,32,2,31,0.09375,0.06451612903225806,3,3,infraestructura
Civil,ingenieril,-0.044394119358453395,1,32,1,31,0.03125,0.03225806451612903,1,1,ingenieril
Civil,ingles,1.2357137998342818,8,32,3,31,0.25,0.0967741935483871,8,8,inglés
Civil,iniciativas,-0.044394119358453395,2,32,2,31,0.0625,0.06451612903225806,2,2,iniciativas
Civil,innovacion,0.6076825772212396,16,32,10,31,0.5,0.3225806451612903,15,16,innovación
Civil,innovacion tecnologica,0.4410327078117884,3,32,2,31,0.09375,0.06451612903225806,3,3,innovación tecnológica
Civil,innovador,-0.7813597135246597,1,32,2,31,0.03125,0.06451612903225806,1,1,innovador
Civil,innovadora,0.6925714748077527,2,32,1,31,0.0625,0.03225806451612903,2,2,innovadora
Civil,innovadoras,-0.4314172424677008,6,32,8,31,0.1875,0.25806451612903225,6,6,innovadoras
Civil,innovar,-1.2667865406949013,1,32,3,31,0.03125,0.0967741935483871,1,1,innovar
Civil,insercion,-0.044394119358453395,1,32,1,31,0.03125,0.03225806451612903,1,1,inserción
Civil,instancias,-2.3663222142458156,0,32,2,31,0.0,0.06451612903225806,0,0,instancias
Civil,instituciones,-0.4069641987431617,3,32,4,31,0.09375,0.12903225806451613,3,3,instituciones
Civil,instituciones de educacion,-2.3663222142458156,0,32,2,31,0.0,0.06451612903225806,0,0,instituciones de educación
Civil,instituciones publicas,0.4410327078117884,3,32,2,31,0.09375,0.06451612903225806,3,3,instituciones públicas
Civil,integra,-1.6293566200796095,1,32,4,31,0.03125,0.12903225806451613,1,1,integra
Civil,integracion,-0.6964708159381465,3,32,5,31,0.09375,0.16129032258064516,3,3,integración
Civil,integrador,-0.044394119358453395,1,32,1,31,0.03125,0.03225806451612903,1,1,integrador
Civil,integrador de tecnologias,-0.044394119358453395,1,32,1,31,0.03125,0.03225806451612903,1,1,integrador de tecnologías
Civil,integral,0.7441017754478348,9,32,5,31,0.28125,0.16129032258064516,9,9,integral
Civil,integrales,-0.5298209465286953,2,32,3,31,0.0625,0.0967741935483871,2,2,integrales
Civil,integran,0.6925714748077527,2,32,1,31,0.0625,0.03225806451612903,2,2,integran
Civil,integran informacion,-0.044394119358453395,1,32,1,31,0.03125,0.03225806451612903,1,1,integran información
Civil,integrando,-0.7813597135246597,1,32,2,31,0.03125,0.06451612903225806,1,1,integrando
Civil,integrar,0.24511249783653138,5,32,4,31,0.15625,0.12903225806451613,5,5,integrar
Civil,integrar equipos,0.6925714748077527,2,32,1,31,0.0625,0.03225806451612903,2,2,integrar equipos
Civil,integridad,-2.3663222142458156,0,32,2,31,0.0,0.06451612903225806,0,0,integridad
Civil,integro,-0.044394119358453395,1,32,1,31,0.03125,0.03225806451612903,1,1,íntegro
Civil,inteligencia,-0.044394119358453395,8,32,8,31,0.25,0.25806451612903225,7,8,inteligencia
Civil,inteligencia artificial,0.5836371032545887,8,32,5,31,0.25,0.16129032258064516,7,8,inteligencia artificial
Civil,inteligencia de negocios,-3.2143191208007655,0,32,4,31,0.0,0.12903225806451613,0,0,inteligencia de negocios
Civil,inteligentes,-0.7813597135246597,1,32,2,31,0.03125,0.06451612903225806,1,1,inteligentes
Civil,interdisciplinario,2.277533975528909,2,32,0,31,0.0625,0.0,2,2,interdisciplinario
Civil,interdisciplinarios,-1.1818976431083883,2,32,5,31,0.0625,0.16129032258064516,2,2,interdisciplinarios
Civil,intereses,0.6925714748077527,2,32,1,31,0.0625,0.03225806451612903,2,2,intereses
Civil,internacional,-0.044394119358453395,2,32,2,31,0.0625,0.06451612903225806,2,2,internacional
Civil,internacionales,-0.7813597135246597,1,32,2,31,0.03125,0.06451612903225806,1,1,internacionales
Civil,investigacion,1.0931094043914815,5,32,2,31,0.15625,0.06451612903225806,5,5,investigación
Civil,investigacion aplicada,2.277533975528909,2,32,0,31,0.0625,0.0,2,2,investigación aplicada
Civil,involucren,-2.3663222142458156,0,32,2,31,0.0,0.06451612903225806,0,0,involucren
Civil,jefe,-0.8923910259134035,2,32,4,31,0.0625,0.12903225806451613,2,2,jefe
Civil,labor,-2.3663222142458156,0,32,2,31,0.0,0.06451612903225806,0,0,labor
Civil,laborales,-3.2143191208007655,0,32,4,31,0.0,0.12903225806451613,0,0,laborales
Civil,lagos,-0.044394119358453395,1,32,1,31,0.03125,0.03225806451612903,1,1,lagos
Civil,learning,-0.044394119358453395,1,32,1,31,0.03125,0.03225806451612903,1,1,learning
Civil,legal,-0.7813597135246597,1,32,2,31,0.03125,0.06451612903225806,1,1,legal
Civil,legal vigente,-0.7813597135246597,1,32,2,31,0.03125,0.06451612903225806,1,1,legal vigente
Civil,legales,-0.044394119358453395,1,32,1,31,0.03125,0.03225806451612903,1,1,legales
Civil,legislacion,-0.7813597135246597,1,32,2,31,0.03125,0.06451612903225806,1,1,legislación
Civil,legislacion vigente,-0.044394119358453395,1,32,1,31,0.03125,0.03225806451612903,1,1,legislación vigente
Civil,lengua,-2.3663222142458156,0,32,2,31,0.0,0.06451612903225806,0,0,lengua
Civil,lengua materna,-2.3663222142458156,0,32,2,31,0.0,0.06451612903225806,0,0,lengua materna
Civil,lenguajes,-2.1598713367783895,1,32,6,31,0.03125,0.1935483870967742,1,1,lenguajes
Civil,lenguajes de programacion,-3.5038257379957507,0,32,5,31,0.0,0.16129032258064516,0,0,lenguajes de programación
Civil,licenciado,2.277533975528909,2,32,0,31,0.0625,0.0,2,2,licenciado
Civil,lider,2.277533975528909,2,32,0,31,0.0625,0.0,2,2,líder
Civil,lidera,0.6925714748077527,2,32,1,31,0.0625,0.03225806451612903,2,2,lidera
Civil,lidera proyectos,-0.044394119358453395,1,32,1,31,0.03125,0.03225806451612903,1,1,lidera proyectos
Civil,liderando,-0.7813597135246597,1,32,2,31,0.03125,0.06451612903225806,1,1,liderando
Civil,liderar,0.16205675810897274,7,32,6,31,0.21875,0.1935483870967742,7,7,liderar
Civil,liderar equipos,-0.3339007365534385,4,32,5,31,0.125,0.16129032258064516,4,4,liderar equipos
Civil,liderar equipos de trabajo,-1.6293566200796095,1,32,4,31,0.03125,0.12903225806451613,1,1,liderar equipos de trabajo
Civil,liderar equipos multidisciplinarios,-0.044394119358453395,2,32,2,31,0.0625,0.06451612903225806,2,2,liderar equipos multidisciplinarios
Civil,liderar procesos,2.277533975528909,2,32,0,31,0.0625,0.0,2,2,liderar procesos
Civil,liderar proyectos,-0.044394119358453395,1,32,1,31,0.03125,0.03225806451612903,1,1,liderar proyectos
Civil,liderazgo,0.4030648576127679,7,32,5,31,0.21875,0.16129032258064516,7,7,liderazgo
Civil,linea,-0.044394119358453395,1,32,1,31,0.03125,0.03225806451612903,1,1,línea
Civil,lineas,-2.3663222142458156,0,32,2,31,0.0,0.06451612903225806,0,0,líneas
Civil,logico,-0.044394119358453395,1,32,1,31,0.03125,0.03225806451612903,1,1,lógico
Civil,lograrlo,-0.044394119358453395,1,32,1,31,0.03125,0.03225806451612903,1,1,lograrlo
Civil,logro,-1.2667865406949013,1,32,3,31,0.03125,0.0967741935483871,1,1,logro
Civil,machine,-0.044394119358453395,1,32,1,31,0.03125,0.03225806451612903,1,1,machine
Civil,machine learning,-0.044394119358453395,1,32,1,31,0.03125,0.03225806451612903,1,1,machine learning
Civil,magallanes,-0.044394119358453395,1,32,1,31,0.03125,0.03225806451612903,1,1,magallanes
Civil,malla,-0.7813597135246597,1,32,2,31,0.03125,0.06451612903225806,1,1,malla
Civil,manager,-2.3663222142458156,0,32,2,31,0.0,0.06451612903225806,0,0,manager
Civil,manejo,0.4410327078117884,3,32,2,31,0.09375,0.06451612903225806,3,3,manejo
Civil,manejo de tecnologias,-0.044394119358453395,1,32,1,31,0.03125,0.03225806451612903,1,1,manejo de tecnologías
Civil,manera,0.2966427984766137,9,32,7,31,0.28125,0.22580645161290322,9,9,manera
Civil,manera autonoma,-2.3663222142458156,0,32,2,31,0.0,0.06451612903225806,0,0,manera autónoma
Civil,manera critica,-0.044394119358453395,1,32,1,31,0.03125,0.03225806451612903,1,1,manera crítica
Civil,manera efectiva,0.6925714748077527,2,32,1,31,0.0625,0.03225806451612903,2,2,manera efectiva
Civil,manera integral,-0.044394119358453395,1,32,1,31,0.03125,0.03225806451612903,1,1,manera integral
Civil,mantencion,-2.1598713367783895,1,32,6,31,0.03125,0.1935483870967742,1,1,mantención
Civil,mantener,-0.044394119358453395,2,32,2,31,0.0625,0.06451612903225806,2,2,mantener
Civil,mantener sistemas,-2.3663222142458156,0,32,2,31,0.0,0.06451612903225806,0,0,mantener sistemas
Civil,mantenimiento,-2.8517490414160576,0,32,3,31,0.0,0.0967741935483871,0,0,mantenimiento
Civil,marcado,-1.2667865406949013,1,32,3,31,0.03125,0.0967741935483871,1,1,marcado
Civil,marcado sello,-2.3663222142458156,0,32,2,31,0.0,0.06451612903225806,0,0,marcado sello
Civil,marcado sello valorico,-2.3663222142458156,0,32,2,31,0.0,0.06451612903225806,0,0,marcado sello valórico
Civil,marco,0.4410327078117884,3,32,2,31,0.09375,0.06451612903225806,3,3,marco
Civil,marcos,-2.3663222142458156,0,32,2,31,0.0,0.06451612903225806,0,0,marcos
Civil,maria,-0.044394119358453395,1,32,1,31,0.03125,0.03225806451612903,1,1,maría
Civil,master,-2.3663222142458156,0,32,2,31,0.0,0.06451612903225806,0,0,master
Civil,matematicas,-0.044394119358453395,1,32,1,31,0.03125,0.03225806451612903,1,1,matemáticas
Civil,materna,-2.3663222142458156,0,32,2,31,0.0,0.06451612903225806,0,0,materna
Civil,mayor,-0.7813597135246597,1,32,2,31,0.03125,0.06451612903225806,1,1,mayor
Civil,mediante,-0.28540221886224837,5,32,6,31,0.15625,0.1935483870967742,4,5,mediante
Civil,mediante el uso,1.1779983019779945,3,32,1,31,0.09375,0.03225806451612903,2,3,mediante el uso
Civil,mediante el uso avanzado,2.277533975528909,2,32,0,31,0.0625,0.0,1,2,mediante el uso avanzado
Civil,mediante soluciones,-0.044394119358453395,1,32,1,31,0.03125,0.03225806451612903,1,1,mediante soluciones
Civil,medio,0.4861205973403262,6,32,4,31,0.1875,0.12903225806451613,6,6,medio
Civil,medio ambiente,0.4410327078117884,3,32,2,31,0.09375,0.06451612903225806,3,3,medio ambiente
Civil,medioambiental,0.6925714748077527,2,32,1,31,0.0625,0.03225806451612903,2,2,medioambiental
Civil,mejora,-0.4918530963296749,5,32,7,31,0.15625,0.22580645161290322,5,5,mejora
Civil,mejora continua,-1.6293566200796095,1,32,4,31,0.03125,0.12903225806451613,1,1,mejora continua
Civil,mejora de procesos,-3.2143191208007655,0,32,4,31,0.0,0.12903225806451613,0,0,mejora de procesos
Civil,mejorar,-0.7813597135246597,1,32,2,31,0.03125,0.06451612903225806,1,1,mejorar
Civil,mejoras,2.277533975528909,2,32,0,31,0.0625,0.0,2,2,mejoras
Civil,mejores,-0.7813597135246597,1,32,2,31,0.03125,0.06451612903225806,1,1,mejores
Civil,mencion,-0.7813597135246597,1,32,2,31,0.03125,0.06451612903225806,1,1,mención
Civil,mercado,-3.2143191208007655,0,32,4,31,0.0,0.12903225806451613,0,0,mercado
Civil,mercado laboral,-2.8517490414160576,0,32,3,31,0.0,0.0967741935483871,0,0,mercado laboral
Civil,metodologias,-2.8517490414160576,1,32,10,31,0.03125,0.3225806451612903,1,1,metodologías
Civil,metodologias agiles,-2.3663222142458156,0,32,2,31,0.0,0.06451612903225806,0,0,metodologías ágiles
Civil,metodos,-0.7813597135246597,1,32,2,31,0.03125,0.06451612903225806,1,1,métodos
Civil,metropolitana,0.6925714748077527,2,32,1,31,0.0625,0.03225806451612903,2,2,metropolitana
Civil,mineria,-0.044394119358453395,1,32,1,31,0.03125,0.03225806451612903,1,1,minería
Civil,mineria de datos,-0.044394119358453395,1,32,1,31,0.03125,0.03225806451612903,1,1,minería de datos
Civil,mirada,0.6925714748077527,2,32,1,31,0.0625,0.03225806451612903,2,2,mirada
Civil,mismo,2.762960802699151,3,32,0,31,0.09375,0.0,3,3,mismo
Civil,mistral,-2.3663222142458156,0,32,2,31,0.0,0.06451612903225806,0,0,mistral
Civil,modalidad,-0.044394119358453395,1,32,1,31,0.03125,0.03225806451612903,1,1,modalidad
Civil,modelar,0.4410327078117884,3,32,2,31,0.09375,0.06451612903225806,3,3,modelar
Civil,modelo,2.277533975528909,2,32,0,31,0.0625,0.0,2,2,modelo
Civil,modelos,-0.5298209465286953,2,32,3,31,0.0625,0.0967741935483871,2,2,modelos
Civil,modelos de servicios,-0.044394119358453395,1,32,1,31,0.03125,0.03225806451612903,1,1,modelos de servicios
Civil,modelos operativos,-0.044394119358453395,1,32,1,31,0.03125,0.03225806451612903,1,1,modelos operativos
Civil,monitoreo,-2.3663222142458156,0,32,2,31,0.0,0.06451612903225806,0,0,monitoreo
Civil,multi,-0.044394119358453395,1,32,1,31,0.03125,0.03225806451612903,1,1,multi
Civil,multiculturales,-2.3663222142458156,0,32,2,31,0.0,0.06451612903225806,0,0,multiculturales
Civil,multidisciplinarios,-0.17563865263670603,10,32,11,31,0.3125,0.3548387096774194,10,10,multidisciplinarios
Civil,multiples,-0.044394119358453395,1,32,1,31,0.03125,0.03225806451612903,1,1,múltiples
Civil,mundo,-0.04439411935845356,4,32,4,31,0.125,0.12903225806451613,4,4,mundo
Civil,mundo del trabajo,-2.3663222142458156,0,32,2,31,0.0,0.06451612903225806,0,0,mundo del trabajo
Civil,nacional,-1.1818976431083883,2,32,5,31,0.0625,0.16129032258064516,2,2,nacional
Civil,nacionales,2.277533975528909,2,32,0,31,0.0625,0.0,2,2,nacionales
Civil,necesarias,2.277533975528909,2,32,0,31,0.0625,0.0,2,2,necesarias
Civil,necesidades,-0.1887840286936281,9,32,10,31,0.28125,0.3225806451612903,9,9,necesidades
Civil,necesidades de la organizacion,-2.3663222142458156,0,32,2,31,0.0,0.06451612903225806,0,0,necesidades de la organización
Civil,necesidades de las organizaciones,-2.3663222142458156,0,32,2,31,0.0,0.06451612903225806,0,0,necesidades de las organizaciones
Civil,negocio,0.4410327078117884,3,32,2,31,0.09375,0.06451612903225806,3,3,negocio
Civil,negocios,-0.04439411935845356,5,32,5,31,0.15625,0.16129032258064516,5,5,negocios
Civil,nivel,0.6925714748077527,7,32,4,31,0.21875,0.12903225806451613,7,7,nivel
Civil,nivel nacional,-0.044394119358453395,1,32,1,31,0.03125,0.03225806451612903,1,1,nivel nacional
Civil,niveles,-0.5298209465286953,2,32,3,31,0.0625,0.0967741935483871,2,2,niveles
Civil,niveles organizacionales,-0.7813597135246597,1,32,2,31,0.03125,0.06451612903225806,1,1,niveles organizacionales
Civil,normas,-0.044394119358453395,2,32,2,31,0.0625,0.06451612903225806,2,2,normas
Civil,normativa,-1.2667865406949013,1,32,3,31,0.03125,0.0967741935483871,1,1,normativa
Civil,normativa legal,-0.7813597135246597,1,32,2,31,0.03125,0.06451612903225806,1,1,normativa legal
Civil,normativa legal vigente,-0.7813597135246597,1,32,2,31,0.03125,0.06451612903225806,1,1,normativa legal vigente
Civil,norte,-0.044394119358453395,1,32,1,31,0.03125,0.03225806451612903,1,1,norte
Civil,nuestra,2.277533975528909,2,32,0,31,0.0625,0.0,2,2,nuestra
Civil,nuestros,2.277533975528909,2,32,0,31,0.0625,0.0,2,2,nuestros
Civil,nuevas,0.24511249783653138,5,32,4,31,0.15625,0.12903225806451613,5,5,nuevas
Civil,nuevas tecnologias,1.5405683813627025,4,32,1,31,0.125,0.03225806451612903,4,4,nuevas tecnologías
Civil,nuevo,2.277533975528909,2,32,0,31,0.0625,0.0,2,2,nuevo
Civil,nuevos,1.1779983019779945,3,32,1,31,0.09375,0.03225806451612903,3,3,nuevos
Civil,objetivo,-0.044394119358453395,1,32,1,31,0.03125,0.03225806451612903,1,1,objetivo
Civil,objetivos,-1.4229057426121832,2,32,6,31,0.0625,0.1935483870967742,2,2,objetivos
Civil,objetivos estrategicos,-0.044394119358453395,1,32,1,31,0.03125,0.03225806451612903,1,1,objetivos estratégicos
Civil,ocupacional,-0.044394119358453395,1,32,1,31,0.03125,0.03225806451612903,1,1,ocupacional
Civil,opera,2.762960802699151,3,32,0,31,0.09375,0.0,3,3,opera
Civil,opera sistemas,2.277533975528909,2,32,0,31,0.0625,0.0,2,2,opera sistemas
Civil,operacion,-1.6293566200796095,1,32,4,31,0.03125,0.12903225806451613,1,1,operación
Civil,operar,-0.4069641987431617,3,32,4,31,0.09375,0.12903225806451613,3,3,operar
Civil,operar productos,-0.044394119358453395,1,32,1,31,0.03125,0.03225806451612903,1,1,operar productos
Civil,operar sistemas,0.6925714748077527,2,32,1,31,0.0625,0.03225806451612903,2,2,operar sistemas
Civil,operativa,-2.8517490414160576,0,32,3,31,0.0,0.0967741935483871,0,0,operativa
Civil,operativos,-0.044394119358453395,2,32,2,31,0.0625,0.06451612903225806,2,2,operativos
Civil,oportunidades,-1.1818976431083883,2,32,5,31,0.0625,0.16129032258064516,2,2,oportunidades
Civil,oportunidades de negocio,-0.044394119358453395,1,32,1,31,0.03125,0.03225806451612903,1,1,oportunidades de negocio
Civil,optimizacion,-1.2667865406949013,1,32,3,31,0.03125,0.0967741935483871,1,1,optimización
Civil,optimizacion de sistemas,-2.3663222142458156,0,32,2,31,0.0,0.06451612903225806,0,0,optimización de sistemas
Civil,optimizar,-0.7813597135246597,1,32,2,31,0.03125,0.06451612903225806,1,1,optimizar
Civil,oral,-1.6293566200796095,1,32,4,31,0.03125,0.12903225806451613,1,1,oral
Civil,orden,-0.044394119358453395,1,32,1,31,0.03125,0.03225806451612903,1,1,orden
Civil,organismos,-2.3663222142458156,0,32,2,31,0.0,0.06451612903225806,0,0,organismos
Civil,organizacion,-0.5918819146609469,6,32,9,31,0.1875,0.2903225806451613,6,6,organización
Civil,organizacional,-0.044394119358453395,2,32,2,31,0.0625,0.06451612903225806,2,2,organizacional
Civil,organizacionales,-0.25084499682587985,6,32,7,31,0.1875,0.22580645161290322,6,6,organizacionales
Civil,organizaciones,-0.5298209465286953,12,32,17,31,0.375,0.5483870967741935,12,12,organizaciones
Civil,organizaciones del sector,0.6925714748077527,2,32,1,31,0.0625,0.03225806451612903,2,2,organizaciones del sector
Civil,organizaciones del sector publico,0.6925714748077527,2,32,1,31,0.0625,0.03225806451612903,2,2,organizaciones del sector público
Civil,organizaciones publicas,-1.2667865406949013,1,32,3,31,0.03125,0.0967741935483871,1,1,organizaciones públicas
Civil,orienta,-2.3663222142458156,0,32,2,31,0.0,0.06451612903225806,0,0,orienta
Civil,orientada,-0.044394119358453395,2,32,2,31,0.0625,0.06451612903225806,2,2,orientada
Civil,orientado,0.6925714748077527,2,32,1,31,0.0625,0.03225806451612903,2,2,orientado
Civil,otorga,3.1255308820838588,4,32,0,31,0.125,0.0,4,4,otorga
Civil,otorga el grado,2.277533975528909,2,32,0,31,0.0625,0.0,2,2,otorga el grado
Civil,otras,0.6925714748077527,2,32,1,31,0.0625,0.03225806451612903,2,2,otras
Civil,otros,-0.8923910259134035,2,32,4,31,0.0625,0.12903225806451613,2,2,otros
Civil,pais,1.3341175038952762,6,32,2,31,0.1875,0.06451612903225806,6,6,país
Civil,parte,1.1779983019779945,3,32,1,31,0.09375,0.03225806451612903,3,3,parte
Civil,participa,-0.044394119358453395,1,32,1,31,0.03125,0.03225806451612903,1,1,participa
Civil,participacion,-2.3663222142458156,0,32,2,31,0.0,0.06451612903225806,0,0,participación
Civil,participar,0.6925714748077527,2,32,1,31,0.0625,0.03225806451612903,2,2,participar
Civil,participar activamente,-0.044394119358453395,1,32,1,31,0.03125,0.03225806451612903,1,1,participar activamente
Civil,pensamiento,-0.3339007365534385,4,32,5,31,0.125,0.16129032258064516,4,4,pensamiento
Civil,pensamiento critico,-0.4069641987431617,3,32,4,31,0.09375,0.12903225806451613,3,3,pensamiento crítico
Civil,pensar,-0.044394119358453395,1,32,1,31,0.03125,0.03225806451612903,1,1,pensar
Civil,pensar de manera,-0.044394119358453395,1,32,1,31,0.03125,0.03225806451612903,1,1,pensar de manera
Civil,pensar de manera critica,-0.044394119358453395,1,32,1,31,0.03125,0.03225806451612903,1,1,pensar de manera crítica
Civil,perfil,-0.2959328863544178,10,32,12,31,0.3125,0.3870967741935484,10,10,perfil
Civil,perfil de egreso,-0.9772799234999165,5,32,10,31,0.15625,0.3225806451612903,5,5,perfil de egreso
Civil,perfil de egreso competencias,-2.3663222142458156,0,32,2,31,0.0,0.06451612903225806,0,0,perfil de egreso competencias
Civil,perfil profesional,0.6925714748077527,2,32,1,31,0.0625,0.03225806451612903,2,2,perfil profesional
Civil,permanente,-0.9619319591664807,4,32,8,31,0.125,0.25806451612903225,4,4,permanente
Civil,permanente de la region,-0.044394119358453395,1,32,1,31,0.03125,0.03225806451612903,1,1,permanente de la región
Civil,permanentemente,-0.044394119358453395,1,32,1,31,0.03125,0.03225806451612903,1,1,permanentemente
Civil,permeabilidad,-0.044394119358453395,1,32,1,31,0.03125,0.03225806451612903,1,1,permeabilidad
Civil,permitan disenar,-2.3663222142458156,0,32,2,31,0.0,0.06451612903225806,0,0,permitan diseñar
Civil,permitan estar,-0.044394119358453395,1,32,1,31,0.03125,0.03225806451612903,1,1,permitan estar
Civil,permitan estar en constante,-0.044394119358453395,1,32,1,31,0.03125,0.03225806451612903,1,1,permitan estar en constante
Civil,permite,-0.044394119358453395,11,32,11,31,0.34375,0.3548387096774194,11,11,permite
Civil,permite abordar,-0.044394119358453395,1,32,1,31,0.03125,0.03225806451612903,1,1,permite abordar
Civil,permite analizar,-0.044394119358453395,1,32,1,31,0.03125,0.03225806451612903,1,1,permite analizar
Civil,permite generar,-0.044394119358453395,1,32,1,31,0.03125,0.03225806451612903,1,1,permite generar
Civil,permite generar soluciones,-0.044394119358453395,1,32,1,31,0.03125,0.03225806451612903,1,1,permite generar soluciones
Civil,permite proponer,2.277533975528909,2,32,0,31,0.0625,0.0,2,2,permite proponer
Civil,permiten,0.6925714748077527,2,32,1,31,0.0625,0.03225806451612903,2,2,permiten
Civil,permitiendo,2.277533975528909,2,32,0,31,0.0625,0.0,2,2,permitiendo
Civil,permitira,1.1779983019779945,3,32,1,31,0.09375,0.03225806451612903,3,3,permitirá
Civil,persona humana,-0.044394119358453395,1,32,1,31,0.03125,0.03225806451612903,1,1,persona humana
Civil,persona titulada,-0.044394119358453395,1,32,1,31,0.03125,0.03225806451612903,1,1,persona titulada
Civil,personal,-0.044394119358453395,1,32,1,31,0.03125,0.03225806451612903,1,1,personal
Civil,personas,0.16205675810897274,7,32,6,31,0.21875,0.1935483870967742,7,7,personas
Civil,perspectiva,0.4410327078117884,3,32,2,31,0.09375,0.06451612903225806,3,3,perspectiva
Civil,pertinencia,2.277533975528909,2,32,0,31,0.0625,0.0,2,2,pertinencia
Civil,pertinentes,-0.044394119358453395,2,32,2,31,0.0625,0.06451612903225806,2,2,pertinentes
Civil,plan,0.8036027871964965,4,32,2,31,0.125,0.06451612903225806,4,4,plan
Civil,plan comun,2.277533975528909,2,32,0,31,0.0625,0.0,2,2,plan común
Civil,plan de estudios,0.6925714748077527,2,32,1,31,0.0625,0.03225806451612903,2,2,plan de estudios
Civil,planes,2.277533975528909,2,32,0,31,0.0625,0.0,2,2,planes
Civil,planificacion,1.1779983019779945,3,32,1,31,0.09375,0.03225806451612903,2,3,planificación
Civil,planificar,-1.4229057426121832,2,32,6,31,0.0625,0.1935483870967742,2,2,planificar
Civil,planificar estrategias,-2.8517490414160576,0,32,3,31,0.0,0.0967741935483871,0,0,planificar estrategias
Civil,plantear,-0.044394119358453395,1,32,1,31,0.03125,0.03225806451612903,1,1,plantear
Civil,plataformas,-1.4229057426121832,2,32,6,31,0.0625,0.1935483870967742,2,2,plataformas
Civil,plataformas de computo,-0.044394119358453395,1,32,1,31,0.03125,0.03225806451612903,1,1,plataformas de cómputo
Civil,poseen,2.277533975528909,2,32,0,31,0.0625,0.0,2,2,poseen
Civil,postgrado,-0.044394119358453395,1,32,1,31,0.03125,0.03225806451612903,1,1,postgrado
Civil,practica,2.277533975528909,2,32,0,31,0.0625,0.0,2,2,práctica
Civil,practicas,-2.1598713367783895,1,32,6,31,0.03125,0.1935483870967742,1,1,prácticas
Civil,practicas de la industria,-2.8517490414160576,0,32,3,31,0.0,0.0967741935483871,0,0,prácticas de la industria
Civil,practico,2.277533975528909,2,32,0,31,0.0625,0.0,2,2,práctico
Civil,practicos,0.6925714748077527,2,32,1,31,0.0625,0.03225806451612903,2,2,prácticos
Civil,preocupandose,2.277533975528909,2,32,0,31,0.0625,0.0,2,2,preocupándose
Civil,preparacion,-0.044394119358453395,1,32,1,31,0.03125,0.03225806451612903,1,1,preparación
Civil,preparado,-2.8517490414160576,0,32,3,31,0.0,0.0967741935483871,0,0,preparado
Civil,preparados,-0.044394119358453395,1,32,1,31,0.03125,0.03225806451612903,1,1,preparados
Civil,presencial,-0.7813597135246597,1,32,2,31,0.03125,0.06451612903225806,1,1,presencial
Civil,presentan,0.6925714748077527,2,32,1,31,0.0625,0.03225806451612903,2,2,presentan
Civil,primer,2.277533975528909,2,32,0,31,0.0625,0.0,2,2,primer
Civil,primer ano,2.277533975528909,2,32,0,31,0.0625,0.0,2,2,primer año
Civil,principios,0.6925714748077527,7,32,4,31,0.21875,0.12903225806451613,7,7,principios
Civil,principios eticos,-1.2667865406949013,1,32,3,31,0.03125,0.0967741935483871,1,1,principios éticos
Civil,privacidad,2.277533975528909,2,32,0,31,0.0625,0.0,2,2,privacidad
Civil,privadas,-0.5749088360572334,4,32,6,31,0.125,0.1935483870967742,4,4,privadas
Civil,privado,-0.5298209465286953,2,32,3,31,0.0625,0.0967741935483871,2,2,privado
Civil,privados,-0.7813597135246597,1,32,2,31,0.03125,0.06451612903225806,1,1,privados
Civil,proactividad,0.6925714748077527,2,32,1,31,0.0625,0.03225806451612903,2,2,proactividad
Civil,proactivo,2.277533975528909,2,32,0,31,0.0625,0.0,2,2,proactivo
Civil,problemas,0.30707825114292414,18,32,14,31,0.5625,0.45161290322580644,17,18,problemas
Civil,problemas complejos,1.7211406270045235,8,32,2,31,0.25,0.06451612903225806,7,8,problemas complejos
Civil,problemas complejos mediante,2.277533975528909,2,32,0,31,0.0625,0.0,1,2,problemas complejos mediante
Civil,problemas con enfasis,-0.044394119358453395,1,32,1,31,0.03125,0.03225806451612903,1,1,problemas con énfasis
Civil,problematicas,-2.1598713367783895,1,32,6,31,0.03125,0.1935483870967742,1,1,problemáticas
Civil,procesamiento,-0.5298209465286953,2,32,3,31,0.0625,0.0967741935483871,2,2,procesamiento
Civil,proceso,3.1255308820838588,4,32,0,31,0.125,0.0,4,4,proceso
Civil,procesos,-0.7813597135246597,10,32,17,31,0.3125,0.5483870967741935,10,10,procesos
Civil,procesos de transformacion,-2.3663222142458156,0,32,2,31,0.0,0.06451612903225806,0,0,procesos de transformación
Civil,procesos organizacionales,-0.044394119358453395,1,32,1,31,0.03125,0.03225806451612903,1,1,procesos organizacionales
Civil,produccion,1.1779983019779945,3,32,1,31,0.09375,0.03225806451612903,3,3,producción
Civil,productivo,-1.2667865406949013,1,32,3,31,0.03125,0.0967741935483871,1,1,productivo
Civil,productos,-0.04439411935845356,6,32,6,31,0.1875,0.1935483870967742,6,6,productos
Civil,productos de software,0.6925714748077527,2,32,1,31,0.0625,0.03225806451612903,2,2,productos de software
Civil,profesion,0.8036027871964965,4,32,2,31,0.125,0.06451612903225806,4,4,profesión
Civil,profesional,0.12893748352710824,26,32,23,31,0.8125,0.7419354838709677,26,26,profesional
Civil,profesional competente,-0.044394119358453395,1,32,1,31,0.03125,0.03225806451612903,1,1,profesional competente
Civil,profesional comprometido,-0.044394119358453395,1,32,1,31,0.03125,0.03225806451612903,1,1,profesional comprometido
Civil,profesional innovador,-0.044394119358453395,1,32,1,31,0.03125,0.03225806451612903,1,1,profesional innovador
Civil,profesional integrador,-0.044394119358453395,1,32,1,31,0.03125,0.03225806451612903,1,1,profesional integrador
Civil,profesional integrador de tecnologias,-0.044394119358453395,1,32,1,31,0.03125,0.03225806451612903,1,1,profesional integrador de tecnologías
Civil,profesional integral,0.4410327078117884,3,32,2,31,0.09375,0.06451612903225806,3,3,profesional integral
Civil,profesional podra,-0.7813597135246597,1,32,2,31,0.03125,0.06451612903225806,1,1,profesional podrá
Civil,profesionales,-0.2959328863544178,10,32,12,31,0.3125,0.3870967741935484,10,10,profesionales
Civil,profesionalmente,-0.7813597135246597,1,32,2,31,0.03125,0.06451612903225806,1,1,profesionalmente
Civil,profesionalmente en forma,-0.044394119358453395,1,32,1,31,0.03125,0.03225806451612903,1,1,profesionalmente en forma
Civil,profesionalmente en forma etica,-0.044394119358453395,1,32,1,31,0.03125,0.03225806451612903,1,1,profesionalmente en forma ética
Civil,profesor,-0.044394119358453395,1,32,1,31,0.03125,0.03225806451612903,1,1,profesor
Civil,profundizar,-0.044394119358453395,1,32,1,31,0.03125,0.03225806451612903,1,1,profundizar
Civil,programa,0.6925714748077527,7,32,4,31,0.21875,0.12903225806451613,6,7,programa
Civil,programa formativo,2.277533975528909,2,32,0,31,0.0625,0.0,1,2,programa formativo
Civil,programacion,-2.5468944598876364,1,32,8,31,0.03125,0.25806451612903225,1,1,programación
Civil,programador,2.277533975528909,2,32,0,31,0.0625,0.0,2,2,programador
Civil,programas,0.6925714748077527,2,32,1,31,0.0625,0.03225806451612903,2,2,programas
Civil,promocion,0.6925714748077527,2,32,1,31,0.0625,0.03225806451612903,2,2,promoción
Civil,promocion del bien,2.277533975528909,2,32,0,31,0.0625,0.0,2,2,promoción del bien
Civil,promocion del bien comun,2.277533975528909,2,32,0,31,0.0625,0.0,2,2,promoción del bien común
Civil,promoviendo,-3.2143191208007655,0,32,4,31,0.0,0.12903225806451613,0,0,promoviendo
Civil,propios,-0.3339007365534385,4,32,5,31,0.125,0.16129032258064516,4,4,propios
Civil,propios emprendimientos,2.277533975528909,2,32,0,31,0.0625,0.0,2,2,propios emprendimientos
Civil,proponer,1.1779983019779945,3,32,1,31,0.09375,0.03225806451612903,3,3,proponer
Civil,proponer soluciones,-0.044394119358453395,1,32,1,31,0.03125,0.03225806451612903,1,1,proponer soluciones
Civil,proposito,0.6925714748077527,2,32,1,31,0.0625,0.03225806451612903,2,2,propósito
Civil,propuestas,-0.7813597135246597,1,32,2,31,0.03125,0.06451612903225806,1,1,propuestas
Civil,proteccion,-2.3663222142458156,0,32,2,31,0.0,0.06451612903225806,0,0,protección
Civil,proyecto,-2.3663222142458156,0,32,2,31,0.0,0.06451612903225806,0,0,proyecto
Civil,proyectos,0.1361781262833674,25,32,22,31,0.78125,0.7096774193548387,24,25,proyectos
Civil,proyectos de software,-0.5298209465286953,2,32,3,31,0.0625,0.0967741935483871,2,2,proyectos de software
Civil,proyectos de tecnologias,-0.7813597135246597,1,32,2,31,0.03125,0.06451612903225806,1,1,proyectos de tecnologías
Civil,proyectos propios,2.277533975528909,2,32,0,31,0.0625,0.0,2,2,proyectos propios
Civil,proyectos relacionados,0.6925714748077527,2,32,1,31,0.0625,0.03225806451612903,2,2,proyectos relacionados
Civil,proyectos tecnologicos,-2.1598713367783895,1,32,6,31,0.03125,0.1935483870967742,1,1,proyectos tecnológicos
Civil,pruebas,-2.3663222142458156,0,32,2,31,0.0,0.06451612903225806,0,0,pruebas
Civil,publica,-2.3663222142458156,0,32,2,31,0.0,0.06451612903225806,0,0,pública
Civil,publicas,-0.5749088360572334,4,32,6,31,0.125,0.1935483870967742,4,4,públicas
Civil,publico,-0.044394119358453395,2,32,2,31,0.0625,0.06451612903225806,2,2,público
Civil,publicos,-0.044394119358453395,2,32,2,31,0.0625,0.06451612903225806,2,2,públicos
Civil,pudiendo,0.6925714748077527,2,32,1,31,0.0625,0.03225806451612903,2,2,pudiendo
Civil,pudiendo desempenarse,0.6925714748077527,2,32,1,31,0.0625,0.03225806451612903,2,2,pudiendo desempeñarse
Civil,puede,-0.4069641987431617,3,32,4,31,0.09375,0.12903225806451613,3,3,puede
Civil,puede desempenarse,-0.7813597135246597,1,32,2,31,0.03125,0.06451612903225806,1,1,puede desempeñarse
Civil,pueden,-0.044394119358453395,1,32,1,31,0.03125,0.03225806451612903,1,1,pueden
Civil,quehacer,-0.4069641987431617,3,32,4,31,0.09375,0.12903225806451613,3,3,quehacer
Civil,quehacer profesional,0.4410327078117884,3,32,2,31,0.09375,0.06451612903225806,3,3,quehacer profesional
Civil,quien,0.6925714748077527,2,32,1,31,0.0625,0.03225806451612903,2,2,quien
Civil,quienes,1.1779983019779945,3,32,1,31,0.09375,0.03225806451612903,3,3,quienes
Civil,quienes egresan,-0.044394119358453395,1,32,1,31,0.03125,0.03225806451612903,1,1,quienes egresan
Civil,reales,-0.044394119358453395,2,32,2,31,0.0625,0.06451612903225806,2,2,reales
Civil,realidad,-0.7813597135246597,1,32,2,31,0.03125,0.06451612903225806,1,1,realidad
Civil,realiza,-2.3663222142458156,0,32,2,31,0.0,0.06451612903225806,0,0,realiza
Civil,realizado,-2.3663222142458156,0,32,2,31,0.0,0.06451612903225806,0,0,realizado
Civil,realizar,0.4410327078117884,3,32,2,31,0.09375,0.06451612903225806,3,3,realizar
Civil,reconoce,1.1779983019779945,3,32,1,31,0.09375,0.03225806451612903,3,3,reconoce
Civil,reconocimiento,-0.044394119358453395,1,32,1,31,0.03125,0.03225806451612903,1,1,reconocimiento
Civil,recursos,-0.5918819146609469,6,32,9,31,0.1875,0.2903225806451613,6,6,recursos
Civil,recursos computacionales,-0.044394119358453395,1,32,1,31,0.03125,0.03225806451612903,1,1,recursos computacionales
Civil,recursos digitales,-2.3663222142458156,0,32,2,31,0.0,0.06451612903225806,0,0,recursos digitales
Civil,recursos humanos,-0.044394119358453395,1,32,1,31,0.03125,0.03225806451612903,1,1,recursos humanos
Civil,recursos tecnologicos,-0.7813597135246597,1,32,2,31,0.03125,0.06451612903225806,1,1,recursos tecnológicos
Civil,redes,-0.04439411935845356,6,32,6,31,0.1875,0.1935483870967742,6,6,redes
Civil,redes de computadores,2.277533975528909,2,32,0,31,0.0625,0.0,2,2,redes de computadores
Civil,redes de datos,-0.7813597135246597,1,32,2,31,0.03125,0.06451612903225806,1,1,redes de datos
Civil,reflexion,-2.3663222142458156,0,32,2,31,0.0,0.06451612903225806,0,0,reflexión
Civil,reflexivo,-0.044394119358453395,1,32,1,31,0.03125,0.03225806451612903,1,1,reflexivo
Civil,region,1.5405683813627025,4,32,1,31,0.125,0.03225806451612903,4,4,región
Civil,relacionadas,-1.6293566200796095,1,32,4,31,0.03125,0.12903225806451613,1,1,relacionadas
Civil,relacionados,-0.4069641987431617,3,32,4,31,0.09375,0.12903225806451613,3,3,relacionados
Civil,relacionados con las tecnologias,2.277533975528909,2,32,0,31,0.0625,0.0,2,2,relacionados con las tecnologías
Civil,relevante,-0.044394119358453395,1,32,1,31,0.03125,0.03225806451612903,1,1,relevante
Civil,rendimiento,0.6925714748077527,2,32,1,31,0.0625,0.03225806451612903,2,2,rendimiento
Civil,requeridas,-0.044394119358453395,1,32,1,31,0.03125,0.03225806451612903,1,1,requeridas
Civil,requerimientos,-0.9374789154419416,3,32,6,31,0.09375,0.1935483870967742,3,3,requerimientos
Civil,requerimientos de la industria,-0.044394119358453395,1,32,1,31,0.03125,0.03225806451612903,1,1,requerimientos de la industria
Civil,requerimientos de la organizacion,-2.3663222142458156,0,32,2,31,0.0,0.06451612903225806,0,0,requerimientos de la organización
Civil,requerimientos del cliente,-2.3663222142458156,0,32,2,31,0.0,0.06451612903225806,0,0,requerimientos del cliente
Civil,requieren,1.1779983019779945,3,32,1,31,0.09375,0.03225806451612903,3,3,requieren
Civil,requisitos,-0.044394119358453395,1,32,1,31,0.03125,0.03225806451612903,1,1,requisitos
Civil,resguardar,-0.044394119358453395,1,32,1,31,0.03125,0.03225806451612903,1,1,resguardar
Civil,resilientes,-0.044394119358453395,1,32,1,31,0.03125,0.03225806451612903,1,1,resilientes
Civil,resolucion,-0.8923910259134035,2,32,4,31,0.0625,0.12903225806451613,2,2,resolución
Civil,resolucion de problemas,-0.5298209465286953,2,32,3,31,0.0625,0.0967741935483871,2,2,resolución de problemas
Civil,resolucion de problemas complejos,2.277533975528909,2,32,0,31,0.0625,0.0,2,2,resolución de problemas complejos
Civil,resolver,0.06663719303029053,13,32,12,31,0.40625,0.3870967741935484,12,13,resolver
Civil,resolver diversas necesidades,-0.044394119358453395,1,32,1,31,0.03125,0.03225806451612903,1,1,resolver diversas necesidades
Civil,resolver las diferencias,-0.044394119358453395,1,32,1,31,0.03125,0.03225806451612903,1,1,resolver las diferencias
Civil,resolver problemas,0.09999578997672141,10,32,9,31,0.3125,0.2903225806451613,9,10,resolver problemas
Civil,resolver problemas complejos,1.8300749985576876,5,32,1,31,0.15625,0.03225806451612903,4,5,resolver problemas complejos
Civil,resolver problemas complejos mediante,2.277533975528909,2,32,0,31,0.0625,0.0,1,2,resolver problemas complejos mediante
Civil,resolver problemas con enfasis,-0.044394119358453395,1,32,1,31,0.03125,0.03225806451612903,1,1,resolver problemas con énfasis
Civil,resolviendo,-0.044394119358453395,1,32,1,31,0.03125,0.03225806451612903,1,1,resolviendo
Civil,respetando,0.4410327078117884,3,32,2,31,0.09375,0.06451612903225806,3,3,respetando
Civil,respetando la diversidad,0.6925714748077527,2,32,1,31,0.0625,0.03225806451612903,2,2,respetando la diversidad
Civil,respeto,-1.6293566200796095,1,32,4,31,0.03125,0.12903225806451613,1,1,respeto
Civil,respondan,-2.3663222142458156,0,32,2,31,0.0,0.06451612903225806,0,0,respondan
Civil,responden,2.277533975528909,2,32,0,31,0.0625,0.0,2,2,responden
Civil,responder,-0.7813597135246597,1,32,2,31,0.03125,0.06451612903225806,1,1,responder
Civil,respondiendo,-0.044394119358453395,1,32,1,31,0.03125,0.03225806451612903,1,1,respondiendo
Civil,responsabilidad,0.08685041391979925,11,32,10,31,0.34375,0.3225806451612903,11,11,responsabilidad
Civil,responsabilidad social,0.2966427984766137,9,32,7,31,0.28125,0.22580645161290322,9,9,responsabilidad social
Civil,responsable,1.3341175038952762,6,32,2,31,0.1875,0.06451612903225806,6,6,responsable
Civil,respuesta,-2.3663222142458156,0,32,2,31,0.0,0.06451612903225806,0,0,respuesta
Civil,restricciones,-0.044394119358453395,1,32,1,31,0.03125,0.03225806451612903,1,1,restricciones
Civil,resultados,-0.7813597135246597,1,32,2,31,0.03125,0.06451612903225806,1,1,resultados
Civil,resultados de aprendizaje,-2.3663222142458156,0,32,2,31,0.0,0.06451612903225806,0,0,resultados de aprendizaje
Civil,revolucion,-0.044394119358453395,1,32,1,31,0.03125,0.03225806451612903,1,1,revolución
Civil,revolucion tecnologica,-0.044394119358453395,1,32,1,31,0.03125,0.03225806451612903,1,1,revolución tecnológica
Civil,riesgos,-0.8923910259134035,2,32,4,31,0.0625,0.12903225806451613,2,2,riesgos
Civil,rigurosa,-0.044394119358453395,1,32,1,31,0.03125,0.03225806451612903,1,1,rigurosa
Civil,rigurosa base,-0.044394119358453395,1,32,1,31,0.03125,0.03225806451612903,1,1,rigurosa base
Civil,robotica,-0.044394119358453395,1,32,1,31,0.03125,0.03225806451612903,1,1,robótica
Civil,rol,-0.7813597135246597,1,32,2,31,0.03125,0.06451612903225806,1,1,rol
Civil,roles,-2.3663222142458156,0,32,2,31,0.0,0.06451612903225806,0,0,roles
Civil,saberes,-2.3663222142458156,0,32,2,31,0.0,0.06451612903225806,0,0,saberes
Civil,salud,-0.044394119358453395,1,32,1,31,0.03125,0.03225806451612903,1,1,salud
Civil,san,-0.044394119358453395,1,32,1,31,0.03125,0.03225806451612903,1,1,san
Civil,santa,-0.044394119358453395,1,32,1,31,0.03125,0.03225806451612903,1,1,santa
Civil,santa maria,-0.044394119358453395,1,32,1,31,0.03125,0.03225806451612903,1,1,santa maría
Civil,santisima,-0.7813597135246597,1,32,2,31,0.03125,0.06451612903225806,1,1,santísima
Civil,santo,-2.3663222142458156,0,32,2,31,0.0,0.06451612903225806,0,0,santo
Civil,santo tomas,-2.3663222142458156,0,32,2,31,0.0,0.06451612903225806,0,0,santo tomas
Civil,satisfacer,0.6925714748077527,2,32,1,31,0.0625,0.03225806451612903,2,2,satisfacer
Civil,satisfacer las necesidades,2.277533975528909,2,32,0,31,0.0625,0.0,2,2,satisfacer las necesidades
Civil,satisfacer los requerimientos,-0.044394119358453395,1,32,1,31,0.03125,0.03225806451612903,1,1,satisfacer los requerimientos
Civil,sea,-0.7813597135246597,1,32,2,31,0.03125,0.06451612903225806,1,1,sea
Civil,sebastian,-2.3663222142458156,0,32,2,31,0.0,0.06451612903225806,0,0,sebastián
Civil,sector,-0.4069641987431617,3,32,4,31,0.09375,0.12903225806451613,3,3,sector
Civil,sector publico,-0.044394119358453395,2,32,2,31,0.0625,0.06451612903225806,2,2,sector público
Civil,sede,0.6925714748077527,2,32,1,31,0.0625,0.03225806451612903,1,2,sede
Civil,segun,-1.9188632372745944,1,32,5,31,0.03125,0.16129032258064516,1,1,según
Civil,segundo,2.277533975528909,2,32,0,31,0.0625,0.0,2,2,segundo
Civil,seguridad,-0.480493234165127,8,32,11,31,0.25,0.3548387096774194,8,8,seguridad
Civil,seguridad de la informacion,-0.6964708159381465,3,32,5,31,0.09375,0.16129032258064516,3,3,seguridad de la información
Civil,sello distintivo,-0.044394119358453395,1,32,1,31,0.03125,0.03225806451612903,1,1,sello distintivo
Civil,sello valorico,-2.3663222142458156,0,32,2,31,0.0,0.06451612903225806,0,0,sello valórico
Civil,semestres,1.1779983019779945,3,32,1,31,0.09375,0.03225806451612903,2,3,semestres
Civil,sentido,-0.3339007365534385,4,32,5,31,0.125,0.16129032258064516,4,4,sentido
Civil,sentido amplio,-0.044394119358453395,1,32,1,31,0.03125,0.03225806451612903,1,1,sentido amplio
Civil,sentido amplio de responsabilidad,-0.044394119358453395,1,32,1,31,0.03125,0.03225806451612903,1,1,sentido amplio de responsabilidad
Civil,sentido de responsabilidad,2.277533975528909,2,32,0,31,0.0625,0.0,2,2,sentido de responsabilidad
Civil,sentido etico,-0.044394119358453395,1,32,1,31,0.03125,0.03225806451612903,1,1,sentido ético
Civil,serena,2.277533975528909,2,32,0,31,0.0625,0.0,2,2,serena
Civil,servicio,-0.5298209465286953,2,32,3,31,0.0625,0.0967741935483871,2,2,servicio
Civil,servicios,-0.34924870088687426,8,32,10,31,0.25,0.3225806451612903,8,8,servicios
Civil,servicios asociados,-0.044394119358453395,1,32,1,31,0.03125,0.03225806451612903,1,1,servicios asociados
Civil,servicios tecnologicos,-2.3663222142458156,0,32,2,31,0.0,0.06451612903225806,0,0,servicios tecnológicos
Civil,siempre,2.277533975528909,2,32,0,31,0.0625,0.0,2,2,siempre
Civil,siendo,1.0931094043914815,5,32,2,31,0.15625,0.06451612903225806,4,5,siendo
Civil,siendo capaz de aplicar,2.277533975528909,2,32,0,31,0.0625,0.0,1,2,siendo capaz de aplicar
Civil,siendo capaz de resolver,-0.044394119358453395,1,32,1,31,0.03125,0.03225806451612903,1,1,siendo capaz de resolver
Civil,siguiendo,-0.044394119358453395,1,32,1,31,0.03125,0.03225806451612903,1,1,siguiendo
Civil,siguiente,-0.044394119358453395,1,32,1,31,0.03125,0.03225806451612903,1,1,siguiente
Civil,siguiente perfil,-0.044394119358453395,1,32,1,31,0.03125,0.03225806451612903,1,1,siguiente perfil
Civil,sintesis,-2.3663222142458156,0,32,2,31,0.0,0.06451612903225806,0,0,síntesis
Civil,sistemas,-0.24143096641800704,20,32,23,31,0.625,0.7419354838709677,20,20,sistemas
Civil,sistemas computacionales,1.0931094043914815,5,32,2,31,0.15625,0.06451612903225806,5,5,sistemas computacionales
Civil,sistemas de informacion,-0.5918819146609469,6,32,9,31,0.1875,0.2903225806451613,6,6,sistemas de información
Civil,sistemas de redes,0.6925714748077527,2,32,1,31,0.0625,0.03225806451612903,2,2,sistemas de redes
Civil,sistemas de software,0.6925714748077527,2,32,1,31,0.0625,0.03225806451612903,2,2,sistemas de software
Civil,sistemas inteligentes,-0.7813597135246597,1,32,2,31,0.03125,0.06451612903225806,1,1,sistemas inteligentes
Civil,sistematica,2.277533975528909,2,32,0,31,0.0625,0.0,2,2,sistemática
Civil,sistematicamente,-2.3663222142458156,0,32,2,31,0.0,0.06451612903225806,0,0,sistemáticamente
Civil,sistematico,-0.044394119358453395,1,32,1,31,0.03125,0.03225806451612903,1,1,sistemático
Civil,sistemica,-0.044394119358453395,1,32,1,31,0.03125,0.03225806451612903,1,1,sistémica
Civil,situaciones,-0.8923910259134035,2,32,4,31,0.0625,0.12903225806451613,2,2,situaciones
Civil,social,0.44103270781178816,17,32,12,31,0.53125,0.3870967741935484,17,17,social
Civil,sociales,-0.4069641987431617,3,32,4,31,0.09375,0.12903225806451613,3,3,sociales
Civil,socialmente,2.277533975528909,2,32,0,31,0.0625,0.0,2,2,socialmente
Civil,socialmente responsable,2.277533975528909,2,32,0,31,0.0625,0.0,2,2,socialmente responsable
Civil,sociedad,0.8731437204495736,8,32,4,31,0.25,0.12903225806451613,8,8,sociedad
Civil,software,-0.1852566551983029,19,32,21,31,0.59375,0.6774193548387096,19,19,software
Civil,software innovadoras,-0.044394119358453395,1,32,1,31,0.03125,0.03225806451612903,1,1,software innovadoras
Civil,solidos,0.8036027871964965,4,32,2,31,0.125,0.06451612903225806,4,4,sólidos
Civil,solucion,-1.6293566200796095,1,32,4,31,0.03125,0.12903225806451613,1,1,solución
Civil,solucionar,2.277533975528909,2,32,0,31,0.0625,0.0,2,2,solucionar
Civil,solucionar problemas,2.277533975528909,2,32,0,31,0.0625,0.0,2,2,solucionar problemas
Civil,soluciones,0.08990697235313747,22,32,20,31,0.6875,0.6451612903225806,22,22,soluciones
Civil,soluciones computacionales,3.415037499278844,5,32,0,31,0.15625,0.0,5,5,soluciones computacionales
Civil,soluciones consideran,-0.044394119358453395,1,32,1,31,0.03125,0.03225806451612903,1,1,soluciones consideran
Civil,soluciones consideran las arquitecturas,-0.044394119358453395,1,32,1,31,0.03125,0.03225806451612903,1,1,soluciones consideran las arquitecturas
Civil,soluciones creativas,2.277533975528909,2,32,0,31,0.0625,0.0,2,2,soluciones creativas
Civil,soluciones de software,-0.044394119358453395,3,32,3,31,0.09375,0.0967741935483871,3,3,soluciones de software
Civil,soluciones de software innovadoras,-0.044394119358453395,1,32,1,31,0.03125,0.03225806451612903,1,1,soluciones de software innovadoras
Civil,soluciones eficientes,-1.2667865406949013,1,32,3,31,0.03125,0.0967741935483871,1,1,soluciones eficientes
Civil,soluciones eficientes de software,-0.044394119358453395,1,32,1,31,0.03125,0.03225806451612903,1,1,soluciones eficientes de software
Civil,soluciones innovadoras,-0.8923910259134035,2,32,4,31,0.0625,0.12903225806451613,2,2,soluciones innovadoras
Civil,soluciones integrales,-0.7813597135246597,1,32,2,31,0.03125,0.06451612903225806,1,1,soluciones integrales
Civil,soluciones tecnologicas,-0.9619319591664807,4,32,8,31,0.125,0.25806451612903225,4,4,soluciones tecnológicas
Civil,soluciones tecnologicas innovadoras,-2.3663222142458156,0,32,2,31,0.0,0.06451612903225806,0,0,soluciones tecnológicas innovadoras
Civil,soluciones tic,-0.7813597135246597,1,32,2,31,0.03125,0.06451612903225806,1,1,soluciones tic
Civil,soluciones tic requeridas,-0.044394119358453395,1,32,1,31,0.03125,0.03225806451612903,1,1,soluciones tic requeridas
Civil,soporte,-0.7813597135246597,1,32,2,31,0.03125,0.06451612903225806,1,1,soporte
Civil,sostenibilidad,-0.044394119358453395,2,32,2,31,0.0625,0.06451612903225806,2,2,sostenibilidad
Civil,sostenible,1.7211406270045235,8,32,2,31,0.25,0.06451612903225806,8,8,sostenible
Civil,sostenibles,2.762960802699151,3,32,0,31,0.09375,0.0,3,3,sostenibles
Civil,surgen,-0.044394119358453395,1,32,1,31,0.03125,0.03225806451612903,1,1,surgen
Civil,sustentabilidad,-0.7813597135246597,1,32,2,31,0.03125,0.06451612903225806,1,1,sustentabilidad
Civil,sustentable,-0.5298209465286953,2,32,3,31,0.0625,0.0967741935483871,2,2,sustentable
Civil,tales,1.1779983019779945,3,32,1,31,0.09375,0.03225806451612903,3,3,tales
Civil,tareas,-2.3663222142458156,0,32,2,31,0.0,0.06451612903225806,0,0,tareas
Civil,tecnica,-0.044394119358453395,2,32,2,31,0.0625,0.06451612903225806,2,2,técnica
Civil,tecnica federico,-0.044394119358453395,1,32,1,31,0.03125,0.03225806451612903,1,1,técnica federico
Civil,tecnica federico santa,-0.044394119358453395,1,32,1,31,0.03125,0.03225806451612903,1,1,técnica federico santa
Civil,tecnica federico santa maria,-0.044394119358453395,1,32,1,31,0.03125,0.03225806451612903,1,1,técnica federico santa maría
Civil,tecnicas,0.6076825772212396,5,32,3,31,0.15625,0.0967741935483871,5,5,técnicas
Civil,tecnico,1.1779983019779945,3,32,1,31,0.09375,0.03225806451612903,3,3,técnico
Civil,tecnicos,-1.1818976431083883,2,32,5,31,0.0625,0.16129032258064516,2,2,técnicos
Civil,tecnologia,-0.04439411935845356,5,32,5,31,0.15625,0.16129032258064516,5,5,tecnología
Civil,tecnologia de informacion,-0.044394119358453395,1,32,1,31,0.03125,0.03225806451612903,1,1,tecnología de información
Civil,tecnologia de la informacion,-2.8517490414160576,0,32,3,31,0.0,0.0967741935483871,0,0,tecnología de la información
Civil,tecnologias,0.015726873079117385,24,32,23,31,0.75,0.7419354838709677,23,24,tecnologías
Civil,tecnologias de informacion,0.16205675810897274,7,32,6,31,0.21875,0.1935483870967742,7,7,tecnologías de información
Civil,tecnologias de la informacion,-0.27571966546490906,11,32,13,31,0.34375,0.41935483870967744,10,11,tecnologías de la información
Civil,tecnologias de vanguardia,-2.3663222142458156,0,32,2,31,0.0,0.06451612903225806,0,0,tecnologías de vanguardia
Civil,tecnologias digitales,2.277533975528909,2,32,0,31,0.0625,0.0,2,2,tecnologías digitales
Civil,tecnologias emergentes,-1.2667865406949013,1,32,3,31,0.03125,0.0967741935483871,1,1,tecnologías emergentes
Civil,tecnologias relacionadas,-0.044394119358453395,1,32,1,31,0.03125,0.03225806451612903,1,1,tecnologías relacionadas
Civil,tecnologica,0.1160705528347929,9,32,8,31,0.28125,0.25806451612903225,9,9,tecnológica
Civil,tecnologica metropolitana,-0.044394119358453395,1,32,1,31,0.03125,0.03225806451612903,1,1,tecnológica metropolitana
Civil,tecnologicas,-0.6610654798069477,7,32,11,31,0.21875,0.3548387096774194,7,7,tecnológicas
Civil,tecnologicas innovadoras,-2.3663222142458156,0,32,2,31,0.0,0.06451612903225806,0,0,tecnológicas innovadoras
Civil,tecnologico,0.8486906767250345,6,32,3,31,0.1875,0.0967741935483871,6,6,tecnológico
Civil,tecnologicos,-0.9878105909920859,6,32,12,31,0.1875,0.3870967741935484,6,6,tecnológicos
Civil,telecomunicaciones,0.8036027871964965,4,32,2,31,0.125,0.06451612903225806,4,4,telecomunicaciones
Civil,teorica,2.277533975528909,2,32,0,31,0.0625,0.0,2,2,teórica
Civil,teoricos,0.6925714748077527,2,32,1,31,0.0625,0.03225806451612903,2,2,teóricos
Civil,termino,2.277533975528909,2,32,0,31,0.0625,0.0,2,2,término
Civil,ti,-0.3339007365534385,4,32,5,31,0.125,0.16129032258064516,4,4,ti
Civil,ti junto,-0.044394119358453395,1,32,1,31,0.03125,0.03225806451612903,1,1,ti junto
Civil,tic,-0.6964708159381465,3,32,5,31,0.09375,0.16129032258064516,3,3,tic
Civil,tic requeridas,-0.044394119358453395,1,32,1,31,0.03125,0.03225806451612903,1,1,tic requeridas
Civil,tiempo,-0.044394119358453395,2,32,2,31,0.0625,0.06451612903225806,2,2,tiempo
Civil,tipo,-0.044394119358453395,2,32,2,31,0.0625,0.06451612903225806,2,2,tipo
Civil,tipo de organizacion,-0.044394119358453395,1,32,1,31,0.03125,0.03225806451612903,1,1,tipo de organización
Civil,titulada,-0.044394119358453395,1,32,1,31,0.03125,0.03225806451612903,1,1,titulada
Civil,titulo,1.5405683813627025,4,32,1,31,0.125,0.03225806451612903,4,4,título
Civil,titulo profesional,1.1779983019779945,3,32,1,31,0.09375,0.03225806451612903,3,3,título profesional
Civil,toma,-0.6724253419714956,5,32,8,31,0.15625,0.25806451612903225,5,5,toma
Civil,tomando,-0.7813597135246597,1,32,2,31,0.03125,0.06451612903225806,1,1,tomando
Civil,tomando en consideracion,-2.3663222142458156,0,32,2,31,0.0,0.06451612903225806,0,0,tomando en consideración
Civil,tomar,-0.7813597135246597,1,32,2,31,0.03125,0.06451612903225806,1,1,tomar
Civil,tomar decisiones,-0.7813597135246597,1,32,2,31,0.03125,0.06451612903225806,1,1,tomar decisiones
Civil,tomas,-2.3663222142458156,0,32,2,31,0.0,0.06451612903225806,0,0,tomas
Civil,trabaja,-0.7813597135246597,1,32,2,31,0.03125,0.06451612903225806,1,1,trabaja
Civil,trabaja colaborativamente,-0.044394119358453395,1,32,1,31,0.03125,0.03225806451612903,1,1,trabaja colaborativamente
Civil,trabajar,-0.7813597135246597,4,32,7,31,0.125,0.22580645161290322,4,4,trabajar
Civil,trabajar colaborativamente,-0.7813597135246597,1,32,2,31,0.03125,0.06451612903225806,1,1,trabajar colaborativamente
Civil,trabajar colaborativamente en equipos,-0.044394119358453395,1,32,1,31,0.03125,0.03225806451612903,1,1,trabajar colaborativamente en equipos
Civil,trabajar en equipo,-0.044394119358453395,1,32,1,31,0.03125,0.03225806451612903,1,1,trabajar en equipo
Civil,trabajar en equipos,-0.044394119358453395,2,32,2,31,0.0625,0.06451612903225806,2,2,trabajar en equipos
Civil,trabajar en equipos multidisciplinarios,0.6925714748077527,2,32,1,31,0.0625,0.03225806451612903,2,2,trabajar en equipos multidisciplinarios
Civil,trabajo,-0.044394119358453395,15,32,15,31,0.46875,0.4838709677419355,15,15,trabajo
Civil,trabajo colaborativo,-1.2667865406949013,1,32,3,31,0.03125,0.0967741935483871,1,1,trabajo colaborativo
Civil,trabajo en equipo,-0.044394119358453395,3,32,3,31,0.09375,0.0967741935483871,3,3,trabajo en equipo
Civil,trabajo en equipos,0.6925714748077527,2,32,1,31,0.0625,0.03225806451612903,2,2,trabajo en equipos
Civil,trabajo en equipos multidisciplinarios,2.277533975528909,2,32,0,31,0.0625,0.0,2,2,trabajo en equipos multidisciplinarios
Civil,trabajo interdisciplinarios,-0.7813597135246597,1,32,2,31,0.03125,0.06451612903225806,1,1,trabajo interdisciplinarios
Civil,trabajo multidisciplinarios,-0.044394119358453395,2,32,2,31,0.0625,0.06451612903225806,2,2,trabajo multidisciplinarios
Civil,transferencia,0.6925714748077527,2,32,1,31,0.0625,0.03225806451612903,2,2,transferencia
Civil,transformacion,-0.5918819146609469,6,32,9,31,0.1875,0.2903225806451613,6,6,transformación
Civil,transformacion digital,-0.7813597135246597,4,32,7,31,0.125,0.22580645161290322,4,4,transformación digital
Civil,trascendente,-2.3663222142458156,0,32,2,31,0.0,0.06451612903225806,0,0,trascendente
Civil,traves,-0.2048587915516995,8,32,9,31,0.25,0.2903225806451613,8,8,través
Civil,traves del uso,-2.3663222142458156,0,32,2,31,0.0,0.06451612903225806,0,0,través del uso
Civil,trayectoria,-0.044394119358453395,2,32,2,31,0.0625,0.06451612903225806,2,2,trayectoria
Civil,trayectoria formativa,-0.044394119358453395,1,32,1,31,0.03125,0.03225806451612903,1,1,trayectoria formativa
Civil,ucn,-0.044394119358453395,1,32,1,31,0.03125,0.03225806451612903,1,1,ucn
Civil,ucn posee competencias,-0.044394119358453395,1,32,1,31,0.03125,0.03225806451612903,1,1,ucn posee competencias
Civil,ucn posee competencias genericas,-0.044394119358453395,1,32,1,31,0.03125,0.03225806451612903,1,1,ucn posee competencias genéricas
Civil,ultimo,2.277533975528909,2,32,0,31,0.0625,0.0,2,2,último
Civil,universitario,-0.044394119358453395,1,32,1,31,0.03125,0.03225806451612903,1,1,universitario
Civil,uso,-0.5918819146609469,6,32,9,31,0.1875,0.2903225806451613,5,6,uso
Civil,uso avanzado,2.277533975528909,2,32,0,31,0.0625,0.0,1,2,uso avanzado
Civil,uso de herramientas,-2.3663222142458156,0,32,2,31,0.0,0.06451612903225806,0,0,uso de herramientas
Civil,uso de herramientas tecnologicas,-2.3663222142458156,0,32,2,31,0.0,0.06451612903225806,0,0,uso de herramientas tecnológicas
Civil,uso de metodologias,-2.3663222142458156,0,32,2,31,0.0,0.06451612903225806,0,0,uso de metodologías
Civil,uso de recursos,-0.044394119358453395,1,32,1,31,0.03125,0.03225806451612903,1,1,uso de recursos
Civil,usuario,-2.8517490414160576,0,32,3,31,0.0,0.0967741935483871,0,0,usuario
Civil,usuarios,-0.044394119358453395,2,32,2,31,0.0625,0.06451612903225806,2,2,usuarios
Civil,utiliza,-0.7813597135246597,1,32,2,31,0.03125,0.06451612903225806,1,1,utiliza
Civil,utiliza tecnicas,-0.044394119358453395,1,32,1,31,0.03125,0.03225806451612903,1,1,utiliza técnicas
Civil,utilizacion,-2.3663222142458156,0,32,2,31,0.0,0.06451612903225806,0,0,utilización
Civil,utilizando,-0.9374789154419416,3,32,6,31,0.09375,0.1935483870967742,3,3,utilizando
Civil,utilizando herramientas,-0.044394119358453395,2,32,2,31,0.0625,0.06451612903225806,2,2,utilizando herramientas
Civil,valiosa,-0.044394119358453395,1,32,1,31,0.03125,0.03225806451612903,1,1,valiosa
Civil,valor,-0.4918530963296749,5,32,7,31,0.15625,0.22580645161290322,5,5,valor
Civil,valor en el contexto,-2.3663222142458156,0,32,2,31,0.0,0.06451612903225806,0,0,valor en el contexto
Civil,valor estrategico,2.277533975528909,2,32,0,31,0.0625,0.0,2,2,valor estratégico
Civil,valores,3.1255308820838588,4,32,0,31,0.125,0.0,4,4,valores
Civil,valores eticos,2.277533975528909,2,32,0,31,0.0625,0.0,2,2,valores éticos
Civil,valorica,-0.044394119358453395,1,32,1,31,0.03125,0.03225806451612903,1,1,valórica
Civil,valorico,-2.3663222142458156,0,32,2,31,0.0,0.06451612903225806,0,0,valórico
Civil,vanguardia,-1.2667865406949013,1,32,3,31,0.03125,0.0967741935483871,1,1,vanguardia
Civil,ver,0.6925714748077527,2,32,1,31,0.0625,0.03225806451612903,2,2,ver
Civil,vez,-0.044394119358453395,1,32,1,31,0.03125,0.03225806451612903,1,1,vez
Civil,vida,0.3181759600262548,4,32,3,31,0.125,0.0967741935483871,3,4,vida
Civil,vigente,-0.5298209465286953,2,32,3,31,0.0625,0.0967741935483871,2,2,vigente
Civil,vigentes,-0.044394119358453395,1,32,1,31,0.03125,0.03225806451612903,1,1,vigentes
Civil,vinculacion,-0.044394119358453395,1,32,1,31,0.03125,0.03225806451612903,1,1,vinculación
Civil,vinculados,-0.044394119358453395,1,32,1,31,0.03125,0.03225806451612903,1,1,vinculados
Civil,vision,-0.04439411935845356,5,32,5,31,0.15625,0.16129032258064516,5,5,visión
Civil,vision integral,2.277533975528909,2,32,0,31,0.0625,0.0,2,2,visión integral
Civil,vision orientada,-2.3663222142458156,0,32,2,31,0.0,0.06451612903225806,0,0,visión orientada
Civil,visualizacion,-2.3663222142458156,0,32,2,31,0.0,0.06451612903225806,0,0,visualización
Civil,volumenes,1.1779983019779945,3,32,1,31,0.09375,0.03225806451612903,3,3,volúmenes
Civil,volumenes de datos,0.6925714748077527,2,32,1,31,0.0625,0.03225806451612903,2,2,volúmenes de datos
Civil,web,-0.044394119358453395,1,32,1,31,0.03125,0.03225806451612903,1,1,web
Ejecución,abarcando,0.9757524537533226,0,5,2,58,0.0,0.034482758620689655,0,0,abarcando
Ejecución,abordar,0.12775554719837268,0,5,4,58,0.0,0.06896551724137931,0,0,abordar
Ejecución,abstraccion,0.12775554719837268,0,5,4,58,0.0,0.06896551724137931,0,0,abstracción
Ejecución,academico,-0.1617510699966122,0,5,5,58,0.0,0.08620689655172414,0,0,académico
Ejecución,acciones,2.0752881273042374,1,5,3,58,0.2,0.05172413793103448,1,1,acciones
Ejecución,acorde,0.4903256265830809,0,5,3,58,0.0,0.05172413793103448,0,0,acorde
Ejecución,actitud,-0.40275916950040713,0,5,6,58,0.0,0.10344827586206896,0,0,actitud
Ejecución,actitud de liderazgo,0.9757524537533226,0,5,2,58,0.0,0.034482758620689655,0,0,actitud de liderazgo
Ejecución,actitud emprendedora,0.9757524537533226,0,5,2,58,0.0,0.034482758620689655,0,0,actitud emprendedora
Ejecución,activa,0.4903256265830809,0,5,3,58,0.0,0.05172413793103448,0,0,activa
Ejecución,activamente,2.560714954474479,1,5,2,58,0.2,0.034482758620689655,1,1,activamente
Ejecución,actividades,0.4903256265830809,0,5,3,58,0.0,0.05172413793103448,0,0,actividades
Ejecución,actua,0.4903256265830809,0,5,3,58,0.0,0.05172413793103448,0,0,actúa
Ejecución,actualizacion,-0.40275916950040713,0,5,6,58,0.0,0.10344827586206896,0,0,actualización
Ejecución,actualizar,0.9757524537533226,0,5,2,58,0.0,0.034482758620689655,0,0,actualizar
Ejecución,actualizarse,0.9757524537533226,0,5,2,58,0.0,0.034482758620689655,0,0,actualizarse
Ejecución,actualizarse permanentemente,0.9757524537533226,0,5,2,58,0.0,0.034482758620689655,0,0,actualizarse permanentemente
Ejecución,actuando,0.9757524537533226,0,5,2,58,0.0,0.034482758620689655,0,0,actuando
Ejecución,actuar,0.12775554719837268,0,5,4,58,0.0,0.06896551724137931,0,0,actuar
Ejecución,adapta,0.9757524537533226,0,5,2,58,0.0,0.034482758620689655,0,0,adapta
Ejecución,adaptacion,2.560714954474479,1,5,2,58,0.2,0.034482758620689655,1,1,adaptación
Ejecución,adaptandose,0.4903256265830809,0,5,3,58,0.0,0.05172413793103448,0,0,adaptándose
Ejecución,adaptarse,1.1822033312207492,1,5,6,58,0.2,0.10344827586206896,1,1,adaptarse
Ejecución,adaptarse activa,0.9757524537533226,0,5,2,58,0.0,0.034482758620689655,0,0,adaptarse activa
Ejecución,adecuada,0.4903256265830809,0,5,3,58,0.0,0.05172413793103448,0,0,adecuada
Ejecución,adelante,3.297680548640685,1,5,1,58,0.2,0.017241379310344827,1,1,adelante
Ejecución,ademas,-0.07155326102503405,1,5,15,58,0.2,0.25862068965517243,1,1,además
Ejecución,ademas de planificar,0.9757524537533226,0,5,2,58,0.0,0.034482758620689655,0,0,además de planificar
Ejecución,adicionalmente,0.4903256265830809,0,5,3,58,0.0,0.05172413793103448,0,0,adicionalmente
Ejecución,administracion,-0.1617510699966122,0,5,5,58,0.0,0.08620689655172414,0,0,administración
Ejecución,administrador,0.9757524537533226,0,5,2,58,0.0,0.034482758620689655,0,0,administrador
Ejecución,administrar,1.7127180479195288,1,5,4,58,0.2,0.06896551724137931,1,1,administrar
Ejecución,administrar proyectos,3.297680548640685,1,5,1,58,0.2,0.017241379310344827,1,1,administrar proyectos
Ejecución,admision,0.9757524537533226,0,5,2,58,0.0,0.034482758620689655,0,0,admisión
Ejecución,adopcion,0.9757524537533226,0,5,2,58,0.0,0.034482758620689655,0,0,adopción
Ejecución,adquiridos,0.9757524537533226,0,5,2,58,0.0,0.034482758620689655,0,0,adquiridos
Ejecución,adquisicion,0.9757524537533226,0,5,2,58,0.0,0.034482758620689655,0,0,adquisición
Ejecución,agil,0.9757524537533226,0,5,2,58,0.0,0.034482758620689655,0,0,ágil
Ejecución,agiles,0.12775554719837268,0,5,4,58,0.0,0.06896551724137931,0,0,ágiles
Ejecución,alcance,0.4903256265830809,0,5,3,58,0.0,0.05172413793103448,0,0,alcance
Ejecución,algoritmos,0.9757524537533226,0,5,2,58,0.0,0.034482758620689655,0,0,algoritmos
Ejecución,alinearlos,0.9757524537533226,0,5,2,58,0.0,0.034482758620689655,0,0,alinearlos
Ejecución,altamente,0.9757524537533226,0,5,2,58,0.0,0.034482758620689655,0,0,altamente
Ejecución,ambiental,-0.6092100469678334,0,5,7,58,0.0,0.1206896551724138,0,0,ambiental
Ejecución,ambientales,0.12775554719837268,0,5,4,58,0.0,0.06896551724137931,0,0,ambientales
Ejecución,ambiente,-0.1617510699966122,0,5,5,58,0.0,0.08620689655172414,0,0,ambiente
Ejecución,ambito,0.12775554719837268,1,5,13,58,0.2,0.22413793103448276,1,1,ámbito
Ejecución,ambitos,1.712718047919529,2,5,7,58,0.4,0.1206896551724138,1,1,ámbitos
Ejecución,amplia,0.9757524537533226,0,5,2,58,0.0,0.034482758620689655,0,0,amplia
Ejecución,amplio,0.4903256265830809,0,5,3,58,0.0,0.05172413793103448,0,0,amplio
Ejecución,amplio de responsabilidad,0.9757524537533226,0,5,2,58,0.0,0.034482758620689655,0,0,amplio de responsabilidad
Ejecución,amplio de responsabilidad social,0.9757524537533226,0,5,2,58,0.0,0.034482758620689655,0,0,amplio de responsabilidad social
Ejecución,analisis,-1.225881407416328,0,5,11,58,0.0,0.1896551724137931,0,0,análisis
Ejecución,analisis de datos,-0.40275916950040713,0,5,6,58,0.0,0.10344827586206896,0,0,análisis de datos
Ejecución,analista,0.12775554719837268,0,5,4,58,0.0,0.06896551724137931,0,0,analista
Ejecución,analista de sistemas,0.9757524537533226,0,5,2,58,0.0,0.034482758620689655,0,0,analista de sistemas
Ejecución,analitica,1.1822033312207492,1,5,6,58,0.2,0.10344827586206896,1,1,analítica
Ejecución,analitica de datos,0.9757524537533226,0,5,2,58,0.0,0.034482758620689655,0,0,analítica de datos
Ejecución,analizar,0.23878685958711676,1,5,12,58,0.2,0.20689655172413793,1,1,analizar
Ejecución,analizar grandes,0.9757524537533226,0,5,2,58,0.0,0.034482758620689655,0,0,analizar grandes
Ejecución,analizar grandes volumenes,0.9757524537533226,0,5,2,58,0.0,0.034482758620689655,0,0,analizar grandes volúmenes
Ejecución,anterior,3.297680548640685,1,5,1,58,0.2,0.017241379310344827,1,1,anterior
Ejecución,aplica,1.7127180479195288,1,5,4,58,0.2,0.06896551724137931,1,1,aplica
Ejecución,aplicacion,0.7951802081115019,1,5,8,58,0.2,0.13793103448275862,1,1,aplicación
Ejecución,aplicaciones,-0.6092100469678334,0,5,7,58,0.0,0.1206896551724138,0,0,aplicaciones
Ejecución,aplicada,-1.225881407416328,0,5,11,58,0.0,0.1896551724137931,0,0,aplicada
Ejecución,aplicadas,0.9757524537533226,0,5,2,58,0.0,0.034482758620689655,0,0,aplicadas
Ejecución,aplicando,0.3590810933048283,1,5,11,58,0.2,0.1896551724137931,1,1,aplicando
Ejecución,aplicando criterios,0.9757524537533226,0,5,2,58,0.0,0.034482758620689655,0,0,aplicando criterios
Ejecución,aplicar,0.3590810933048283,1,5,11,58,0.2,0.1896551724137931,1,1,aplicar
Ejecución,aplicar principios,0.9757524537533226,0,5,2,58,0.0,0.034482758620689655,0,0,aplicar principios
Ejecución,aporta,0.9757524537533226,0,5,2,58,0.0,0.034482758620689655,0,0,aporta
Ejecución,aportando,0.4903256265830809,0,5,3,58,0.0,0.05172413793103448,0,0,aportando
Ejecución,aporte,0.9757524537533226,0,5,2,58,0.0,0.034482758620689655,0,0,aporte
Ejecución,apoyar,-0.40275916950040713,0,5,6,58,0.0,0.10344827586206896,0,0,apoyar
Ejecución,aprender,-0.1617510699966122,0,5,5,58,0.0,0.08620689655172414,0,0,aprender
Ejecución,aprender de forma,0.9757524537533226,0,5,2,58,0.0,0.034482758620689655,0,0,aprender de forma
Ejecución,aprender de forma autonoma,0.9757524537533226,0,5,2,58,0.0,0.034482758620689655,0,0,aprender de forma autónoma
Ejecución,aprendizaje,-1.7467135707177681,0,5,16,58,0.0,0.27586206896551724,0,0,aprendizaje
Ejecución,area,0.4903256265830811,1,5,10,58,0.2,0.1724137931034483,1,1,área
Ejecución,area de desempeno,0.9757524537533226,0,5,2,58,0.0,0.034482758620689655,0,0,área de desempeño
Ejecución,areas,0.02466205423426903,1,5,14,58,0.2,0.2413793103448276,1,1,áreas
Ejecución,areas de desarrollo,0.4903256265830809,0,5,3,58,0.0,0.05172413793103448,0,0,áreas de desarrollo
Ejecución,arquitectura,0.4903256265830809,0,5,3,58,0.0,0.05172413793103448,0,0,arquitectura
Ejecución,arquitectura de software,0.9757524537533226,0,5,2,58,0.0,0.034482758620689655,0,0,arquitectura de software
Ejecución,arquitecturas,0.4903256265830809,0,5,3,58,0.0,0.05172413793103448,0,0,arquitecturas
Ejecución,arquitecturas ti,0.9757524537533226,0,5,2,58,0.0,0.034482758620689655,0,0,arquitecturas ti
Ejecución,arquitecturas ti junto,0.9757524537533226,0,5,2,58,0.0,0.034482758620689655,0,0,arquitecturas ti junto
Ejecución,artificial,-1.4572069535227836,0,5,13,58,0.0,0.22413793103448276,0,0,artificial
Ejecución,asegurando,0.4903256265830809,0,5,3,58,0.0,0.05172413793103448,0,0,asegurando
Ejecución,asesor,0.9757524537533226,0,5,2,58,0.0,0.034482758620689655,0,0,asesor
Ejecución,asesorias,0.4903256265830809,0,5,3,58,0.0,0.05172413793103448,0,0,asesorías
Ejecución,asi,-1.5603004464868873,0,5,14,58,0.0,0.2413793103448276,0,0,así
Ejecución,asimismo,-0.6092100469678334,0,5,7,58,0.0,0.1206896551724138,0,0,asimismo
Ejecución,asociadas,0.9757524537533226,0,5,2,58,0.0,0.034482758620689655,0,0,asociadas
Ejecución,asociados,-0.40275916950040713,0,5,6,58,0.0,0.10344827586206896,0,0,asociados
Ejecución,aspectos,0.12775554719837268,0,5,4,58,0.0,0.06896551724137931,0,0,aspectos
Ejecución,asumir,0.9757524537533226,0,5,2,58,0.0,0.034482758620689655,0,0,asumir
Ejecución,atendiendo,0.9757524537533226,0,5,2,58,0.0,0.034482758620689655,0,0,atendiendo
Ejecución,auditoria,0.9757524537533226,0,5,2,58,0.0,0.034482758620689655,0,0,auditoría
Ejecución,autoaprendizaje,2.0752881273042374,1,5,3,58,0.2,0.05172413793103448,1,1,autoaprendizaje
Ejecución,autogestion,0.4903256265830809,0,5,3,58,0.0,0.05172413793103448,0,0,autogestión
Ejecución,automatico,0.9757524537533226,0,5,2,58,0.0,0.034482758620689655,0,0,automático
Ejecución,automatizacion,0.4903256265830809,0,5,3,58,0.0,0.05172413793103448,0,0,automatización
Ejecución,automatizando,5.619608643528047,2,5,0,58,0.4,0.0,1,1,automatizando
Ejecución,automatizando procesos,5.619608643528047,2,5,0,58,0.4,0.0,1,1,automatizando procesos
Ejecución,autonoma,-0.7897822926096545,0,5,8,58,0.0,0.13793103448275862,0,0,autónoma
Ejecución,autonomia,0.9757524537533226,0,5,2,58,0.0,0.034482758620689655,0,0,autonomía
Ejecución,avanzadas,0.9757524537533226,0,5,2,58,0.0,0.034482758620689655,0,0,avanzadas
Ejecución,avanzado,0.4903256265830809,0,5,3,58,0.0,0.05172413793103448,0,0,avanzado
Ejecución,avda,0.9757524537533226,0,5,2,58,0.0,0.034482758620689655,0,0,avda
Ejecución,bajo,-0.1617510699966122,0,5,5,58,0.0,0.08620689655172414,0,0,bajo
Ejecución,basadas,-0.1617510699966122,0,5,5,58,0.0,0.08620689655172414,0,0,basadas
Ejecución,basadas en tecnologias,0.9757524537533226,0,5,2,58,0.0,0.034482758620689655,0,0,basadas en tecnologías
Ejecución,basados,0.12775554719837268,0,5,4,58,0.0,0.06896551724137931,0,0,basados
Ejecución,basados en tecnologias,0.9757524537533226,0,5,2,58,0.0,0.034482758620689655,0,0,basados en tecnologías
Ejecución,base,-1.0946368741380752,0,5,10,58,0.0,0.1724137931034483,0,0,base
Ejecución,base de datos,0.9757524537533226,0,5,2,58,0.0,0.034482758620689655,0,0,base de datos
Ejecución,base tecnologica,0.9757524537533226,0,5,2,58,0.0,0.034482758620689655,0,0,base tecnológica
Ejecución,bases,1.532145802277708,2,5,8,58,0.4,0.13793103448275862,1,1,bases
Ejecución,bases de datos,1.712718047919529,2,5,7,58,0.4,0.1206896551724138,1,1,bases de datos
Ejecución,basica,0.9757524537533226,0,5,2,58,0.0,0.034482758620689655,0,0,básica
Ejecución,basicas,-1.9877216702215632,0,5,19,58,0.0,0.3275862068965517,0,0,básicas
Ejecución,bien,-0.6092100469678334,0,5,7,58,0.0,0.1206896551724138,0,0,bien
Ejecución,bien comun,-0.40275916950040713,0,5,6,58,0.0,0.10344827586206896,0,0,bien común
Ejecución,bienes,0.9757524537533226,0,5,2,58,0.0,0.034482758620689655,0,0,bienes
Ejecución,bio,3.297680548640685,1,5,1,58,0.2,0.017241379310344827,1,1,bío
Ejecución,brindando,0.9757524537533226,0,5,2,58,0.0,0.034482758620689655,0,0,brindando
Ejecución,buen,0.9757524537533226,0,5,2,58,0.0,0.034482758620689655,0,0,buen
Ejecución,buen uso,0.9757524537533226,0,5,2,58,0.0,0.034482758620689655,0,0,buen uso
Ejecución,buenas practicas,-0.1617510699966122,0,5,5,58,0.0,0.08620689655172414,0,0,buenas prácticas
Ejecución,buscando,0.9757524537533226,0,5,2,58,0.0,0.034482758620689655,0,0,buscando
Ejecución,busqueda,0.4903256265830809,0,5,3,58,0.0,0.05172413793103448,0,0,búsqueda
Ejecución,cada,0.4903256265830809,0,5,3,58,0.0,0.05172413793103448,0,0,cada
Ejecución,calidad,0.2620566389099638,2,5,20,58,0.4,0.3448275862068966,2,2,calidad
Ejecución,calidad de software,0.9757524537533226,0,5,2,58,0.0,0.034482758620689655,0,0,calidad de software
Ejecución,calidad de vida,0.9757524537533226,0,5,2,58,0.0,0.034482758620689655,0,0,calidad de vida
Ejecución,calificados,0.9757524537533226,0,5,2,58,0.0,0.034482758620689655,0,0,calificados
Ejecución,cambio,-0.1617510699966122,0,5,5,58,0.0,0.08620689655172414,0,0,cambio
Ejecución,cambio tecnologico,0.9757524537533226,0,5,2,58,0.0,0.034482758620689655,0,0,cambio tecnológico
Ejecución,cambios,0.9757524537533226,0,5,2,58,0.0,0.034482758620689655,0,0,cambios
Ejecución,campo,-0.7897822926096545,0,5,8,58,0.0,0.13793103448275862,0,0,campo
Ejecución,campo de desarrollo,0.9757524537533226,0,5,2,58,0.0,0.034482758620689655,0,0,campo de desarrollo
Ejecución,campo de desarrollo profesional,0.9757524537533226,0,5,2,58,0.0,0.034482758620689655,0,0,campo de desarrollo profesional
Ejecución,campo laboral,0.9757524537533226,0,5,2,58,0.0,0.034482758620689655,0,0,campo laboral
Ejecución,campo ocupacional,0.9757524537533226,0,5,2,58,0.0,0.034482758620689655,0,0,campo ocupacional
Ejecución,capacidad,0.4903256265830811,3,5,24,58,0.6,0.41379310344827586,3,3,capacidad
Ejecución,capacidad analitica,2.0752881273042374,1,5,3,58,0.2,0.05172413793103448,1,1,capacidad analítica
Ejecución,capacidad de aprendizaje,0.9757524537533226,0,5,2,58,0.0,0.034482758620689655,0,0,capacidad de aprendizaje
Ejecución,capacidad de comunicacion,0.9757524537533226,0,5,2,58,0.0,0.034482758620689655,0,0,capacidad de comunicación
Ejecución,capacidad de trabajar,-0.1617510699966122,0,5,5,58,0.0,0.08620689655172414,0,0,capacidad de trabajar
Ejecución,capacidades,1.4232114307245438,1,5,5,58,0.2,0.08620689655172414,1,1,capacidades
Ejecución,capacitado,1.712718047919529,2,5,7,58,0.4,0.1206896551724138,2,2,capacitado
Ejecución,capital,0.9757524537533226,0,5,2,58,0.0,0.034482758620689655,0,0,capital
Ejecución,caracteristicas,0.12775554719837268,0,5,4,58,0.0,0.06896551724137931,0,0,características
Ejecución,caracteriza,0.12775554719837268,0,5,4,58,0.0,0.06896551724137931,0,0,caracteriza
Ejecución,caracterizan,0.9757524537533226,0,5,2,58,0.0,0.034482758620689655,0,0,caracterizan
Ejecución,caracterizandose,0.9757524537533226,0,5,2,58,0.0,0.034482758620689655,0,0,caracterizándose
Ejecución,cargos,0.4903256265830809,0,5,3,58,0.0,0.05172413793103448,0,0,cargos
Ejecución,centra,0.9757524537533226,0,5,2,58,0.0,0.034482758620689655,0,0,centra
Ejecución,centrada,0.12775554719837268,0,5,4,58,0.0,0.06896551724137931,0,0,centrada
Ejecución,centrada en el usuario,0.9757524537533226,0,5,2,58,0.0,0.034482758620689655,0,0,centrada en el usuario
Ejecución,centrado,0.4903256265830809,0,5,3,58,0.0,0.05172413793103448,0,0,centrado
Ejecución,central,0.9757524537533226,0,5,2,58,0.0,0.034482758620689655,0,0,central
Ejecución,certificacion,0.9757524537533226,0,5,2,58,0.0,0.034482758620689655,0,0,certificación
Ejecución,certificaciones,0.9757524537533226,0,5,2,58,0.0,0.034482758620689655,0,0,certificaciones
Ejecución,ciberseguridad,0.12775554719837268,0,5,4,58,0.0,0.06896551724137931,0,0,ciberseguridad
Ejecución,ciclo,-0.1617510699966122,0,5,5,58,0.0,0.08620689655172414,0,0,ciclo
Ejecución,ciclo de vida,0.12775554719837268,0,5,4,58,0.0,0.06896551724137931,0,0,ciclo de vida
Ejecución,ciencia,-1.3461756411340398,0,5,12,58,0.0,0.20689655172413793,0,0,ciencia
Ejecución,ciencia de datos,-0.1617510699966122,0,5,5,58,0.0,0.08620689655172414,0,0,ciencia de datos
Ejecución,ciencia de la computacion,0.9757524537533226,0,5,2,58,0.0,0.034482758620689655,0,0,ciencia de la computación
Ejecución,ciencia de los datos,0.9757524537533226,0,5,2,58,0.0,0.034482758620689655,0,0,ciencia de los datos
Ejecución,ciencias,-2.5352094655240567,0,5,28,58,0.0,0.4827586206896552,0,0,ciencias
Ejecución,ciencias basicas,-1.9117728169882646,0,5,18,58,0.0,0.3103448275862069,0,0,ciencias básicas
Ejecución,ciencias de la computacion,0.12775554719837268,0,5,4,58,0.0,0.06896551724137931,0,0,ciencias de la computación
Ejecución,ciencias geologicas,0.9757524537533226,0,5,2,58,0.0,0.034482758620689655,0,0,ciencias geológicas
Ejecución,cientifica,0.9757524537533226,0,5,2,58,0.0,0.034482758620689655,0,0,científica
Ejecución,cientifico,0.12775554719837268,0,5,4,58,0.0,0.06896551724137931,0,0,científico
Ejecución,cientificos,0.12775554719837268,0,5,4,58,0.0,0.06896551724137931,0,0,científicos
Ejecución,cisco,0.9757524537533226,0,5,2,58,0.0,0.034482758620689655,0,0,cisco
Ejecución,ciudadania,0.4903256265830809,0,5,3,58,0.0,0.05172413793103448,0,0,ciudadanía
Ejecución,cliente,0.4903256265830809,0,5,3,58,0.0,0.05172413793103448,0,0,cliente
Ejecución,clientes,0.9757524537533226,0,5,2,58,0.0,0.034482758620689655,0,0,clientes
Ejecución,cloud,0.9757524537533226,0,5,2,58,0.0,0.034482758620689655,0,0,cloud
Ejecución,coherencia,3.297680548640685,1,5,1,58,0.2,0.017241379310344827,1,1,coherencia
Ejecución,coherente,0.9757524537533226,0,5,2,58,0.0,0.034482758620689655,0,0,coherente
Ejecución,colaboracion,0.9757524537533226,0,5,2,58,0.0,0.034482758620689655,0,0,colaboración
Ejecución,colaborar,0.4903256265830809,0,5,3,58,0.0,0.05172413793103448,0,0,colaborar
Ejecución,colaborativa,0.12775554719837268,0,5,4,58,0.0,0.06896551724137931,0,0,colaborativa
Ejecución,colaborativamente,-0.1617510699966122,0,5,5,58,0.0,0.08620689655172414,0,0,colaborativamente
Ejecución,colaborativamente en equipos,0.9757524537533226,0,5,2,58,0.0,0.034482758620689655,0,0,colaborativamente en equipos
Ejecución,colaborativo,0.12775554719837268,0,5,4,58,0.0,0.06896551724137931,0,0,colaborativo
Ejecución,colaborativos,0.9757524537533226,0,5,2,58,0.0,0.034482758620689655,0,0,colaborativos
Ejecución,combinado,0.9757524537533226,0,5,2,58,0.0,0.034482758620689655,0,0,combinado
Ejecución,combinado de las tecnologias,0.9757524537533226,0,5,2,58,0.0,0.034482758620689655,0,0,combinado de las tecnologías
Ejecución,comercial,0.9757524537533226,0,5,2,58,0.0,0.034482758620689655,0,0,comercial
Ejecución,competencias,-0.6719458023157961,1,5,23,58,0.2,0.39655172413793105,1,1,competencias
Ejecución,competencias del perfil,0.9757524537533226,0,5,2,58,0.0,0.034482758620689655,0,0,competencias del perfil
Ejecución,competencias genericas,1.7127180479195288,1,5,4,58,0.2,0.06896551724137931,1,1,competencias genéricas
Ejecución,competencias genericas tales,0.9757524537533226,0,5,2,58,0.0,0.034482758620689655,0,0,competencias genéricas tales
Ejecución,competencias para liderar,0.9757524537533226,0,5,2,58,0.0,0.034482758620689655,0,0,competencias para liderar
Ejecución,competencias para liderar equipos,0.9757524537533226,0,5,2,58,0.0,0.034482758620689655,0,0,competencias para liderar equipos
Ejecución,competencias profesionales,2.560714954474479,1,5,2,58,0.2,0.034482758620689655,1,1,competencias profesionales
Ejecución,competencias tecnicas,0.9757524537533226,0,5,2,58,0.0,0.034482758620689655,0,0,competencias técnicas
Ejecución,competente,0.4903256265830809,0,5,3,58,0.0,0.05172413793103448,0,0,competente
Ejecución,complejidad,0.9757524537533226,0,5,2,58,0.0,0.034482758620689655,0,0,complejidad
Ejecución,complejos,-1.5603004464868873,0,5,14,58,0.0,0.2413793103448276,0,0,complejos
Ejecución,complejos mediante,0.9757524537533226,0,5,2,58,0.0,0.034482758620689655,0,0,complejos mediante
Ejecución,complejos mediante el uso,0.9757524537533226,0,5,2,58,0.0,0.034482758620689655,0,0,complejos mediante el uso
Ejecución,complementa,0.9757524537533226,0,5,2,58,0.0,0.034482758620689655,0,0,complementa
Ejecución,completar,0.4903256265830809,0,5,3,58,0.0,0.05172413793103448,0,0,completar
Ejecución,componente,0.9757524537533226,0,5,2,58,0.0,0.034482758620689655,0,0,componente
Ejecución,comportamiento,0.9757524537533226,0,5,2,58,0.0,0.034482758620689655,0,0,comportamiento
Ejecución,comportamiento etico,0.9757524537533226,0,5,2,58,0.0,0.034482758620689655,0,0,comportamiento ético
Ejecución,comprende,0.9757524537533226,0,5,2,58,0.0,0.034482758620689655,0,0,comprende
Ejecución,comprender,0.9757524537533226,0,5,2,58,0.0,0.034482758620689655,0,0,comprender
Ejecución,comprometida,0.4903256265830809,0,5,3,58,0.0,0.05172413793103448,0,0,comprometida
Ejecución,comprometido,1.4232114307245438,1,5,5,58,0.2,0.08620689655172414,1,1,comprometido
Ejecución,compromiso,0.12775554719837268,1,5,13,58,0.2,0.22413793103448276,1,1,compromiso
Ejecución,compromiso con la calidad,0.9757524537533226,0,5,2,58,0.0,0.034482758620689655,0,0,compromiso con la calidad
Ejecución,compromiso etico,-0.1617510699966122,0,5,5,58,0.0,0.08620689655172414,0,0,compromiso ético
Ejecución,compromiso social,2.560714954474479,1,5,2,58,0.2,0.034482758620689655,1,1,compromiso social
Ejecución,computacion,0.819633251836041,3,5,19,58,0.6,0.3275862068965517,3,3,computación
Ejecución,computacionales,0.23878685958711676,1,5,12,58,0.2,0.20689655172413793,1,1,computacionales
Ejecución,computadores,0.9757524537533226,0,5,2,58,0.0,0.034482758620689655,0,0,computadores
Ejecución,computo,0.9757524537533226,0,5,2,58,0.0,0.034482758620689655,0,0,cómputo
Ejecución,comun,-0.7897822926096545,0,5,8,58,0.0,0.13793103448275862,0,0,común
Ejecución,comunica,0.4903256265830809,0,5,3,58,0.0,0.05172413793103448,0,0,comunica
Ejecución,comunica de manera,0.9757524537533226,0,5,2,58,0.0,0.034482758620689655,0,0,comunica de manera
Ejecución,comunicacion,-0.6719458023157961,1,5,23,58,0.2,0.39655172413793105,1,1,comunicación
Ejecución,comunicacion efectiva,-0.9502469648029003,0,5,9,58,0.0,0.15517241379310345,0,0,comunicación efectiva
Ejecución,comunicaciones,-0.9502469648029003,0,5,9,58,0.0,0.15517241379310345,0,0,comunicaciones
Ejecución,comunicaciones junto,0.9757524537533226,0,5,2,58,0.0,0.034482758620689655,0,0,comunicaciones junto
Ejecución,comunicar,2.560714954474479,1,5,2,58,0.2,0.034482758620689655,1,1,comunicar
Ejecución,comunicar ideas,3.297680548640685,1,5,1,58,0.2,0.017241379310344827,1,1,comunicar ideas
Ejecución,comunicarse,-0.7897822926096545,0,5,8,58,0.0,0.13793103448275862,0,0,comunicarse
Ejecución,comunicarse efectivamente,0.12775554719837268,0,5,4,58,0.0,0.06896551724137931,0,0,comunicarse efectivamente
Ejecución,comunicarse efectivamente en forma,0.9757524537533226,0,5,2,58,0.0,0.034482758620689655,0,0,comunicarse efectivamente en forma
Ejecución,comunidad,4.034646142806891,2,5,1,58,0.4,0.017241379310344827,2,2,comunidad
Ejecución,concebir,1.4232114307245438,1,5,5,58,0.2,0.08620689655172414,1,1,concebir
Ejecución,conceptos,0.9757524537533226,0,5,2,58,0.0,0.034482758620689655,0,0,conceptos
Ejecución,concibe,0.9757524537533226,0,5,2,58,0.0,0.034482758620689655,0,0,concibe
Ejecución,confidencialidad,0.9757524537533226,0,5,2,58,0.0,0.034482758620689655,0,0,confidencialidad
Ejecución,configuracion,0.9757524537533226,0,5,2,58,0.0,0.034482758620689655,0,0,configuración
Ejecución,conforme,0.9757524537533226,0,5,2,58,0.0,0.034482758620689655,0,0,conforme
Ejecución,conjunto,0.9757524537533226,0,5,2,58,0.0,0.034482758620689655,0,0,conjunto
Ejecución,conocimiento,-0.6092100469678334,0,5,7,58,0.0,0.1206896551724138,0,0,conocimiento
Ejecución,conocimientos,0.7396850955197982,4,5,26,58,0.8,0.4482758620689655,3,3,conocimientos
Ejecución,consciente,0.9757524537533226,0,5,2,58,0.0,0.034482758620689655,0,0,consciente
Ejecución,considera,0.9757524537533226,0,5,2,58,0.0,0.034482758620689655,0,0,considera
Ejecución,consideracion,0.9757524537533226,0,5,2,58,0.0,0.034482758620689655,0,0,consideración
Ejecución,consideran,0.9757524537533226,0,5,2,58,0.0,0.034482758620689655,0,0,consideran
Ejecución,consideran las arquitecturas,0.9757524537533226,0,5,2,58,0.0,0.034482758620689655,0,0,consideran las arquitecturas
Ejecución,consideran las arquitecturas ti,0.9757524537533226,0,5,2,58,0.0,0.034482758620689655,0,0,consideran las arquitecturas ti
Ejecución,considerando,-1.3461756411340398,0,5,12,58,0.0,0.20689655172413793,0,0,considerando
Ejecución,considerando aspectos,0.9757524537533226,0,5,2,58,0.0,0.034482758620689655,0,0,considerando aspectos
Ejecución,considerando criterios,0.9757524537533226,0,5,2,58,0.0,0.034482758620689655,0,0,considerando criterios
Ejecución,considerando criterios de seguridad,0.9757524537533226,0,5,2,58,0.0,0.034482758620689655,0,0,considerando criterios de seguridad
Ejecución,considerando el impacto,0.9757524537533226,0,5,2,58,0.0,0.034482758620689655,0,0,considerando el impacto
Ejecución,constante,-0.6092100469678334,0,5,7,58,0.0,0.1206896551724138,0,0,constante
Ejecución,constante actualizacion,0.9757524537533226,0,5,2,58,0.0,0.034482758620689655,0,0,constante actualización
Ejecución,constante evolucion,0.4903256265830809,0,5,3,58,0.0,0.05172413793103448,0,0,constante evolución
Ejecución,construir,1.4232114307245438,1,5,5,58,0.2,0.08620689655172414,1,1,construir
Ejecución,consultor,-0.6092100469678334,0,5,7,58,0.0,0.1206896551724138,0,0,consultor
Ejecución,consultor empresarial,0.9757524537533226,0,5,2,58,0.0,0.034482758620689655,0,0,consultor empresarial
Ejecución,consultor empresarial de sistemas,0.9757524537533226,0,5,2,58,0.0,0.034482758620689655,0,0,consultor empresarial de sistemas
Ejecución,consultoria,0.4903256265830809,0,5,3,58,0.0,0.05172413793103448,0,0,consultoría
Ejecución,contara,0.9757524537533226,0,5,2,58,0.0,0.034482758620689655,0,0,contará
Ejecución,contexto,-1.5603004464868873,0,5,14,58,0.0,0.2413793103448276,0,0,contexto
Ejecución,contexto global,0.4903256265830809,0,5,3,58,0.0,0.05172413793103448,0,0,contexto global
Ejecución,contexto social,0.9757524537533226,0,5,2,58,0.0,0.034482758620689655,0,0,contexto social
Ejecución,contextos,-0.07155326102503405,1,5,15,58,0.2,0.25862068965517243,1,1,contextos
Ejecución,contextos organizacionales,0.4903256265830809,0,5,3,58,0.0,0.05172413793103448,0,0,contextos organizacionales
Ejecución,continua,-0.9502469648029003,0,5,9,58,0.0,0.15517241379310345,0,0,continua
Ejecución,continuar,0.4903256265830809,0,5,3,58,0.0,0.05172413793103448,0,0,continuar
Ejecución,continuar estudios,0.9757524537533226,0,5,2,58,0.0,0.034482758620689655,0,0,continuar estudios
Ejecución,contribucion,0.9757524537533226,0,5,2,58,0.0,0.034482758620689655,0,0,contribución
Ejecución,contribuir,-0.6092100469678334,0,5,7,58,0.0,0.1206896551724138,0,0,contribuir
Ejecución,contribuya,0.9757524537533226,0,5,2,58,0.0,0.034482758620689655,0,0,contribuya
Ejecución,coquimbo,0.9757524537533226,0,5,2,58,0.0,0.034482758620689655,0,0,coquimbo
Ejecución,cosas,0.9757524537533226,0,5,2,58,0.0,0.034482758620689655,0,0,cosas
Ejecución,creacion,0.12775554719837268,0,5,4,58,0.0,0.06896551724137931,0,0,creación
Ejecución,crear,-0.6092100469678334,0,5,7,58,0.0,0.1206896551724138,0,0,crear
Ejecución,crear valor,0.9757524537533226,0,5,2,58,0.0,0.034482758620689655,0,0,crear valor
Ejecución,creativas,0.9757524537533226,0,5,2,58,0.0,0.034482758620689655,0,0,creativas
Ejecución,creatividad,0.9757524537533226,0,5,2,58,0.0,0.034482758620689655,0,0,creatividad
Ejecución,criterios,0.9757524537533229,1,5,7,58,0.2,0.1206896551724138,1,1,criterios
Ejecución,criterios de calidad,2.560714954474479,1,5,2,58,0.2,0.034482758620689655,1,1,criterios de calidad
Ejecución,criterios de seguridad,0.4903256265830809,0,5,3,58,0.0,0.05172413793103448,0,0,criterios de seguridad
Ejecución,critico,0.6347155359182559,1,5,9,58,0.2,0.15517241379310345,1,1,crítico
Ejecución,cuenta,-0.7897822926096545,0,5,8,58,0.0,0.13793103448275862,0,0,cuenta
Ejecución,cuerpo,0.4903256265830809,0,5,3,58,0.0,0.05172413793103448,0,0,cuerpo
Ejecución,cuerpo docente,0.9757524537533226,0,5,2,58,0.0,0.034482758620689655,0,0,cuerpo docente
Ejecución,cuidado,0.9757524537533226,0,5,2,58,0.0,0.034482758620689655,0,0,cuidado
Ejecución,cultura,-0.1617510699966122,0,5,5,58,0.0,0.08620689655172414,0,0,cultura
Ejecución,cultural,0.9757524537533226,0,5,2,58,0.0,0.034482758620689655,0,0,cultural
Ejecución,cumpliendo,0.4903256265830809,0,5,3,58,0.0,0.05172413793103448,0,0,cumpliendo
Ejecución,cumplimiento,0.12775554719837268,0,5,4,58,0.0,0.06896551724137931,0,0,cumplimiento
Ejecución,cumplimiento de los objetivos,0.9757524537533226,0,5,2,58,0.0,0.034482758620689655,0,0,cumplimiento de los objetivos
Ejecución,curricular,0.9757524537533226,0,5,2,58,0.0,0.034482758620689655,0,0,curricular
Ejecución,curriculum,0.9757524537533226,0,5,2,58,0.0,0.034482758620689655,0,0,curriculum
Ejecución,cursos,0.9757524537533226,0,5,2,58,0.0,0.034482758620689655,0,0,cursos
Ejecución,dando,3.297680548640685,1,5,1,58,0.2,0.017241379310344827,1,1,dando
Ejecución,dar,0.12775554719837268,0,5,4,58,0.0,0.06896551724137931,0,0,dar
Ejecución,datos,0.12775554719837268,3,5,31,58,0.6,0.5344827586206896,2,2,datos
Ejecución,decisiones,-0.2466399675831252,1,5,17,58,0.2,0.29310344827586204,1,1,decisiones
Ejecución,decisiones en las organizaciones,3.297680548640685,1,5,1,58,0.2,0.017241379310344827,1,1,decisiones en las organizaciones
Ejecución,decisiones estrategicas,0.9757524537533226,0,5,2,58,0.0,0.034482758620689655,0,0,decisiones estratégicas
Ejecución,definidos,0.9757524537533226,0,5,2,58,0.0,0.034482758620689655,0,0,definidos
Ejecución,demandas,0.4903256265830809,0,5,3,58,0.0,0.05172413793103448,0,0,demandas
Ejecución,demandas del entorno,0.9757524537533226,0,5,2,58,0.0,0.034482758620689655,0,0,demandas del entorno
Ejecución,demas,0.9757524537533226,0,5,2,58,0.0,0.034482758620689655,0,0,demás
Ejecución,democraticos,0.9757524537533226,0,5,2,58,0.0,0.034482758620689655,0,0,democráticos
Ejecución,demostrando,2.0752881273042374,1,5,3,58,0.2,0.05172413793103448,1,1,demostrando
Ejecución,demostrar,2.560714954474479,1,5,2,58,0.2,0.034482758620689655,1,1,demostrar
Ejecución,den,0.9757524537533226,0,5,2,58,0.0,0.034482758620689655,0,0,den
Ejecución,dentro,0.4903256265830809,0,5,3,58,0.0,0.05172413793103448,0,0,dentro
Ejecución,departamento,0.4903256265830809,0,5,3,58,0.0,0.05172413793103448,0,0,departamento
Ejecución,derechos,3.297680548640685,1,5,1,58,0.2,0.017241379310344827,1,1,derechos
Ejecución,derechos humanos,3.297680548640685,1,5,1,58,0.2,0.017241379310344827,1,1,derechos humanos
Ejecución,desafios,-0.9502469648029003,0,5,9,58,0.0,0.15517241379310345,0,0,desafíos
Ejecución,desafios tecnologicos,0.9757524537533226,0,5,2,58,0.0,0.034482758620689655,0,0,desafíos tecnológicos
Ejecución,desarrolla,-1.225881407416328,0,5,11,58,0.0,0.1896551724137931,0,0,desarrolla
Ejecución,desarrolla habilidades,0.9757524537533226,0,5,2,58,0.0,0.034482758620689655,0,0,desarrolla habilidades
Ejecución,desarrolla habilidades para identificar,0.9757524537533226,0,5,2,58,0.0,0.034482758620689655,0,0,desarrolla habilidades para identificar
Ejecución,desarrollados,0.9757524537533226,0,5,2,58,0.0,0.034482758620689655,0,0,desarrollados
Ejecución,desarrollan,0.9757524537533226,0,5,2,58,0.0,0.034482758620689655,0,0,desarrollan
Ejecución,desarrollando,0.9757524537533226,0,5,2,58,0.0,0.034482758620689655,0,0,desarrollando
Ejecución,desarrollar,-0.732066794753367,1,5,24,58,0.2,0.41379310344827586,1,1,desarrollar
Ejecución,desarrollar iniciativas,0.9757524537533226,0,5,2,58,0.0,0.034482758620689655,0,0,desarrollar iniciativas
Ejecución,desarrollar proyectos,-0.1617510699966122,0,5,5,58,0.0,0.08620689655172414,0,0,desarrollar proyectos
Ejecución,desarrollar proyectos de software,0.9757524537533226,0,5,2,58,0.0,0.034482758620689655,0,0,desarrollar proyectos de software
Ejecución,desarrollar soluciones,-0.6092100469678334,0,5,7,58,0.0,0.1206896551724138,0,0,desarrollar soluciones
Ejecución,desarrollar soluciones tecnologicas,0.9757524537533226,0,5,2,58,0.0,0.034482758620689655,0,0,desarrollar soluciones tecnológicas
Ejecución,desarrollo,-0.003488986079879724,3,5,34,58,0.6,0.5862068965517241,2,2,desarrollo
Ejecución,desarrollo de software,1.532145802277708,2,5,8,58,0.4,0.13793103448275862,1,1,desarrollo de software
Ejecución,desarrollo de soluciones,0.12775554719837268,0,5,4,58,0.0,0.06896551724137931,0,0,desarrollo de soluciones
Ejecución,desarrollo del pais,0.9757524537533226,0,5,2,58,0.0,0.034482758620689655,0,0,desarrollo del país
Ejecución,desarrollo permanente,0.9757524537533226,0,5,2,58,0.0,0.034482758620689655,0,0,desarrollo permanente
Ejecución,desarrollo profesional,0.9757524537533226,0,5,2,58,0.0,0.034482758620689655,0,0,desarrollo profesional
Ejecución,desarrollo sostenible,-0.1617510699966122,0,5,5,58,0.0,0.08620689655172414,0,0,desarrollo sostenible
Ejecución,desarrollo sustentable,0.4903256265830809,0,5,3,58,0.0,0.05172413793103448,0,0,desarrollo sustentable
Ejecución,desarrollo tecnologico,0.9757524537533226,0,5,2,58,0.0,0.034482758620689655,0,0,desarrollo tecnológico
Ejecución,descripcion,0.4903256265830809,0,5,3,58,0.0,0.05172413793103448,0,0,descripción
Ejecución,desempenar,0.9757524537533226,0,5,2,58,0.0,0.034482758620689655,0,0,desempeñar
Ejecución,desempenarse,-1.6565157617461903,0,5,15,58,0.0,0.25862068965517243,0,0,desempeñarse
Ejecución,desempenarse en instituciones,0.9757524537533226,0,5,2,58,0.0,0.034482758620689655,0,0,desempeñarse en instituciones
Ejecución,desempenarse en organizaciones,0.9757524537533226,0,5,2,58,0.0,0.034482758620689655,0,0,desempeñarse en organizaciones
Ejecución,desempenarse profesionalmente,0.9757524537533226,0,5,2,58,0.0,0.034482758620689655,0,0,desempeñarse profesionalmente
Ejecución,desempenarse profesionalmente en forma,0.9757524537533226,0,5,2,58,0.0,0.034482758620689655,0,0,desempeñarse profesionalmente en forma
Ejecución,desempeno,-1.225881407416328,0,5,11,58,0.0,0.1896551724137931,0,0,desempeño
Ejecución,desempeno laboral,0.9757524537533226,0,5,2,58,0.0,0.034482758620689655,0,0,desempeño laboral
Ejecución,desempeno profesional,0.9757524537533226,0,5,2,58,0.0,0.034482758620689655,0,0,desempeño profesional
Ejecución,desplegar,0.9757524537533226,0,5,2,58,0.0,0.034482758620689655,0,0,desplegar
Ejecución,destaca,0.4903256265830809,0,5,3,58,0.0,0.05172413793103448,0,0,destaca
Ejecución,destrezas,0.9757524537533226,0,5,2,58,0.0,0.034482758620689655,0,0,destrezas
Ejecución,diagnosticar,2.560714954474479,1,5,2,58,0.2,0.034482758620689655,1,1,diagnosticar
Ejecución,dichos,0.9757524537533226,0,5,2,58,0.0,0.034482758620689655,0,0,dichos
Ejecución,diferenciador,0.9757524537533226,0,5,2,58,0.0,0.034482758620689655,0,0,diferenciador
Ejecución,diferencias,0.9757524537533226,0,5,2,58,0.0,0.034482758620689655,0,0,diferencias
Ejecución,diferentes,-0.1617510699966122,0,5,5,58,0.0,0.08620689655172414,0,0,diferentes
Ejecución,diferentes contextos,0.9757524537533226,0,5,2,58,0.0,0.034482758620689655,0,0,diferentes contextos
Ejecución,digital,-1.225881407416328,0,5,11,58,0.0,0.1896551724137931,0,0,digital
Ejecución,digitales,1.532145802277708,2,5,8,58,0.4,0.13793103448275862,1,1,digitales
Ejecución,dinamicos,0.9757524537533226,0,5,2,58,0.0,0.034482758620689655,0,0,dinámicos
Ejecución,direccion,0.9757524537533226,0,5,2,58,0.0,0.034482758620689655,0,0,dirección
Ejecución,director,0.9757524537533226,0,5,2,58,0.0,0.034482758620689655,0,0,director
Ejecución,director de proyectos,0.9757524537533226,0,5,2,58,0.0,0.034482758620689655,0,0,director de proyectos
Ejecución,disciplina,-0.9502469648029003,0,5,9,58,0.0,0.15517241379310345,0,0,disciplina
Ejecución,disciplinar,-0.1617510699966122,0,5,5,58,0.0,0.08620689655172414,0,0,disciplinar
Ejecución,disciplinares,3.297680548640685,2,5,2,58,0.4,0.034482758620689655,2,2,disciplinares
Ejecución,disena,-0.40275916950040713,0,5,6,58,0.0,0.10344827586206896,0,0,diseña
Ejecución,disena soluciones,0.9757524537533226,0,5,2,58,0.0,0.034482758620689655,0,0,diseña soluciones
Ejecución,disenan,0.9757524537533226,0,5,2,58,0.0,0.034482758620689655,0,0,diseñan
Ejecución,disenar,0.7474834660802055,3,5,20,58,0.6,0.3448275862068966,3,3,diseñar
Ejecución,disenar sistemas,0.9757524537533226,0,5,2,58,0.0,0.034482758620689655,0,0,diseñar sistemas
Ejecución,diseno,1.247054475570717,3,5,14,58,0.6,0.2413793103448276,2,2,diseño
Ejecución,disponibles,0.9757524537533226,0,5,2,58,0.0,0.034482758620689655,0,0,disponibles
Ejecución,disposicion,0.4903256265830809,0,5,3,58,0.0,0.05172413793103448,0,0,disposición
Ejecución,dispositivos,0.9757524537533226,0,5,2,58,0.0,0.034482758620689655,0,0,dispositivos
Ejecución,distingue,2.560714954474479,1,5,2,58,0.2,0.034482758620689655,1,1,distingue
Ejecución,distintas areas,0.9757524537533226,0,5,2,58,0.0,0.034482758620689655,0,0,distintas áreas
Ejecución,distintas organizaciones,0.9757524537533226,0,5,2,58,0.0,0.034482758620689655,0,0,distintas organizaciones
Ejecución,distintivo,0.4903256265830809,0,5,3,58,0.0,0.05172413793103448,0,0,distintivo
Ejecución,docente,0.4903256265830809,0,5,3,58,0.0,0.05172413793103448,0,0,docente
Ejecución,domina,0.9757524537533226,0,5,2,58,0.0,0.034482758620689655,0,0,domina
Ejecución,dominio,0.9757524537533226,0,5,2,58,0.0,0.034482758620689655,0,0,dominio
Ejecución,duoc,0.9757524537533226,0,5,2,58,0.0,0.034482758620689655,0,0,duoc
Ejecución,duracion,0.12775554719837268,0,5,4,58,0.0,0.06896551724137931,0,0,duración
Ejecución,economico,-0.40275916950040713,0,5,6,58,0.0,0.10344827586206896,0,0,económico
Ejecución,economicos,0.12775554719837268,0,5,4,58,0.0,0.06896551724137931,0,0,económicos
Ejecución,educacion,0.12775554719837268,0,5,4,58,0.0,0.06896551724137931,0,0,educación
Ejecución,efectiva,-1.4572069535227836,0,5,13,58,0.0,0.22413793103448276,0,0,efectiva
Ejecución,efectivamente,-0.1617510699966122,0,5,5,58,0.0,0.08620689655172414,0,0,efectivamente
Ejecución,efectivamente en forma,0.9757524537533226,0,5,2,58,0.0,0.034482758620689655,0,0,efectivamente en forma
Ejecución,efectivamente en forma oral,0.9757524537533226,0,5,2,58,0.0,0.034482758620689655,0,0,efectivamente en forma oral
Ejecución,efectivas,3.297680548640685,1,5,1,58,0.2,0.017241379310344827,1,1,efectivas
Ejecución,eficacia,0.9757524537533226,0,5,2,58,0.0,0.034482758620689655,0,0,eficacia
Ejecución,eficiencia,0.02466205423426903,1,5,14,58,0.2,0.2413793103448276,1,1,eficiencia
Ejecución,eficiencia operativa,0.9757524537533226,0,5,2,58,0.0,0.034482758620689655,0,0,eficiencia operativa
Ejecución,eficientes,0.9757524537533229,1,5,7,58,0.2,0.1206896551724138,1,1,eficientes
Ejecución,eficientes de software,0.9757524537533226,0,5,2,58,0.0,0.034482758620689655,0,0,eficientes de software
Ejecución,egresan,0.9757524537533226,0,5,2,58,0.0,0.034482758620689655,0,0,egresan
Ejecución,egreso,-0.07155326102503405,1,5,15,58,0.2,0.25862068965517243,1,1,egreso
Ejecución,egreso competencias,0.9757524537533226,0,5,2,58,0.0,0.034482758620689655,0,0,egreso competencias
Ejecución,ejecutar,2.0752881273042374,1,5,3,58,0.2,0.05172413793103448,1,1,ejecutar
Ejecución,ejecutar proyectos,2.560714954474479,1,5,2,58,0.2,0.034482758620689655,1,1,ejecutar proyectos
Ejecución,ejecutivos,0.4903256265830809,0,5,3,58,0.0,0.05172413793103448,0,0,ejecutivos
Ejecución,ejercicio,-0.1617510699966122,0,5,5,58,0.0,0.08620689655172414,0,0,ejercicio
Ejecución,ejercicio profesional,0.4903256265830809,0,5,3,58,0.0,0.05172413793103448,0,0,ejercicio profesional
Ejecución,elementos,0.9757524537533226,0,5,2,58,0.0,0.034482758620689655,0,0,elementos
Ejecución,ello,-0.40275916950040713,0,5,6,58,0.0,0.10344827586206896,0,0,ello
Ejecución,emergentes,0.9757524537533229,1,5,7,58,0.2,0.1206896551724138,1,1,emergentes
Ejecución,empleabilidad,0.9757524537533226,0,5,2,58,0.0,0.034482758620689655,0,0,empleabilidad
Ejecución,emprendedor,0.4903256265830809,0,5,3,58,0.0,0.05172413793103448,0,0,emprendedor
Ejecución,emprendedora,-0.1617510699966122,0,5,5,58,0.0,0.08620689655172414,0,0,emprendedora
Ejecución,emprender,-0.1617510699966122,0,5,5,58,0.0,0.08620689655172414,0,0,emprender
Ejecución,emprendimiento,-1.225881407416328,0,5,11,58,0.0,0.1896551724137931,0,0,emprendimiento
Ejecución,emprendimientos,-0.40275916950040713,0,5,6,58,0.0,0.10344827586206896,0,0,emprendimientos
Ejecución,emprendimientos basados,0.9757524537533226,0,5,2,58,0.0,0.034482758620689655,0,0,emprendimientos basados
Ejecución,empresa,0.4903256265830809,0,5,3,58,0.0,0.05172413793103448,0,0,empresa
Ejecución,empresarial,-0.1617510699966122,0,5,5,58,0.0,0.08620689655172414,0,0,empresarial
Ejecución,empresarial de sistemas,0.9757524537533226,0,5,2,58,0.0,0.034482758620689655,0,0,empresarial de sistemas
Ejecución,empresariales,0.9757524537533226,0,5,2,58,0.0,0.034482758620689655,0,0,empresariales
Ejecución,empresas,-1.225881407416328,0,5,11,58,0.0,0.1896551724137931,0,0,empresas
Ejecución,encuentra,4.034646142806891,2,5,1,58,0.4,0.017241379310344827,1,1,encuentra
Ejecución,encuentran,0.4903256265830809,0,5,3,58,0.0,0.05172413793103448,0,0,encuentran
Ejecución,enfasis,0.12775554719837268,0,5,4,58,0.0,0.06896551724137931,0,0,énfasis
Ejecución,enfasis en la eficiencia,0.9757524537533226,0,5,2,58,0.0,0.034482758620689655,0,0,énfasis en la eficiencia
Ejecución,enfocado,0.9757524537533226,0,5,2,58,0.0,0.034482758620689655,0,0,enfocado
Ejecución,enfoque,-1.0946368741380752,0,5,10,58,0.0,0.1724137931034483,0,0,enfoque
Ejecución,enfrentar,0.9757524537533226,0,5,2,58,0.0,0.034482758620689655,0,0,enfrentar
Ejecución,enfrentarse,0.9757524537533226,0,5,2,58,0.0,0.034482758620689655,0,0,enfrentarse
Ejecución,enlaces,0.9757524537533226,0,5,2,58,0.0,0.034482758620689655,0,0,enlaces
Ejecución,entorno,-1.0946368741380752,0,5,10,58,0.0,0.1724137931034483,0,0,entorno
Ejecución,entornos,-0.1617510699966122,0,5,5,58,0.0,0.08620689655172414,0,0,entornos
Ejecución,entregando,0.9757524537533226,0,5,2,58,0.0,0.034482758620689655,0,0,entregando
Ejecución,entregar,0.4903256265830809,0,5,3,58,0.0,0.05172413793103448,0,0,entregar
Ejecución,entregar soluciones,0.9757524537533226,0,5,2,58,0.0,0.034482758620689655,0,0,entregar soluciones
Ejecución,entrenamiento,0.9757524537533226,0,5,2,58,0.0,0.034482758620689655,0,0,entrenamiento
Ejecución,equipo,0.9757524537533229,1,5,7,58,0.2,0.1206896551724138,1,1,equipo
Ejecución,equipos,-1.1397247636666132,1,5,32,58,0.2,0.5517241379310345,1,1,equipos
Ejecución,equipos de desarrollo,0.9757524537533226,0,5,2,58,0.0,0.034482758620689655,0,0,equipos de desarrollo
Ejecución,equipos de trabajo,0.3590810933048283,1,5,11,58,0.2,0.1896551724137931,1,1,equipos de trabajo
Ejecución,equipos de trabajo interdisciplinarios,0.4903256265830809,0,5,3,58,0.0,0.05172413793103448,0,0,equipos de trabajo interdisciplinarios
Ejecución,equipos de trabajo multidisciplinarios,0.12775554719837268,0,5,4,58,0.0,0.06896551724137931,0,0,equipos de trabajo multidisciplinarios
Ejecución,equipos multi,0.9757524537533226,0,5,2,58,0.0,0.034482758620689655,0,0,equipos multi
Ejecución,equipos multidisciplinarios,-1.6565157617461903,0,5,15,58,0.0,0.25862068965517243,0,0,equipos multidisciplinarios
Ejecución,equitativa,0.9757524537533226,0,5,2,58,0.0,0.034482758620689655,0,0,equitativa
Ejecución,escenarios,2.560714954474479,1,5,2,58,0.2,0.034482758620689655,1,1,escenarios
Ejecución,escrita,-0.1617510699966122,0,5,5,58,0.0,0.08620689655172414,0,0,escrita
Ejecución,escuela,0.4903256265830809,0,5,3,58,0.0,0.05172413793103448,0,0,escuela
Ejecución,espanol,0.4903256265830809,0,5,3,58,0.0,0.05172413793103448,0,0,español
Ejecución,especialidad,1.4232114307245438,1,5,5,58,0.2,0.08620689655172414,1,1,especialidad
Ejecución,especializacion,0.12775554719837268,0,5,4,58,0.0,0.06896551724137931,0,0,especialización
Ejecución,especializados,0.4903256265830809,0,5,3,58,0.0,0.05172413793103448,0,0,especializados
Ejecución,especificas,0.4903256265830809,0,5,3,58,0.0,0.05172413793103448,0,0,específicas
Ejecución,espiritu,0.12775554719837268,0,5,4,58,0.0,0.06896551724137931,0,0,espíritu
Ejecución,espiritu critico,0.9757524537533226,0,5,2,58,0.0,0.034482758620689655,0,0,espíritu crítico
Ejecución,establecer,0.9757524537533226,0,5,2,58,0.0,0.034482758620689655,0,0,establecer
Ejecución,establecidos,0.4903256265830809,0,5,3,58,0.0,0.05172413793103448,0,0,establecidos
Ejecución,estan,0.9757524537533226,0,5,2,58,0.0,0.034482758620689655,0,0,están
Ejecución,estandares,0.3590810933048283,1,5,11,58,0.2,0.1896551724137931,1,1,estándares
Ejecución,estandares de calidad,-0.40275916950040713,0,5,6,58,0.0,0.10344827586206896,0,0,estándares de calidad
Ejecución,estar,0.9757524537533226,0,5,2,58,0.0,0.034482758620689655,0,0,estar
Ejecución,estar en constante,0.9757524537533226,0,5,2,58,0.0,0.034482758620689655,0,0,estar en constante
Ejecución,estar en constante actualizacion,0.9757524537533226,0,5,2,58,0.0,0.034482758620689655,0,0,estar en constante actualización
Ejecución,estara,0.9757524537533226,0,5,2,58,0.0,0.034482758620689655,0,0,estará
Ejecución,estara capacitado,0.9757524537533226,0,5,2,58,0.0,0.034482758620689655,0,0,estará capacitado
Ejecución,estrategia,0.12775554719837268,0,5,4,58,0.0,0.06896551724137931,0,0,estrategia
Ejecución,estrategia de la organizacion,0.9757524537533226,0,5,2,58,0.0,0.034482758620689655,0,0,estrategia de la organización
Ejecución,estrategias,1.7127180479195288,1,5,4,58,0.2,0.06896551724137931,1,1,estrategias
Ejecución,estrategica,0.9757524537533226,0,5,2,58,0.0,0.034482758620689655,0,0,estratégica
Ejecución,estrategicas,0.12775554719837268,0,5,4,58,0.0,0.06896551724137931,0,0,estratégicas
Ejecución,estrategico,0.12775554719837268,0,5,4,58,0.0,0.06896551724137931,0,0,estratégico
Ejecución,estrategicos,0.9757524537533226,0,5,2,58,0.0,0.034482758620689655,0,0,estratégicos
Ejecución,estudiantes,0.9757524537533226,0,5,2,58,0.0,0.034482758620689655,0,0,estudiantes
Ejecución,estudio,0.4903256265830809,0,5,3,58,0.0,0.05172413793103448,0,0,estudio
Ejecución,etapas,0.9757524537533226,0,5,2,58,0.0,0.034482758620689655,0,0,etapas
Ejecución,etapas del ciclo,0.9757524537533226,0,5,2,58,0.0,0.034482758620689655,0,0,etapas del ciclo
Ejecución,etica,0.4903256265830811,2,5,17,58,0.4,0.29310344827586204,2,2,ética
Ejecución,etica profesional,0.9757524537533226,0,5,2,58,0.0,0.034482758620689655,0,0,ética profesional
Ejecución,etico,-1.3461756411340398,0,5,12,58,0.0,0.20689655172413793,0,0,ético
Ejecución,eticos,-0.9502469648029003,0,5,9,58,0.0,0.15517241379310345,0,0,éticos
Ejecución,evalua,0.4903256265830809,0,5,3,58,0.0,0.05172413793103448,0,0,evalúa
Ejecución,evaluacion,-0.7897822926096545,0,5,8,58,0.0,0.13793103448275862,0,0,evaluación
Ejecución,evaluacion de proyectos,0.9757524537533226,0,5,2,58,0.0,0.034482758620689655,0,0,evaluación de proyectos
Ejecución,evaluacion de soluciones,0.9757524537533226,0,5,2,58,0.0,0.034482758620689655,0,0,evaluación de soluciones
Ejecución,evaluando,0.12775554719837268,0,5,4,58,0.0,0.06896551724137931,0,0,evaluando
Ejecución,evaluar,-1.225881407416328,0,5,11,58,0.0,0.1896551724137931,0,0,evaluar
Ejecución,evaluar proyectos,0.9757524537533226,0,5,2,58,0.0,0.034482758620689655,0,0,evaluar proyectos
Ejecución,evidencian,0.9757524537533226,0,5,2,58,0.0,0.034482758620689655,0,0,evidencian
Ejecución,evidenciando,0.9757524537533226,0,5,2,58,0.0,0.034482758620689655,0,0,evidenciando
Ejecución,evolucion,-0.9502469648029003,0,5,9,58,0.0,0.15517241379310345,0,0,evolución
Ejecución,excelencia,0.12775554719837268,0,5,4,58,0.0,0.06896551724137931,0,0,excelencia
Ejecución,exigencias,0.9757524537533226,0,5,2,58,0.0,0.034482758620689655,0,0,exigencias
Ejecución,experiencia,0.4903256265830809,0,5,3,58,0.0,0.05172413793103448,0,0,experiencia
Ejecución,experiencial,0.9757524537533226,0,5,2,58,0.0,0.034482758620689655,0,0,experiencial
Ejecución,extraer,-0.1617510699966122,0,5,5,58,0.0,0.08620689655172414,0,0,extraer
Ejecución,facilitar,0.9757524537533226,0,5,2,58,0.0,0.034482758620689655,0,0,facilitar
Ejecución,facultad,0.12775554719837268,0,5,4,58,0.0,0.06896551724137931,0,0,facultad
Ejecución,federico,0.9757524537533226,0,5,2,58,0.0,0.034482758620689655,0,0,federico
Ejecución,federico santa,0.9757524537533226,0,5,2,58,0.0,0.034482758620689655,0,0,federico santa
Ejecución,federico santa maria,0.9757524537533226,0,5,2,58,0.0,0.034482758620689655,0,0,federico santa maría
Ejecución,fin,-0.6092100469678334,0,5,7,58,0.0,0.1206896551724138,0,0,fin
Ejecución,finalidad,0.9757524537533226,0,5,2,58,0.0,0.034482758620689655,0,0,finalidad
Ejecución,financieros,0.9757524537533226,0,5,2,58,0.0,0.034482758620689655,0,0,financieros
Ejecución,fisica,0.9757524537533226,0,5,2,58,0.0,0.034482758620689655,0,0,física
Ejecución,flexiblemente,0.9757524537533226,0,5,2,58,0.0,0.034482758620689655,0,0,flexiblemente
Ejecución,fomentando,0.9757524537533226,0,5,2,58,0.0,0.034482758620689655,0,0,fomentando
Ejecución,forma,-2.256908303036952,0,5,23,58,0.0,0.39655172413793105,0,0,forma
Ejecución,forma autonoma,0.4903256265830809,0,5,3,58,0.0,0.05172413793103448,0,0,forma autónoma
Ejecución,forma colaborativa,0.4903256265830809,0,5,3,58,0.0,0.05172413793103448,0,0,forma colaborativa
Ejecución,forma efectiva,0.9757524537533226,0,5,2,58,0.0,0.034482758620689655,0,0,forma efectiva
Ejecución,forma etica,0.4903256265830809,0,5,3,58,0.0,0.05172413793103448,0,0,forma ética
Ejecución,forma independiente,0.4903256265830809,0,5,3,58,0.0,0.05172413793103448,0,0,forma independiente
Ejecución,forma oral,0.12775554719837268,0,5,4,58,0.0,0.06896551724137931,0,0,forma oral
Ejecución,forma profesionales,0.9757524537533226,0,5,2,58,0.0,0.034482758620689655,0,0,forma profesionales
Ejecución,formacion,-0.3111286940348386,2,5,30,58,0.4,0.5172413793103449,2,2,formación
Ejecución,formacion centrada,0.9757524537533226,0,5,2,58,0.0,0.034482758620689655,0,0,formación centrada
Ejecución,formacion de profesionales,0.9757524537533226,0,5,2,58,0.0,0.034482758620689655,0,0,formación de profesionales
Ejecución,formacion en ciencias,-0.6092100469678334,0,5,7,58,0.0,0.1206896551724138,0,0,formación en ciencias
Ejecución,formacion en ciencias basicas,-0.40275916950040713,0,5,6,58,0.0,0.10344827586206896,0,0,formación en ciencias básicas
Ejecución,formacion etica,0.9757524537533226,0,5,2,58,0.0,0.034482758620689655,0,0,formación ética
Ejecución,formacion implica,0.9757524537533226,0,5,2,58,0.0,0.034482758620689655,0,0,formación implica
Ejecución,formacion implica la adquisicion,0.9757524537533226,0,5,2,58,0.0,0.034482758620689655,0,0,formación implica la adquisición
Ejecución,formacion integral,0.12775554719837268,0,5,4,58,0.0,0.06896551724137931,0,0,formación integral
Ejecución,formacion profesional,0.4903256265830809,0,5,3,58,0.0,0.05172413793103448,0,0,formación profesional
Ejecución,formada,0.9757524537533226,0,5,2,58,0.0,0.034482758620689655,0,0,formada
Ejecución,formado,0.9757524537533226,0,5,2,58,0.0,0.034482758620689655,0,0,formado
Ejecución,formando,0.9757524537533226,0,5,2,58,0.0,0.034482758620689655,0,0,formando
Ejecución,formar,-0.40275916950040713,0,5,6,58,0.0,0.10344827586206896,0,0,formar
Ejecución,formas,0.9757524537533226,0,5,2,58,0.0,0.034482758620689655,0,0,formas
Ejecución,formativa,0.4903256265830809,0,5,3,58,0.0,0.05172413793103448,0,0,formativa
Ejecución,formativo,0.12775554719837268,0,5,4,58,0.0,0.06896551724137931,0,0,formativo
Ejecución,formulacion,0.4903256265830809,0,5,3,58,0.0,0.05172413793103448,0,0,formulación
Ejecución,formulacion de proyectos,0.9757524537533226,0,5,2,58,0.0,0.034482758620689655,0,0,formulación de proyectos
Ejecución,formular,-0.1617510699966122,0,5,5,58,0.0,0.08620689655172414,0,0,formular
Ejecución,frontera,0.9757524537533226,0,5,2,58,0.0,0.034482758620689655,0,0,frontera
Ejecución,fuentes,0.9757524537533226,0,5,2,58,0.0,0.034482758620689655,0,0,fuentes
Ejecución,fuerte,0.9757524537533226,0,5,2,58,0.0,0.034482758620689655,0,0,fuerte
Ejecución,funcion,0.4903256265830809,0,5,3,58,0.0,0.05172413793103448,0,0,función
Ejecución,funcionamiento,0.9757524537533226,0,5,2,58,0.0,0.034482758620689655,0,0,funcionamiento
Ejecución,funciones,0.4903256265830809,0,5,3,58,0.0,0.05172413793103448,0,0,funciones
Ejecución,fundamental,0.4903256265830809,0,5,3,58,0.0,0.05172413793103448,0,0,fundamental
Ejecución,fundamentales,0.9757524537533226,0,5,2,58,0.0,0.034482758620689655,0,0,fundamentales
Ejecución,fundamentos,-0.40275916950040713,0,5,6,58,0.0,0.10344827586206896,0,0,fundamentos
Ejecución,fundamentos de la computacion,0.9757524537533226,0,5,2,58,0.0,0.034482758620689655,0,0,fundamentos de la computación
Ejecución,futuro,0.9757524537533226,0,5,2,58,0.0,0.034482758620689655,0,0,futuro
Ejecución,gabriela,0.9757524537533226,0,5,2,58,0.0,0.034482758620689655,0,0,gabriela
Ejecución,gabriela mistral,0.9757524537533226,0,5,2,58,0.0,0.034482758620689655,0,0,gabriela mistral
Ejecución,garantizar,0.9757524537533226,0,5,2,58,0.0,0.034482758620689655,0,0,garantizar
Ejecución,generacion,-0.6092100469678334,0,5,7,58,0.0,0.1206896551724138,0,0,generación
Ejecución,generacion de emprendimientos,0.4903256265830809,0,5,3,58,0.0,0.05172413793103448,0,0,generación de emprendimientos
Ejecución,generacion de emprendimientos basados,0.9757524537533226,0,5,2,58,0.0,0.034482758620689655,0,0,generación de emprendimientos basados
Ejecución,general,0.4903256265830809,0,5,3,58,0.0,0.05172413793103448,0,0,general
Ejecución,generando valor,0.9757524537533226,0,5,2,58,0.0,0.034482758620689655,0,0,generando valor
Ejecución,generar soluciones,-0.40275916950040713,0,5,6,58,0.0,0.10344827586206896,0,0,generar soluciones
Ejecución,generar soluciones innovadoras,0.4903256265830809,0,5,3,58,0.0,0.05172413793103448,0,0,generar soluciones innovadoras
Ejecución,generar valor,0.9757524537533226,0,5,2,58,0.0,0.034482758620689655,0,0,generar valor
Ejecución,genericas,1.7127180479195288,1,5,4,58,0.2,0.06896551724137931,1,1,genéricas
Ejecución,genericas tales,0.9757524537533226,0,5,2,58,0.0,0.034482758620689655,0,0,genéricas tales
Ejecución,genero,0.9757524537533226,0,5,2,58,0.0,0.034482758620689655,0,0,género
Ejecución,geologicas,0.9757524537533226,0,5,2,58,0.0,0.034482758620689655,0,0,geológicas
Ejecución,gerencial,0.9757524537533226,0,5,2,58,0.0,0.034482758620689655,0,0,gerencial
Ejecución,gestion,0.004898799412839375,2,5,24,58,0.4,0.41379310344827586,2,2,gestión
Ejecución,gestion de datos,0.9757524537533226,0,5,2,58,0.0,0.034482758620689655,0,0,gestión de datos
Ejecución,gestion de la informacion,0.4903256265830809,0,5,3,58,0.0,0.05172413793103448,0,0,gestión de la información
Ejecución,gestion de proyectos,-0.9502469648029003,0,5,9,58,0.0,0.15517241379310345,0,0,gestión de proyectos
Ejecución,gestion de proyectos tecnologicos,0.4903256265830809,0,5,3,58,0.0,0.05172413793103448,0,0,gestión de proyectos tecnológicos
Ejecución,gestion organizacional,3.297680548640685,1,5,1,58,0.2,0.017241379310344827,1,1,gestión organizacional
Ejecución,gestiona,-0.1617510699966122,0,5,5,58,0.0,0.08620689655172414,0,0,gestiona
Ejecución,gestiona recursos,0.9757524537533226,0,5,2,58,0.0,0.034482758620689655,0,0,gestiona recursos
Ejecución,gestionar,-2.256908303036952,0,5,23,58,0.0,0.39655172413793105,0,0,gestionar
Ejecución,gestionar proyectos,-1.0946368741380752,0,5,10,58,0.0,0.1724137931034483,0,0,gestionar proyectos
Ejecución,gestionar proyectos de tecnologias,0.9757524537533226,0,5,2,58,0.0,0.034482758620689655,0,0,gestionar proyectos de tecnologías
Ejecución,gestionar soluciones,0.4903256265830809,0,5,3,58,0.0,0.05172413793103448,0,0,gestionar soluciones
Ejecución,gestionar soluciones tecnologicas,0.9757524537533226,0,5,2,58,0.0,0.034482758620689655,0,0,gestionar soluciones tecnológicas
Ejecución,gestionar tecnologias,0.9757524537533226,0,5,2,58,0.0,0.034482758620689655,0,0,gestionar tecnologías
Ejecución,global,-0.9502469648029003,0,5,9,58,0.0,0.15517241379310345,0,0,global
Ejecución,globalizado,0.9757524537533226,0,5,2,58,0.0,0.034482758620689655,0,0,globalizado
Ejecución,globalizados,0.9757524537533226,0,5,2,58,0.0,0.034482758620689655,0,0,globalizados
Ejecución,gobierno,0.9757524537533226,0,5,2,58,0.0,0.034482758620689655,0,0,gobierno
Ejecución,gonzalo,0.9757524537533226,0,5,2,58,0.0,0.034482758620689655,0,0,gonzalo
Ejecución,grado,0.9757524537533226,0,5,2,58,0.0,0.034482758620689655,0,0,grado
Ejecución,grandes,0.12775554719837268,0,5,4,58,0.0,0.06896551724137931,0,0,grandes
Ejecución,grandes volumenes,0.12775554719837268,0,5,4,58,0.0,0.06896551724137931,0,0,grandes volúmenes
Ejecución,grandes volumenes de datos,0.4903256265830809,0,5,3,58,0.0,0.05172413793103448,0,0,grandes volúmenes de datos
Ejecución,grupos,0.4903256265830809,0,5,3,58,0.0,0.05172413793103448,0,0,grupos
Ejecución,habilidades,-1.7467135707177681,0,5,16,58,0.0,0.27586206896551724,0,0,habilidades
Ejecución,habilidades de comunicacion,0.9757524537533226,0,5,2,58,0.0,0.034482758620689655,0,0,habilidades de comunicación
Ejecución,habilidades para identificar,0.9757524537533226,0,5,2,58,0.0,0.034482758620689655,0,0,habilidades para identificar
Ejecución,hacer,0.4903256265830809,0,5,3,58,0.0,0.05172413793103448,0,0,hacer
Ejecución,haciendo,3.297680548640685,1,5,1,58,0.2,0.017241379310344827,1,1,haciendo
Ejecución,haciendo uso,3.297680548640685,1,5,1,58,0.2,0.017241379310344827,1,1,haciendo uso
Ejecución,hardware,0.7951802081115019,1,5,8,58,0.2,0.13793103448275862,1,1,hardware
Ejecución,hardware en diversos niveles,0.9757524537533226,0,5,2,58,0.0,0.034482758620689655,0,0,hardware en diversos niveles
Ejecución,herramientas,-0.16175106999661204,1,5,16,58,0.2,0.27586206896551724,1,1,herramientas
Ejecución,herramientas tecnologicas,2.0752881273042374,1,5,3,58,0.2,0.05172413793103448,1,1,herramientas tecnológicas
Ejecución,humanista,0.9757524537533226,0,5,2,58,0.0,0.034482758620689655,0,0,humanista
Ejecución,ideas,2.560714954474479,1,5,2,58,0.2,0.034482758620689655,1,1,ideas
Ejecución,identificar,-0.7897822926096545,0,5,8,58,0.0,0.13793103448275862,0,0,identificar
Ejecución,idioma,1.1822033312207492,1,5,6,58,0.2,0.10344827586206896,1,1,idioma
Ejecución,idioma ingles,1.1822033312207492,1,5,6,58,0.2,0.10344827586206896,1,1,idioma inglés
Ejecución,impacto,-0.7897822926096545,0,5,8,58,0.0,0.13793103448275862,0,0,impacto
Ejecución,imparte,0.9757524537533226,0,5,2,58,0.0,0.034482758620689655,0,0,imparte
Ejecución,imparte en la sede,0.9757524537533226,0,5,2,58,0.0,0.034482758620689655,0,0,imparte en la sede
Ejecución,implantar,0.4903256265830809,0,5,3,58,0.0,0.05172413793103448,0,0,implantar
Ejecución,implantar soluciones,0.9757524537533226,0,5,2,58,0.0,0.034482758620689655,0,0,implantar soluciones
Ejecución,implantar soluciones eficientes,0.9757524537533226,0,5,2,58,0.0,0.034482758620689655,0,0,implantar soluciones eficientes
Ejecución,implementa,-0.1617510699966122,0,5,5,58,0.0,0.08620689655172414,0,0,implementa
Ejecución,implementacion,-1.3461756411340398,0,5,12,58,0.0,0.20689655172413793,0,0,implementación
Ejecución,implementacion de sistemas,0.9757524537533226,0,5,2,58,0.0,0.034482758620689655,0,0,implementación de sistemas
Ejecución,implementacion de soluciones,-0.1617510699966122,0,5,5,58,0.0,0.08620689655172414,0,0,implementación de soluciones
Ejecución,implementando,0.4903256265830809,0,5,3,58,0.0,0.05172413793103448,0,0,implementando
Ejecución,implementando estrategias,0.9757524537533226,0,5,2,58,0.0,0.034482758620689655,0,0,implementando estrategias
Ejecución,implementar,0.8955821050693394,3,5,18,58,0.6,0.3103448275862069,3,3,implementar
Ejecución,implementar sistemas,2.0752881273042374,1,5,3,58,0.2,0.05172413793103448,1,1,implementar sistemas
Ejecución,implementar sistemas de redes,0.9757524537533226,0,5,2,58,0.0,0.034482758620689655,0,0,implementar sistemas de redes
Ejecución,implementar soluciones,2.449683642085735,2,5,4,58,0.4,0.06896551724137931,2,2,implementar soluciones
Ejecución,implementar soluciones tic,0.9757524537533226,0,5,2,58,0.0,0.034482758620689655,0,0,implementar soluciones tic
Ejecución,implementar soluciones tic requeridas,0.9757524537533226,0,5,2,58,0.0,0.034482758620689655,0,0,implementar soluciones tic requeridas
Ejecución,implica,0.4903256265830809,0,5,3,58,0.0,0.05172413793103448,0,0,implica
Ejecución,implica la adquisicion,0.9757524537533226,0,5,2,58,0.0,0.034482758620689655,0,0,implica la adquisición
Ejecución,inclusion,0.12775554719837268,0,5,4,58,0.0,0.06896551724137931,0,0,inclusión
Ejecución,inclusiva,0.9757524537533226,0,5,2,58,0.0,0.034482758620689655,0,0,inclusiva
Ejecución,incluyendo,0.9757524537533226,0,5,2,58,0.0,0.034482758620689655,0,0,incluyendo
Ejecución,incorpora,0.9757524537533226,0,5,2,58,0.0,0.034482758620689655,0,0,incorpora
Ejecución,incorporacion,0.9757524537533226,0,5,2,58,0.0,0.034482758620689655,0,0,incorporación
Ejecución,incorporando,-0.1617510699966122,0,5,5,58,0.0,0.08620689655172414,0,0,incorporando
Ejecución,incorporando tecnologias,0.9757524537533226,0,5,2,58,0.0,0.034482758620689655,0,0,incorporando tecnologías
Ejecución,independiente,0.12775554719837268,0,5,4,58,0.0,0.06896551724137931,0,0,independiente
Ejecución,individual,0.9757524537533226,0,5,2,58,0.0,0.034482758620689655,0,0,individual
Ejecución,indole,2.560714954474479,1,5,2,58,0.2,0.034482758620689655,1,1,índole
Ejecución,industria,-1.0946368741380752,0,5,10,58,0.0,0.1724137931034483,0,0,industria
Ejecución,industrial,0.4903256265830809,0,5,3,58,0.0,0.05172413793103448,0,0,industrial
Ejecución,industriales,0.9757524537533226,0,5,2,58,0.0,0.034482758620689655,0,0,industriales
Ejecución,industrias,0.4903256265830809,0,5,3,58,0.0,0.05172413793103448,0,0,industrias
Ejecución,informacion,0.3477212311402805,5,5,42,58,1.0,0.7241379310344828,4,4,información
Ejecución,informacion en organizaciones,0.9757524537533226,0,5,2,58,0.0,0.034482758620689655,0,0,información en organizaciones
Ejecución,informacion relevante,0.9757524537533226,0,5,2,58,0.0,0.034482758620689655,0,0,información relevante
Ejecución,infraestructura,-0.1617510699966122,0,5,5,58,0.0,0.08620689655172414,0,0,infraestructura
Ejecución,ingenieril,0.9757524537533226,0,5,2,58,0.0,0.034482758620689655,0,0,ingenieril
Ejecución,ingles,0.4903256265830811,1,5,10,58,0.2,0.1724137931034483,1,1,inglés
Ejecución,iniciativas,0.12775554719837268,0,5,4,58,0.0,0.06896551724137931,0,0,iniciativas
Ejecución,innovacion,-0.7897822926096545,1,5,25,58,0.2,0.43103448275862066,1,1,innovación
Ejecución,innovacion tecnologica,-0.1617510699966122,0,5,5,58,0.0,0.08620689655172414,0,0,innovación tecnológica
Ejecución,innovador,0.4903256265830809,0,5,3,58,0.0,0.05172413793103448,0,0,innovador
Ejecución,innovadora,0.4903256265830809,0,5,3,58,0.0,0.05172413793103448,0,0,innovadora
Ejecución,innovadoras,-1.5603004464868873,0,5,14,58,0.0,0.2413793103448276,0,0,innovadoras
Ejecución,innovar,0.12775554719837268,0,5,4,58,0.0,0.06896551724137931,0,0,innovar
Ejecución,insercion,0.9757524537533226,0,5,2,58,0.0,0.034482758620689655,0,0,inserción
Ejecución,instancias,3.297680548640685,1,5,1,58,0.2,0.017241379310344827,1,1,instancias
Ejecución,instituciones,2.1601770248907504,2,5,5,58,0.4,0.08620689655172414,1,1,instituciones
Ejecución,instituciones de educacion,0.9757524537533226,0,5,2,58,0.0,0.034482758620689655,0,0,instituciones de educación
Ejecución,instituciones publicas,2.8122537214704435,2,5,3,58,0.4,0.05172413793103448,1,1,instituciones públicas
Ejecución,integra,-0.1617510699966122,0,5,5,58,0.0,0.08620689655172414,0,0,integra
Ejecución,integracion,0.9757524537533229,1,5,7,58,0.2,0.1206896551724138,1,1,integración
Ejecución,integrador,0.9757524537533226,0,5,2,58,0.0,0.034482758620689655,0,0,integrador
Ejecución,integrador de tecnologias,0.9757524537533226,0,5,2,58,0.0,0.034482758620689655,0,0,integrador de tecnologías
Ejecución,integral,-1.5603004464868873,0,5,14,58,0.0,0.2413793103448276,0,0,integral
Ejecución,integrales,-0.1617510699966122,0,5,5,58,0.0,0.08620689655172414,0,0,integrales
Ejecución,integran,0.4903256265830809,0,5,3,58,0.0,0.05172413793103448,0,0,integran
Ejecución,integran informacion,0.9757524537533226,0,5,2,58,0.0,0.034482758620689655,0,0,integran información
Ejecución,integrando,0.4903256265830809,0,5,3,58,0.0,0.05172413793103448,0,0,integrando
Ejecución,integrar,-0.9502469648029003,0,5,9,58,0.0,0.15517241379310345,0,0,integrar
Ejecución,integrar equipos,0.4903256265830809,0,5,3,58,0.0,0.05172413793103448,0,0,integrar equipos
Ejecución,integridad,0.9757524537533226,0,5,2,58,0.0,0.034482758620689655,0,0,integridad
Ejecución,integro,0.9757524537533226,0,5,2,58,0.0,0.034482758620689655,0,0,íntegro
Ejecución,inteligencia,0.7616276484004754,2,5,14,58,0.4,0.2413793103448276,1,1,inteligencia
Ejecución,inteligencia artificial,-1.4572069535227836,0,5,13,58,0.0,0.22413793103448276,0,0,inteligencia artificial
Ejecución,inteligencia de negocios,3.297680548640685,2,5,2,58,0.4,0.034482758620689655,1,1,inteligencia de negocios
Ejecución,inteligentes,0.4903256265830809,0,5,3,58,0.0,0.05172413793103448,0,0,inteligentes
Ejecución,interdisciplinario,0.9757524537533226,0,5,2,58,0.0,0.034482758620689655,0,0,interdisciplinario
Ejecución,interdisciplinarios,-0.6092100469678334,0,5,7,58,0.0,0.1206896551724138,0,0,interdisciplinarios
Ejecución,intereses,0.4903256265830809,0,5,3,58,0.0,0.05172413793103448,0,0,intereses
Ejecución,internacional,0.12775554719837268,0,5,4,58,0.0,0.06896551724137931,0,0,internacional
Ejecución,internacionales,0.4903256265830809,0,5,3,58,0.0,0.05172413793103448,0,0,internacionales
Ejecución,investigacion,-0.6092100469678334,0,5,7,58,0.0,0.1206896551724138,0,0,investigación
Ejecución,investigacion aplicada,0.9757524537533226,0,5,2,58,0.0,0.034482758620689655,0,0,investigación aplicada
Ejecución,involucren,3.297680548640685,1,5,1,58,0.2,0.017241379310344827,1,1,involucren
Ejecución,jefe,-0.40275916950040713,0,5,6,58,0.0,0.10344827586206896,0,0,jefe
Ejecución,labor,0.9757524537533226,0,5,2,58,0.0,0.034482758620689655,0,0,labor
Ejecución,laborales,2.0752881273042374,1,5,3,58,0.2,0.05172413793103448,1,1,laborales
Ejecución,lagos,0.9757524537533226,0,5,2,58,0.0,0.034482758620689655,0,0,lagos
Ejecución,learning,0.9757524537533226,0,5,2,58,0.0,0.034482758620689655,0,0,learning
Ejecución,legal,0.4903256265830809,0,5,3,58,0.0,0.05172413793103448,0,0,legal
Ejecución,legal vigente,0.4903256265830809,0,5,3,58,0.0,0.05172413793103448,0,0,legal vigente
Ejecución,legales,0.9757524537533226,0,5,2,58,0.0,0.034482758620689655,0,0,legales
Ejecución,legislacion,0.4903256265830809,0,5,3,58,0.0,0.05172413793103448,0,0,legislación
Ejecución,legislacion vigente,0.9757524537533226,0,5,2,58,0.0,0.034482758620689655,0,0,legislación vigente
Ejecución,lengua,3.297680548640685,1,5,1,58,0.2,0.017241379310344827,1,1,lengua
Ejecución,lengua materna,3.297680548640685,1,5,1,58,0.2,0.017241379310344827,1,1,lengua materna
Ejecución,lenguajes,2.1601770248907504,2,5,5,58,0.4,0.08620689655172414,1,1,lenguajes
Ejecución,lenguajes de programacion,2.8122537214704435,2,5,3,58,0.4,0.05172413793103448,1,1,lenguajes de programación
Ejecución,licenciado,0.9757524537533226,0,5,2,58,0.0,0.034482758620689655,0,0,licenciado
Ejecución,lider,0.9757524537533226,0,5,2,58,0.0,0.034482758620689655,0,0,líder
Ejecución,lidera,0.4903256265830809,0,5,3,58,0.0,0.05172413793103448,0,0,lidera
Ejecución,lidera proyectos,0.9757524537533226,0,5,2,58,0.0,0.034482758620689655,0,0,lidera proyectos
Ejecución,liderando,0.4903256265830809,0,5,3,58,0.0,0.05172413793103448,0,0,liderando
Ejecución,liderar,-1.4572069535227836,0,5,13,58,0.0,0.22413793103448276,0,0,liderar
Ejecución,liderar equipos,-0.9502469648029003,0,5,9,58,0.0,0.15517241379310345,0,0,liderar equipos
Ejecución,liderar equipos de trabajo,-0.1617510699966122,0,5,5,58,0.0,0.08620689655172414,0,0,liderar equipos de trabajo
Ejecución,liderar equipos multidisciplinarios,0.12775554719837268,0,5,4,58,0.0,0.06896551724137931,0,0,liderar equipos multidisciplinarios
Ejecución,liderar procesos,0.9757524537533226,0,5,2,58,0.0,0.034482758620689655,0,0,liderar procesos
Ejecución,liderar proyectos,0.9757524537533226,0,5,2,58,0.0,0.034482758620689655,0,0,liderar proyectos
Ejecución,liderazgo,-1.3461756411340398,0,5,12,58,0.0,0.20689655172413793,0,0,liderazgo
Ejecución,linea,0.9757524537533226,0,5,2,58,0.0,0.034482758620689655,0,0,línea
Ejecución,lineas,0.9757524537533226,0,5,2,58,0.0,0.034482758620689655,0,0,líneas
Ejecución,logico,0.9757524537533226,0,5,2,58,0.0,0.034482758620689655,0,0,lógico
Ejecución,lograrlo,0.9757524537533226,0,5,2,58,0.0,0.034482758620689655,0,0,lograrlo
Ejecución,logro,0.12775554719837268,0,5,4,58,0.0,0.06896551724137931,0,0,logro
Ejecución,machine,0.9757524537533226,0,5,2,58,0.0,0.034482758620689655,0,0,machine
Ejecución,machine learning,0.9757524537533226,0,5,2,58,0.0,0.034482758620689655,0,0,machine learning
Ejecución,magallanes,0.9757524537533226,0,5,2,58,0.0,0.034482758620689655,0,0,magallanes
Ejecución,malla,0.4903256265830809,0,5,3,58,0.0,0.05172413793103448,0,0,malla
Ejecución,manager,0.9757524537533226,0,5,2,58,0.0,0.034482758620689655,0,0,manager
Ejecución,manejo,-0.1617510699966122,0,5,5,58,0.0,0.08620689655172414,0,0,manejo
Ejecución,manejo de tecnologias,0.9757524537533226,0,5,2,58,0.0,0.034482758620689655,0,0,manejo de tecnologías
Ejecución,manera,-1.7467135707177681,0,5,16,58,0.0,0.27586206896551724,0,0,manera
Ejecución,manera autonoma,0.9757524537533226,0,5,2,58,0.0,0.034482758620689655,0,0,manera autónoma
Ejecución,manera critica,0.9757524537533226,0,5,2,58,0.0,0.034482758620689655,0,0,manera crítica
Ejecución,manera efectiva,0.4903256265830809,0,5,3,58,0.0,0.05172413793103448,0,0,manera efectiva
Ejecución,manera integral,0.9757524537533226,0,5,2,58,0.0,0.034482758620689655,0,0,manera integral
Ejecución,mantencion,2.1601770248907504,2,5,5,58,0.4,0.08620689655172414,1,1,mantención
Ejecución,mantener,0.12775554719837268,0,5,4,58,0.0,0.06896551724137931,0,0,mantener
Ejecución,mantener sistemas,0.9757524537533226,0,5,2,58,0.0,0.034482758620689655,0,0,mantener sistemas
Ejecución,mantenimiento,2.560714954474479,1,5,2,58,0.2,0.034482758620689655,1,1,mantenimiento
Ejecución,marcado,2.0752881273042374,1,5,3,58,0.2,0.05172413793103448,1,1,marcado
Ejecución,marcado sello,3.297680548640685,1,5,1,58,0.2,0.017241379310344827,1,1,marcado sello
Ejecución,marcado sello valorico,3.297680548640685,1,5,1,58,0.2,0.017241379310344827,1,1,marcado sello valórico
Ejecución,marco,-0.1617510699966122,0,5,5,58,0.0,0.08620689655172414,0,0,marco
Ejecución,marcos,0.9757524537533226,0,5,2,58,0.0,0.034482758620689655,0,0,marcos
Ejecución,maria,0.9757524537533226,0,5,2,58,0.0,0.034482758620689655,0,0,maría
Ejecución,master,0.9757524537533226,0,5,2,58,0.0,0.034482758620689655,0,0,master
Ejecución,matematicas,3.297680548640685,1,5,1,58,0.2,0.017241379310344827,1,1,matemáticas
Ejecución,materna,3.297680548640685,1,5,1,58,0.2,0.017241379310344827,1,1,materna
Ejecución,mayor,0.4903256265830809,0,5,3,58,0.0,0.05172413793103448,0,0,mayor
Ejecución,mediante,-1.225881407416328,0,5,11,58,0.0,0.1896551724137931,0,0,mediante
Ejecución,mediante el uso,0.12775554719837268,0,5,4,58,0.0,0.06896551724137931,0,0,mediante el uso
Ejecución,mediante el uso avanzado,0.9757524537533226,0,5,2,58,0.0,0.034482758620689655,0,0,mediante el uso avanzado
Ejecución,mediante soluciones,0.9757524537533226,0,5,2,58,0.0,0.034482758620689655,0,0,mediante soluciones
Ejecución,medio,-1.0946368741380752,0,5,10,58,0.0,0.1724137931034483,0,0,medio
Ejecución,medio ambiente,-0.1617510699966122,0,5,5,58,0.0,0.08620689655172414,0,0,medio ambiente
Ejecución,medioambiental,0.4903256265830809,0,5,3,58,0.0,0.05172413793103448,0,0,medioambiental
Ejecución,mejora,-1.3461756411340398,0,5,12,58,0.0,0.20689655172413793,0,0,mejora
Ejecución,mejora continua,-0.1617510699966122,0,5,5,58,0.0,0.08620689655172414,0,0,mejora continua
Ejecución,mejora de procesos,0.12775554719837268,0,5,4,58,0.0,0.06896551724137931,0,0,mejora de procesos
Ejecución,mejorar,0.4903256265830809,0,5,3,58,0.0,0.05172413793103448,0,0,mejorar
Ejecución,mejoras,0.9757524537533226,0,5,2,58,0.0,0.034482758620689655,0,0,mejoras
Ejecución,mejores,0.4903256265830809,0,5,3,58,0.0,0.05172413793103448,0,0,mejores
Ejecución,mencion,0.4903256265830809,0,5,3,58,0.0,0.05172413793103448,0,0,mención
Ejecución,mercado,0.12775554719837268,0,5,4,58,0.0,0.06896551724137931,0,0,mercado
Ejecución,mercado laboral,0.4903256265830809,0,5,3,58,0.0,0.05172413793103448,0,0,mercado laboral
Ejecución,metodologias,0.4903256265830811,1,5,10,58,0.2,0.1724137931034483,1,1,metodologías
Ejecución,metodologias agiles,0.9757524537533226,0,5,2,58,0.0,0.034482758620689655,0,0,metodologías ágiles
Ejecución,metodos,0.4903256265830809,0,5,3,58,0.0,0.05172413793103448,0,0,métodos
Ejecución,metropolitana,0.4903256265830809,0,5,3,58,0.0,0.05172413793103448,0,0,metropolitana
Ejecución,mineria,0.9757524537533226,0,5,2,58,0.0,0.034482758620689655,0,0,minería
Ejecución,mineria de datos,0.9757524537533226,0,5,2,58,0.0,0.034482758620689655,0,0,minería de datos
Ejecución,mirada,0.4903256265830809,0,5,3,58,0.0,0.05172413793103448,0,0,mirada
Ejecución,mismo,0.4903256265830809,0,5,3,58,0.0,0.05172413793103448,0,0,mismo
Ejecución,mistral,0.9757524537533226,0,5,2,58,0.0,0.034482758620689655,0,0,mistral
Ejecución,modalidad,0.9757524537533226,0,5,2,58,0.0,0.034482758620689655,0,0,modalidad
Ejecución,modelar,1.7127180479195288,1,5,4,58,0.2,0.06896551724137931,1,1,modelar
Ejecución,modelo,0.9757524537533226,0,5,2,58,0.0,0.034482758620689655,0,0,modelo
Ejecución,modelos,-0.1617510699966122,0,5,5,58,0.0,0.08620689655172414,0,0,modelos
Ejecución,modelos de servicios,0.9757524537533226,0,5,2,58,0.0,0.034482758620689655,0,0,modelos de servicios
Ejecución,modelos operativos,0.9757524537533226,0,5,2,58,0.0,0.034482758620689655,0,0,modelos operativos
Ejecución,monitoreo,5.619608643528047,2,5,0,58,0.4,0.0,1,1,monitoreo
Ejecución,multi,0.9757524537533226,0,5,2,58,0.0,0.034482758620689655,0,0,multi
Ejecución,multiculturales,0.9757524537533226,0,5,2,58,0.0,0.034482758620689655,0,0,multiculturales
Ejecución,multidisciplinarios,-2.128584206061413,0,5,21,58,0.0,0.3620689655172414,0,0,multidisciplinarios
Ejecución,multiples,0.9757524537533226,0,5,2,58,0.0,0.034482758620689655,0,0,múltiples
Ejecución,mundo,-0.7897822926096545,0,5,8,58,0.0,0.13793103448275862,0,0,mundo
Ejecución,mundo del trabajo,0.9757524537533226,0,5,2,58,0.0,0.034482758620689655,0,0,mundo del trabajo
Ejecución,nacional,1.1822033312207492,1,5,6,58,0.2,0.10344827586206896,1,1,nacional
Ejecución,nacionales,0.9757524537533226,0,5,2,58,0.0,0.034482758620689655,0,0,nacionales
Ejecución,necesarias,0.9757524537533226,0,5,2,58,0.0,0.034482758620689655,0,0,necesarias
Ejecución,necesidades,0.4903256265830811,2,5,17,58,0.4,0.29310344827586204,2,2,necesidades
Ejecución,necesidades de la organizacion,0.9757524537533226,0,5,2,58,0.0,0.034482758620689655,0,0,necesidades de la organización
Ejecución,necesidades de las organizaciones,0.9757524537533226,0,5,2,58,0.0,0.034482758620689655,0,0,necesidades de las organizaciones
Ejecución,negocio,-0.1617510699966122,0,5,5,58,0.0,0.08620689655172414,0,0,negocio
Ejecución,negocios,1.532145802277708,2,5,8,58,0.4,0.13793103448275862,1,1,negocios
Ejecución,nivel,0.4903256265830811,1,5,10,58,0.2,0.1724137931034483,1,1,nivel
Ejecución,nivel nacional,0.9757524537533226,0,5,2,58,0.0,0.034482758620689655,0,0,nivel nacional
Ejecución,niveles,-0.1617510699966122,0,5,5,58,0.0,0.08620689655172414,0,0,niveles
Ejecución,niveles organizacionales,0.4903256265830809,0,5,3,58,0.0,0.05172413793103448,0,0,niveles organizacionales
Ejecución,normas,0.12775554719837268,0,5,4,58,0.0,0.06896551724137931,0,0,normas
Ejecución,normativa,0.12775554719837268,0,5,4,58,0.0,0.06896551724137931,0,0,normativa
Ejecución,normativa legal,0.4903256265830809,0,5,3,58,0.0,0.05172413793103448,0,0,normativa legal
Ejecución,normativa legal vigente,0.4903256265830809,0,5,3,58,0.0,0.05172413793103448,0,0,normativa legal vigente
Ejecución,norte,0.9757524537533226,0,5,2,58,0.0,0.034482758620689655,0,0,norte
Ejecución,nuestra,0.9757524537533226,0,5,2,58,0.0,0.034482758620689655,0,0,nuestra
Ejecución,nuestros,0.9757524537533226,0,5,2,58,0.0,0.034482758620689655,0,0,nuestros
Ejecución,nuevas,-0.9502469648029003,0,5,9,58,0.0,0.15517241379310345,0,0,nuevas
Ejecución,nuevas tecnologias,-0.1617510699966122,0,5,5,58,0.0,0.08620689655172414,0,0,nuevas tecnologías
Ejecución,nuevo,0.9757524537533226,0,5,2,58,0.0,0.034482758620689655,0,0,nuevo
Ejecución,nuevos,0.12775554719837268,0,5,4,58,0.0,0.06896551724137931,0,0,nuevos
Ejecución,objetivo,0.9757524537533226,0,5,2,58,0.0,0.034482758620689655,0,0,objetivo
Ejecución,objetivos,-0.7897822926096545,0,5,8,58,0.0,0.13793103448275862,0,0,objetivos
Ejecución,objetivos estrategicos,0.9757524537533226,0,5,2,58,0.0,0.034482758620689655,0,0,objetivos estratégicos
Ejecución,ocupacional,0.9757524537533226,0,5,2,58,0.0,0.034482758620689655,0,0,ocupacional
Ejecución,opera,0.4903256265830809,0,5,3,58,0.0,0.05172413793103448,0,0,opera
Ejecución,opera sistemas,0.9757524537533226,0,5,2,58,0.0,0.034482758620689655,0,0,opera sistemas
Ejecución,operacion,1.7127180479195288,1,5,4,58,0.2,0.06896551724137931,1,1,operación
Ejecución,operar,1.1822033312207492,1,5,6,58,0.2,0.10344827586206896,1,1,operar
Ejecución,operar productos,0.9757524537533226,0,5,2,58,0.0,0.034482758620689655,0,0,operar productos
Ejecución,operar sistemas,0.4903256265830809,0,5,3,58,0.0,0.05172413793103448,0,0,operar sistemas
Ejecución,operativa,0.4903256265830809,0,5,3,58,0.0,0.05172413793103448,0,0,operativa
Ejecución,operativos,0.12775554719837268,0,5,4,58,0.0,0.06896551724137931,0,0,operativos
Ejecución,oportunidades,-0.6092100469678334,0,5,7,58,0.0,0.1206896551724138,0,0,oportunidades
Ejecución,oportunidades de negocio,0.9757524537533226,0,5,2,58,0.0,0.034482758620689655,0,0,oportunidades de negocio
Ejecución,optimizacion,0.12775554719837268,0,5,4,58,0.0,0.06896551724137931,0,0,optimización
Ejecución,optimizacion de sistemas,0.9757524537533226,0,5,2,58,0.0,0.034482758620689655,0,0,optimización de sistemas
Ejecución,optimizar,0.4903256265830809,0,5,3,58,0.0,0.05172413793103448,0,0,optimizar
Ejecución,oral,-0.1617510699966122,0,5,5,58,0.0,0.08620689655172414,0,0,oral
Ejecución,orden,0.9757524537533226,0,5,2,58,0.0,0.034482758620689655,0,0,orden
Ejecución,organismos,0.9757524537533226,0,5,2,58,0.0,0.034482758620689655,0,0,organismos
Ejecución,organizacion,-1.6565157617461903,0,5,15,58,0.0,0.25862068965517243,0,0,organización
Ejecución,organizacional,2.0752881273042374,1,5,3,58,0.2,0.05172413793103448,1,1,organizacional
Ejecución,organizacionales,0.23878685958711676,1,5,12,58,0.2,0.20689655172413793,1,1,organizacionales
Ejecución,organizaciones,-0.9502469648029003,1,5,28,58,0.2,0.4827586206896552,1,1,organizaciones
Ejecución,organizaciones del sector,0.4903256265830809,0,5,3,58,0.0,0.05172413793103448,0,0,organizaciones del sector
Ejecución,organizaciones del sector publico,0.4903256265830809,0,5,3,58,0.0,0.05172413793103448,0,0,organizaciones del sector público
Ejecución,organizaciones publicas,0.12775554719837268,0,5,4,58,0.0,0.06896551724137931,0,0,organizaciones públicas
Ejecución,orienta,0.9757524537533226,0,5,2,58,0.0,0.034482758620689655,0,0,orienta
Ejecución,orientada,0.12775554719837268,0,5,4,58,0.0,0.06896551724137931,0,0,orientada
Ejecución,orientado,0.4903256265830809,0,5,3,58,0.0,0.05172413793103448,0,0,orientado
Ejecución,otorga,0.12775554719837268,0,5,4,58,0.0,0.06896551724137931,0,0,otorga
Ejecución,otorga el grado,0.9757524537533226,0,5,2,58,0.0,0.034482758620689655,0,0,otorga el grado
Ejecución,otras,0.4903256265830809,0,5,3,58,0.0,0.05172413793103448,0,0,otras
Ejecución,otros,-0.40275916950040713,0,5,6,58,0.0,0.10344827586206896,0,0,otros
Ejecución,pais,-0.7897822926096545,0,5,8,58,0.0,0.13793103448275862,0,0,país
Ejecución,parte,0.12775554719837268,0,5,4,58,0.0,0.06896551724137931,0,0,parte
Ejecución,participa,0.9757524537533226,0,5,2,58,0.0,0.034482758620689655,0,0,participa
Ejecución,participacion,0.9757524537533226,0,5,2,58,0.0,0.034482758620689655,0,0,participación
Ejecución,participar,0.4903256265830809,0,5,3,58,0.0,0.05172413793103448,0,0,participar
Ejecución,participar activamente,0.9757524537533226,0,5,2,58,0.0,0.034482758620689655,0,0,participar activamente
Ejecución,pensamiento,0.7951802081115019,1,5,8,58,0.2,0.13793103448275862,1,1,pensamiento
Ejecución,pensamiento critico,1.1822033312207492,1,5,6,58,0.2,0.10344827586206896,1,1,pensamiento crítico
Ejecución,pensar,0.9757524537533226,0,5,2,58,0.0,0.034482758620689655,0,0,pensar
Ejecución,pensar de manera,0.9757524537533226,0,5,2,58,0.0,0.034482758620689655,0,0,pensar de manera
Ejecución,pensar de manera critica,0.9757524537533226,0,5,2,58,0.0,0.034482758620689655,0,0,pensar de manera crítica
Ejecución,perfil,-0.5436217053402567,1,5,21,58,0.2,0.3620689655172414,1,1,perfil
Ejecución,perfil de egreso,0.02466205423426903,1,5,14,58,0.2,0.2413793103448276,1,1,perfil de egreso
Ejecución,perfil de egreso competencias,0.9757524537533226,0,5,2,58,0.0,0.034482758620689655,0,0,perfil de egreso competencias
Ejecución,perfil profesional,0.4903256265830809,0,5,3,58,0.0,0.05172413793103448,0,0,perfil profesional
Ejecución,permanente,0.3590810933048283,1,5,11,58,0.2,0.1896551724137931,1,1,permanente
Ejecución,permanente de la region,0.9757524537533226,0,5,2,58,0.0,0.034482758620689655,0,0,permanente de la región
Ejecución,permanentemente,0.9757524537533226,0,5,2,58,0.0,0.034482758620689655,0,0,permanentemente
Ejecución,permeabilidad,0.9757524537533226,0,5,2,58,0.0,0.034482758620689655,0,0,permeabilidad
Ejecución,permitan disenar,0.9757524537533226,0,5,2,58,0.0,0.034482758620689655,0,0,permitan diseñar
Ejecución,permitan estar,0.9757524537533226,0,5,2,58,0.0,0.034482758620689655,0,0,permitan estar
Ejecución,permitan estar en constante,0.9757524537533226,0,5,2,58,0.0,0.034482758620689655,0,0,permitan estar en constante
Ejecución,permite,0.819633251836041,3,5,19,58,0.6,0.3275862068965517,2,2,permite
Ejecución,permite abordar,0.9757524537533226,0,5,2,58,0.0,0.034482758620689655,0,0,permite abordar
Ejecución,permite analizar,3.297680548640685,1,5,1,58,0.2,0.017241379310344827,1,1,permite analizar
Ejecución,permite generar,0.9757524537533226,0,5,2,58,0.0,0.034482758620689655,0,0,permite generar
Ejecución,permite generar soluciones,0.9757524537533226,0,5,2,58,0.0,0.034482758620689655,0,0,permite generar soluciones
Ejecución,permite proponer,0.9757524537533226,0,5,2,58,0.0,0.034482758620689655,0,0,permite proponer
Ejecución,permiten,0.4903256265830809,0,5,3,58,0.0,0.05172413793103448,0,0,permiten
Ejecución,permitiendo,0.9757524537533226,0,5,2,58,0.0,0.034482758620689655,0,0,permitiendo
Ejecución,permitira,0.12775554719837268,0,5,4,58,0.0,0.06896551724137931,0,0,permitirá
Ejecución,persona humana,0.9757524537533226,0,5,2,58,0.0,0.034482758620689655,0,0,persona humana
Ejecución,persona titulada,0.9757524537533226,0,5,2,58,0.0,0.034482758620689655,0,0,persona titulada
Ejecución,personal,0.9757524537533226,0,5,2,58,0.0,0.034482758620689655,0,0,personal
Ejecución,personas,-1.4572069535227836,0,5,13,58,0.0,0.22413793103448276,0,0,personas
Ejecución,perspectiva,1.7127180479195288,1,5,4,58,0.2,0.06896551724137931,1,1,perspectiva
Ejecución,pertinencia,0.9757524537533226,0,5,2,58,0.0,0.034482758620689655,0,0,pertinencia
Ejecución,pertinentes,0.12775554719837268,0,5,4,58,0.0,0.06896551724137931,0,0,pertinentes
Ejecución,plan,-0.40275916950040713,0,5,6,58,0.0,0.10344827586206896,0,0,plan
Ejecución,plan comun,0.9757524537533226,0,5,2,58,0.0,0.034482758620689655,0,0,plan común
Ejecución,plan de estudios,0.4903256265830809,0,5,3,58,0.0,0.05172413793103448,0,0,plan de estudios
Ejecución,planes,0.9757524537533226,0,5,2,58,0.0,0.034482758620689655,0,0,planes
Ejecución,planificacion,0.12775554719837268,0,5,4,58,0.0,0.06896551724137931,0,0,planificación
Ejecución,planificar,0.9757524537533229,1,5,7,58,0.2,0.1206896551724138,1,1,planificar
Ejecución,planificar estrategias,2.560714954474479,1,5,2,58,0.2,0.034482758620689655,1,1,planificar estrategias
Ejecución,plantear,0.9757524537533226,0,5,2,58,0.0,0.034482758620689655,0,0,plantear
Ejecución,plataformas,-0.7897822926096545,0,5,8,58,0.0,0.13793103448275862,0,0,plataformas
Ejecución,plataformas de computo,0.9757524537533226,0,5,2,58,0.0,0.034482758620689655,0,0,plataformas de cómputo
Ejecución,poseen,0.9757524537533226,0,5,2,58,0.0,0.034482758620689655,0,0,poseen
Ejecución,postgrado,0.9757524537533226,0,5,2,58,0.0,0.034482758620689655,0,0,postgrado
Ejecución,practica,0.9757524537533226,0,5,2,58,0.0,0.034482758620689655,0,0,práctica
Ejecución,practicas,-0.6092100469678334,0,5,7,58,0.0,0.1206896551724138,0,0,prácticas
Ejecución,practicas de la industria,0.4903256265830809,0,5,3,58,0.0,0.05172413793103448,0,0,prácticas de la industria
Ejecución,practico,0.9757524537533226,0,5,2,58,0.0,0.034482758620689655,0,0,práctico
Ejecución,practicos,0.4903256265830809,0,5,3,58,0.0,0.05172413793103448,0,0,prácticos
Ejecución,preocupandose,0.9757524537533226,0,5,2,58,0.0,0.034482758620689655,0,0,preocupándose
Ejecución,preparacion,0.9757524537533226,0,5,2,58,0.0,0.034482758620689655,0,0,preparación
Ejecución,preparado,2.560714954474479,1,5,2,58,0.2,0.034482758620689655,1,1,preparado
Ejecución,preparados,0.9757524537533226,0,5,2,58,0.0,0.034482758620689655,0,0,preparados
Ejecución,presencial,0.4903256265830809,0,5,3,58,0.0,0.05172413793103448,0,0,presencial
Ejecución,presentan,0.4903256265830809,0,5,3,58,0.0,0.05172413793103448,0,0,presentan
Ejecución,primer,0.9757524537533226,0,5,2,58,0.0,0.034482758620689655,0,0,primer
Ejecución,primer ano,0.9757524537533226,0,5,2,58,0.0,0.034482758620689655,0,0,primer año
Ejecución,principios,-1.225881407416328,0,5,11,58,0.0,0.1896551724137931,0,0,principios
Ejecución,principios eticos,0.12775554719837268,0,5,4,58,0.0,0.06896551724137931,0,0,principios éticos
Ejecución,privacidad,0.9757524537533226,0,5,2,58,0.0,0.034482758620689655,0,0,privacidad
Ejecución,privadas,1.532145802277708,2,5,8,58,0.4,0.13793103448275862,1,1,privadas
Ejecución,privado,-0.1617510699966122,0,5,5,58,0.0,0.08620689655172414,0,0,privado
Ejecución,privados,0.4903256265830809,0,5,3,58,0.0,0.05172413793103448,0,0,privados
Ejecución,proactividad,0.4903256265830809,0,5,3,58,0.0,0.05172413793103448,0,0,proactividad
Ejecución,proactivo,0.9757524537533226,0,5,2,58,0.0,0.034482758620689655,0,0,proactivo
Ejecución,problemas,-0.3111286940348386,2,5,30,58,0.4,0.5172413793103449,2,2,problemas
Ejecución,problemas complejos,-1.0946368741380752,0,5,10,58,0.0,0.1724137931034483,0,0,problemas complejos
Ejecución,problemas complejos mediante,0.9757524537533226,0,5,2,58,0.0,0.034482758620689655,0,0,problemas complejos mediante
Ejecución,problemas con enfasis,0.9757524537533226,0,5,2,58,0.0,0.034482758620689655,0,0,problemas con énfasis
Ejecución,problematicas,1.1822033312207492,1,5,6,58,0.2,0.10344827586206896,1,1,problemáticas
Ejecución,procesamiento,-0.1617510699966122,0,5,5,58,0.0,0.08620689655172414,0,0,procesamiento
Ejecución,proceso,0.12775554719837268,0,5,4,58,0.0,0.06896551724137931,0,0,proceso
Ejecución,procesos,0.4903256265830811,3,5,24,58,0.6,0.41379310344827586,2,2,procesos
Ejecución,procesos de transformacion,0.9757524537533226,0,5,2,58,0.0,0.034482758620689655,0,0,procesos de transformación
Ejecución,procesos organizacionales,0.9757524537533226,0,5,2,58,0.0,0.034482758620689655,0,0,procesos organizacionales
Ejecución,produccion,0.12775554719837268,0,5,4,58,0.0,0.06896551724137931,0,0,producción
Ejecución,productivo,0.12775554719837268,0,5,4,58,0.0,0.06896551724137931,0,0,productivo
Ejecución,productos,-1.3461756411340398,0,5,12,58,0.0,0.20689655172413793,0,0,productos
Ejecución,productos de software,0.4903256265830809,0,5,3,58,0.0,0.05172413793103448,0,0,productos de software
Ejecución,profesion,-0.40275916950040713,0,5,6,58,0.0,0.10344827586206896,0,0,profesión
Ejecución,profesional,-0.04018909011569885,4,5,45,58,0.8,0.7758620689655172,3,3,profesional
Ejecución,profesional competente,0.9757524537533226,0,5,2,58,0.0,0.034482758620689655,0,0,profesional competente
Ejecución,profesional comprometido,3.297680548640685,1,5,1,58,0.2,0.017241379310344827,1,1,profesional comprometido
Ejecución,profesional innovador,0.9757524537533226,0,5,2,58,0.0,0.034482758620689655,0,0,profesional innovador
Ejecución,profesional integrador,0.9757524537533226,0,5,2,58,0.0,0.034482758620689655,0,0,profesional integrador
Ejecución,profesional integrador de tecnologias,0.9757524537533226,0,5,2,58,0.0,0.034482758620689655,0,0,profesional integrador de tecnologías
Ejecución,profesional integral,-0.1617510699966122,0,5,5,58,0.0,0.08620689655172414,0,0,profesional integral
Ejecución,profesional podra,0.4903256265830809,0,5,3,58,0.0,0.05172413793103448,0,0,profesional podrá
Ejecución,profesionales,-0.5436217053402567,1,5,21,58,0.2,0.3620689655172414,1,1,profesionales
Ejecución,profesionalmente,0.4903256265830809,0,5,3,58,0.0,0.05172413793103448,0,0,profesionalmente
Ejecución,profesionalmente en forma,0.9757524537533226,0,5,2,58,0.0,0.034482758620689655,0,0,profesionalmente en forma
Ejecución,profesionalmente en forma etica,0.9757524537533226,0,5,2,58,0.0,0.034482758620689655,0,0,profesionalmente en forma ética
Ejecución,profesor,0.9757524537533226,0,5,2,58,0.0,0.034482758620689655,0,0,profesor
Ejecución,profundizar,0.9757524537533226,0,5,2,58,0.0,0.034482758620689655,0,0,profundizar
Ejecución,programa,-1.225881407416328,0,5,11,58,0.0,0.1896551724137931,0,0,programa
Ejecución,programa formativo,0.9757524537533226,0,5,2,58,0.0,0.034482758620689655,0,0,programa formativo
Ejecución,programacion,1.712718047919529,2,5,7,58,0.4,0.1206896551724138,1,1,programación
Ejecución,programador,0.9757524537533226,0,5,2,58,0.0,0.034482758620689655,0,0,programador
Ejecución,programas,0.4903256265830809,0,5,3,58,0.0,0.05172413793103448,0,0,programas
Ejecución,promocion,0.4903256265830809,0,5,3,58,0.0,0.05172413793103448,0,0,promoción
Ejecución,promocion del bien,0.9757524537533226,0,5,2,58,0.0,0.034482758620689655,0,0,promoción del bien
Ejecución,promocion del bien comun,0.9757524537533226,0,5,2,58,0.0,0.034482758620689655,0,0,promoción del bien común
Ejecución,promoviendo,0.12775554719837268,0,5,4,58,0.0,0.06896551724137931,0,0,promoviendo
Ejecución,propios,-0.9502469648029003,0,5,9,58,0.0,0.15517241379310345,0,0,propios
Ejecución,propios emprendimientos,0.9757524537533226,0,5,2,58,0.0,0.034482758620689655,0,0,propios emprendimientos
Ejecución,proponer,0.12775554719837268,0,5,4,58,0.0,0.06896551724137931,0,0,proponer
Ejecución,proponer soluciones,0.9757524537533226,0,5,2,58,0.0,0.034482758620689655,0,0,proponer soluciones
Ejecución,proposito,0.4903256265830809,0,5,3,58,0.0,0.05172413793103448,0,0,propósito
Ejecución,propuestas,0.4903256265830809,0,5,3,58,0.0,0.05172413793103448,0,0,propuestas
Ejecución,proteccion,0.9757524537533226,0,5,2,58,0.0,0.034482758620689655,0,0,protección
Ejecución,proyecto,0.9757524537533226,0,5,2,58,0.0,0.034482758620689655,0,0,proyecto
Ejecución,proyectos,-0.37069796026810836,3,5,44,58,0.6,0.7586206896551724,3,3,proyectos
Ejecución,proyectos de software,2.8122537214704435,2,5,3,58,0.4,0.05172413793103448,2,2,proyectos de software
Ejecución,proyectos de tecnologias,0.4903256265830809,0,5,3,58,0.0,0.05172413793103448,0,0,proyectos de tecnologías
Ejecución,proyectos propios,0.9757524537533226,0,5,2,58,0.0,0.034482758620689655,0,0,proyectos propios
Ejecución,proyectos relacionados,0.4903256265830809,0,5,3,58,0.0,0.05172413793103448,0,0,proyectos relacionados
Ejecución,proyectos tecnologicos,-0.6092100469678334,0,5,7,58,0.0,0.1206896551724138,0,0,proyectos tecnológicos
Ejecución,pruebas,0.9757524537533226,0,5,2,58,0.0,0.034482758620689655,0,0,pruebas
Ejecución,publica,0.9757524537533226,0,5,2,58,0.0,0.034482758620689655,0,0,pública
Ejecución,publicas,1.532145802277708,2,5,8,58,0.4,0.13793103448275862,1,1,públicas
Ejecución,publico,0.12775554719837268,0,5,4,58,0.0,0.06896551724137931,0,0,público
Ejecución,publicos,0.12775554719837268,0,5,4,58,0.0,0.06896551724137931,0,0,públicos
Ejecución,pudiendo,0.4903256265830809,0,5,3,58,0.0,0.05172413793103448,0,0,pudiendo
Ejecución,pudiendo desempenarse,0.4903256265830809,0,5,3,58,0.0,0.05172413793103448,0,0,pudiendo desempeñarse
Ejecución,puede,-0.6092100469678334,0,5,7,58,0.0,0.1206896551724138,0,0,puede
Ejecución,puede desempenarse,0.4903256265830809,0,5,3,58,0.0,0.05172413793103448,0,0,puede desempeñarse
Ejecución,pueden,0.9757524537533226,0,5,2,58,0.0,0.034482758620689655,0,0,pueden
Ejecución,quehacer,1.1822033312207492,1,5,6,58,0.2,0.10344827586206896,1,1,quehacer
Ejecución,quehacer profesional,1.7127180479195288,1,5,4,58,0.2,0.06896551724137931,1,1,quehacer profesional
Ejecución,quien,0.4903256265830809,0,5,3,58,0.0,0.05172413793103448,0,0,quien
Ejecución,quienes,0.12775554719837268,0,5,4,58,0.0,0.06896551724137931,0,0,quienes
Ejecución,quienes egresan,0.9757524537533226,0,5,2,58,0.0,0.034482758620689655,0,0,quienes egresan
Ejecución,reales,0.12775554719837268,0,5,4,58,0.0,0.06896551724137931,0,0,reales
Ejecución,realidad,0.4903256265830809,0,5,3,58,0.0,0.05172413793103448,0,0,realidad
Ejecución,realiza,0.9757524537533226,0,5,2,58,0.0,0.034482758620689655,0,0,realiza
Ejecución,realizado,0.9757524537533226,0,5,2,58,0.0,0.034482758620689655,0,0,realizado
Ejecución,realizar,-0.1617510699966122,0,5,5,58,0.0,0.08620689655172414,0,0,realizar
Ejecución,reconoce,0.12775554719837268,0,5,4,58,0.0,0.06896551724137931,0,0,reconoce
Ejecución,reconocimiento,0.9757524537533226,0,5,2,58,0.0,0.034482758620689655,0,0,reconocimiento
Ejecución,recursos,0.864721141364579,2,5,13,58,0.4,0.22413793103448276,1,1,recursos
Ejecución,recursos computacionales,0.9757524537533226,0,5,2,58,0.0,0.034482758620689655,0,0,recursos computacionales
Ejecución,recursos digitales,5.619608643528047,2,5,0,58,0.4,0.0,1,1,recursos digitales
Ejecución,recursos humanos,0.9757524537533226,0,5,2,58,0.0,0.034482758620689655,0,0,recursos humanos
Ejecución,recursos tecnologicos,0.4903256265830809,0,5,3,58,0.0,0.05172413793103448,0,0,recursos tecnológicos
Ejecución,redes,-1.3461756411340398,0,5,12,58,0.0,0.20689655172413793,0,0,redes
Ejecución,redes de computadores,0.9757524537533226,0,5,2,58,0.0,0.034482758620689655,0,0,redes de computadores
Ejecución,redes de datos,0.4903256265830809,0,5,3,58,0.0,0.05172413793103448,0,0,redes de datos
Ejecución,reflexion,0.9757524537533226,0,5,2,58,0.0,0.034482758620689655,0,0,reflexión
Ejecución,reflexivo,0.9757524537533226,0,5,2,58,0.0,0.034482758620689655,0,0,reflexivo
Ejecución,region,-0.1617510699966122,0,5,5,58,0.0,0.08620689655172414,0,0,región
Ejecución,relacionadas,-0.1617510699966122,0,5,5,58,0.0,0.08620689655172414,0,0,relacionadas
Ejecución,relacionados,-0.6092100469678334,0,5,7,58,0.0,0.1206896551724138,0,0,relacionados
Ejecución,relacionados con las tecnologias,0.9757524537533226,0,5,2,58,0.0,0.034482758620689655,0,0,relacionados con las tecnologías
Ejecución,relevante,0.9757524537533226,0,5,2,58,0.0,0.034482758620689655,0,0,relevante
Ejecución,rendimiento,0.4903256265830809,0,5,3,58,0.0,0.05172413793103448,0,0,rendimiento
Ejecución,requeridas,0.9757524537533226,0,5,2,58,0.0,0.034482758620689655,0,0,requeridas
Ejecución,requerimientos,-0.9502469648029003,0,5,9,58,0.0,0.15517241379310345,0,0,requerimientos
Ejecución,requerimientos de la industria,0.9757524537533226,0,5,2,58,0.0,0.034482758620689655,0,0,requerimientos de la industria
Ejecución,requerimientos de la organizacion,0.9757524537533226,0,5,2,58,0.0,0.034482758620689655,0,0,requerimientos de la organización
Ejecución,requerimientos del cliente,0.9757524537533226,0,5,2,58,0.0,0.034482758620689655,0,0,requerimientos del cliente
Ejecución,requieren,0.12775554719837268,0,5,4,58,0.0,0.06896551724137931,0,0,requieren
Ejecución,requisitos,0.9757524537533226,0,5,2,58,0.0,0.034482758620689655,0,0,requisitos
Ejecución,resguardar,0.9757524537533226,0,5,2,58,0.0,0.034482758620689655,0,0,resguardar
Ejecución,resilientes,0.9757524537533226,0,5,2,58,0.0,0.034482758620689655,0,0,resilientes
Ejecución,resolucion,-0.40275916950040713,0,5,6,58,0.0,0.10344827586206896,0,0,resolución
Ejecución,resolucion de problemas,-0.1617510699966122,0,5,5,58,0.0,0.08620689655172414,0,0,resolución de problemas
Ejecución,resolucion de problemas complejos,0.9757524537533226,0,5,2,58,0.0,0.034482758620689655,0,0,resolución de problemas complejos
Ejecución,resolver,0.6131823743686147,3,5,22,58,0.6,0.3793103448275862,3,3,resolver
Ejecución,resolver diversas necesidades,3.297680548640685,1,5,1,58,0.2,0.017241379310344827,1,1,resolver diversas necesidades
Ejecución,resolver las diferencias,0.9757524537533226,0,5,2,58,0.0,0.034482758620689655,0,0,resolver las diferencias
Ejecución,resolver problemas,0.4903256265830811,2,5,17,58,0.4,0.29310344827586204,2,2,resolver problemas
Ejecución,resolver problemas complejos,-0.40275916950040713,0,5,6,58,0.0,0.10344827586206896,0,0,resolver problemas complejos
Ejecución,resolver problemas complejos mediante,0.9757524537533226,0,5,2,58,0.0,0.034482758620689655,0,0,resolver problemas complejos mediante
Ejecución,resolver problemas con enfasis,0.9757524537533226,0,5,2,58,0.0,0.034482758620689655,0,0,resolver problemas con énfasis
Ejecución,resolviendo,0.9757524537533226,0,5,2,58,0.0,0.034482758620689655,0,0,resolviendo
Ejecución,respetando,1.7127180479195288,1,5,4,58,0.2,0.06896551724137931,1,1,respetando
Ejecución,respetando la diversidad,0.4903256265830809,0,5,3,58,0.0,0.05172413793103448,0,0,respetando la diversidad
Ejecución,respeto,1.7127180479195288,1,5,4,58,0.2,0.06896551724137931,1,1,respeto
Ejecución,respondan,0.9757524537533226,0,5,2,58,0.0,0.034482758620689655,0,0,respondan
Ejecución,responden,0.9757524537533226,0,5,2,58,0.0,0.034482758620689655,0,0,responden
Ejecución,responder,0.4903256265830809,0,5,3,58,0.0,0.05172413793103448,0,0,responder
Ejecución,respondiendo,0.9757524537533226,0,5,2,58,0.0,0.034482758620689655,0,0,respondiendo
Ejecución,responsabilidad,0.8955821050693394,3,5,18,58,0.6,0.3103448275862069,3,3,responsabilidad
Ejecución,responsabilidad social,0.7616276484004754,2,5,14,58,0.4,0.2413793103448276,2,2,responsabilidad social
Ejecución,responsable,-0.7897822926096545,0,5,8,58,0.0,0.13793103448275862,0,0,responsable
Ejecución,respuesta,0.9757524537533226,0,5,2,58,0.0,0.034482758620689655,0,0,respuesta
Ejecución,restricciones,0.9757524537533226,0,5,2,58,0.0,0.034482758620689655,0,0,restricciones
Ejecución,resultados,0.4903256265830809,0,5,3,58,0.0,0.05172413793103448,0,0,resultados
Ejecución,resultados de aprendizaje,0.9757524537533226,0,5,2,58,0.0,0.034482758620689655,0,0,resultados de aprendizaje
Ejecución,revolucion,0.9757524537533226,0,5,2,58,0.0,0.034482758620689655,0,0,revolución
Ejecución,revolucion tecnologica,0.9757524537533226,0,5,2,58,0.0,0.034482758620689655,0,0,revolución tecnológica
Ejecución,riesgos,-0.40275916950040713,0,5,6,58,0.0,0.10344827586206896,0,0,riesgos
Ejecución,rigurosa,0.9757524537533226,0,5,2,58,0.0,0.034482758620689655,0,0,rigurosa
Ejecución,rigurosa base,0.9757524537533226,0,5,2,58,0.0,0.034482758620689655,0,0,rigurosa base
Ejecución,robotica,0.9757524537533226,0,5,2,58,0.0,0.034482758620689655,0,0,robótica
Ejecución,rol,0.4903256265830809,0,5,3,58,0.0,0.05172413793103448,0,0,rol
Ejecución,roles,0.9757524537533226,0,5,2,58,0.0,0.034482758620689655,0,0,roles
Ejecución,saberes,0.9757524537533226,0,5,2,58,0.0,0.034482758620689655,0,0,saberes
Ejecución,salud,0.9757524537533226,0,5,2,58,0.0,0.034482758620689655,0,0,salud
Ejecución,san,0.9757524537533226,0,5,2,58,0.0,0.034482758620689655,0,0,san
Ejecución,santa,0.9757524537533226,0,5,2,58,0.0,0.034482758620689655,0,0,santa
Ejecución,santa maria,0.9757524537533226,0,5,2,58,0.0,0.034482758620689655,0,0,santa maría
Ejecución,santisima,4.034646142806891,2,5,1,58,0.4,0.017241379310344827,1,1,santísima
Ejecución,santo,0.9757524537533226,0,5,2,58,0.0,0.034482758620689655,0,0,santo
Ejecución,santo tomas,0.9757524537533226,0,5,2,58,0.0,0.034482758620689655,0,0,santo tomas
Ejecución,satisfacer,0.4903256265830809,0,5,3,58,0.0,0.05172413793103448,0,0,satisfacer
Ejecución,satisfacer las necesidades,0.9757524537533226,0,5,2,58,0.0,0.034482758620689655,0,0,satisfacer las necesidades
Ejecución,satisfacer los requerimientos,0.9757524537533226,0,5,2,58,0.0,0.034482758620689655,0,0,satisfacer los requerimientos
Ejecución,sea,0.4903256265830809,0,5,3,58,0.0,0.05172413793103448,0,0,sea
Ejecución,sebastian,0.9757524537533226,0,5,2,58,0.0,0.034482758620689655,0,0,sebastián
Ejecución,sector,-0.6092100469678334,0,5,7,58,0.0,0.1206896551724138,0,0,sector
Ejecución,sector publico,0.12775554719837268,0,5,4,58,0.0,0.06896551724137931,0,0,sector público
Ejecución,sede,0.4903256265830809,0,5,3,58,0.0,0.05172413793103448,0,0,sede
Ejecución,segun,-0.40275916950040713,0,5,6,58,0.0,0.10344827586206896,0,0,según
Ejecución,segundo,0.9757524537533226,0,5,2,58,0.0,0.034482758620689655,0,0,segundo
Ejecución,seguridad,-1.9877216702215632,0,5,19,58,0.0,0.3275862068965517,0,0,seguridad
Ejecución,seguridad de la informacion,-0.7897822926096545,0,5,8,58,0.0,0.13793103448275862,0,0,seguridad de la información
Ejecución,sello distintivo,0.9757524537533226,0,5,2,58,0.0,0.034482758620689655,0,0,sello distintivo
Ejecución,sello valorico,3.297680548640685,1,5,1,58,0.2,0.017241379310344827,1,1,sello valórico
Ejecución,semestres,0.12775554719837268,0,5,4,58,0.0,0.06896551724137931,0,0,semestres
Ejecución,sentido,-0.9502469648029003,0,5,9,58,0.0,0.15517241379310345,0,0,sentido
Ejecución,sentido amplio,0.9757524537533226,0,5,2,58,0.0,0.034482758620689655,0,0,sentido amplio
Ejecución,sentido amplio de responsabilidad,0.9757524537533226,0,5,2,58,0.0,0.034482758620689655,0,0,sentido amplio de responsabilidad
Ejecución,sentido de responsabilidad,0.9757524537533226,0,5,2,58,0.0,0.034482758620689655,0,0,sentido de responsabilidad
Ejecución,sentido etico,0.9757524537533226,0,5,2,58,0.0,0.034482758620689655,0,0,sentido ético
Ejecución,serena,0.9757524537533226,0,5,2,58,0.0,0.034482758620689655,0,0,serena
Ejecución,servicio,-0.1617510699966122,0,5,5,58,0.0,0.08620689655172414,0,0,servicio
Ejecución,servicios,-1.9117728169882646,0,5,18,58,0.0,0.3103448275862069,0,0,servicios
Ejecución,servicios asociados,0.9757524537533226,0,5,2,58,0.0,0.034482758620689655,0,0,servicios asociados
Ejecución,servicios tecnologicos,0.9757524537533226,0,5,2,58,0.0,0.034482758620689655,0,0,servicios tecnológicos
Ejecución,siempre,0.9757524537533226,0,5,2,58,0.0,0.034482758620689655,0,0,siempre
Ejecución,siendo,-0.6092100469678334,0,5,7,58,0.0,0.1206896551724138,0,0,siendo
Ejecución,siendo capaz de aplicar,0.9757524537533226,0,5,2,58,0.0,0.034482758620689655,0,0,siendo capaz de aplicar
Ejecución,siendo capaz de resolver,0.9757524537533226,0,5,2,58,0.0,0.034482758620689655,0,0,siendo capaz de resolver
Ejecución,siguiendo,0.9757524537533226,0,5,2,58,0.0,0.034482758620689655,0,0,siguiendo
Ejecución,siguiente,0.9757524537533226,0,5,2,58,0.0,0.034482758620689655,0,0,siguiente
Ejecución,siguiente perfil,0.9757524537533226,0,5,2,58,0.0,0.034482758620689655,0,0,siguiente perfil
Ejecución,sintesis,0.9757524537533226,0,5,2,58,0.0,0.034482758620689655,0,0,síntesis
Ejecución,sistemas,0.4903256265830809,5,5,38,58,1.0,0.6551724137931034,4,4,sistemas
Ejecución,sistemas computacionales,1.1822033312207492,1,5,6,58,0.2,0.10344827586206896,1,1,sistemas computacionales
Ejecución,sistemas de informacion,0.02466205423426903,1,5,14,58,0.2,0.2413793103448276,1,1,sistemas de información
Ejecución,sistemas de redes,0.4903256265830809,0,5,3,58,0.0,0.05172413793103448,0,0,sistemas de redes
Ejecución,sistemas de software,0.4903256265830809,0,5,3,58,0.0,0.05172413793103448,0,0,sistemas de software
Ejecución,sistemas inteligentes,0.4903256265830809,0,5,3,58,0.0,0.05172413793103448,0,0,sistemas inteligentes
Ejecución,sistematica,0.9757524537533226,0,5,2,58,0.0,0.034482758620689655,0,0,sistemática
Ejecución,sistematicamente,0.9757524537533226,0,5,2,58,0.0,0.034482758620689655,0,0,sistemáticamente
Ejecución,sistematico,0.9757524537533226,0,5,2,58,0.0,0.034482758620689655,0,0,sistemático
Ejecución,sistemica,0.9757524537533226,0,5,2,58,0.0,0.034482758620689655,0,0,sistémica
Ejecución,situaciones,-0.40275916950040713,0,5,6,58,0.0,0.10344827586206896,0,0,situaciones
Ejecución,social,-0.16175106999661204,2,5,27,58,0.4,0.46551724137931033,2,2,social
Ejecución,sociales,-0.6092100469678334,0,5,7,58,0.0,0.1206896551724138,0,0,sociales
Ejecución,socialmente,0.9757524537533226,0,5,2,58,0.0,0.034482758620689655,0,0,socialmente
Ejecución,socialmente responsable,0.9757524537533226,0,5,2,58,0.0,0.034482758620689655,0,0,socialmente responsable
Ejecución,sociedad,-1.3461756411340398,0,5,12,58,0.0,0.20689655172413793,0,0,sociedad
Ejecución,software,0.6073650477733004,5,5,35,58,1.0,0.603448275862069,4,4,software
Ejecución,software innovadoras,0.9757524537533226,0,5,2,58,0.0,0.034482758620689655,0,0,software innovadoras
Ejecución,solidos,-0.40275916950040713,0,5,6,58,0.0,0.10344827586206896,0,0,sólidos
Ejecución,solucion,1.7127180479195288,1,5,4,58,0.2,0.06896551724137931,1,1,solución
Ejecución,solucionar,0.9757524537533226,0,5,2,58,0.0,0.034482758620689655,0,0,solucionar
Ejecución,solucionar problemas,0.9757524537533226,0,5,2,58,0.0,0.034482758620689655,0,0,solucionar problemas
Ejecución,soluciones,-0.7202413593565772,2,5,40,58,0.4,0.6896551724137931,2,2,soluciones
Ejecución,soluciones computacionales,-0.1617510699966122,0,5,5,58,0.0,0.08620689655172414,0,0,soluciones computacionales
Ejecución,soluciones consideran,0.9757524537533226,0,5,2,58,0.0,0.034482758620689655,0,0,soluciones consideran
Ejecución,soluciones consideran las arquitecturas,0.9757524537533226,0,5,2,58,0.0,0.034482758620689655,0,0,soluciones consideran las arquitecturas
Ejecución,soluciones creativas,0.9757524537533226,0,5,2,58,0.0,0.034482758620689655,0,0,soluciones creativas
Ejecución,soluciones de software,-0.40275916950040713,0,5,6,58,0.0,0.10344827586206896,0,0,soluciones de software
Ejecución,soluciones de software innovadoras,0.9757524537533226,0,5,2,58,0.0,0.034482758620689655,0,0,soluciones de software innovadoras
Ejecución,soluciones eficientes,0.12775554719837268,0,5,4,58,0.0,0.06896551724137931,0,0,soluciones eficientes
Ejecución,soluciones eficientes de software,0.9757524537533226,0,5,2,58,0.0,0.034482758620689655,0,0,soluciones eficientes de software
Ejecución,soluciones innovadoras,-0.40275916950040713,0,5,6,58,0.0,0.10344827586206896,0,0,soluciones innovadoras
Ejecución,soluciones integrales,0.4903256265830809,0,5,3,58,0.0,0.05172413793103448,0,0,soluciones integrales
Ejecución,soluciones tecnologicas,0.3590810933048283,1,5,11,58,0.2,0.1896551724137931,1,1,soluciones tecnológicas
Ejecución,soluciones tecnologicas innovadoras,0.9757524537533226,0,5,2,58,0.0,0.034482758620689655,0,0,soluciones tecnológicas innovadoras
Ejecución,soluciones tic,0.4903256265830809,0,5,3,58,0.0,0.05172413793103448,0,0,soluciones tic
Ejecución,soluciones tic requeridas,0.9757524537533226,0,5,2,58,0.0,0.034482758620689655,0,0,soluciones tic requeridas
Ejecución,soporte,0.4903256265830809,0,5,3,58,0.0,0.05172413793103448,0,0,soporte
Ejecución,sostenibilidad,0.12775554719837268,0,5,4,58,0.0,0.06896551724137931,0,0,sostenibilidad
Ejecución,sostenible,-1.0946368741380752,0,5,10,58,0.0,0.1724137931034483,0,0,sostenible
Ejecución,sostenibles,0.4903256265830809,0,5,3,58,0.0,0.05172413793103448,0,0,sostenibles
Ejecución,surgen,0.9757524537533226,0,5,2,58,0.0,0.034482758620689655,0,0,surgen
Ejecución,sustentabilidad,0.4903256265830809,0,5,3,58,0.0,0.05172413793103448,0,0,sustentabilidad
Ejecución,sustentable,-0.1617510699966122,0,5,5,58,0.0,0.08620689655172414,0,0,sustentable
Ejecución,tales,0.12775554719837268,0,5,4,58,0.0,0.06896551724137931,0,0,tales
Ejecución,tareas,0.9757524537533226,0,5,2,58,0.0,0.034482758620689655,0,0,tareas
Ejecución,tecnica,0.12775554719837268,0,5,4,58,0.0,0.06896551724137931,0,0,técnica
Ejecución,tecnica federico,0.9757524537533226,0,5,2,58,0.0,0.034482758620689655,0,0,técnica federico
Ejecución,tecnica federico santa,0.9757524537533226,0,5,2,58,0.0,0.034482758620689655,0,0,técnica federico santa
Ejecución,tecnica federico santa maria,0.9757524537533226,0,5,2,58,0.0,0.034482758620689655,0,0,técnica federico santa maría
Ejecución,tecnicas,-0.7897822926096545,0,5,8,58,0.0,0.13793103448275862,0,0,técnicas
Ejecución,tecnico,0.12775554719837268,0,5,4,58,0.0,0.06896551724137931,0,0,técnico
Ejecución,tecnicos,-0.6092100469678334,0,5,7,58,0.0,0.1206896551724138,0,0,técnicos
Ejecución,tecnologia,-1.0946368741380752,0,5,10,58,0.0,0.1724137931034483,0,0,tecnología
Ejecución,tecnologia de informacion,0.9757524537533226,0,5,2,58,0.0,0.034482758620689655,0,0,tecnología de información
Ejecución,tecnologia de la informacion,0.4903256265830809,0,5,3,58,0.0,0.05172413793103448,0,0,tecnología de la información
Ejecución,tecnologias,0.02466205423426903,4,5,43,58,0.8,0.7413793103448276,3,3,tecnologías
Ejecución,tecnologias de informacion,0.23878685958711676,1,5,12,58,0.2,0.20689655172413793,1,1,tecnologías de información
Ejecución,tecnologias de la informacion,0.6787707159961914,3,5,21,58,0.6,0.3620689655172414,2,2,tecnologías de la información
Ejecución,tecnologias de vanguardia,0.9757524537533226,0,5,2,58,0.0,0.034482758620689655,0,0,tecnologías de vanguardia
Ejecución,tecnologias digitales,0.9757524537533226,0,5,2,58,0.0,0.034482758620689655,0,0,tecnologías digitales
Ejecución,tecnologias emergentes,0.12775554719837268,0,5,4,58,0.0,0.06896551724137931,0,0,tecnologías emergentes
Ejecución,tecnologias relacionadas,0.9757524537533226,0,5,2,58,0.0,0.034482758620689655,0,0,tecnologías relacionadas
Ejecución,tecnologica,-0.16175106999661204,1,5,16,58,0.2,0.27586206896551724,1,1,tecnológica
Ejecución,tecnologica metropolitana,0.9757524537533226,0,5,2,58,0.0,0.034482758620689655,0,0,tecnológica metropolitana
Ejecución,tecnologicas,-0.2466399675831252,1,5,17,58,0.2,0.29310344827586204,1,1,tecnológicas
Ejecución,tecnologicas innovadoras,0.9757524537533226,0,5,2,58,0.0,0.034482758620689655,0,0,tecnológicas innovadoras
Ejecución,tecnologico,1.712718047919529,2,5,7,58,0.4,0.1206896551724138,1,1,tecnológico
Ejecución,tecnologicos,-1.9117728169882646,0,5,18,58,0.0,0.3103448275862069,0,0,tecnológicos
Ejecución,telecomunicaciones,-0.40275916950040713,0,5,6,58,0.0,0.10344827586206896,0,0,telecomunicaciones
Ejecución,teorica,0.9757524537533226,0,5,2,58,0.0,0.034482758620689655,0,0,teórica
Ejecución,teoricos,0.4903256265830809,0,5,3,58,0.0,0.05172413793103448,0,0,teóricos
Ejecución,termino,0.9757524537533226,0,5,2,58,0.0,0.034482758620689655,0,0,término
Ejecución,ti,-0.9502469648029003,0,5,9,58,0.0,0.15517241379310345,0,0,ti
Ejecución,ti junto,0.9757524537533226,0,5,2,58,0.0,0.034482758620689655,0,0,ti junto
Ejecución,tic,0.9757524537533229,1,5,7,58,0.2,0.1206896551724138,1,1,tic
Ejecución,tic requeridas,0.9757524537533226,0,5,2,58,0.0,0.034482758620689655,0,0,tic requeridas
Ejecución,tiempo,0.12775554719837268,0,5,4,58,0.0,0.06896551724137931,0,0,tiempo
Ejecución,tipo,0.12775554719837268,0,5,4,58,0.0,0.06896551724137931,0,0,tipo
Ejecución,tipo de organizacion,0.9757524537533226,0,5,2,58,0.0,0.034482758620689655,0,0,tipo de organización
Ejecución,titulada,0.9757524537533226,0,5,2,58,0.0,0.034482758620689655,0,0,titulada
Ejecución,titulo,-0.1617510699966122,0,5,5,58,0.0,0.08620689655172414,0,0,título
Ejecución,titulo profesional,0.12775554719837268,0,5,4,58,0.0,0.06896551724137931,0,0,título profesional
Ejecución,toma,0.23878685958711676,1,5,12,58,0.2,0.20689655172413793,1,1,toma
Ejecución,tomando,0.4903256265830809,0,5,3,58,0.0,0.05172413793103448,0,0,tomando
Ejecución,tomando en consideracion,0.9757524537533226,0,5,2,58,0.0,0.034482758620689655,0,0,tomando en consideración
Ejecución,tomar,0.4903256265830809,0,5,3,58,0.0,0.05172413793103448,0,0,tomar
Ejecución,tomar decisiones,0.4903256265830809,0,5,3,58,0.0,0.05172413793103448,0,0,tomar decisiones
Ejecución,tomas,0.9757524537533226,0,5,2,58,0.0,0.034482758620689655,0,0,tomas
Ejecución,trabaja,0.4903256265830809,0,5,3,58,0.0,0.05172413793103448,0,0,trabaja
Ejecución,trabaja colaborativamente,0.9757524537533226,0,5,2,58,0.0,0.034482758620689655,0,0,trabaja colaborativamente
Ejecución,trabajar,-1.225881407416328,0,5,11,58,0.0,0.1896551724137931,0,0,trabajar
Ejecución,trabajar colaborativamente,0.4903256265830809,0,5,3,58,0.0,0.05172413793103448,0,0,trabajar colaborativamente
Ejecución,trabajar colaborativamente en equipos,0.9757524537533226,0,5,2,58,0.0,0.034482758620689655,0,0,trabajar colaborativamente en equipos
Ejecución,trabajar en equipo,0.9757524537533226,0,5,2,58,0.0,0.034482758620689655,0,0,trabajar en equipo
Ejecución,trabajar en equipos,0.12775554719837268,0,5,4,58,0.0,0.06896551724137931,0,0,trabajar en equipos
Ejecución,trabajar en equipos multidisciplinarios,0.4903256265830809,0,5,3,58,0.0,0.05172413793103448,0,0,trabajar en equipos multidisciplinarios
Ejecución,trabajo,-0.21328137063669408,2,5,28,58,0.4,0.4827586206896552,2,2,trabajo
Ejecución,trabajo colaborativo,0.12775554719837268,0,5,4,58,0.0,0.06896551724137931,0,0,trabajo colaborativo
Ejecución,trabajo en equipo,1.4232114307245438,1,5,5,58,0.2,0.08620689655172414,1,1,trabajo en equipo
Ejecución,trabajo en equipos,0.4903256265830809,0,5,3,58,0.0,0.05172413793103448,0,0,trabajo en equipos
Ejecución,trabajo en equipos multidisciplinarios,0.9757524537533226,0,5,2,58,0.0,0.034482758620689655,0,0,trabajo en equipos multidisciplinarios
Ejecución,trabajo interdisciplinarios,0.4903256265830809,0,5,3,58,0.0,0.05172413793103448,0,0,trabajo interdisciplinarios
Ejecución,trabajo multidisciplinarios,0.12775554719837268,0,5,4,58,0.0,0.06896551724137931,0,0,trabajo multidisciplinarios
Ejecución,transferencia,0.4903256265830809,0,5,3,58,0.0,0.05172413793103448,0,0,transferencia
Ejecución,transformacion,-1.6565157617461903,0,5,15,58,0.0,0.25862068965517243,0,0,transformación
Ejecución,transformacion digital,-1.225881407416328,0,5,11,58,0.0,0.1896551724137931,0,0,transformación digital
Ejecución,trascendente,0.9757524537533226,0,5,2,58,0.0,0.034482758620689655,0,0,trascendente
Ejecución,traves,-1.8316024683042813,0,5,17,58,0.0,0.29310344827586204,0,0,través
Ejecución,traves del uso,0.9757524537533226,0,5,2,58,0.0,0.034482758620689655,0,0,través del uso
Ejecución,trayectoria,0.12775554719837268,0,5,4,58,0.0,0.06896551724137931,0,0,trayectoria
Ejecución,trayectoria formativa,0.9757524537533226,0,5,2,58,0.0,0.034482758620689655,0,0,trayectoria formativa
Ejecución,ucn,0.9757524537533226,0,5,2,58,0.0,0.034482758620689655,0,0,ucn
Ejecución,ucn posee competencias,0.9757524537533226,0,5,2,58,0.0,0.034482758620689655,0,0,ucn posee competencias
Ejecución,ucn posee competencias genericas,0.9757524537533226,0,5,2,58,0.0,0.034482758620689655,0,0,ucn posee competencias genéricas
Ejecución,ultimo,0.9757524537533226,0,5,2,58,0.0,0.034482758620689655,0,0,último
Ejecución,universitario,0.9757524537533226,0,5,2,58,0.0,0.034482758620689655,0,0,universitario
Ejecución,uso,0.02466205423426903,1,5,14,58,0.2,0.2413793103448276,1,1,uso
Ejecución,uso avanzado,0.9757524537533226,0,5,2,58,0.0,0.034482758620689655,0,0,uso avanzado
Ejecución,uso de herramientas,0.9757524537533226,0,5,2,58,0.0,0.034482758620689655,0,0,uso de herramientas
Ejecución,uso de herramientas tecnologicas,0.9757524537533226,0,5,2,58,0.0,0.034482758620689655,0,0,uso de herramientas tecnológicas
Ejecución,uso de metodologias,0.9757524537533226,0,5,2,58,0.0,0.034482758620689655,0,0,uso de metodologías
Ejecución,uso de recursos,0.9757524537533226,0,5,2,58,0.0,0.034482758620689655,0,0,uso de recursos
Ejecución,usuario,0.4903256265830809,0,5,3,58,0.0,0.05172413793103448,0,0,usuario
Ejecución,usuarios,0.12775554719837268,0,5,4,58,0.0,0.06896551724137931,0,0,usuarios
Ejecución,utiliza,0.4903256265830809,0,5,3,58,0.0,0.05172413793103448,0,0,utiliza
Ejecución,utiliza tecnicas,0.9757524537533226,0,5,2,58,0.0,0.034482758620689655,0,0,utiliza técnicas
Ejecución,utilizacion,0.9757524537533226,0,5,2,58,0.0,0.034482758620689655,0,0,utilización
Ejecución,utilizando,-0.9502469648029003,0,5,9,58,0.0,0.15517241379310345,0,0,utilizando
Ejecución,utilizando herramientas,0.12775554719837268,0,5,4,58,0.0,0.06896551724137931,0,0,utilizando herramientas
Ejecución,valiosa,0.9757524537533226,0,5,2,58,0.0,0.034482758620689655,0,0,valiosa
Ejecución,valor,-1.3461756411340398,0,5,12,58,0.0,0.20689655172413793,0,0,valor
Ejecución,valor en el contexto,0.9757524537533226,0,5,2,58,0.0,0.034482758620689655,0,0,valor en el contexto
Ejecución,valor estrategico,0.9757524537533226,0,5,2,58,0.0,0.034482758620689655,0,0,valor estratégico
Ejecución,valores,0.12775554719837268,0,5,4,58,0.0,0.06896551724137931,0,0,valores
Ejecución,valores eticos,0.9757524537533226,0,5,2,58,0.0,0.034482758620689655,0,0,valores éticos
Ejecución,valorica,0.9757524537533226,0,5,2,58,0.0,0.034482758620689655,0,0,valórica
Ejecución,valorico,3.297680548640685,1,5,1,58,0.2,0.017241379310344827,1,1,valórico
Ejecución,vanguardia,0.12775554719837268,0,5,4,58,0.0,0.06896551724137931,0,0,vanguardia
Ejecución,ver,0.4903256265830809,0,5,3,58,0.0,0.05172413793103448,0,0,ver
Ejecución,vez,0.9757524537533226,0,5,2,58,0.0,0.034482758620689655,0,0,vez
Ejecución,vida,-0.6092100469678334,0,5,7,58,0.0,0.1206896551724138,0,0,vida
Ejecución,vigente,-0.1617510699966122,0,5,5,58,0.0,0.08620689655172414,0,0,vigente
Ejecución,vigentes,0.9757524537533226,0,5,2,58,0.0,0.034482758620689655,0,0,vigentes
Ejecución,vinculacion,0.9757524537533226,0,5,2,58,0.0,0.034482758620689655,0,0,vinculación
Ejecución,vinculados,0.9757524537533226,0,5,2,58,0.0,0.034482758620689655,0,0,vinculados
Ejecución,vision,0.6347155359182559,1,5,9,58,0.2,0.15517241379310345,1,1,visión
Ejecución,vision integral,0.9757524537533226,0,5,2,58,0.0,0.034482758620689655,0,0,visión integral
Ejecución,vision orientada,0.9757524537533226,0,5,2,58,0.0,0.034482758620689655,0,0,visión orientada
Ejecución,visualizacion,0.9757524537533226,0,5,2,58,0.0,0.034482758620689655,0,0,visualización
Ejecución,volumenes,0.12775554719837268,0,5,4,58,0.0,0.06896551724137931,0,0,volúmenes
Ejecución,volumenes de datos,0.4903256265830809,0,5,3,58,0.0,0.05172413793103448,0,0,volúmenes de datos
Ejecución,web,0.9757524537533226,0,5,2,58,0.0,0.034482758620689655,0,0,web
Informática,abarcando,2.814968106167479,2,26,0,37,0.07692307692307693,0.0,2,2,abarcando
Informática,abordar,0.493040011280117,2,26,2,37,0.07692307692307693,0.05405405405405406,2,2,abordar
Informática,abstraccion,0.493040011280117,2,26,2,37,0.07692307692307693,0.05405405405405406,2,2,abstracción
Informática,academico,0.007613184109875269,2,26,3,37,0.07692307692307693,0.08108108108108109,2,2,académico
Informática,acciones,-0.729352410056331,1,26,3,37,0.038461538461538464,0.08108108108108109,1,1,acciones
Informática,acorde,-2.314314910777487,0,26,3,37,0.0,0.08108108108108109,0,0,acorde
Informática,actitud,1.341036917835067,4,26,2,37,0.15384615384615385,0.05405405405405406,4,4,actitud
Informática,actitud de liderazgo,0.493040011280117,1,26,1,37,0.038461538461538464,0.02702702702702703,1,1,actitud de liderazgo
Informática,actitud emprendedora,0.493040011280117,1,26,1,37,0.038461538461538464,0.02702702702702703,1,1,actitud emprendedora
Informática,activa,1.2300056054463233,2,26,1,37,0.07692307692307693,0.02702702702702703,2,2,activa
Informática,activamente,-0.24392558288608923,1,26,2,37,0.038461538461538464,0.05405405405405406,1,1,activamente
Informática,actividades,1.2300056054463233,2,26,1,37,0.07692307692307693,0.02702702702702703,2,2,actividades
Informática,actua,3.300394933337721,3,26,0,37,0.11538461538461539,0.0,3,3,actúa
Informática,actualizacion,1.341036917835067,4,26,2,37,0.15384615384615385,0.05405405405405406,4,4,actualización
Informática,actualizar,0.493040011280117,1,26,1,37,0.038461538461538464,0.02702702702702703,1,1,actualizar
Informática,actualizarse,0.493040011280117,1,26,1,37,0.038461538461538464,0.02702702702702703,1,1,actualizarse
Informática,actualizarse permanentemente,0.493040011280117,1,26,1,37,0.038461538461538464,0.02702702702702703,1,1,actualizarse permanentemente
Informática,actuando,0.493040011280117,1,26,1,37,0.038461538461538464,0.02702702702702703,1,1,actuando
Informática,actuar,1.7154324326165649,3,26,1,37,0.11538461538461539,0.02702702702702703,3,3,actuar
Informática,adapta,-1.8288880836072454,0,26,2,37,0.0,0.05405405405405406,0,0,adapta
Informática,adaptacion,1.2300056054463233,2,26,1,37,0.07692307692307693,0.02702702702702703,2,2,adaptación
Informática,adaptandose,3.300394933337721,3,26,0,37,0.11538461538461539,0.0,3,3,adaptándose
Informática,adaptarse,0.13046993189540856,3,26,4,37,0.11538461538461539,0.10810810810810811,3,3,adaptarse
Informática,adaptarse activa,0.493040011280117,1,26,1,37,0.038461538461538464,0.02702702702702703,1,1,adaptarse activa
Informática,adecuada,1.2300056054463233,2,26,1,37,0.07692307692307693,0.02702702702702703,2,2,adecuada
Informática,adelante,-1.8288880836072454,0,26,2,37,0.0,0.05405405405405406,0,0,adelante
Informática,ademas,0.15200309344505006,7,26,9,37,0.2692307692307692,0.24324324324324326,7,7,además
Informática,ademas de planificar,0.493040011280117,1,26,1,37,0.038461538461538464,0.02702702702702703,1,1,además de planificar
Informática,adicionalmente,1.2300056054463233,2,26,1,37,0.07692307692307693,0.02702702702702703,2,2,adicionalmente
Informática,administracion,2.078002512001273,4,26,1,37,0.15384615384615385,0.02702702702702703,4,4,administración
Informática,administrador,0.493040011280117,1,26,1,37,0.038461538461538464,0.02702702702702703,1,1,administrador
Informática,administrar,0.9784668384503586,3,26,2,37,0.11538461538461539,0.05405405405405406,3,3,administrar
Informática,administrar proyectos,0.493040011280117,1,26,1,37,0.038461538461538464,0.02702702702702703,1,1,administrar proyectos
Informática,admision,0.493040011280117,1,26,1,37,0.038461538461538464,0.02702702702702703,1,1,admisión
Informática,adopcion,-1.8288880836072454,0,26,2,37,0.0,0.05405405405405406,0,0,adopción
Informática,adquiridos,-1.8288880836072454,0,26,2,37,0.0,0.05405405405405406,0,0,adquiridos
Informática,adquisicion,0.493040011280117,1,26,1,37,0.038461538461538464,0.02702702702702703,1,1,adquisición
Informática,agil,-1.8288880836072454,0,26,2,37,0.0,0.05405405405405406,0,0,ágil
Informática,agiles,3.662965012722429,4,26,0,37,0.15384615384615385,0.0,4,4,ágiles
Informática,alcance,1.2300056054463233,2,26,1,37,0.07692307692307693,0.02702702702702703,2,2,alcance
Informática,algoritmos,-1.8288880836072454,0,26,2,37,0.0,0.05405405405405406,0,0,algoritmos
Informática,alinearlos,-1.8288880836072454,0,26,2,37,0.0,0.05405405405405406,0,0,alinearlos
Informática,altamente,-1.8288880836072454,0,26,2,37,0.0,0.05405405405405406,0,0,altamente
Informática,ambiental,0.13046993189540856,3,26,4,37,0.11538461538461539,0.10810810810810811,3,3,ambiental
Informática,ambientales,1.7154324326165649,3,26,1,37,0.11538461538461539,0.02702702702702703,3,3,ambientales
Informática,ambiente,0.007613184109875269,2,26,3,37,0.07692307692307693,0.08108108108108109,2,2,ambiente
Informática,ambito,0.493040011280117,7,26,7,37,0.2692307692307692,0.1891891891891892,7,7,ámbito
Informática,ambitos,-1.0919224894410393,2,26,7,37,0.07692307692307693,0.1891891891891892,2,2,ámbitos
Informática,amplia,0.493040011280117,1,26,1,37,0.038461538461538464,0.02702702702702703,1,1,amplia
Informática,amplio,-0.24392558288608923,1,26,2,37,0.038461538461538464,0.05405405405405406,1,1,amplio
Informática,amplio de responsabilidad,0.493040011280117,1,26,1,37,0.038461538461538464,0.02702702702702703,1,1,amplio de responsabilidad
Informática,amplio de responsabilidad social,0.493040011280117,1,26,1,37,0.038461538461538464,0.02702702702702703,1,1,amplio de responsabilidad social
Informática,analisis,-0.2439255828860894,4,26,7,37,0.15384615384615385,0.1891891891891892,4,4,análisis
Informática,analisis de datos,0.493040011280117,3,26,3,37,0.11538461538461539,0.08108108108108109,3,3,análisis de datos
Informática,analista,-0.729352410056331,1,26,3,37,0.038461538461538464,0.08108108108108109,1,1,analista
Informática,analista de sistemas,0.493040011280117,1,26,1,37,0.038461538461538464,0.02702702702702703,1,1,analista de sistemas
Informática,analitica,0.8556100906648252,4,26,3,37,0.15384615384615385,0.08108108108108109,4,4,analítica
Informática,analitica de datos,2.814968106167479,2,26,0,37,0.07692307692307693,0.0,2,2,analítica de datos
Informática,analizar,0.28658913381269047,6,26,7,37,0.23076923076923078,0.1891891891891892,6,6,analizar
Informática,analizar grandes,0.493040011280117,1,26,1,37,0.038461538461538464,0.02702702702702703,1,1,analizar grandes
Informática,analizar grandes volumenes,0.493040011280117,1,26,1,37,0.038461538461538464,0.02702702702702703,1,1,analizar grandes volúmenes
Informática,anterior,-1.8288880836072454,0,26,2,37,0.0,0.05405405405405406,0,0,anterior
Informática,aplica,0.9784668384503586,3,26,2,37,0.11538461538461539,0.05405405405405406,3,3,aplica
Informática,aplicacion,0.20353339408513188,4,26,5,37,0.15384615384615385,0.13513513513513514,4,4,aplicación
Informática,aplicaciones,0.8556100906648252,4,26,3,37,0.15384615384615385,0.08108108108108109,4,4,aplicaciones
Informática,aplicada,-0.2439255828860894,4,26,7,37,0.15384615384615385,0.1891891891891892,4,4,aplicada
Informática,aplicadas,2.814968106167479,2,26,0,37,0.07692307692307693,0.0,2,2,aplicadas
Informática,aplicando,0.9404989882513382,7,26,5,37,0.2692307692307692,0.13513513513513514,7,7,aplicando
Informática,aplicando criterios,0.493040011280117,1,26,1,37,0.038461538461538464,0.02702702702702703,1,1,aplicando criterios
Informática,aplicar,-0.4244978285279103,4,26,8,37,0.15384615384615385,0.21621621621621623,4,4,aplicar
Informática,aplicar principios,0.493040011280117,1,26,1,37,0.038461538461538464,0.02702702702702703,1,1,aplicar principios
Informática,aporta,0.493040011280117,1,26,1,37,0.038461538461538464,0.02702702702702703,1,1,aporta
Informática,aportando,-0.24392558288608923,1,26,2,37,0.038461538461538464,0.05405405405405406,1,1,aportando
Informática,aporte,0.493040011280117,1,26,1,37,0.038461538461538464,0.02702702702702703,1,1,aporte
Informática,apoyar,1.341036917835067,4,26,2,37,0.15384615384615385,0.05405405405405406,4,4,apoyar
Informática,aprender,0.007613184109875269,2,26,3,37,0.07692307692307693,0.08108108108108109,2,2,aprender
Informática,aprender de forma,0.493040011280117,1,26,1,37,0.038461538461538464,0.02702702702702703,1,1,aprender de forma
Informática,aprender de forma autonoma,0.493040011280117,1,26,1,37,0.038461538461538464,0.02702702702702703,1,1,aprender de forma autónoma
Informática,aprendizaje,0.8340769291151839,9,26,7,37,0.34615384615384615,0.1891891891891892,9,9,aprendizaje
Informática,area,0.7340481107839116,6,26,5,37,0.23076923076923078,0.13513513513513514,6,6,área
Informática,area de desempeno,2.814968106167479,2,26,0,37,0.07692307692307693,0.0,2,2,área de desempeño
Informática,areas,-0.4398457928613464,5,26,10,37,0.19230769230769232,0.2702702702702703,5,5,áreas
Informática,areas de desarrollo,1.2300056054463233,2,26,1,37,0.07692307692307693,0.02702702702702703,2,2,áreas de desarrollo
Informática,arquitectura,1.2300056054463233,2,26,1,37,0.07692307692307693,0.02702702702702703,2,2,arquitectura
Informática,arquitectura de software,2.814968106167479,2,26,0,37,0.07692307692307693,0.0,2,2,arquitectura de software
Informática,arquitecturas,1.2300056054463233,2,26,1,37,0.07692307692307693,0.02702702702702703,2,2,arquitecturas
Informática,arquitecturas ti,0.493040011280117,1,26,1,37,0.038461538461538464,0.02702702702702703,1,1,arquitecturas ti
Informática,arquitecturas ti junto,0.493040011280117,1,26,1,37,0.038461538461538464,0.02702702702702703,1,1,arquitecturas ti junto
Informática,artificial,-0.13499121133292535,5,26,8,37,0.19230769230769232,0.21621621621621623,5,5,artificial
Informática,asegurando,1.2300056054463233,2,26,1,37,0.07692307692307693,0.02702702702702703,2,2,asegurando
Informática,asesor,0.493040011280117,1,26,1,37,0.038461538461538464,0.02702702702702703,1,1,asesor
Informática,asesorias,3.300394933337721,3,26,0,37,0.11538461538461539,0.0,3,3,asesorías
Informática,asi,-0.7293524100563313,4,26,10,37,0.15384615384615385,0.2702702702702703,4,4,así
Informática,asimismo,1.6305435350300517,5,26,2,37,0.19230769230769232,0.05405405405405406,5,5,asimismo
Informática,asociadas,2.814968106167479,2,26,0,37,0.07692307692307693,0.0,2,2,asociadas
Informática,asociados,1.341036917835067,4,26,2,37,0.15384615384615385,0.05405405405405406,4,4,asociados
Informática,aspectos,-0.729352410056331,1,26,3,37,0.038461538461538464,0.08108108108108109,1,1,aspectos
Informática,asumir,0.493040011280117,1,26,1,37,0.038461538461538464,0.02702702702702703,1,1,asumir
Informática,atendiendo,2.814968106167479,2,26,0,37,0.07692307692307693,0.0,2,2,atendiendo
Informática,auditoria,2.814968106167479,2,26,0,37,0.07692307692307693,0.0,2,2,auditoría
Informática,autoaprendizaje,1.7154324326165649,3,26,1,37,0.11538461538461539,0.02702702702702703,3,3,autoaprendizaje
Informática,autogestion,1.2300056054463233,2,26,1,37,0.07692307692307693,0.02702702702702703,2,2,autogestión
Informática,automatico,0.493040011280117,1,26,1,37,0.038461538461538464,0.02702702702702703,1,1,automático
Informática,automatizacion,-0.24392558288608923,1,26,2,37,0.038461538461538464,0.05405405405405406,1,1,automatización
Informática,automatizando,-1.8288880836072454,0,26,2,37,0.0,0.05405405405405406,0,0,automatizando
Informática,automatizando procesos,-1.8288880836072454,0,26,2,37,0.0,0.05405405405405406,0,0,automatizando procesos
Informática,autonoma,1.1451167078598101,5,26,3,37,0.19230769230769232,0.08108108108108109,5,5,autónoma
Informática,autonomia,0.493040011280117,1,26,1,37,0.038461538461538464,0.02702702702702703,1,1,autonomía
Informática,avanzadas,0.493040011280117,1,26,1,37,0.038461538461538464,0.02702702702702703,1,1,avanzadas
Informática,avanzado,-0.24392558288608923,1,26,2,37,0.038461538461538464,0.05405405405405406,1,1,avanzado
Informática,avda,0.493040011280117,1,26,1,37,0.038461538461538464,0.02702702702702703,1,1,avda
Informática,bajo,0.9784668384503586,3,26,2,37,0.11538461538461539,0.05405405405405406,3,3,bajo
Informática,basadas,0.9784668384503586,3,26,2,37,0.11538461538461539,0.05405405405405406,3,3,basadas
Informática,basadas en tecnologias,0.493040011280117,1,26,1,37,0.038461538461538464,0.02702702702702703,1,1,basadas en tecnologías
Informática,basados,0.493040011280117,2,26,2,37,0.07692307692307693,0.05405405405405406,2,2,basados
Informática,basados en tecnologias,0.493040011280117,1,26,1,37,0.038461538461538464,0.02702702702702703,1,1,basados en tecnologías
Informática,base,-0.6064956622707975,3,26,7,37,0.11538461538461539,0.1891891891891892,3,3,base
Informática,base de datos,0.493040011280117,1,26,1,37,0.038461538461538464,0.02702702702702703,1,1,base de datos
Informática,base tecnologica,0.493040011280117,1,26,1,37,0.038461538461538464,0.02702702702702703,1,1,base tecnológica
Informática,bases,1.0235547279788966,6,26,4,37,0.23076923076923078,0.10810810810810811,6,6,bases
Informática,bases de datos,0.7825466284751018,5,26,4,37,0.19230769230769232,0.10810810810810811,5,5,bases de datos
Informática,basica,-1.8288880836072454,0,26,2,37,0.0,0.05405405405405406,0,0,básica
Informática,basicas,-1.291231297664446,4,26,15,37,0.15384615384615385,0.40540540540540543,4,4,básicas
Informática,bien,0.8556100906648252,4,26,3,37,0.15384615384615385,0.08108108108108109,4,4,bien
Informática,bien comun,0.493040011280117,3,26,3,37,0.11538461538461539,0.08108108108108109,3,3,bien común
Informática,bienes,-1.8288880836072454,0,26,2,37,0.0,0.05405405405405406,0,0,bienes
Informática,bio,-1.8288880836072454,0,26,2,37,0.0,0.05405405405405406,0,0,bío
Informática,brindando,0.493040011280117,1,26,1,37,0.038461538461538464,0.02702702702702703,1,1,brindando
Informática,buen,2.814968106167479,2,26,0,37,0.07692307692307693,0.0,2,2,buen
Informática,buen uso,2.814968106167479,2,26,0,37,0.07692307692307693,0.0,2,2,buen uso
Informática,buenas practicas,3.9524716299174143,5,26,0,37,0.19230769230769232,0.0,5,5,buenas prácticas
Informática,buscando,2.814968106167479,2,26,0,37,0.07692307692307693,0.0,2,2,buscando
Informática,busqueda,-0.24392558288608923,1,26,2,37,0.038461538461538464,0.05405405405405406,1,1,búsqueda
Informática,cada,1.2300056054463233,2,26,1,37,0.07692307692307693,0.02702702702702703,2,2,cada
Informática,calidad,1.0,13,26,9,37,0.5,0.24324324324324326,13,13,calidad
Informática,calidad de software,2.814968106167479,2,26,0,37,0.07692307692307693,0.0,2,2,calidad de software
Informática,calidad de vida,-1.8288880836072454,0,26,2,37,0.0,0.05405405405405406,0,0,calidad de vida
Informática,calificados,0.493040011280117,1,26,1,37,0.038461538461538464,0.02702702702702703,1,1,calificados
Informática,cambio,0.007613184109875269,2,26,3,37,0.07692307692307693,0.08108108108108109,2,2,cambio
Informática,cambio tecnologico,-1.8288880836072454,0,26,2,37,0.0,0.05405405405405406,0,0,cambio tecnológico
Informática,cambios,0.493040011280117,1,26,1,37,0.038461538461538464,0.02702702702702703,1,1,cambios
Informática,campo,0.493040011280117,4,26,4,37,0.15384615384615385,0.10810810810810811,4,4,campo
Informática,campo de desarrollo,0.493040011280117,1,26,1,37,0.038461538461538464,0.02702702702702703,1,1,campo de desarrollo
Informática,campo de desarrollo profesional,0.493040011280117,1,26,1,37,0.038461538461538464,0.02702702702702703,1,1,campo de desarrollo profesional
Informática,campo laboral,2.814968106167479,2,26,0,37,0.07692307692307693,0.0,2,2,campo laboral
Informática,campo ocupacional,0.493040011280117,1,26,1,37,0.038461538461538464,0.02702702702702703,1,1,campo ocupacional
Informática,capacidad,0.38994651831601335,13,26,14,37,0.5,0.3783783783783784,13,13,capacidad
Informática,capacidad analitica,-0.729352410056331,1,26,3,37,0.038461538461538464,0.08108108108108109,1,1,capacidad analítica
Informática,capacidad de aprendizaje,2.814968106167479,2,26,0,37,0.07692307692307693,0.0,2,2,capacidad de aprendizaje
Informática,capacidad de comunicacion,-1.8288880836072454,0,26,2,37,0.0,0.05405405405405406,0,0,capacidad de comunicación
Informática,capacidad de trabajar,0.9784668384503586,3,26,2,37,0.11538461538461539,0.05405405405405406,3,3,capacidad de trabajar
Informática,capacidades,-0.3549568952748331,2,26,4,37,0.07692307692307693,0.10810810810810811,2,2,capacidades
Informática,capacitado,0.20353339408513188,4,26,5,37,0.15384615384615385,0.13513513513513514,4,4,capacitado
Informática,capital,0.493040011280117,1,26,1,37,0.038461538461538464,0.02702702702702703,1,1,capital
Informática,caracteristicas,0.493040011280117,2,26,2,37,0.07692307692307693,0.05405405405405406,2,2,características
Informática,caracteriza,0.493040011280117,2,26,2,37,0.07692307692307693,0.05405405405405406,2,2,caracteriza
Informática,caracterizan,0.493040011280117,1,26,1,37,0.038461538461538464,0.02702702702702703,1,1,caracterizan
Informática,caracterizandose,0.493040011280117,1,26,1,37,0.038461538461538464,0.02702702702702703,1,1,caracterizándose
Informática,cargos,-0.24392558288608923,1,26,2,37,0.038461538461538464,0.05405405405405406,1,1,cargos
Informática,centra,-1.8288880836072454,0,26,2,37,0.0,0.05405405405405406,0,0,centra
Informática,centrada,1.7154324326165649,3,26,1,37,0.11538461538461539,0.02702702702702703,3,3,centrada
Informática,centrada en el usuario,2.814968106167479,2,26,0,37,0.07692307692307693,0.0,2,2,centrada en el usuario
Informática,centrado,-0.24392558288608923,1,26,2,37,0.038461538461538464,0.05405405405405406,1,1,centrado
Informática,central,0.493040011280117,1,26,1,37,0.038461538461538464,0.02702702702702703,1,1,central
Informática,certificacion,-1.8288880836072454,0,26,2,37,0.0,0.05405405405405406,0,0,certificación
Informática,certificaciones,0.493040011280117,1,26,1,37,0.038461538461538464,0.02702702702702703,1,1,certificaciones
Informática,ciberseguridad,1.7154324326165649,3,26,1,37,0.11538461538461539,0.02702702702702703,3,3,ciberseguridad
Informática,ciclo,0.9784668384503586,3,26,2,37,0.11538461538461539,0.05405405405405406,3,3,ciclo
Informática,ciclo de vida,0.493040011280117,2,26,2,37,0.07692307692307693,0.05405405405405406,2,2,ciclo de vida
Informática,ciencia,-0.4244978285279103,4,26,8,37,0.15384615384615385,0.21621621621621623,4,4,ciencia
Informática,ciencia de datos,0.007613184109875269,2,26,3,37,0.07692307692307693,0.08108108108108109,2,2,ciencia de datos
Informática,ciencia de la computacion,0.493040011280117,1,26,1,37,0.038461538461538464,0.02702702702702703,1,1,ciencia de la computación
Informática,ciencia de los datos,0.493040011280117,1,26,1,37,0.038461538461538464,0.02702702702702703,1,1,ciencia de los datos
Informática,ciencias,-1.6021172217602233,5,26,23,37,0.19230769230769232,0.6216216216216216,5,5,ciencias
Informática,ciencias basicas,-1.6538013770491544,3,26,15,37,0.11538461538461539,0.40540540540540543,3,3,ciencias básicas
Informática,ciencias de la computacion,-0.729352410056331,1,26,3,37,0.038461538461538464,0.08108108108108109,1,1,ciencias de la computación
Informática,ciencias geologicas,0.493040011280117,1,26,1,37,0.038461538461538464,0.02702702702702703,1,1,ciencias geológicas
Informática,cientifica,0.493040011280117,1,26,1,37,0.038461538461538464,0.02702702702702703,1,1,científica
Informática,cientifico,-2.676884990162195,0,26,4,37,0.0,0.10810810810810811,0,0,científico
Informática,cientificos,1.7154324326165649,3,26,1,37,0.11538461538461539,0.02702702702702703,3,3,científicos
Informática,cisco,0.493040011280117,1,26,1,37,0.038461538461538464,0.02702702702702703,1,1,cisco
Informática,ciudadania,1.2300056054463233,2,26,1,37,0.07692307692307693,0.02702702702702703,2,2,ciudadanía
Informática,cliente,3.300394933337721,3,26,0,37,0.11538461538461539,0.0,3,3,cliente
Informática,clientes,2.814968106167479,2,26,0,37,0.07692307692307693,0.0,2,2,clientes
Informática,cloud,0.493040011280117,1,26,1,37,0.038461538461538464,0.02702702702702703,1,1,cloud
Informática,coherencia,-1.8288880836072454,0,26,2,37,0.0,0.05405405405405406,0,0,coherencia
Informática,coherente,2.814968106167479,2,26,0,37,0.07692307692307693,0.0,2,2,coherente
Informática,colaboracion,2.814968106167479,2,26,0,37,0.07692307692307693,0.0,2,2,colaboración
Informática,colaborar,1.2300056054463233,2,26,1,37,0.07692307692307693,0.02702702702702703,2,2,colaborar
Informática,colaborativa,-2.676884990162195,0,26,4,37,0.0,0.10810810810810811,0,0,colaborativa
Informática,colaborativamente,0.9784668384503586,3,26,2,37,0.11538461538461539,0.05405405405405406,3,3,colaborativamente
Informática,colaborativamente en equipos,0.493040011280117,1,26,1,37,0.038461538461538464,0.02702702702702703,1,1,colaborativamente en equipos
Informática,colaborativo,1.7154324326165649,3,26,1,37,0.11538461538461539,0.02702702702702703,3,3,colaborativo
Informática,colaborativos,0.493040011280117,1,26,1,37,0.038461538461538464,0.02702702702702703,1,1,colaborativos
Informática,combinado,-1.8288880836072454,0,26,2,37,0.0,0.05405405405405406,0,0,combinado
Informática,combinado de las tecnologias,-1.8288880836072454,0,26,2,37,0.0,0.05405405405405406,0,0,combinado de las tecnologías
Informática,comercial,0.493040011280117,1,26,1,37,0.038461538461538464,0.02702702702702703,1,1,comercial
Informática,competencias,0.027376438931305033,10,26,14,37,0.38461538461538464,0.3783783783783784,10,10,competencias
Informática,competencias del perfil,0.493040011280117,1,26,1,37,0.038461538461538464,0.02702702702702703,1,1,competencias del perfil
Informática,competencias genericas,0.007613184109875269,2,26,3,37,0.07692307692307693,0.08108108108108109,2,2,competencias genéricas
Informática,competencias genericas tales,0.493040011280117,1,26,1,37,0.038461538461538464,0.02702702702702703,1,1,competencias genéricas tales
Informática,competencias para liderar,-1.8288880836072454,0,26,2,37,0.0,0.05405405405405406,0,0,competencias para liderar
Informática,competencias para liderar equipos,-1.8288880836072454,0,26,2,37,0.0,0.05405405405405406,0,0,competencias para liderar equipos
Informática,competencias profesionales,-0.24392558288608923,1,26,2,37,0.038461538461538464,0.05405405405405406,1,1,competencias profesionales
Informática,competencias tecnicas,-1.8288880836072454,0,26,2,37,0.0,0.05405405405405406,0,0,competencias técnicas
Informática,competente,1.2300056054463233,2,26,1,37,0.07692307692307693,0.02702702702702703,2,2,competente
Informática,complejidad,0.493040011280117,1,26,1,37,0.038461538461538464,0.02702702702702703,1,1,complejidad
Informática,complejos,-1.223167022719292,3,26,11,37,0.11538461538461539,0.2972972972972973,3,3,complejos
Informática,complejos mediante,-1.8288880836072454,0,26,2,37,0.0,0.05405405405405406,0,0,complejos mediante
Informática,complejos mediante el uso,-1.8288880836072454,0,26,2,37,0.0,0.05405405405405406,0,0,complejos mediante el uso
Informática,complementa,2.814968106167479,2,26,0,37,0.07692307692307693,0.0,2,2,complementa
Informática,completar,-0.24392558288608923,1,26,2,37,0.038461538461538464,0.05405405405405406,1,1,completar
Informática,componente,-1.8288880836072454,0,26,2,37,0.0,0.05405405405405406,0,0,componente
Informática,comportamiento,-1.8288880836072454,0,26,2,37,0.0,0.05405405405405406,0,0,comportamiento
Informática,comportamiento etico,-1.8288880836072454,0,26,2,37,0.0,0.05405405405405406,0,0,comportamiento ético
Informática,comprende,-1.8288880836072454,0,26,2,37,0.0,0.05405405405405406,0,0,comprende
Informática,comprender,0.493040011280117,1,26,1,37,0.038461538461538464,0.02702702702702703,1,1,comprender
Informática,comprometida,1.2300056054463233,2,26,1,37,0.07692307692307693,0.02702702702702703,2,2,comprometida
Informática,comprometido,-0.3549568952748331,2,26,4,37,0.07692307692307693,0.10810810810810811,2,2,comprometido
Informática,compromiso,-0.29545588352617136,5,26,9,37,0.19230769230769232,0.24324324324324326,5,5,compromiso
Informática,compromiso con la calidad,-1.8288880836072454,0,26,2,37,0.0,0.05405405405405406,0,0,compromiso con la calidad
Informática,compromiso etico,2.078002512001273,4,26,1,37,0.15384615384615385,0.02702702702702703,4,4,compromiso ético
Informática,compromiso social,-2.314314910777487,0,26,3,37,0.0,0.08108108108108109,0,0,compromiso social
Informática,computacion,-1.1768113870275523,5,26,17,37,0.19230769230769232,0.4594594594594595,5,5,computación
Informática,computacionales,-1.0919224894410395,3,26,10,37,0.11538461538461539,0.2702702702702703,3,3,computacionales
Informática,computadores,-1.8288880836072454,0,26,2,37,0.0,0.05405405405405406,0,0,computadores
Informática,computo,0.493040011280117,1,26,1,37,0.038461538461538464,0.02702702702702703,1,1,cómputo
Informática,comun,-0.15903668529957632,3,26,5,37,0.11538461538461539,0.13513513513513514,3,3,común
Informática,comunica,1.2300056054463233,2,26,1,37,0.07692307692307693,0.02702702702702703,2,2,comunica
Informática,comunica de manera,0.493040011280117,1,26,1,37,0.038461538461538464,0.02702702702702703,1,1,comunica de manera
Informática,comunicacion,-0.46389126682799703,8,26,16,37,0.3076923076923077,0.43243243243243246,8,8,comunicación
Informática,comunicacion efectiva,1.3861248073636052,6,26,3,37,0.23076923076923078,0.08108108108108109,6,6,comunicación efectiva
Informática,comunicaciones,0.7825466284751018,5,26,4,37,0.19230769230769232,0.10810810810810811,5,5,comunicaciones
Informática,comunicaciones junto,0.493040011280117,1,26,1,37,0.038461538461538464,0.02702702702702703,1,1,comunicaciones junto
Informática,comunicar,1.2300056054463233,2,26,1,37,0.07692307692307693,0.02702702702702703,2,2,comunicar
Informática,comunicar ideas,0.493040011280117,1,26,1,37,0.038461538461538464,0.02702702702702703,1,1,comunicar ideas
Informática,comunicarse,-0.885471611973613,2,26,6,37,0.07692307692307693,0.16216216216216217,2,2,comunicarse
Informática,comunicarse efectivamente,0.493040011280117,2,26,2,37,0.07692307692307693,0.05405405405405406,2,2,comunicarse efectivamente
Informática,comunicarse efectivamente en forma,0.493040011280117,1,26,1,37,0.038461538461538464,0.02702702702702703,1,1,comunicarse efectivamente en forma
Informática,comunidad,-0.24392558288608923,1,26,2,37,0.038461538461538464,0.05405405405405406,1,1,comunidad
Informática,concebir,-1.3814291066360243,1,26,5,37,0.038461538461538464,0.13513513513513514,1,1,concebir
Informática,conceptos,2.814968106167479,2,26,0,37,0.07692307692307693,0.0,2,2,conceptos
Informática,concibe,-1.8288880836072454,0,26,2,37,0.0,0.05405405405405406,0,0,concibe
Informática,confidencialidad,2.814968106167479,2,26,0,37,0.07692307692307693,0.0,2,2,confidencialidad
Informática,configuracion,0.493040011280117,1,26,1,37,0.038461538461538464,0.02702702702702703,1,1,configuración
Informática,conforme,0.493040011280117,1,26,1,37,0.038461538461538464,0.02702702702702703,1,1,conforme
Informática,conjunto,2.814968106167479,2,26,0,37,0.07692307692307693,0.0,2,2,conjunto
Informática,conocimiento,0.13046993189540856,3,26,4,37,0.11538461538461539,0.10810810810810811,3,3,conocimiento
Informática,conocimientos,-0.07255716457410814,12,26,18,37,0.46153846153846156,0.4864864864864865,12,12,conocimientos
Informática,consciente,0.493040011280117,1,26,1,37,0.038461538461538464,0.02702702702702703,1,1,consciente
Informática,considera,2.814968106167479,2,26,0,37,0.07692307692307693,0.0,2,2,considera
Informática,consideracion,2.814968106167479,2,26,0,37,0.07692307692307693,0.0,2,2,consideración
Informática,consideran,0.493040011280117,1,26,1,37,0.038461538461538464,0.02702702702702703,1,1,consideran
Informática,consideran las arquitecturas,0.493040011280117,1,26,1,37,0.038461538461538464,0.02702702702702703,1,1,consideran las arquitecturas
Informática,consideran las arquitecturas ti,0.493040011280117,1,26,1,37,0.038461538461538464,0.02702702702702703,1,1,consideran las arquitecturas ti
Informática,considerando,0.49304001128011676,6,26,6,37,0.23076923076923078,0.16216216216216217,6,6,considerando
Informática,considerando aspectos,0.493040011280117,1,26,1,37,0.038461538461538464,0.02702702702702703,1,1,considerando aspectos
Informática,considerando criterios,0.493040011280117,1,26,1,37,0.038461538461538464,0.02702702702702703,1,1,considerando criterios
Informática,considerando criterios de seguridad,0.493040011280117,1,26,1,37,0.038461538461538464,0.02702702702702703,1,1,considerando criterios de seguridad
Informática,considerando el impacto,0.493040011280117,1,26,1,37,0.038461538461538464,0.02702702702702703,1,1,considerando el impacto
Informática,constante,0.13046993189540856,3,26,4,37,0.11538461538461539,0.10810810810810811,3,3,constante
Informática,constante actualizacion,0.493040011280117,1,26,1,37,0.038461538461538464,0.02702702702702703,1,1,constante actualización
Informática,constante evolucion,-0.24392558288608923,1,26,2,37,0.038461538461538464,0.05405405405405406,1,1,constante evolución
Informática,construir,-0.3549568952748331,2,26,4,37,0.07692307692307693,0.10810810810810811,2,2,construir
Informática,consultor,0.13046993189540856,3,26,4,37,0.11538461538461539,0.10810810810810811,3,3,consultor
Informática,consultor empresarial,0.493040011280117,1,26,1,37,0.038461538461538464,0.02702702702702703,1,1,consultor empresarial
Informática,consultor empresarial de sistemas,0.493040011280117,1,26,1,37,0.038461538461538464,0.02702702702702703,1,1,consultor empresarial de sistemas
Informática,consultoria,3.300394933337721,3,26,0,37,0.11538461538461539,0.0,3,3,consultoría
Informática,contara,2.814968106167479,2,26,0,37,0.07692307692307693,0.0,2,2,contará
Informática,contexto,1.281535906086405,9,26,5,37,0.34615384615384615,0.13513513513513514,9,9,contexto
Informática,contexto global,-0.24392558288608923,1,26,2,37,0.038461538461538464,0.05405405405405406,1,1,contexto global
Informática,contexto social,0.493040011280117,1,26,1,37,0.038461538461538464,0.02702702702702703,1,1,contexto social
Informática,contextos,1.184917715917785,10,26,6,37,0.38461538461538464,0.16216216216216217,10,10,contextos
Informática,contextos organizacionales,-0.24392558288608923,1,26,2,37,0.038461538461538464,0.05405405405405406,1,1,contextos organizacionales
Informática,continua,1.3861248073636052,6,26,3,37,0.23076923076923078,0.08108108108108109,6,6,continua
Informática,continuar,-0.24392558288608923,1,26,2,37,0.038461538461538464,0.05405405405405406,1,1,continuar
Informática,continuar estudios,-1.8288880836072454,0,26,2,37,0.0,0.05405405405405406,0,0,continuar estudios
Informática,contribucion,-1.8288880836072454,0,26,2,37,0.0,0.05405405405405406,0,0,contribución
Informática,contribuir,0.13046993189540856,3,26,4,37,0.11538461538461539,0.10810810810810811,3,3,contribuir
Informática,contribuya,0.493040011280117,1,26,1,37,0.038461538461538464,0.02702702702702703,1,1,contribuya
Informática,coquimbo,-1.8288880836072454,0,26,2,37,0.0,0.05405405405405406,0,0,coquimbo
Informática,cosas,0.493040011280117,1,26,1,37,0.038461538461538464,0.02702702702702703,1,1,cosas
Informática,creacion,0.493040011280117,2,26,2,37,0.07692307692307693,0.05405405405405406,2,2,creación
Informática,crear,0.8556100906648252,4,26,3,37,0.15384615384615385,0.08108108108108109,4,4,crear
Informática,crear valor,0.493040011280117,1,26,1,37,0.038461538461538464,0.02702702702702703,1,1,crear valor
Informática,creativas,-1.8288880836072454,0,26,2,37,0.0,0.05405405405405406,0,0,creativas
Informática,creatividad,-1.8288880836072454,0,26,2,37,0.0,0.05405405405405406,0,0,creatividad
Informática,criterios,0.493040011280117,4,26,4,37,0.15384615384615385,0.10810810810810811,4,4,criterios
Informática,criterios de calidad,1.2300056054463233,2,26,1,37,0.07692307692307693,0.02702702702702703,2,2,criterios de calidad
Informática,criterios de seguridad,1.2300056054463233,2,26,1,37,0.07692307692307693,0.02702702702702703,2,2,criterios de seguridad
Informática,critico,0.49304001128011676,5,26,5,37,0.19230769230769232,0.13513513513513514,5,5,crítico
Informática,cuenta,-0.885471611973613,2,26,6,37,0.07692307692307693,0.16216216216216217,2,2,cuenta
Informática,cuerpo,1.2300056054463233,2,26,1,37,0.07692307692307693,0.02702702702702703,2,2,cuerpo
Informática,cuerpo docente,0.493040011280117,1,26,1,37,0.038461538461538464,0.02702702702702703,1,1,cuerpo docente
Informática,cuidado,2.814968106167479,2,26,0,37,0.07692307692307693,0.0,2,2,cuidado
Informática,cultura,0.9784668384503586,3,26,2,37,0.11538461538461539,0.05405405405405406,3,3,cultura
Informática,cultural,-1.8288880836072454,0,26,2,37,0.0,0.05405405405405406,0,0,cultural
Informática,cumpliendo,1.2300056054463233,2,26,1,37,0.07692307692307693,0.02702702702702703,2,2,cumpliendo
Informática,cumplimiento,0.493040011280117,2,26,2,37,0.07692307692307693,0.05405405405405406,2,2,cumplimiento
Informática,cumplimiento de los objetivos,0.493040011280117,1,26,1,37,0.038461538461538464,0.02702702702702703,1,1,cumplimiento de los objetivos
Informática,curricular,0.493040011280117,1,26,1,37,0.038461538461538464,0.02702702702702703,1,1,curricular
Informática,curriculum,0.493040011280117,1,26,1,37,0.038461538461538464,0.02702702702702703,1,1,curriculum
Informática,cursos,0.493040011280117,1,26,1,37,0.038461538461538464,0.02702702702702703,1,1,cursos
Informática,dando,-1.8288880836072454,0,26,2,37,0.0,0.05405405405405406,0,0,dando
Informática,dar,1.7154324326165649,3,26,1,37,0.11538461538461539,0.02702702702702703,3,3,dar
Informática,datos,0.493040011280117,17,26,17,37,0.6538461538461539,0.4594594594594595,17,17,datos
Informática,decisiones,0.7978945928085379,10,26,8,37,0.38461538461538464,0.21621621621621623,10,10,decisiones
Informática,decisiones en las organizaciones,0.493040011280117,1,26,1,37,0.038461538461538464,0.02702702702702703,1,1,decisiones en las organizaciones
Informática,decisiones estrategicas,-1.8288880836072454,0,26,2,37,0.0,0.05405405405405406,0,0,decisiones estratégicas
Informática,definidos,0.493040011280117,1,26,1,37,0.038461538461538464,0.02702702702702703,1,1,definidos
Informática,demandas,1.2300056054463233,2,26,1,37,0.07692307692307693,0.02702702702702703,2,2,demandas
Informática,demandas del entorno,0.493040011280117,1,26,1,37,0.038461538461538464,0.02702702702702703,1,1,demandas del entorno
Informática,demas,2.814968106167479,2,26,0,37,0.07692307692307693,0.0,2,2,demás
Informática,democraticos,-1.8288880836072454,0,26,2,37,0.0,0.05405405405405406,0,0,democráticos
Informática,demostrando,1.7154324326165649,3,26,1,37,0.11538461538461539,0.02702702702702703,3,3,demostrando
Informática,demostrar,1.2300056054463233,2,26,1,37,0.07692307692307693,0.02702702702702703,2,2,demostrar
Informática,den,0.493040011280117,1,26,1,37,0.038461538461538464,0.02702702702702703,1,1,den
Informática,dentro,-0.24392558288608923,1,26,2,37,0.038461538461538464,0.05405405405405406,1,1,dentro
Informática,departamento,-0.24392558288608923,1,26,2,37,0.038461538461538464,0.05405405405405406,1,1,departamento
Informática,derechos,0.493040011280117,1,26,1,37,0.038461538461538464,0.02702702702702703,1,1,derechos
Informática,derechos humanos,0.493040011280117,1,26,1,37,0.038461538461538464,0.02702702702702703,1,1,derechos humanos
Informática,desafios,0.20353339408513188,4,26,5,37,0.15384615384615385,0.13513513513513514,4,4,desafíos
Informática,desafios tecnologicos,0.493040011280117,1,26,1,37,0.038461538461538464,0.02702702702702703,1,1,desafíos tecnológicos
Informática,desarrolla,0.7340481107839116,6,26,5,37,0.23076923076923078,0.13513513513513514,6,6,desarrolla
Informática,desarrolla habilidades,-1.8288880836072454,0,26,2,37,0.0,0.05405405405405406,0,0,desarrolla habilidades
Informática,desarrolla habilidades para identificar,-1.8288880836072454,0,26,2,37,0.0,0.05405405405405406,0,0,desarrolla habilidades para identificar
Informática,desarrollados,-1.8288880836072454,0,26,2,37,0.0,0.05405405405405406,0,0,desarrollados
Informática,desarrollan,-1.8288880836072454,0,26,2,37,0.0,0.05405405405405406,0,0,desarrollan
Informática,desarrollando,0.493040011280117,1,26,1,37,0.038461538461538464,0.02702702702702703,1,1,desarrollando
Informática,desarrollar,1.0549188988882316,15,26,10,37,0.5769230769230769,0.2702702702702703,15,15,desarrollar
Informática,desarrollar iniciativas,0.493040011280117,1,26,1,37,0.038461538461538464,0.02702702702702703,1,1,desarrollar iniciativas
Informática,desarrollar proyectos,-1.0919224894410393,1,26,4,37,0.038461538461538464,0.10810810810810811,1,1,desarrollar proyectos
Informática,desarrollar proyectos de software,0.493040011280117,1,26,1,37,0.038461538461538464,0.02702702702702703,1,1,desarrollar proyectos de software
Informática,desarrollar soluciones,2.608517228700053,6,26,1,37,0.23076923076923078,0.02702702702702703,6,6,desarrollar soluciones
Informática,desarrollar soluciones tecnologicas,2.814968106167479,2,26,0,37,0.07692307692307693,0.0,2,2,desarrollar soluciones tecnológicas
Informática,desarrollo,0.11116937593647273,16,26,21,37,0.6153846153846154,0.5675675675675675,16,16,desarrollo
Informática,desarrollo de software,1.0235547279788966,6,26,4,37,0.23076923076923078,0.10810810810810811,6,6,desarrollo de software
Informática,desarrollo de soluciones,1.7154324326165649,3,26,1,37,0.11538461538461539,0.02702702702702703,3,3,desarrollo de soluciones
Informática,desarrollo del pais,0.493040011280117,1,26,1,37,0.038461538461538464,0.02702702702702703,1,1,desarrollo del país
Informática,desarrollo permanente,0.493040011280117,1,26,1,37,0.038461538461538464,0.02702702702702703,1,1,desarrollo permanente
Informática,desarrollo profesional,0.493040011280117,1,26,1,37,0.038461538461538464,0.02702702702702703,1,1,desarrollo profesional
Informática,desarrollo sostenible,-1.0919224894410393,1,26,4,37,0.038461538461538464,0.10810810810810811,1,1,desarrollo sostenible
Informática,desarrollo sustentable,1.2300056054463233,2,26,1,37,0.07692307692307693,0.02702702702702703,2,2,desarrollo sustentable
Informática,desarrollo tecnologico,0.493040011280117,1,26,1,37,0.038461538461538464,0.02702702702702703,1,1,desarrollo tecnológico
Informática,descripcion,1.2300056054463233,2,26,1,37,0.07692307692307693,0.02702702702702703,2,2,descripción
Informática,desempenar,0.493040011280117,1,26,1,37,0.038461538461538464,0.02702702702702703,1,1,desempeñar
Informática,desempenarse,-0.05444778402237646,6,26,9,37,0.23076923076923078,0.24324324324324326,6,6,desempeñarse
Informática,desempenarse en instituciones,0.493040011280117,1,26,1,37,0.038461538461538464,0.02702702702702703,1,1,desempeñarse en instituciones
Informática,desempenarse en organizaciones,0.493040011280117,1,26,1,37,0.038461538461538464,0.02702702702702703,1,1,desempeñarse en organizaciones
Informática,desempenarse profesionalmente,0.493040011280117,1,26,1,37,0.038461538461538464,0.02702702702702703,1,1,desempeñarse profesionalmente
Informática,desempenarse profesionalmente en forma,0.493040011280117,1,26,1,37,0.038461538461538464,0.02702702702702703,1,1,desempeñarse profesionalmente en forma
Informática,desempeno,1.2300056054463233,7,26,4,37,0.2692307692307692,0.10810810810810811,7,7,desempeño
Informática,desempeno laboral,2.814968106167479,2,26,0,37,0.07692307692307693,0.0,2,2,desempeño laboral
Informática,desempeno profesional,0.493040011280117,1,26,1,37,0.038461538461538464,0.02702702702702703,1,1,desempeño profesional
Informática,desplegar,-1.8288880836072454,0,26,2,37,0.0,0.05405405405405406,0,0,desplegar
Informática,destaca,-0.24392558288608923,1,26,2,37,0.038461538461538464,0.05405405405405406,1,1,destaca
Informática,destrezas,2.814968106167479,2,26,0,37,0.07692307692307693,0.0,2,2,destrezas
Informática,diagnosticar,-0.24392558288608923,1,26,2,37,0.038461538461538464,0.05405405405405406,1,1,diagnosticar
Informática,dichos,-1.8288880836072454,0,26,2,37,0.0,0.05405405405405406,0,0,dichos
Informática,diferenciador,0.493040011280117,1,26,1,37,0.038461538461538464,0.02702702702702703,1,1,diferenciador
Informática,diferencias,0.493040011280117,1,26,1,37,0.038461538461538464,0.02702702702702703,1,1,diferencias
Informática,diferentes,0.9784668384503586,3,26,2,37,0.11538461538461539,0.05405405405405406,3,3,diferentes
Informática,diferentes contextos,0.493040011280117,1,26,1,37,0.038461538461538464,0.02702702702702703,1,1,diferentes contextos
Informática,digital,1.2300056054463233,7,26,4,37,0.2692307692307692,0.10810810810810811,7,7,digital
Informática,digitales,-0.03747470541866304,4,26,6,37,0.15384615384615385,0.16216216216216217,4,4,digitales
Informática,dinamicos,0.493040011280117,1,26,1,37,0.038461538461538464,0.02702702702702703,1,1,dinámicos
Informática,direccion,2.814968106167479,2,26,0,37,0.07692307692307693,0.0,2,2,dirección
Informática,director,0.493040011280117,1,26,1,37,0.038461538461538464,0.02702702702702703,1,1,director
Informática,director de proyectos,0.493040011280117,1,26,1,37,0.038461538461538464,0.02702702702702703,1,1,director de proyectos
Informática,disciplina,-1.0919224894410393,2,26,7,37,0.07692307692307693,0.1891891891891892,2,2,disciplina
Informática,disciplinar,0.007613184109875269,2,26,3,37,0.07692307692307693,0.08108108108108109,2,2,disciplinar
Informática,disciplinares,0.493040011280117,2,26,2,37,0.07692307692307693,0.05405405405405406,2,2,disciplinares
Informática,disena,-0.3549568952748331,2,26,4,37,0.07692307692307693,0.10810810810810811,2,2,diseña
Informática,disena soluciones,-1.8288880836072454,0,26,2,37,0.0,0.05405405405405406,0,0,diseña soluciones
Informática,disenan,-1.8288880836072454,0,26,2,37,0.0,0.05405405405405406,0,0,diseñan
Informática,disenar,-0.11701347040386972,9,26,14,37,0.34615384615384615,0.3783783783783784,9,9,diseñar
Informática,disenar sistemas,0.493040011280117,1,26,1,37,0.038461538461538464,0.02702702702702703,1,1,diseñar sistemas
Informática,diseno,-0.6913845598573107,5,26,12,37,0.19230769230769232,0.32432432432432434,5,5,diseño
Informática,disponibles,-1.8288880836072454,0,26,2,37,0.0,0.05405405405405406,0,0,disponibles
Informática,disposicion,-0.24392558288608923,1,26,2,37,0.038461538461538464,0.05405405405405406,1,1,disposición
Informática,dispositivos,2.814968106167479,2,26,0,37,0.07692307692307693,0.0,2,2,dispositivos
Informática,distingue,-0.24392558288608923,1,26,2,37,0.038461538461538464,0.05405405405405406,1,1,distingue
Informática,distintas areas,0.493040011280117,1,26,1,37,0.038461538461538464,0.02702702702702703,1,1,distintas áreas
Informática,distintas organizaciones,2.814968106167479,2,26,0,37,0.07692307692307693,0.0,2,2,distintas organizaciones
Informática,distintivo,1.2300056054463233,2,26,1,37,0.07692307692307693,0.02702702702702703,2,2,distintivo
Informática,docente,1.2300056054463233,2,26,1,37,0.07692307692307693,0.02702702702702703,2,2,docente
Informática,domina,-1.8288880836072454,0,26,2,37,0.0,0.05405405405405406,0,0,domina
Informática,dominio,-1.8288880836072454,0,26,2,37,0.0,0.05405405405405406,0,0,dominio
Informática,duoc,2.814968106167479,2,26,0,37,0.07692307692307693,0.0,2,2,duoc
Informática,duracion,-0.729352410056331,1,26,3,37,0.038461538461538464,0.08108108108108109,1,1,duración
Informática,economico,-0.3549568952748331,2,26,4,37,0.07692307692307693,0.10810810810810811,2,2,económico
Informática,economicos,0.493040011280117,2,26,2,37,0.07692307692307693,0.05405405405405406,2,2,económicos
Informática,educacion,3.662965012722429,4,26,0,37,0.15384615384615385,0.0,4,4,educación
Informática,efectiva,0.6994908887475433,7,26,6,37,0.2692307692307692,0.16216216216216217,7,7,efectiva
Informática,efectivamente,0.9784668384503586,3,26,2,37,0.11538461538461539,0.05405405405405406,3,3,efectivamente
Informática,efectivamente en forma,0.493040011280117,1,26,1,37,0.038461538461538464,0.02702702702702703,1,1,efectivamente en forma
Informática,efectivamente en forma oral,0.493040011280117,1,26,1,37,0.038461538461538464,0.02702702702702703,1,1,efectivamente en forma oral
Informática,efectivas,0.493040011280117,1,26,1,37,0.038461538461538464,0.02702702702702703,1,1,efectivas
Informática,eficacia,-1.8288880836072454,0,26,2,37,0.0,0.05405405405405406,0,0,eficacia
Informática,eficiencia,0.3124677656382961,7,26,8,37,0.2692307692307692,0.21621621621621623,7,7,eficiencia
Informática,eficiencia operativa,2.814968106167479,2,26,0,37,0.07692307692307693,0.0,2,2,eficiencia operativa
Informática,eficientes,0.493040011280117,4,26,4,37,0.15384615384615385,0.10810810810810811,4,4,eficientes
Informática,eficientes de software,0.493040011280117,1,26,1,37,0.038461538461538464,0.02702702702702703,1,1,eficientes de software
Informática,egresan,0.493040011280117,1,26,1,37,0.038461538461538464,0.02702702702702703,1,1,egresan
Informática,egreso,0.8340769291151839,9,26,7,37,0.34615384615384615,0.1891891891891892,9,9,egreso
Informática,egreso competencias,2.814968106167479,2,26,0,37,0.07692307692307693,0.0,2,2,egreso competencias
Informática,ejecutar,0.493040011280117,2,26,2,37,0.07692307692307693,0.05405405405405406,2,2,ejecutar
Informática,ejecutar proyectos,-0.24392558288608923,1,26,2,37,0.038461538461538464,0.05405405405405406,1,1,ejecutar proyectos
Informática,ejecutivos,-0.24392558288608923,1,26,2,37,0.038461538461538464,0.05405405405405406,1,1,ejecutivos
Informática,ejercicio,2.078002512001273,4,26,1,37,0.15384615384615385,0.02702702702702703,4,4,ejercicio
Informática,ejercicio profesional,1.2300056054463233,2,26,1,37,0.07692307692307693,0.02702702702702703,2,2,ejercicio profesional
Informática,elementos,2.814968106167479,2,26,0,37,0.07692307692307693,0.0,2,2,elementos
Informática,ello,1.341036917835067,4,26,2,37,0.15384615384615385,0.05405405405405406,4,4,ello
Informática,emergentes,-0.15903668529957632,3,26,5,37,0.11538461538461539,0.13513513513513514,3,3,emergentes
Informática,empleabilidad,0.493040011280117,1,26,1,37,0.038461538461538464,0.02702702702702703,1,1,empleabilidad
Informática,emprendedor,-0.24392558288608923,1,26,2,37,0.038461538461538464,0.05405405405405406,1,1,emprendedor
Informática,emprendedora,0.007613184109875269,2,26,3,37,0.07692307692307693,0.08108108108108109,2,2,emprendedora
Informática,emprender,-1.0919224894410393,1,26,4,37,0.038461538461538464,0.10810810810810811,1,1,emprender
Informática,emprendimiento,-0.2439255828860894,4,26,7,37,0.15384615384615385,0.1891891891891892,4,4,emprendimiento
Informática,emprendimientos,0.493040011280117,3,26,3,37,0.11538461538461539,0.08108108108108109,3,3,emprendimientos
Informática,emprendimientos basados,0.493040011280117,1,26,1,37,0.038461538461538464,0.02702702702702703,1,1,emprendimientos basados
Informática,empresa,-0.24392558288608923,1,26,2,37,0.038461538461538464,0.05405405405405406,1,1,empresa
Informática,empresarial,0.9784668384503586,3,26,2,37,0.11538461538461539,0.05405405405405406,3,3,empresarial
Informática,empresarial de sistemas,0.493040011280117,1,26,1,37,0.038461538461538464,0.02702702702702703,1,1,empresarial de sistemas
Informática,empresariales,2.814968106167479,2,26,0,37,0.07692307692307693,0.0,2,2,empresariales
Informática,empresas,-0.2439255828860894,4,26,7,37,0.15384615384615385,0.1891891891891892,4,4,empresas
Informática,encuentra,-0.24392558288608923,1,26,2,37,0.038461538461538464,0.05405405405405406,1,1,encuentra
Informática,encuentran,1.2300056054463233,2,26,1,37,0.07692307692307693,0.02702702702702703,2,2,encuentran
Informática,enfasis,0.493040011280117,2,26,2,37,0.07692307692307693,0.05405405405405406,2,2,énfasis
Informática,enfasis en la eficiencia,0.493040011280117,1,26,1,37,0.038461538461538464,0.02702702702702703,1,1,énfasis en la eficiencia
Informática,enfocado,2.814968106167479,2,26,0,37,0.07692307692307693,0.0,2,2,enfocado
Informática,enfoque,0.49304001128011676,5,26,5,37,0.19230769230769232,0.13513513513513514,5,5,enfoque
Informática,enfrentar,0.493040011280117,1,26,1,37,0.038461538461538464,0.02702702702702703,1,1,enfrentar
Informática,enfrentarse,0.493040011280117,1,26,1,37,0.038461538461538464,0.02702702702702703,1,1,enfrentarse
Informática,enlaces,0.493040011280117,1,26,1,37,0.038461538461538464,0.02702702702702703,1,1,enlaces
Informática,entorno,1.5925756848310315,7,26,3,37,0.2692307692307692,0.08108108108108109,7,7,entorno
Informática,entornos,0.007613184109875269,2,26,3,37,0.07692307692307693,0.08108108108108109,2,2,entornos
Informática,entregando,2.814968106167479,2,26,0,37,0.07692307692307693,0.0,2,2,entregando
Informática,entregar,1.2300056054463233,2,26,1,37,0.07692307692307693,0.02702702702702703,2,2,entregar
Informática,entregar soluciones,2.814968106167479,2,26,0,37,0.07692307692307693,0.0,2,2,entregar soluciones
Informática,entrenamiento,0.493040011280117,1,26,1,37,0.038461538461538464,0.02702702702702703,1,1,entrenamiento
Informática,equipo,-0.15903668529957632,3,26,5,37,0.11538461538461539,0.13513513513513514,3,3,equipo
Informática,equipos,0.5779289088666298,17,26,16,37,0.6538461538461539,0.43243243243243246,17,17,equipos
Informática,equipos de desarrollo,0.493040011280117,1,26,1,37,0.038461538461538464,0.02702702702702703,1,1,equipos de desarrollo
Informática,equipos de trabajo,0.49304001128011676,6,26,6,37,0.23076923076923078,0.16216216216216217,6,6,equipos de trabajo
Informática,equipos de trabajo interdisciplinarios,1.2300056054463233,2,26,1,37,0.07692307692307693,0.02702702702702703,2,2,equipos de trabajo interdisciplinarios
Informática,equipos de trabajo multidisciplinarios,0.493040011280117,2,26,2,37,0.07692307692307693,0.05405405405405406,2,2,equipos de trabajo multidisciplinarios
Informática,equipos multi,0.493040011280117,1,26,1,37,0.038461538461538464,0.02702702702702703,1,1,equipos multi
Informática,equipos multidisciplinarios,0.6736122569219377,8,26,7,37,0.3076923076923077,0.1891891891891892,8,8,equipos multidisciplinarios
Informática,equitativa,2.814968106167479,2,26,0,37,0.07692307692307693,0.0,2,2,equitativa
Informática,escenarios,1.2300056054463233,2,26,1,37,0.07692307692307693,0.02702702702702703,2,2,escenarios
Informática,escrita,2.078002512001273,4,26,1,37,0.15384615384615385,0.02702702702702703,4,4,escrita
Informática,escuela,-0.24392558288608923,1,26,2,37,0.038461538461538464,0.05405405405405406,1,1,escuela
Informática,espanol,-0.24392558288608923,1,26,2,37,0.038461538461538464,0.05405405405405406,1,1,español
Informática,especialidad,0.493040011280117,3,26,3,37,0.11538461538461539,0.08108108108108109,3,3,especialidad
Informática,especializacion,1.7154324326165649,3,26,1,37,0.11538461538461539,0.02702702702702703,3,3,especialización
Informática,especializados,1.2300056054463233,2,26,1,37,0.07692307692307693,0.02702702702702703,2,2,especializados
Informática,especificas,1.2300056054463233,2,26,1,37,0.07692307692307693,0.02702702702702703,2,2,específicas
Informática,espiritu,1.7154324326165649,3,26,1,37,0.11538461538461539,0.02702702702702703,3,3,espíritu
Informática,espiritu critico,0.493040011280117,1,26,1,37,0.038461538461538464,0.02702702702702703,1,1,espíritu crítico
Informática,establecer,0.493040011280117,1,26,1,37,0.038461538461538464,0.02702702702702703,1,1,establecer
Informática,establecidos,3.300394933337721,3,26,0,37,0.11538461538461539,0.0,3,3,establecidos
Informática,estan,-1.8288880836072454,0,26,2,37,0.0,0.05405405405405406,0,0,están
Informática,estandares,1.9336126026660985,9,26,3,37,0.34615384615384615,0.08108108108108109,9,9,estándares
Informática,estandares de calidad,2.3675091291962578,5,26,1,37,0.19230769230769232,0.02702702702702703,5,5,estándares de calidad
Informática,estar,0.493040011280117,1,26,1,37,0.038461538461538464,0.02702702702702703,1,1,estar
Informática,estar en constante,0.493040011280117,1,26,1,37,0.038461538461538464,0.02702702702702703,1,1,estar en constante
Informática,estar en constante actualizacion,0.493040011280117,1,26,1,37,0.038461538461538464,0.02702702702702703,1,1,estar en constante actualización
Informática,estara,0.493040011280117,1,26,1,37,0.038461538461538464,0.02702702702702703,1,1,estará
Informática,estara capacitado,0.493040011280117,1,26,1,37,0.038461538461538464,0.02702702702702703,1,1,estará capacitado
Informática,estrategia,0.493040011280117,2,26,2,37,0.07692307692307693,0.05405405405405406,2,2,estrategia
Informática,estrategia de la organizacion,-1.8288880836072454,0,26,2,37,0.0,0.05405405405405406,0,0,estrategia de la organización
Informática,estrategias,0.007613184109875269,2,26,3,37,0.07692307692307693,0.08108108108108109,2,2,estrategias
Informática,estrategica,2.814968106167479,2,26,0,37,0.07692307692307693,0.0,2,2,estratégica
Informática,estrategicas,-0.729352410056331,1,26,3,37,0.038461538461538464,0.08108108108108109,1,1,estratégicas
Informática,estrategico,-0.729352410056331,1,26,3,37,0.038461538461538464,0.08108108108108109,1,1,estratégico
Informática,estrategicos,0.493040011280117,1,26,1,37,0.038461538461538464,0.02702702702702703,1,1,estratégicos
Informática,estudiantes,-1.8288880836072454,0,26,2,37,0.0,0.05405405405405406,0,0,estudiantes
Informática,estudio,-0.24392558288608923,1,26,2,37,0.038461538461538464,0.05405405405405406,1,1,estudio
Informática,etapas,-1.8288880836072454,0,26,2,37,0.0,0.05405405405405406,0,0,etapas
Informática,etapas del ciclo,-1.8288880836072454,0,26,2,37,0.0,0.05405405405405406,0,0,etapas del ciclo
Informática,etica,-0.5614077727422595,6,26,13,37,0.23076923076923078,0.35135135135135137,6,6,ética
Informática,etica profesional,0.493040011280117,1,26,1,37,0.038461538461538464,0.02702702702702703,1,1,ética profesional
Informática,etico,0.045581034308895686,5,26,7,37,0.19230769230769232,0.1891891891891892,5,5,ético
Informática,eticos,0.7825466284751018,5,26,4,37,0.19230769230769232,0.10810810810810811,5,5,éticos
Informática,evalua,-0.24392558288608923,1,26,2,37,0.038461538461538464,0.05405405405405406,1,1,evalúa
Informática,evaluacion,-0.885471611973613,2,26,6,37,0.07692307692307693,0.16216216216216217,2,2,evaluación
Informática,evaluacion de proyectos,0.493040011280117,1,26,1,37,0.038461538461538464,0.02702702702702703,1,1,evaluación de proyectos
Informática,evaluacion de soluciones,-1.8288880836072454,0,26,2,37,0.0,0.05405405405405406,0,0,evaluación de soluciones
Informática,evaluando,1.7154324326165649,3,26,1,37,0.11538461538461539,0.02702702702702703,3,3,evaluando
Informática,evaluar,0.7340481107839116,6,26,5,37,0.23076923076923078,0.13513513513513514,6,6,evaluar
Informática,evaluar proyectos,0.493040011280117,1,26,1,37,0.038461538461538464,0.02702702702702703,1,1,evaluar proyectos
Informática,evidencian,2.814968106167479,2,26,0,37,0.07692307692307693,0.0,2,2,evidencian
Informática,evidenciando,0.493040011280117,1,26,1,37,0.038461538461538464,0.02702702702702703,1,1,evidenciando
Informática,evolucion,0.7825466284751018,5,26,4,37,0.19230769230769232,0.10810810810810811,5,5,evolución
Informática,excelencia,-0.729352410056331,1,26,3,37,0.038461538461538464,0.08108108108108109,1,1,excelencia
Informática,exigencias,0.493040011280117,1,26,1,37,0.038461538461538464,0.02702702702702703,1,1,exigencias
Informática,experiencia,-0.24392558288608923,1,26,2,37,0.038461538461538464,0.05405405405405406,1,1,experiencia
Informática,experiencial,-1.8288880836072454,0,26,2,37,0.0,0.05405405405405406,0,0,experiencial
Informática,extraer,-1.0919224894410393,1,26,4,37,0.038461538461538464,0.10810810810810811,1,1,extraer
Informática,facilitar,2.814968106167479,2,26,0,37,0.07692307692307693,0.0,2,2,facilitar
Informática,facultad,-0.729352410056331,1,26,3,37,0.038461538461538464,0.08108108108108109,1,1,facultad
Informática,federico,0.493040011280117,1,26,1,37,0.038461538461538464,0.02702702702702703,1,1,federico
Informática,federico santa,0.493040011280117,1,26,1,37,0.038461538461538464,0.02702702702702703,1,1,federico santa
Informática,federico santa maria,0.493040011280117,1,26,1,37,0.038461538461538464,0.02702702702702703,1,1,federico santa maría
Informática,fin,0.8556100906648252,4,26,3,37,0.15384615384615385,0.08108108108108109,4,4,fin
Informática,finalidad,0.493040011280117,1,26,1,37,0.038461538461538464,0.02702702702702703,1,1,finalidad
Informática,financieros,0.493040011280117,1,26,1,37,0.038461538461538464,0.02702702702702703,1,1,financieros
Informática,fisica,0.493040011280117,1,26,1,37,0.038461538461538464,0.02702702702702703,1,1,física
Informática,flexiblemente,0.493040011280117,1,26,1,37,0.038461538461538464,0.02702702702702703,1,1,flexiblemente
Informática,fomentando,0.493040011280117,1,26,1,37,0.038461538461538464,0.02702702702702703,1,1,fomentando
Informática,forma,0.37274577756240496,11,26,12,37,0.4230769230769231,0.32432432432432434,11,11,forma
Informática,forma autonoma,1.2300056054463233,2,26,1,37,0.07692307692307693,0.02702702702702703,2,2,forma autónoma
Informática,forma colaborativa,-2.314314910777487,0,26,3,37,0.0,0.08108108108108109,0,0,forma colaborativa
Informática,forma efectiva,0.493040011280117,1,26,1,37,0.038461538461538464,0.02702702702702703,1,1,forma efectiva
Informática,forma etica,-0.24392558288608923,1,26,2,37,0.038461538461538464,0.05405405405405406,1,1,forma ética
Informática,forma independiente,-0.24392558288608923,1,26,2,37,0.038461538461538464,0.05405405405405406,1,1,forma independiente
Informática,forma oral,1.7154324326165649,3,26,1,37,0.11538461538461539,0.02702702702702703,3,3,forma oral
Informática,forma profesionales,2.814968106167479,2,26,0,37,0.07692307692307693,0.0,2,2,forma profesionales
Informática,formacion,-0.6064956622707972,10,26,22,37,0.38461538461538464,0.5945945945945946,10,10,formación
Informática,formacion centrada,0.493040011280117,1,26,1,37,0.038461538461538464,0.02702702702702703,1,1,formación centrada
Informática,formacion de profesionales,-1.8288880836072454,0,26,2,37,0.0,0.05405405405405406,0,0,formación de profesionales
Informática,formacion en ciencias,-1.6224372061398191,1,26,6,37,0.038461538461538464,0.16216216216216217,1,1,formación en ciencias
Informática,formacion en ciencias basicas,-1.3814291066360243,1,26,5,37,0.038461538461538464,0.13513513513513514,1,1,formación en ciencias básicas
Informática,formacion etica,-1.8288880836072454,0,26,2,37,0.0,0.05405405405405406,0,0,formación ética
Informática,formacion implica,0.493040011280117,1,26,1,37,0.038461538461538464,0.02702702702702703,1,1,formación implica
Informática,formacion implica la adquisicion,0.493040011280117,1,26,1,37,0.038461538461538464,0.02702702702702703,1,1,formación implica la adquisición
Informática,formacion integral,-0.729352410056331,1,26,3,37,0.038461538461538464,0.08108108108108109,1,1,formación integral
Informática,formacion profesional,-2.314314910777487,0,26,3,37,0.0,0.08108108108108109,0,0,formación profesional
Informática,formada,-1.8288880836072454,0,26,2,37,0.0,0.05405405405405406,0,0,formada
Informática,formado,0.493040011280117,1,26,1,37,0.038461538461538464,0.02702702702702703,1,1,formado
Informática,formando,0.493040011280117,1,26,1,37,0.038461538461538464,0.02702702702702703,1,1,formando
Informática,formar,-0.3549568952748331,2,26,4,37,0.07692307692307693,0.10810810810810811,2,2,formar
Informática,formas,2.814968106167479,2,26,0,37,0.07692307692307693,0.0,2,2,formas
Informática,formativa,-0.24392558288608923,1,26,2,37,0.038461538461538464,0.05405405405405406,1,1,formativa
Informática,formativo,-0.729352410056331,1,26,3,37,0.038461538461538464,0.08108108108108109,1,1,formativo
Informática,formulacion,-0.24392558288608923,1,26,2,37,0.038461538461538464,0.05405405405405406,1,1,formulación
Informática,formulacion de proyectos,0.493040011280117,1,26,1,37,0.038461538461538464,0.02702702702702703,1,1,formulación de proyectos
Informática,formular,0.9784668384503586,3,26,2,37,0.11538461538461539,0.05405405405405406,3,3,formular
Informática,frontera,0.493040011280117,1,26,1,37,0.038461538461538464,0.02702702702702703,1,1,frontera
Informática,fuentes,2.814968106167479,2,26,0,37,0.07692307692307693,0.0,2,2,fuentes
Informática,fuerte,-1.8288880836072454,0,26,2,37,0.0,0.05405405405405406,0,0,fuerte
Informática,funcion,3.300394933337721,3,26,0,37,0.11538461538461539,0.0,3,3,función
Informática,funcionamiento,0.493040011280117,1,26,1,37,0.038461538461538464,0.02702702702702703,1,1,funcionamiento
Informática,funciones,1.2300056054463233,2,26,1,37,0.07692307692307693,0.02702702702702703,2,2,funciones
Informática,fundamental,1.2300056054463233,2,26,1,37,0.07692307692307693,0.02702702702702703,2,2,fundamental
Informática,fundamentales,-1.8288880836072454,0,26,2,37,0.0,0.05405405405405406,0,0,fundamentales
Informática,fundamentos,-3.207399706860975,0,26,6,37,0.0,0.16216216216216217,0,0,fundamentos
Informática,fundamentos de la computacion,-1.8288880836072454,0,26,2,37,0.0,0.05405405405405406,0,0,fundamentos de la computación
Informática,futuro,0.493040011280117,1,26,1,37,0.038461538461538464,0.02702702702702703,1,1,futuro
Informática,gabriela,2.814968106167479,2,26,0,37,0.07692307692307693,0.0,2,2,gabriela
Informática,gabriela mistral,2.814968106167479,2,26,0,37,0.07692307692307693,0.0,2,2,gabriela mistral
Informática,garantizar,2.814968106167479,2,26,0,37,0.07692307692307693,0.0,2,2,garantizar
Informática,generacion,0.8556100906648252,4,26,3,37,0.15384615384615385,0.08108108108108109,4,4,generación
Informática,generacion de emprendimientos,1.2300056054463233,2,26,1,37,0.07692307692307693,0.02702702702702703,2,2,generación de emprendimientos
Informática,generacion de emprendimientos basados,0.493040011280117,1,26,1,37,0.038461538461538464,0.02702702702702703,1,1,generación de emprendimientos basados
Informática,general,-2.314314910777487,0,26,3,37,0.0,0.08108108108108109,0,0,general
Informática,generando valor,0.493040011280117,1,26,1,37,0.038461538461538464,0.02702702702702703,1,1,generando valor
Informática,generar soluciones,1.341036917835067,4,26,2,37,0.15384615384615385,0.05405405405405406,4,4,generar soluciones
Informática,generar soluciones innovadoras,1.2300056054463233,2,26,1,37,0.07692307692307693,0.02702702702702703,2,2,generar soluciones innovadoras
Informática,generar valor,2.814968106167479,2,26,0,37,0.07692307692307693,0.0,2,2,generar valor
Informática,genericas,0.007613184109875269,2,26,3,37,0.07692307692307693,0.08108108108108109,2,2,genéricas
Informática,genericas tales,0.493040011280117,1,26,1,37,0.038461538461538464,0.02702702702702703,1,1,genéricas tales
Informática,genero,2.814968106167479,2,26,0,37,0.07692307692307693,0.0,2,2,género
Informática,geologicas,0.493040011280117,1,26,1,37,0.038461538461538464,0.02702702702702703,1,1,geológicas
Informática,gerencial,-1.8288880836072454,0,26,2,37,0.0,0.05405405405405406,0,0,gerencial
Informática,gestion,0.06240565695025463,11,26,15,37,0.4230769230769231,0.40540540540540543,11,11,gestión
Informática,gestion de datos,0.493040011280117,1,26,1,37,0.038461538461538464,0.02702702702702703,1,1,gestión de datos
Informática,gestion de la informacion,-0.24392558288608923,1,26,2,37,0.038461538461538464,0.05405405405405406,1,1,gestión de la información
Informática,gestion de proyectos,0.7825466284751018,5,26,4,37,0.19230769230769232,0.10810810810810811,5,5,gestión de proyectos
Informática,gestion de proyectos tecnologicos,3.300394933337721,3,26,0,37,0.11538461538461539,0.0,3,3,gestión de proyectos tecnológicos
Informática,gestion organizacional,-1.8288880836072454,0,26,2,37,0.0,0.05405405405405406,0,0,gestión organizacional
Informática,gestiona,2.078002512001273,4,26,1,37,0.15384615384615385,0.02702702702702703,4,4,gestiona
Informática,gestiona recursos,0.493040011280117,1,26,1,37,0.038461538461538464,0.02702702702702703,1,1,gestiona recursos
Informática,gestionar,0.13046993189540887,10,26,13,37,0.38461538461538464,0.35135135135135137,10,10,gestionar
Informática,gestionar proyectos,1.5925756848310315,7,26,3,37,0.2692307692307692,0.08108108108108109,7,7,gestionar proyectos
Informática,gestionar proyectos de tecnologias,2.814968106167479,2,26,0,37,0.07692307692307693,0.0,2,2,gestionar proyectos de tecnologías
Informática,gestionar soluciones,1.2300056054463233,2,26,1,37,0.07692307692307693,0.02702702702702703,2,2,gestionar soluciones
Informática,gestionar soluciones tecnologicas,0.493040011280117,1,26,1,37,0.038461538461538464,0.02702702702702703,1,1,gestionar soluciones tecnológicas
Informática,gestionar tecnologias,0.493040011280117,1,26,1,37,0.038461538461538464,0.02702702702702703,1,1,gestionar tecnologías
Informática,global,0.20353339408513188,4,26,5,37,0.15384615384615385,0.13513513513513514,4,4,global
Informática,globalizado,0.493040011280117,1,26,1,37,0.038461538461538464,0.02702702702702703,1,1,globalizado
Informática,globalizados,2.814968106167479,2,26,0,37,0.07692307692307693,0.0,2,2,globalizados
Informática,gobierno,2.814968106167479,2,26,0,37,0.07692307692307693,0.0,2,2,gobierno
Informática,gonzalo,0.493040011280117,1,26,1,37,0.038461538461538464,0.02702702702702703,1,1,gonzalo
Informática,grado,-1.8288880836072454,0,26,2,37,0.0,0.05405405405405406,0,0,grado
Informática,grandes,-0.729352410056331,1,26,3,37,0.038461538461538464,0.08108108108108109,1,1,grandes
Informática,grandes volumenes,-0.729352410056331,1,26,3,37,0.038461538461538464,0.08108108108108109,1,1,grandes volúmenes
Informática,grandes volumenes de datos,-0.24392558288608923,1,26,2,37,0.038461538461538464,0.05405405405405406,1,1,grandes volúmenes de datos
Informática,grupos,-0.24392558288608923,1,26,2,37,0.038461538461538464,0.05405405405405406,1,1,grupos
Informática,habilidades,-0.5710903261395986,5,26,11,37,0.19230769230769232,0.2972972972972973,5,5,habilidades
Informática,habilidades de comunicacion,-1.8288880836072454,0,26,2,37,0.0,0.05405405405405406,0,0,habilidades de comunicación
Informática,habilidades para identificar,-1.8288880836072454,0,26,2,37,0.0,0.05405405405405406,0,0,habilidades para identificar
Informática,hacer,3.300394933337721,3,26,0,37,0.11538461538461539,0.0,3,3,hacer
Informática,haciendo,0.493040011280117,1,26,1,37,0.038461538461538464,0.02702702702702703,1,1,haciendo
Informática,haciendo uso,0.493040011280117,1,26,1,37,0.038461538461538464,0.02702702702702703,1,1,haciendo uso
Informática,hardware,0.7825466284751018,5,26,4,37,0.19230769230769232,0.10810810810810811,5,5,hardware
Informática,hardware en diversos niveles,0.493040011280117,1,26,1,37,0.038461538461538464,0.02702702702702703,1,1,hardware en diversos niveles
Informática,herramientas,0.6535046834733631,9,26,8,37,0.34615384615384615,0.21621621621621623,9,9,herramientas
Informática,herramientas tecnologicas,1.7154324326165649,3,26,1,37,0.11538461538461539,0.02702702702702703,3,3,herramientas tecnológicas
Informática,humanista,-1.8288880836072454,0,26,2,37,0.0,0.05405405405405406,0,0,humanista
Informática,ideas,1.2300056054463233,2,26,1,37,0.07692307692307693,0.02702702702702703,2,2,ideas
Informática,identificar,-0.15903668529957632,3,26,5,37,0.11538461538461539,0.13513513513513514,3,3,identificar
Informática,idioma,-1.6224372061398191,1,26,6,37,0.038461538461538464,0.16216216216216217,1,1,idioma
Informática,idioma ingles,-1.6224372061398191,1,26,6,37,0.038461538461538464,0.16216216216216217,1,1,idioma inglés
Informática,impacto,-0.15903668529957632,3,26,5,37,0.11538461538461539,0.13513513513513514,3,3,impacto
Informática,imparte,-1.8288880836072454,0,26,2,37,0.0,0.05405405405405406,0,0,imparte
Informática,imparte en la sede,-1.8288880836072454,0,26,2,37,0.0,0.05405405405405406,0,0,imparte en la sede
Informática,implantar,1.2300056054463233,2,26,1,37,0.07692307692307693,0.02702702702702703,2,2,implantar
Informática,implantar soluciones,0.493040011280117,1,26,1,37,0.038461538461538464,0.02702702702702703,1,1,implantar soluciones
Informática,implantar soluciones eficientes,0.493040011280117,1,26,1,37,0.038461538461538464,0.02702702702702703,1,1,implantar soluciones eficientes
Informática,implementa,2.078002512001273,4,26,1,37,0.15384615384615385,0.02702702702702703,4,4,implementa
Informática,implementacion,0.49304001128011676,6,26,6,37,0.23076923076923078,0.16216216216216217,6,6,implementación
Informática,implementacion de sistemas,2.814968106167479,2,26,0,37,0.07692307692307693,0.0,2,2,implementación de sistemas
Informática,implementacion de soluciones,0.9784668384503586,3,26,2,37,0.11538461538461539,0.05405405405405406,3,3,implementación de soluciones
Informática,implementando,1.2300056054463233,2,26,1,37,0.07692307692307693,0.02702702702702703,2,2,implementando
Informática,implementando estrategias,0.493040011280117,1,26,1,37,0.038461538461538464,0.02702702702702703,1,1,implementando estrategias
Informática,implementar,0.09711133494897756,9,26,12,37,0.34615384615384615,0.32432432432432434,9,9,implementar
Informática,implementar sistemas,0.493040011280117,2,26,2,37,0.07692307692307693,0.05405405405405406,2,2,implementar sistemas
Informática,implementar sistemas de redes,0.493040011280117,1,26,1,37,0.038461538461538464,0.02702702702702703,1,1,implementar sistemas de redes
Informática,implementar soluciones,0.493040011280117,3,26,3,37,0.11538461538461539,0.08108108108108109,3,3,implementar soluciones
Informática,implementar soluciones tic,0.493040011280117,1,26,1,37,0.038461538461538464,0.02702702702702703,1,1,implementar soluciones tic
Informática,implementar soluciones tic requeridas,0.493040011280117,1,26,1,37,0.038461538461538464,0.02702702702702703,1,1,implementar soluciones tic requeridas
Informática,implica,1.2300056054463233,2,26,1,37,0.07692307692307693,0.02702702702702703,2,2,implica
Informática,implica la adquisicion,0.493040011280117,1,26,1,37,0.038461538461538464,0.02702702702702703,1,1,implica la adquisición
Informática,inclusion,0.493040011280117,2,26,2,37,0.07692307692307693,0.05405405405405406,2,2,inclusión
Informática,inclusiva,0.493040011280117,1,26,1,37,0.038461538461538464,0.02702702702702703,1,1,inclusiva
Informática,incluyendo,-1.8288880836072454,0,26,2,37,0.0,0.05405405405405406,0,0,incluyendo
Informática,incorpora,0.493040011280117,1,26,1,37,0.038461538461538464,0.02702702702702703,1,1,incorpora
Informática,incorporacion,0.493040011280117,1,26,1,37,0.038461538461538464,0.02702702702702703,1,1,incorporación
Informática,incorporando,0.9784668384503586,3,26,2,37,0.11538461538461539,0.05405405405405406,3,3,incorporando
Informática,incorporando tecnologias,2.814968106167479,2,26,0,37,0.07692307692307693,0.0,2,2,incorporando tecnologías
Informática,independiente,-0.729352410056331,1,26,3,37,0.038461538461538464,0.08108108108108109,1,1,independiente
Informática,individual,0.493040011280117,1,26,1,37,0.038461538461538464,0.02702702702702703,1,1,individual
Informática,indole,1.2300056054463233,2,26,1,37,0.07692307692307693,0.02702702702702703,2,2,índole
Informática,industria,2.2585747576430943,8,26,2,37,0.3076923076923077,0.05405405405405406,8,8,industria
Informática,industrial,-0.24392558288608923,1,26,2,37,0.038461538461538464,0.05405405405405406,1,1,industrial
Informática,industriales,2.814968106167479,2,26,0,37,0.07692307692307693,0.0,2,2,industriales
Informática,industrias,3.300394933337721,3,26,0,37,0.11538461538461539,0.0,3,3,industrias
Informática,informacion,0.06923230237354107,20,26,27,37,0.7692307692307693,0.7297297297297297,20,20,información
Informática,informacion en organizaciones,-1.8288880836072454,0,26,2,37,0.0,0.05405405405405406,0,0,información en organizaciones
Informática,informacion relevante,0.493040011280117,1,26,1,37,0.038461538461538464,0.02702702702702703,1,1,información relevante
Informática,infraestructura,0.007613184109875269,2,26,3,37,0.07692307692307693,0.08108108108108109,2,2,infraestructura
Informática,ingenieril,0.493040011280117,1,26,1,37,0.038461538461538464,0.02702702702702703,1,1,ingenieril
Informática,ingles,-1.4329594072761063,2,26,9,37,0.07692307692307693,0.24324324324324326,2,2,inglés
Informática,iniciativas,0.493040011280117,2,26,2,37,0.07692307692307693,0.05405405405405406,2,2,iniciativas
Informática,innovacion,-0.388315492221264,9,26,17,37,0.34615384615384615,0.4594594594594595,9,9,innovación
Informática,innovacion tecnologica,0.007613184109875269,2,26,3,37,0.07692307692307693,0.08108108108108109,2,2,innovación tecnológica
Informática,innovador,1.2300056054463233,2,26,1,37,0.07692307692307693,0.02702702702702703,2,2,innovador
Informática,innovadora,-0.24392558288608923,1,26,2,37,0.038461538461538464,0.05405405405405406,1,1,innovadora
Informática,innovadoras,0.8800631343893642,8,26,6,37,0.3076923076923077,0.16216216216216217,8,8,innovadoras
Informática,innovar,1.7154324326165649,3,26,1,37,0.11538461538461539,0.02702702702702703,3,3,innovar
Informática,insercion,0.493040011280117,1,26,1,37,0.038461538461538464,0.02702702702702703,1,1,inserción
Informática,instancias,0.493040011280117,1,26,1,37,0.038461538461538464,0.02702702702702703,1,1,instancias
Informática,instituciones,-0.644463512469818,2,26,5,37,0.07692307692307693,0.13513513513513514,2,2,instituciones
Informática,instituciones de educacion,2.814968106167479,2,26,0,37,0.07692307692307693,0.0,2,2,instituciones de educación
Informática,instituciones publicas,-2.9663916073571803,0,26,5,37,0.0,0.13513513513513514,0,0,instituciones públicas
Informática,integra,2.078002512001273,4,26,1,37,0.15384615384615385,0.02702702702702703,4,4,integra
Informática,integracion,0.493040011280117,4,26,4,37,0.15384615384615385,0.10810810810810811,4,4,integración
Informática,integrador,0.493040011280117,1,26,1,37,0.038461538461538464,0.02702702702702703,1,1,integrador
Informática,integrador de tecnologias,0.493040011280117,1,26,1,37,0.038461538461538464,0.02702702702702703,1,1,integrador de tecnologías
Informática,integral,-0.29545588352617136,5,26,9,37,0.19230769230769232,0.24324324324324326,5,5,integral
Informática,integrales,0.9784668384503586,3,26,2,37,0.11538461538461539,0.05405405405405406,3,3,integrales
Informática,integran,-0.24392558288608923,1,26,2,37,0.038461538461538464,0.05405405405405406,1,1,integran
Informática,integran informacion,0.493040011280117,1,26,1,37,0.038461538461538464,0.02702702702702703,1,1,integran información
Informática,integrando,1.2300056054463233,2,26,1,37,0.07692307692307693,0.02702702702702703,2,2,integrando
Informática,integrar,0.20353339408513188,4,26,5,37,0.15384615384615385,0.13513513513513514,4,4,integrar
Informática,integrar equipos,-0.24392558288608923,1,26,2,37,0.038461538461538464,0.05405405405405406,1,1,integrar equipos
Informática,integridad,2.814968106167479,2,26,0,37,0.07692307692307693,0.0,2,2,integridad
Informática,integro,0.493040011280117,1,26,1,37,0.038461538461538464,0.02702702702702703,1,1,íntegro
Informática,inteligencia,-0.19883769335755144,6,26,10,37,0.23076923076923078,0.2702702702702703,6,6,inteligencia
Informática,inteligencia artificial,-0.13499121133292535,5,26,8,37,0.19230769230769232,0.21621621621621623,5,5,inteligencia artificial
Informática,inteligencia de negocios,0.493040011280117,2,26,2,37,0.07692307692307693,0.05405405405405406,2,2,inteligencia de negocios
Informática,inteligentes,1.2300056054463233,2,26,1,37,0.07692307692307693,0.02702702702702703,2,2,inteligentes
Informática,interdisciplinario,-1.8288880836072454,0,26,2,37,0.0,0.05405405405405406,0,0,interdisciplinario
Informática,interdisciplinarios,1.6305435350300517,5,26,2,37,0.19230769230769232,0.05405405405405406,5,5,interdisciplinarios
Informática,intereses,-0.24392558288608923,1,26,2,37,0.038461538461538464,0.05405405405405406,1,1,intereses
Informática,internacional,0.493040011280117,2,26,2,37,0.07692307692307693,0.05405405405405406,2,2,internacional
Informática,internacionales,1.2300056054463233,2,26,1,37,0.07692307692307693,0.02702702702702703,2,2,internacionales
Informática,investigacion,-0.644463512469818,2,26,5,37,0.07692307692307693,0.13513513513513514,2,2,investigación
Informática,investigacion aplicada,-1.8288880836072454,0,26,2,37,0.0,0.05405405405405406,0,0,investigación aplicada
Informática,involucren,0.493040011280117,1,26,1,37,0.038461538461538464,0.02702702702702703,1,1,involucren
Informática,jefe,1.341036917835067,4,26,2,37,0.15384615384615385,0.05405405405405406,4,4,jefe
Informática,labor,2.814968106167479,2,26,0,37,0.07692307692307693,0.0,2,2,labor
Informática,laborales,1.7154324326165649,3,26,1,37,0.11538461538461539,0.02702702702702703,3,3,laborales
Informática,lagos,0.493040011280117,1,26,1,37,0.038461538461538464,0.02702702702702703,1,1,lagos
Informática,learning,0.493040011280117,1,26,1,37,0.038461538461538464,0.02702702702702703,1,1,learning
Informática,legal,1.2300056054463233,2,26,1,37,0.07692307692307693,0.02702702702702703,2,2,legal
Informática,legal vigente,1.2300056054463233,2,26,1,37,0.07692307692307693,0.02702702702702703,2,2,legal vigente
Informática,legales,0.493040011280117,1,26,1,37,0.038461538461538464,0.02702702702702703,1,1,legales
Informática,legislacion,1.2300056054463233,2,26,1,37,0.07692307692307693,0.02702702702702703,2,2,legislación
Informática,legislacion vigente,0.493040011280117,1,26,1,37,0.038461538461538464,0.02702702702702703,1,1,legislación vigente
Informática,lengua,0.493040011280117,1,26,1,37,0.038461538461538464,0.02702702702702703,1,1,lengua
Informática,lengua materna,0.493040011280117,1,26,1,37,0.038461538461538464,0.02702702702702703,1,1,lengua materna
Informática,lenguajes,0.8556100906648252,4,26,3,37,0.15384615384615385,0.08108108108108109,4,4,lenguajes
Informática,lenguajes de programacion,0.9784668384503586,3,26,2,37,0.11538461538461539,0.05405405405405406,3,3,lenguajes de programación
Informática,licenciado,-1.8288880836072454,0,26,2,37,0.0,0.05405405405405406,0,0,licenciado
Informática,lider,-1.8288880836072454,0,26,2,37,0.0,0.05405405405405406,0,0,líder
Informática,lidera,-0.24392558288608923,1,26,2,37,0.038461538461538464,0.05405405405405406,1,1,lidera
Informática,lidera proyectos,0.493040011280117,1,26,1,37,0.038461538461538464,0.02702702702702703,1,1,lidera proyectos
Informática,liderando,1.2300056054463233,2,26,1,37,0.07692307692307693,0.02702702702702703,2,2,liderando
Informática,liderar,0.28658913381269047,6,26,7,37,0.23076923076923078,0.1891891891891892,6,6,liderar
Informática,liderar equipos,0.7825466284751018,5,26,4,37,0.19230769230769232,0.10810810810810811,5,5,liderar equipos
Informática,liderar equipos de trabajo,2.078002512001273,4,26,1,37,0.15384615384615385,0.02702702702702703,4,4,liderar equipos de trabajo
Informática,liderar equipos multidisciplinarios,0.493040011280117,2,26,2,37,0.07692307692307693,0.05405405405405406,2,2,liderar equipos multidisciplinarios
Informática,liderar procesos,-1.8288880836072454,0,26,2,37,0.0,0.05405405405405406,0,0,liderar procesos
Informática,liderar proyectos,0.493040011280117,1,26,1,37,0.038461538461538464,0.02702702702702703,1,1,liderar proyectos
Informática,liderazgo,0.045581034308895686,5,26,7,37,0.19230769230769232,0.1891891891891892,5,5,liderazgo
Informática,linea,0.493040011280117,1,26,1,37,0.038461538461538464,0.02702702702702703,1,1,línea
Informática,lineas,2.814968106167479,2,26,0,37,0.07692307692307693,0.0,2,2,líneas
Informática,logico,0.493040011280117,1,26,1,37,0.038461538461538464,0.02702702702702703,1,1,lógico
Informática,lograrlo,0.493040011280117,1,26,1,37,0.038461538461538464,0.02702702702702703,1,1,lograrlo
Informática,logro,1.7154324326165649,3,26,1,37,0.11538461538461539,0.02702702702702703,3,3,logro
Informática,machine,0.493040011280117,1,26,1,37,0.038461538461538464,0.02702702702702703,1,1,machine
Informática,machine learning,0.493040011280117,1,26,1,37,0.038461538461538464,0.02702702702702703,1,1,machine learning
Informática,magallanes,0.493040011280117,1,26,1,37,0.038461538461538464,0.02702702702702703,1,1,magallanes
Informática,malla,1.2300056054463233,2,26,1,37,0.07692307692307693,0.02702702702702703,2,2,malla
Informática,manager,2.814968106167479,2,26,0,37,0.07692307692307693,0.0,2,2,manager
Informática,manejo,0.007613184109875269,2,26,3,37,0.07692307692307693,0.08108108108108109,2,2,manejo
Informática,manejo de tecnologias,0.493040011280117,1,26,1,37,0.038461538461538464,0.02702702702702703,1,1,manejo de tecnologías
Informática,manera,0.15200309344505006,7,26,9,37,0.2692307692307692,0.24324324324324326,7,7,manera
Informática,manera autonoma,2.814968106167479,2,26,0,37,0.07692307692307693,0.0,2,2,manera autónoma
Informática,manera critica,0.493040011280117,1,26,1,37,0.038461538461538464,0.02702702702702703,1,1,manera crítica
Informática,manera efectiva,-0.24392558288608923,1,26,2,37,0.038461538461538464,0.05405405405405406,1,1,manera efectiva
Informática,manera integral,0.493040011280117,1,26,1,37,0.038461538461538464,0.02702702702702703,1,1,manera integral
Informática,mantencion,0.8556100906648252,4,26,3,37,0.15384615384615385,0.08108108108108109,4,4,mantención
Informática,mantener,0.493040011280117,2,26,2,37,0.07692307692307693,0.05405405405405406,2,2,mantener
Informática,mantener sistemas,2.814968106167479,2,26,0,37,0.07692307692307693,0.0,2,2,mantener sistemas
Informática,mantenimiento,1.2300056054463233,2,26,1,37,0.07692307692307693,0.02702702702702703,2,2,mantenimiento
Informática,marcado,0.493040011280117,2,26,2,37,0.07692307692307693,0.05405405405405406,2,2,marcado
Informática,marcado sello,0.493040011280117,1,26,1,37,0.038461538461538464,0.02702702702702703,1,1,marcado sello
Informática,marcado sello valorico,0.493040011280117,1,26,1,37,0.038461538461538464,0.02702702702702703,1,1,marcado sello valórico
Informática,marco,0.007613184109875269,2,26,3,37,0.07692307692307693,0.08108108108108109,2,2,marco
Informática,marcos,2.814968106167479,2,26,0,37,0.07692307692307693,0.0,2,2,marcos
Informática,maria,0.493040011280117,1,26,1,37,0.038461538461538464,0.02702702702702703,1,1,maría
Informática,master,2.814968106167479,2,26,0,37,0.07692307692307693,0.0,2,2,master
Informática,matematicas,-1.8288880836072454,0,26,2,37,0.0,0.05405405405405406,0,0,matemáticas
Informática,materna,0.493040011280117,1,26,1,37,0.038461538461538464,0.02702702702702703,1,1,materna
Informática,mayor,1.2300056054463233,2,26,1,37,0.07692307692307693,0.02702702702702703,2,2,mayor
Informática,mediante,0.7340481107839116,6,26,5,37,0.23076923076923078,0.13513513513513514,6,6,mediante
Informática,mediante el uso,-0.729352410056331,1,26,3,37,0.038461538461538464,0.08108108108108109,1,1,mediante el uso
Informática,mediante el uso avanzado,-1.8288880836072454,0,26,2,37,0.0,0.05405405405405406,0,0,mediante el uso avanzado
Informática,mediante soluciones,0.493040011280117,1,26,1,37,0.038461538461538464,0.02702702702702703,1,1,mediante soluciones
Informática,medio,-0.03747470541866304,4,26,6,37,0.15384615384615385,0.16216216216216217,4,4,medio
Informática,medio ambiente,0.007613184109875269,2,26,3,37,0.07692307692307693,0.08108108108108109,2,2,medio ambiente
Informática,medioambiental,-0.24392558288608923,1,26,2,37,0.038461538461538464,0.05405405405405406,1,1,medioambiental
Informática,mejora,0.9404989882513382,7,26,5,37,0.2692307692307692,0.13513513513513514,7,7,mejora
Informática,mejora continua,2.078002512001273,4,26,1,37,0.15384615384615385,0.02702702702702703,4,4,mejora continua
Informática,mejora de procesos,3.662965012722429,4,26,0,37,0.15384615384615385,0.0,4,4,mejora de procesos
Informática,mejorar,1.2300056054463233,2,26,1,37,0.07692307692307693,0.02702702702702703,2,2,mejorar
Informática,mejoras,-1.8288880836072454,0,26,2,37,0.0,0.05405405405405406,0,0,mejoras
Informática,mejores,1.2300056054463233,2,26,1,37,0.07692307692307693,0.02702702702702703,2,2,mejores
Informática,mencion,1.2300056054463233,2,26,1,37,0.07692307692307693,0.02702702702702703,2,2,mención
Informática,mercado,3.662965012722429,4,26,0,37,0.15384615384615385,0.0,4,4,mercado
Informática,mercado laboral,3.300394933337721,3,26,0,37,0.11538461538461539,0.0,3,3,mercado laboral
Informática,metodologias,2.4190394298363405,9,26,2,37,0.34615384615384615,0.05405405405405406,9,9,metodologías
Informática,metodologias agiles,2.814968106167479,2,26,0,37,0.07692307692307693,0.0,2,2,metodologías ágiles
Informática,metodos,1.2300056054463233,2,26,1,37,0.07692307692307693,0.02702702702702703,2,2,métodos
Informática,metropolitana,-0.24392558288608923,1,26,2,37,0.038461538461538464,0.05405405405405406,1,1,metropolitana
Informática,mineria,0.493040011280117,1,26,1,37,0.038461538461538464,0.02702702702702703,1,1,minería
Informática,mineria de datos,0.493040011280117,1,26,1,37,0.038461538461538464,0.02702702702702703,1,1,minería de datos
Informática,mirada,-0.24392558288608923,1,26,2,37,0.038461538461538464,0.05405405405405406,1,1,mirada
Informática,mismo,-2.314314910777487,0,26,3,37,0.0,0.08108108108108109,0,0,mismo
Informática,mistral,2.814968106167479,2,26,0,37,0.07692307692307693,0.0,2,2,mistral
Informática,modalidad,0.493040011280117,1,26,1,37,0.038461538461538464,0.02702702702702703,1,1,modalidad
Informática,modelar,-1.0919224894410393,1,26,4,37,0.038461538461538464,0.10810810810810811,1,1,modelar
Informática,modelo,-1.8288880836072454,0,26,2,37,0.0,0.05405405405405406,0,0,modelo
Informática,modelos,0.9784668384503586,3,26,2,37,0.11538461538461539,0.05405405405405406,3,3,modelos
Informática,modelos de servicios,0.493040011280117,1,26,1,37,0.038461538461538464,0.02702702702702703,1,1,modelos de servicios
Informática,modelos operativos,0.493040011280117,1,26,1,37,0.038461538461538464,0.02702702702702703,1,1,modelos operativos
Informática,monitoreo,-1.8288880836072454,0,26,2,37,0.0,0.05405405405405406,0,0,monitoreo
Informática,multi,0.493040011280117,1,26,1,37,0.038461538461538464,0.02702702702702703,1,1,multi
Informática,multiculturales,2.814968106167479,2,26,0,37,0.07692307692307693,0.0,2,2,multiculturales
Informática,multidisciplinarios,0.6242845445583693,11,26,10,37,0.4230769230769231,0.2702702702702703,11,11,multidisciplinarios
Informática,multiples,0.493040011280117,1,26,1,37,0.038461538461538464,0.02702702702702703,1,1,múltiples
Informática,mundo,0.493040011280117,4,26,4,37,0.15384615384615385,0.10810810810810811,4,4,mundo
Informática,mundo del trabajo,2.814968106167479,2,26,0,37,0.07692307692307693,0.0,2,2,mundo del trabajo
Informática,nacional,0.8556100906648252,4,26,3,37,0.15384615384615385,0.08108108108108109,4,4,nacional
Informática,nacionales,-1.8288880836072454,0,26,2,37,0.0,0.05405405405405406,0,0,nacionales
Informática,necesarias,-1.8288880836072454,0,26,2,37,0.0,0.05405405405405406,0,0,necesarias
Informática,necesidades,0.05694089647344343,8,26,11,37,0.3076923076923077,0.2972972972972973,8,8,necesidades
Informática,necesidades de la organizacion,2.814968106167479,2,26,0,37,0.07692307692307693,0.0,2,2,necesidades de la organización
Informática,necesidades de las organizaciones,2.814968106167479,2,26,0,37,0.07692307692307693,0.0,2,2,necesidades de las organizaciones
Informática,negocio,0.007613184109875269,2,26,3,37,0.07692307692307693,0.08108108108108109,2,2,negocio
Informática,negocios,-0.6064956622707975,3,26,7,37,0.11538461538461539,0.1891891891891892,3,3,negocios
Informática,nivel,-0.7870679079126183,3,26,8,37,0.11538461538461539,0.21621621621621623,3,3,nivel
Informática,nivel nacional,0.493040011280117,1,26,1,37,0.038461538461538464,0.02702702702702703,1,1,nivel nacional
Informática,niveles,0.9784668384503586,3,26,2,37,0.11538461538461539,0.05405405405405406,3,3,niveles
Informática,niveles organizacionales,1.2300056054463233,2,26,1,37,0.07692307692307693,0.02702702702702703,2,2,niveles organizacionales
Informática,normas,0.493040011280117,2,26,2,37,0.07692307692307693,0.05405405405405406,2,2,normas
Informática,normativa,1.7154324326165649,3,26,1,37,0.11538461538461539,0.02702702702702703,3,3,normativa
Informática,normativa legal,1.2300056054463233,2,26,1,37,0.07692307692307693,0.02702702702702703,2,2,normativa legal
Informática,normativa legal vigente,1.2300056054463233,2,26,1,37,0.07692307692307693,0.02702702702702703,2,2,normativa legal vigente
Informática,norte,0.493040011280117,1,26,1,37,0.038461538461538464,0.02702702702702703,1,1,norte
Informática,nuestra,-1.8288880836072454,0,26,2,37,0.0,0.05405405405405406,0,0,nuestra
Informática,nuestros,-1.8288880836072454,0,26,2,37,0.0,0.05405405405405406,0,0,nuestros
Informática,nuevas,0.20353339408513188,4,26,5,37,0.15384615384615385,0.13513513513513514,4,4,nuevas
Informática,nuevas tecnologias,-1.0919224894410393,1,26,4,37,0.038461538461538464,0.10810810810810811,1,1,nuevas tecnologías
Informática,nuevo,-1.8288880836072454,0,26,2,37,0.0,0.05405405405405406,0,0,nuevo
Informática,nuevos,-0.729352410056331,1,26,3,37,0.038461538461538464,0.08108108108108109,1,1,nuevos
Informática,objetivo,0.493040011280117,1,26,1,37,0.038461538461538464,0.02702702702702703,1,1,objetivo
Informática,objetivos,1.8715516345338468,6,26,2,37,0.23076923076923078,0.05405405405405406,6,6,objetivos
Informática,objetivos estrategicos,0.493040011280117,1,26,1,37,0.038461538461538464,0.02702702702702703,1,1,objetivos estratégicos
Informática,ocupacional,0.493040011280117,1,26,1,37,0.038461538461538464,0.02702702702702703,1,1,ocupacional
Informática,opera,-2.314314910777487,0,26,3,37,0.0,0.08108108108108109,0,0,opera
Informática,opera sistemas,-1.8288880836072454,0,26,2,37,0.0,0.05405405405405406,0,0,opera sistemas
Informática,operacion,0.9784668384503586,3,26,2,37,0.11538461538461539,0.05405405405405406,3,3,operación
Informática,operar,0.13046993189540856,3,26,4,37,0.11538461538461539,0.10810810810810811,3,3,operar
Informática,operar productos,0.493040011280117,1,26,1,37,0.038461538461538464,0.02702702702702703,1,1,operar productos
Informática,operar sistemas,-0.24392558288608923,1,26,2,37,0.038461538461538464,0.05405405405405406,1,1,operar sistemas
Informática,operativa,3.300394933337721,3,26,0,37,0.11538461538461539,0.0,3,3,operativa
Informática,operativos,0.493040011280117,2,26,2,37,0.07692307692307693,0.05405405405405406,2,2,operativos
Informática,oportunidades,1.6305435350300517,5,26,2,37,0.19230769230769232,0.05405405405405406,5,5,oportunidades
Informática,oportunidades de negocio,0.493040011280117,1,26,1,37,0.038461538461538464,0.02702702702702703,1,1,oportunidades de negocio
Informática,optimizacion,1.7154324326165649,3,26,1,37,0.11538461538461539,0.02702702702702703,3,3,optimización
Informática,optimizacion de sistemas,2.814968106167479,2,26,0,37,0.07692307692307693,0.0,2,2,optimización de sistemas
Informática,optimizar,1.2300056054463233,2,26,1,37,0.07692307692307693,0.02702702702702703,2,2,optimizar
Informática,oral,2.078002512001273,4,26,1,37,0.15384615384615385,0.02702702702702703,4,4,oral
Informática,orden,0.493040011280117,1,26,1,37,0.038461538461538464,0.02702702702702703,1,1,orden
Informática,organismos,2.814968106167479,2,26,0,37,0.07692307692307693,0.0,2,2,organismos
Informática,organizacion,1.0405278065826102,9,26,6,37,0.34615384615384615,0.16216216216216217,9,9,organización
Informática,organizacional,-0.729352410056331,1,26,3,37,0.038461538461538464,0.08108108108108109,1,1,organizacional
Informática,organizacionales,0.28658913381269047,6,26,7,37,0.23076923076923078,0.1891891891891892,6,6,organizacionales
Informática,organizaciones,0.782546628475102,16,26,13,37,0.6153846153846154,0.35135135135135137,16,16,organizaciones
Informática,organizaciones del sector,-0.24392558288608923,1,26,2,37,0.038461538461538464,0.05405405405405406,1,1,organizaciones del sector
Informática,organizaciones del sector publico,-0.24392558288608923,1,26,2,37,0.038461538461538464,0.05405405405405406,1,1,organizaciones del sector público
Informática,organizaciones publicas,1.7154324326165649,3,26,1,37,0.11538461538461539,0.02702702702702703,3,3,organizaciones públicas
Informática,orienta,2.814968106167479,2,26,0,37,0.07692307692307693,0.0,2,2,orienta
Informática,orientada,0.493040011280117,2,26,2,37,0.07692307692307693,0.05405405405405406,2,2,orientada
Informática,orientado,-0.24392558288608923,1,26,2,37,0.038461538461538464,0.05405405405405406,1,1,orientado
Informática,otorga,-2.676884990162195,0,26,4,37,0.0,0.10810810810810811,0,0,otorga
Informática,otorga el grado,-1.8288880836072454,0,26,2,37,0.0,0.05405405405405406,0,0,otorga el grado
Informática,otras,-0.24392558288608923,1,26,2,37,0.038461538461538464,0.05405405405405406,1,1,otras
Informática,otros,1.341036917835067,4,26,2,37,0.15384615384615385,0.05405405405405406,4,4,otros
Informática,pais,-0.885471611973613,2,26,6,37,0.07692307692307693,0.16216216216216217,2,2,país
Informática,parte,-0.729352410056331,1,26,3,37,0.038461538461538464,0.08108108108108109,1,1,parte
Informática,participa,0.493040011280117,1,26,1,37,0.038461538461538464,0.02702702702702703,1,1,participa
Informática,participacion,2.814968106167479,2,26,0,37,0.07692307692307693,0.0,2,2,participación
Informática,participar,-0.24392558288608923,1,26,2,37,0.038461538461538464,0.05405405405405406,1,1,participar
Informática,participar activamente,0.493040011280117,1,26,1,37,0.038461538461538464,0.02702702702702703,1,1,participar activamente
Informática,pensamiento,0.20353339408513188,4,26,5,37,0.15384615384615385,0.13513513513513514,4,4,pensamiento
Informática,pensamiento critico,0.13046993189540856,3,26,4,37,0.11538461538461539,0.10810810810810811,3,3,pensamiento crítico
Informática,pensar,0.493040011280117,1,26,1,37,0.038461538461538464,0.02702702702702703,1,1,pensar
Informática,pensar de manera,0.493040011280117,1,26,1,37,0.038461538461538464,0.02702702702702703,1,1,pensar de manera
Informática,pensar de manera critica,0.493040011280117,1,26,1,37,0.038461538461538464,0.02702702702702703,1,1,pensar de manera crítica
Informática,perfil,0.493040011280117,11,26,11,37,0.4230769230769231,0.2972972972972973,11,11,perfil
Informática,perfil de egreso,1.0405278065826102,9,26,6,37,0.34615384615384615,0.16216216216216217,9,9,perfil de egreso
Informática,perfil de egreso competencias,2.814968106167479,2,26,0,37,0.07692307692307693,0.0,2,2,perfil de egreso competencias
Informática,perfil profesional,-0.24392558288608923,1,26,2,37,0.038461538461538464,0.05405405405405406,1,1,perfil profesional
Informática,permanente,0.9404989882513382,7,26,5,37,0.2692307692307692,0.13513513513513514,7,7,permanente
Informática,permanente de la region,0.493040011280117,1,26,1,37,0.038461538461538464,0.02702702702702703,1,1,permanente de la región
Informática,permanentemente,0.493040011280117,1,26,1,37,0.038461538461538464,0.02702702702702703,1,1,permanentemente
Informática,permeabilidad,0.493040011280117,1,26,1,37,0.038461538461538464,0.02702702702702703,1,1,permeabilidad
Informática,permitan disenar,2.814968106167479,2,26,0,37,0.07692307692307693,0.0,2,2,permitan diseñar
Informática,permitan estar,0.493040011280117,1,26,1,37,0.038461538461538464,0.02702702702702703,1,1,permitan estar
Informática,permitan estar en constante,0.493040011280117,1,26,1,37,0.038461538461538464,0.02702702702702703,1,1,permitan estar en constante
Informática,permite,-0.27747814259711573,8,26,14,37,0.3076923076923077,0.3783783783783784,8,8,permite
Informática,permite abordar,0.493040011280117,1,26,1,37,0.038461538461538464,0.02702702702702703,1,1,permite abordar
Informática,permite analizar,-1.8288880836072454,0,26,2,37,0.0,0.05405405405405406,0,0,permite analizar
Informática,permite generar,0.493040011280117,1,26,1,37,0.038461538461538464,0.02702702702702703,1,1,permite generar
Informática,permite generar soluciones,0.493040011280117,1,26,1,37,0.038461538461538464,0.02702702702702703,1,1,permite generar soluciones
Informática,permite proponer,-1.8288880836072454,0,26,2,37,0.0,0.05405405405405406,0,0,permite proponer
Informática,permiten,-0.24392558288608923,1,26,2,37,0.038461538461538464,0.05405405405405406,1,1,permiten
Informática,permitiendo,-1.8288880836072454,0,26,2,37,0.0,0.05405405405405406,0,0,permitiendo
Informática,permitira,-0.729352410056331,1,26,3,37,0.038461538461538464,0.08108108108108109,1,1,permitirá
Informática,persona humana,0.493040011280117,1,26,1,37,0.038461538461538464,0.02702702702702703,1,1,persona humana
Informática,persona titulada,0.493040011280117,1,26,1,37,0.038461538461538464,0.02702702702702703,1,1,persona titulada
Informática,personal,0.493040011280117,1,26,1,37,0.038461538461538464,0.02702702702702703,1,1,personal
Informática,personas,0.28658913381269047,6,26,7,37,0.23076923076923078,0.1891891891891892,6,6,personas
Informática,perspectiva,-1.0919224894410393,1,26,4,37,0.038461538461538464,0.10810810810810811,1,1,perspectiva
Informática,pertinencia,-1.8288880836072454,0,26,2,37,0.0,0.05405405405405406,0,0,pertinencia
Informática,pertinentes,0.493040011280117,2,26,2,37,0.07692307692307693,0.05405405405405406,2,2,pertinentes
Informática,plan,-0.3549568952748331,2,26,4,37,0.07692307692307693,0.10810810810810811,2,2,plan
Informática,plan comun,-1.8288880836072454,0,26,2,37,0.0,0.05405405405405406,0,0,plan común
Informática,plan de estudios,-0.24392558288608923,1,26,2,37,0.038461538461538464,0.05405405405405406,1,1,plan de estudios
Informática,planes,-1.8288880836072454,0,26,2,37,0.0,0.05405405405405406,0,0,planes
Informática,planificacion,-0.729352410056331,1,26,3,37,0.038461538461538464,0.08108108108108109,1,1,planificación
Informática,planificar,1.1451167078598101,5,26,3,37,0.19230769230769232,0.08108108108108109,5,5,planificar
Informática,planificar estrategias,1.2300056054463233,2,26,1,37,0.07692307692307693,0.02702702702702703,2,2,planificar estrategias
Informática,plantear,0.493040011280117,1,26,1,37,0.038461538461538464,0.02702702702702703,1,1,plantear
Informática,plataformas,1.8715516345338468,6,26,2,37,0.23076923076923078,0.05405405405405406,6,6,plataformas
Informática,plataformas de computo,0.493040011280117,1,26,1,37,0.038461538461538464,0.02702702702702703,1,1,plataformas de cómputo
Informática,poseen,-1.8288880836072454,0,26,2,37,0.0,0.05405405405405406,0,0,poseen
Informática,postgrado,0.493040011280117,1,26,1,37,0.038461538461538464,0.02702702702702703,1,1,postgrado
Informática,practica,-1.8288880836072454,0,26,2,37,0.0,0.05405405405405406,0,0,práctica
Informática,practicas,2.608517228700053,6,26,1,37,0.23076923076923078,0.02702702702702703,6,6,prácticas
Informática,practicas de la industria,3.300394933337721,3,26,0,37,0.11538461538461539,0.0,3,3,prácticas de la industria
Informática,practico,-1.8288880836072454,0,26,2,37,0.0,0.05405405405405406,0,0,práctico
Informática,practicos,-0.24392558288608923,1,26,2,37,0.038461538461538464,0.05405405405405406,1,1,prácticos
Informática,preocupandose,-1.8288880836072454,0,26,2,37,0.0,0.05405405405405406,0,0,preocupándose
Informática,preparacion,0.493040011280117,1,26,1,37,0.038461538461538464,0.02702702702702703,1,1,preparación
Informática,preparado,1.2300056054463233,2,26,1,37,0.07692307692307693,0.02702702702702703,2,2,preparado
Informática,preparados,0.493040011280117,1,26,1,37,0.038461538461538464,0.02702702702702703,1,1,preparados
Informática,presencial,1.2300056054463233,2,26,1,37,0.07692307692307693,0.02702702702702703,2,2,presencial
Informática,presentan,-0.24392558288608923,1,26,2,37,0.038461538461538464,0.05405405405405406,1,1,presentan
Informática,primer,-1.8288880836072454,0,26,2,37,0.0,0.05405405405405406,0,0,primer
Informática,primer ano,-1.8288880836072454,0,26,2,37,0.0,0.05405405405405406,0,0,primer año
Informática,principios,-0.2439255828860894,4,26,7,37,0.15384615384615385,0.1891891891891892,4,4,principios
Informática,principios eticos,1.7154324326165649,3,26,1,37,0.11538461538461539,0.02702702702702703,3,3,principios éticos
Informática,privacidad,-1.8288880836072454,0,26,2,37,0.0,0.05405405405405406,0,0,privacidad
Informática,privadas,-0.03747470541866304,4,26,6,37,0.15384615384615385,0.16216216216216217,4,4,privadas
Informática,privado,0.9784668384503586,3,26,2,37,0.11538461538461539,0.05405405405405406,3,3,privado
Informática,privados,1.2300056054463233,2,26,1,37,0.07692307692307693,0.02702702702702703,2,2,privados
Informática,proactividad,-0.24392558288608923,1,26,2,37,0.038461538461538464,0.05405405405405406,1,1,proactividad
Informática,proactivo,-1.8288880836072454,0,26,2,37,0.0,0.05405405405405406,0,0,proactivo
Informática,problemas,-0.2206558035632421,12,26,20,37,0.46153846153846156,0.5405405405405406,12,12,problemas
Informática,problemas complejos,-1.2724947350828604,2,26,8,37,0.07692307692307693,0.21621621621621623,2,2,problemas complejos
Informática,problemas complejos mediante,-1.8288880836072454,0,26,2,37,0.0,0.05405405405405406,0,0,problemas complejos mediante
Informática,problemas con enfasis,0.493040011280117,1,26,1,37,0.038461538461538464,0.02702702702702703,1,1,problemas con énfasis
Informática,problematicas,1.6305435350300517,5,26,2,37,0.19230769230769232,0.05405405405405406,5,5,problemáticas
Informática,procesamiento,0.9784668384503586,3,26,2,37,0.11538461538461539,0.05405405405405406,3,3,procesamiento
Informática,proceso,-2.676884990162195,0,26,4,37,0.0,0.10810810810810811,0,0,proceso
Informática,procesos,0.5961335042442206,14,26,13,37,0.5384615384615384,0.35135135135135137,14,14,procesos
Informática,procesos de transformacion,2.814968106167479,2,26,0,37,0.07692307692307693,0.0,2,2,procesos de transformación
Informática,procesos organizacionales,0.493040011280117,1,26,1,37,0.038461538461538464,0.02702702702702703,1,1,procesos organizacionales
Informática,produccion,-0.729352410056331,1,26,3,37,0.038461538461538464,0.08108108108108109,1,1,producción
Informática,productivo,1.7154324326165649,3,26,1,37,0.11538461538461539,0.02702702702702703,3,3,productivo
Informática,productos,0.49304001128011676,6,26,6,37,0.23076923076923078,0.16216216216216217,6,6,productos
Informática,productos de software,-0.24392558288608923,1,26,2,37,0.038461538461538464,0.05405405405405406,1,1,productos de software
Informática,profesion,-0.3549568952748331,2,26,4,37,0.07692307692307693,0.10810810810810811,2,2,profesión
Informática,profesional,-0.15229510742052105,19,26,30,37,0.7307692307692307,0.8108108108108109,19,19,profesional
Informática,profesional competente,0.493040011280117,1,26,1,37,0.038461538461538464,0.02702702702702703,1,1,profesional competente
Informática,profesional comprometido,-1.8288880836072454,0,26,2,37,0.0,0.05405405405405406,0,0,profesional comprometido
Informática,profesional innovador,0.493040011280117,1,26,1,37,0.038461538461538464,0.02702702702702703,1,1,profesional innovador
Informática,profesional integrador,0.493040011280117,1,26,1,37,0.038461538461538464,0.02702702702702703,1,1,profesional integrador
Informática,profesional integrador de tecnologias,0.493040011280117,1,26,1,37,0.038461538461538464,0.02702702702702703,1,1,profesional integrador de tecnologías
Informática,profesional integral,0.007613184109875269,2,26,3,37,0.07692307692307693,0.08108108108108109,2,2,profesional integral
Informática,profesional podra,1.2300056054463233,2,26,1,37,0.07692307692307693,0.02702702702702703,2,2,profesional podrá
Informática,profesionales,0.493040011280117,11,26,11,37,0.4230769230769231,0.2972972972972973,11,11,profesionales
Informática,profesionalmente,1.2300056054463233,2,26,1,37,0.07692307692307693,0.02702702702702703,2,2,profesionalmente
Informática,profesionalmente en forma,0.493040011280117,1,26,1,37,0.038461538461538464,0.02702702702702703,1,1,profesionalmente en forma
Informática,profesionalmente en forma etica,0.493040011280117,1,26,1,37,0.038461538461538464,0.02702702702702703,1,1,profesionalmente en forma ética
Informática,profesor,0.493040011280117,1,26,1,37,0.038461538461538464,0.02702702702702703,1,1,profesor
Informática,profundizar,0.493040011280117,1,26,1,37,0.038461538461538464,0.02702702702702703,1,1,profundizar
Informática,programa,-0.2439255828860894,4,26,7,37,0.15384615384615385,0.1891891891891892,4,4,programa
Informática,programa formativo,-1.8288880836072454,0,26,2,37,0.0,0.05405405405405406,0,0,programa formativo
Informática,programacion,1.3861248073636052,6,26,3,37,0.23076923076923078,0.08108108108108109,6,6,programación
Informática,programador,-1.8288880836072454,0,26,2,37,0.0,0.05405405405405406,0,0,programador
Informática,programas,-0.24392558288608923,1,26,2,37,0.038461538461538464,0.05405405405405406,1,1,programas
Informática,promocion,-0.24392558288608923,1,26,2,37,0.038461538461538464,0.05405405405405406,1,1,promoción
Informática,promocion del bien,-1.8288880836072454,0,26,2,37,0.0,0.05405405405405406,0,0,promoción del bien
Informática,promocion del bien comun,-1.8288880836072454,0,26,2,37,0.0,0.05405405405405406,0,0,promoción del bien común
Informática,promoviendo,3.662965012722429,4,26,0,37,0.15384615384615385,0.0,4,4,promoviendo
Informática,propios,0.7825466284751018,5,26,4,37,0.19230769230769232,0.10810810810810811,5,5,propios
Informática,propios emprendimientos,-1.8288880836072454,0,26,2,37,0.0,0.05405405405405406,0,0,propios emprendimientos
Informática,proponer,-0.729352410056331,1,26,3,37,0.038461538461538464,0.08108108108108109,1,1,proponer
Informática,proponer soluciones,0.493040011280117,1,26,1,37,0.038461538461538464,0.02702702702702703,1,1,proponer soluciones
Informática,proposito,-0.24392558288608923,1,26,2,37,0.038461538461538464,0.05405405405405406,1,1,propósito
Informática,propuestas,1.2300056054463233,2,26,1,37,0.07692307692307693,0.02702702702702703,2,2,propuestas
Informática,proteccion,2.814968106167479,2,26,0,37,0.07692307692307693,0.0,2,2,protección
Informática,proyecto,2.814968106167479,2,26,0,37,0.07692307692307693,0.0,2,2,proyecto
Informática,proyectos,-0.05444778402237646,19,26,28,37,0.7307692307692307,0.7567567567567568,19,19,proyectos
Informática,proyectos de software,-1.0919224894410393,1,26,4,37,0.038461538461538464,0.10810810810810811,1,1,proyectos de software
Informática,proyectos de tecnologias,1.2300056054463233,2,26,1,37,0.07692307692307693,0.02702702702702703,2,2,proyectos de tecnologías
Informática,proyectos propios,-1.8288880836072454,0,26,2,37,0.0,0.05405405405405406,0,0,proyectos propios
Informática,proyectos relacionados,-0.24392558288608923,1,26,2,37,0.038461538461538464,0.05405405405405406,1,1,proyectos relacionados
Informática,proyectos tecnologicos,2.608517228700053,6,26,1,37,0.23076923076923078,0.02702702702702703,6,6,proyectos tecnológicos
Informática,pruebas,2.814968106167479,2,26,0,37,0.07692307692307693,0.0,2,2,pruebas
Informática,publica,2.814968106167479,2,26,0,37,0.07692307692307693,0.0,2,2,pública
Informática,publicas,-0.03747470541866304,4,26,6,37,0.15384615384615385,0.16216216216216217,4,4,públicas
Informática,publico,0.493040011280117,2,26,2,37,0.07692307692307693,0.05405405405405406,2,2,público
Informática,publicos,0.493040011280117,2,26,2,37,0.07692307692307693,0.05405405405405406,2,2,públicos
Informática,pudiendo,-0.24392558288608923,1,26,2,37,0.038461538461538464,0.05405405405405406,1,1,pudiendo
Informática,pudiendo desempenarse,-0.24392558288608923,1,26,2,37,0.038461538461538464,0.05405405405405406,1,1,pudiendo desempeñarse
Informática,puede,0.8556100906648252,4,26,3,37,0.15384615384615385,0.08108108108108109,4,4,puede
Informática,puede desempenarse,1.2300056054463233,2,26,1,37,0.07692307692307693,0.02702702702702703,2,2,puede desempeñarse
Informática,pueden,0.493040011280117,1,26,1,37,0.038461538461538464,0.02702702702702703,1,1,pueden
Informática,quehacer,0.13046993189540856,3,26,4,37,0.11538461538461539,0.10810810810810811,3,3,quehacer
Informática,quehacer profesional,-1.0919224894410393,1,26,4,37,0.038461538461538464,0.10810810810810811,1,1,quehacer profesional
Informática,quien,-0.24392558288608923,1,26,2,37,0.038461538461538464,0.05405405405405406,1,1,quien
Informática,quienes,-0.729352410056331,1,26,3,37,0.038461538461538464,0.08108108108108109,1,1,quienes
Informática,quienes egresan,0.493040011280117,1,26,1,37,0.038461538461538464,0.02702702702702703,1,1,quienes egresan
Informática,reales,0.493040011280117,2,26,2,37,0.07692307692307693,0.05405405405405406,2,2,reales
Informática,realidad,1.2300056054463233,2,26,1,37,0.07692307692307693,0.02702702702702703,2,2,realidad
Informática,realiza,2.814968106167479,2,26,0,37,0.07692307692307693,0.0,2,2,realiza
Informática,realizado,2.814968106167479,2,26,0,37,0.07692307692307693,0.0,2,2,realizado
Informática,realizar,0.007613184109875269,2,26,3,37,0.07692307692307693,0.08108108108108109,2,2,realizar
Informática,reconoce,-0.729352410056331,1,26,3,37,0.038461538461538464,0.08108108108108109,1,1,reconoce
Informática,reconocimiento,0.493040011280117,1,26,1,37,0.038461538461538464,0.02702702702702703,1,1,reconocimiento
Informática,recursos,0.3124677656382961,7,26,8,37,0.2692307692307692,0.21621621621621623,7,7,recursos
Informática,recursos computacionales,0.493040011280117,1,26,1,37,0.038461538461538464,0.02702702702702703,1,1,recursos computacionales
Informática,recursos digitales,-1.8288880836072454,0,26,2,37,0.0,0.05405405405405406,0,0,recursos digitales
Informática,recursos humanos,0.493040011280117,1,26,1,37,0.038461538461538464,0.02702702702702703,1,1,recursos humanos
Informática,recursos tecnologicos,1.2300056054463233,2,26,1,37,0.07692307692307693,0.02702702702702703,2,2,recursos tecnológicos
Informática,redes,0.49304001128011676,6,26,6,37,0.23076923076923078,0.16216216216216217,6,6,redes
Informática,redes de computadores,-1.8288880836072454,0,26,2,37,0.0,0.05405405405405406,0,0,redes de computadores
Informática,redes de datos,1.2300056054463233,2,26,1,37,0.07692307692307693,0.02702702702702703,2,2,redes de datos
Informática,reflexion,2.814968106167479,2,26,0,37,0.07692307692307693,0.0,2,2,reflexión
Informática,reflexivo,0.493040011280117,1,26,1,37,0.038461538461538464,0.02702702702702703,1,1,reflexivo
Informática,region,-1.0919224894410393,1,26,4,37,0.038461538461538464,0.10810810810810811,1,1,región
Informática,relacionadas,2.078002512001273,4,26,1,37,0.15384615384615385,0.02702702702702703,4,4,relacionadas
Informática,relacionados,0.8556100906648252,4,26,3,37,0.15384615384615385,0.08108108108108109,4,4,relacionados
Informática,relacionados con las tecnologias,-1.8288880836072454,0,26,2,37,0.0,0.05405405405405406,0,0,relacionados con las tecnologías
Informática,relevante,0.493040011280117,1,26,1,37,0.038461538461538464,0.02702702702702703,1,1,relevante
Informática,rendimiento,-0.24392558288608923,1,26,2,37,0.038461538461538464,0.05405405405405406,1,1,rendimiento
Informática,requeridas,0.493040011280117,1,26,1,37,0.038461538461538464,0.02702702702702703,1,1,requeridas
Informática,requerimientos,1.3861248073636052,6,26,3,37,0.23076923076923078,0.08108108108108109,6,6,requerimientos
Informática,requerimientos de la industria,0.493040011280117,1,26,1,37,0.038461538461538464,0.02702702702702703,1,1,requerimientos de la industria
Informática,requerimientos de la organizacion,2.814968106167479,2,26,0,37,0.07692307692307693,0.0,2,2,requerimientos de la organización
Informática,requerimientos del cliente,2.814968106167479,2,26,0,37,0.07692307692307693,0.0,2,2,requerimientos del cliente
Informática,requieren,-0.729352410056331,1,26,3,37,0.038461538461538464,0.08108108108108109,1,1,requieren
Informática,requisitos,0.493040011280117,1,26,1,37,0.038461538461538464,0.02702702702702703,1,1,requisitos
Informática,resguardar,0.493040011280117,1,26,1,37,0.038461538461538464,0.02702702702702703,1,1,resguardar
Informática,resilientes,0.493040011280117,1,26,1,37,0.038461538461538464,0.02702702702702703,1,1,resilientes
Informática,resolucion,1.341036917835067,4,26,2,37,0.15384615384615385,0.05405405405405406,4,4,resolución
Informática,resolucion de problemas,0.9784668384503586,3,26,2,37,0.11538461538461539,0.05405405405405406,3,3,resolución de problemas
Informática,resolucion de problemas complejos,-1.8288880836072454,0,26,2,37,0.0,0.05405405405405406,0,0,resolución de problemas complejos
Informática,resolver,-0.303426594634751,9,26,16,37,0.34615384615384615,0.43243243243243246,9,9,resolver
Informática,resolver diversas necesidades,-1.8288880836072454,0,26,2,37,0.0,0.05405405405405406,0,0,resolver diversas necesidades
Informática,resolver las diferencias,0.493040011280117,1,26,1,37,0.038461538461538464,0.02702702702702703,1,1,resolver las diferencias
Informática,resolver problemas,-0.24392558288608923,7,26,12,37,0.2692307692307692,0.32432432432432434,7,7,resolver problemas
Informática,resolver problemas complejos,-1.3814291066360243,1,26,5,37,0.038461538461538464,0.13513513513513514,1,1,resolver problemas complejos
Informática,resolver problemas complejos mediante,-1.8288880836072454,0,26,2,37,0.0,0.05405405405405406,0,0,resolver problemas complejos mediante
Informática,resolver problemas con enfasis,0.493040011280117,1,26,1,37,0.038461538461538464,0.02702702702702703,1,1,resolver problemas con énfasis
Informática,resolviendo,0.493040011280117,1,26,1,37,0.038461538461538464,0.02702702702702703,1,1,resolviendo
Informática,respetando,-1.0919224894410393,1,26,4,37,0.038461538461538464,0.10810810810810811,1,1,respetando
Informática,respetando la diversidad,-0.24392558288608923,1,26,2,37,0.038461538461538464,0.05405405405405406,1,1,respetando la diversidad
Informática,respeto,0.9784668384503586,3,26,2,37,0.11538461538461539,0.05405405405405406,3,3,respeto
Informática,respondan,2.814968106167479,2,26,0,37,0.07692307692307693,0.0,2,2,respondan
Informática,responden,-1.8288880836072454,0,26,2,37,0.0,0.05405405405405406,0,0,responden
Informática,responder,1.2300056054463233,2,26,1,37,0.07692307692307693,0.02702702702702703,2,2,responder
Informática,respondiendo,0.493040011280117,1,26,1,37,0.038461538461538464,0.02702702702702703,1,1,respondiendo
Informática,responsabilidad,-0.45805038823893657,7,26,14,37,0.2692307692307692,0.3783783783783784,7,7,responsabilidad
Informática,responsabilidad social,-0.5710903261395986,5,26,11,37,0.19230769230769232,0.2972972972972973,5,5,responsabilidad social
Informática,responsable,-0.885471611973613,2,26,6,37,0.07692307692307693,0.16216216216216217,2,2,responsable
Informática,respuesta,2.814968106167479,2,26,0,37,0.07692307692307693,0.0,2,2,respuesta
Informática,restricciones,0.493040011280117,1,26,1,37,0.038461538461538464,0.02702702702702703,1,1,restricciones
Informática,resultados,1.2300056054463233,2,26,1,37,0.07692307692307693,0.02702702702702703,2,2,resultados
Informática,resultados de aprendizaje,2.814968106167479,2,26,0,37,0.07692307692307693,0.0,2,2,resultados de aprendizaje
Informática,revolucion,0.493040011280117,1,26,1,37,0.038461538461538464,0.02702702702702703,1,1,revolución
Informática,revolucion tecnologica,0.493040011280117,1,26,1,37,0.038461538461538464,0.02702702702702703,1,1,revolución tecnológica
Informática,riesgos,1.341036917835067,4,26,2,37,0.15384615384615385,0.05405405405405406,4,4,riesgos
Informática,rigurosa,0.493040011280117,1,26,1,37,0.038461538461538464,0.02702702702702703,1,1,rigurosa
Informática,rigurosa base,0.493040011280117,1,26,1,37,0.038461538461538464,0.02702702702702703,1,1,rigurosa base
Informática,robotica,0.493040011280117,1,26,1,37,0.038461538461538464,0.02702702702702703,1,1,robótica
Informática,rol,1.2300056054463233,2,26,1,37,0.07692307692307693,0.02702702702702703,2,2,rol
Informática,roles,2.814968106167479,2,26,0,37,0.07692307692307693,0.0,2,2,roles
Informática,saberes,2.814968106167479,2,26,0,37,0.07692307692307693,0.0,2,2,saberes
Informática,salud,0.493040011280117,1,26,1,37,0.038461538461538464,0.02702702702702703,1,1,salud
Informática,san,0.493040011280117,1,26,1,37,0.038461538461538464,0.02702702702702703,1,1,san
Informática,santa,0.493040011280117,1,26,1,37,0.038461538461538464,0.02702702702702703,1,1,santa
Informática,santa maria,0.493040011280117,1,26,1,37,0.038461538461538464,0.02702702702702703,1,1,santa maría
Informática,santisima,-2.314314910777487,0,26,3,37,0.0,0.08108108108108109,0,0,santísima
Informática,santo,2.814968106167479,2,26,0,37,0.07692307692307693,0.0,2,2,santo
Informática,santo tomas,2.814968106167479,2,26,0,37,0.07692307692307693,0.0,2,2,santo tomas
Informática,satisfacer,-0.24392558288608923,1,26,2,37,0.038461538461538464,0.05405405405405406,1,1,satisfacer
Informática,satisfacer las necesidades,-1.8288880836072454,0,26,2,37,0.0,0.05405405405405406,0,0,satisfacer las necesidades
Informática,satisfacer los requerimientos,0.493040011280117,1,26,1,37,0.038461538461538464,0.02702702702702703,1,1,satisfacer los requerimientos
Informática,sea,1.2300056054463233,2,26,1,37,0.07692307692307693,0.02702702702702703,2,2,sea
Informática,sebastian,2.814968106167479,2,26,0,37,0.07692307692307693,0.0,2,2,sebastián
Informática,sector,0.8556100906648252,4,26,3,37,0.15384615384615385,0.08108108108108109,4,4,sector
Informática,sector publico,0.493040011280117,2,26,2,37,0.07692307692307693,0.05405405405405406,2,2,sector público
Informática,sede,-0.24392558288608923,1,26,2,37,0.038461538461538464,0.05405405405405406,1,1,sede
Informática,segun,2.3675091291962578,5,26,1,37,0.19230769230769232,0.02702702702702703,5,5,según
Informática,segundo,-1.8288880836072454,0,26,2,37,0.0,0.05405405405405406,0,0,segundo
Informática,seguridad,0.9291391260867905,11,26,8,37,0.4230769230769231,0.21621621621621623,11,11,seguridad
Informática,seguridad de la informacion,1.1451167078598101,5,26,3,37,0.19230769230769232,0.08108108108108109,5,5,seguridad de la información
Informática,sello distintivo,0.493040011280117,1,26,1,37,0.038461538461538464,0.02702702702702703,1,1,sello distintivo
Informática,sello valorico,0.493040011280117,1,26,1,37,0.038461538461538464,0.02702702702702703,1,1,sello valórico
Informática,semestres,-0.729352410056331,1,26,3,37,0.038461538461538464,0.08108108108108109,1,1,semestres
Informática,sentido,0.7825466284751018,5,26,4,37,0.19230769230769232,0.10810810810810811,5,5,sentido
Informática,sentido amplio,0.493040011280117,1,26,1,37,0.038461538461538464,0.02702702702702703,1,1,sentido amplio
Informática,sentido amplio de responsabilidad,0.493040011280117,1,26,1,37,0.038461538461538464,0.02702702702702703,1,1,sentido amplio de responsabilidad
Informática,sentido de responsabilidad,-1.8288880836072454,0,26,2,37,0.0,0.05405405405405406,0,0,sentido de responsabilidad
Informática,sentido etico,0.493040011280117,1,26,1,37,0.038461538461538464,0.02702702702702703,1,1,sentido ético
Informática,serena,-1.8288880836072454,0,26,2,37,0.0,0.05405405405405406,0,0,serena
Informática,servicio,0.9784668384503586,3,26,2,37,0.11538461538461539,0.05405405405405406,3,3,servicio
Informática,servicios,0.7978945928085379,10,26,8,37,0.38461538461538464,0.21621621621621623,10,10,servicios
Informática,servicios asociados,0.493040011280117,1,26,1,37,0.038461538461538464,0.02702702702702703,1,1,servicios asociados
Informática,servicios tecnologicos,2.814968106167479,2,26,0,37,0.07692307692307693,0.0,2,2,servicios tecnológicos
Informática,siempre,-1.8288880836072454,0,26,2,37,0.0,0.05405405405405406,0,0,siempre
Informática,siendo,-0.644463512469818,2,26,5,37,0.07692307692307693,0.13513513513513514,2,2,siendo
Informática,siendo capaz de aplicar,-1.8288880836072454,0,26,2,37,0.0,0.05405405405405406,0,0,siendo capaz de aplicar
Informática,siendo capaz de resolver,0.493040011280117,1,26,1,37,0.038461538461538464,0.02702702702702703,1,1,siendo capaz de resolver
Informática,siguiendo,0.493040011280117,1,26,1,37,0.038461538461538464,0.02702702702702703,1,1,siguiendo
Informática,siguiente,0.493040011280117,1,26,1,37,0.038461538461538464,0.02702702702702703,1,1,siguiente
Informática,siguiente perfil,0.493040011280117,1,26,1,37,0.038461538461538464,0.02702702702702703,1,1,siguiente perfil
Informática,sintesis,2.814968106167479,2,26,0,37,0.07692307692307693,0.0,2,2,síntesis
Informática,sistemas,0.030068034937571386,18,26,25,37,0.6923076923076923,0.6756756756756757,18,18,sistemas
Informática,sistemas computacionales,-1.6224372061398191,1,26,6,37,0.038461538461538464,0.16216216216216217,1,1,sistemas computacionales
Informática,sistemas de informacion,0.6736122569219377,8,26,7,37,0.3076923076923077,0.1891891891891892,8,8,sistemas de información
Informática,sistemas de redes,-0.24392558288608923,1,26,2,37,0.038461538461538464,0.05405405405405406,1,1,sistemas de redes
Informática,sistemas de software,-0.24392558288608923,1,26,2,37,0.038461538461538464,0.05405405405405406,1,1,sistemas de software
Informática,sistemas inteligentes,1.2300056054463233,2,26,1,37,0.07692307692307693,0.02702702702702703,2,2,sistemas inteligentes
Informática,sistematica,-1.8288880836072454,0,26,2,37,0.0,0.05405405405405406,0,0,sistemática
Informática,sistematicamente,2.814968106167479,2,26,0,37,0.07692307692307693,0.0,2,2,sistemáticamente
Informática,sistematico,0.493040011280117,1,26,1,37,0.038461538461538464,0.02702702702702703,1,1,sistemático
Informática,sistemica,0.493040011280117,1,26,1,37,0.038461538461538464,0.02702702702702703,1,1,sistémica
Informática,situaciones,1.341036917835067,4,26,2,37,0.15384615384615385,0.05405405405405406,4,4,situaciones
Informática,social,-0.4000447848033713,10,26,19,37,0.38461538461538464,0.5135135135135135,10,10,social
Informática,sociales,0.8556100906648252,4,26,3,37,0.15384615384615385,0.08108108108108109,4,4,sociales
Informática,socialmente,-1.8288880836072454,0,26,2,37,0.0,0.05405405405405406,0,0,socialmente
Informática,socialmente responsable,-1.8288880836072454,0,26,2,37,0.0,0.05405405405405406,0,0,socialmente responsable
Informática,sociedad,-0.4244978285279103,4,26,8,37,0.15384615384615385,0.21621621621621623,4,4,sociedad
Informática,software,-0.0772757134766377,16,26,24,37,0.6153846153846154,0.6486486486486487,16,16,software
Informática,software innovadoras,0.493040011280117,1,26,1,37,0.038461538461538464,0.02702702702702703,1,1,software innovadoras
Informática,solidos,-0.3549568952748331,2,26,4,37,0.07692307692307693,0.10810810810810811,2,2,sólidos
Informática,solucion,0.9784668384503586,3,26,2,37,0.11538461538461539,0.05405405405405406,3,3,solución
Informática,solucionar,-1.8288880836072454,0,26,2,37,0.0,0.05405405405405406,0,0,solucionar
Informática,solucionar problemas,-1.8288880836072454,0,26,2,37,0.0,0.05405405405405406,0,0,solucionar problemas
Informática,soluciones,0.08778353279385855,18,26,24,37,0.6923076923076923,0.6486486486486487,18,18,soluciones
Informática,soluciones computacionales,-2.9663916073571803,0,26,5,37,0.0,0.13513513513513514,0,0,soluciones computacionales
Informática,soluciones consideran,0.493040011280117,1,26,1,37,0.038461538461538464,0.02702702702702703,1,1,soluciones consideran
Informática,soluciones consideran las arquitecturas,0.493040011280117,1,26,1,37,0.038461538461538464,0.02702702702702703,1,1,soluciones consideran las arquitecturas
Informática,soluciones creativas,-1.8288880836072454,0,26,2,37,0.0,0.05405405405405406,0,0,soluciones creativas
Informática,soluciones de software,0.493040011280117,3,26,3,37,0.11538461538461539,0.08108108108108109,3,3,soluciones de software
Informática,soluciones de software innovadoras,0.493040011280117,1,26,1,37,0.038461538461538464,0.02702702702702703,1,1,soluciones de software innovadoras
Informática,soluciones eficientes,1.7154324326165649,3,26,1,37,0.11538461538461539,0.02702702702702703,3,3,soluciones eficientes
Informática,soluciones eficientes de software,0.493040011280117,1,26,1,37,0.038461538461538464,0.02702702702702703,1,1,soluciones eficientes de software
Informática,soluciones innovadoras,1.341036917835067,4,26,2,37,0.15384615384615385,0.05405405405405406,4,4,soluciones innovadoras
Informática,soluciones integrales,1.2300056054463233,2,26,1,37,0.07692307692307693,0.02702702702702703,2,2,soluciones integrales
Informática,soluciones tecnologicas,0.9404989882513382,7,26,5,37,0.2692307692307692,0.13513513513513514,7,7,soluciones tecnológicas
Informática,soluciones tecnologicas innovadoras,2.814968106167479,2,26,0,37,0.07692307692307693,0.0,2,2,soluciones tecnológicas innovadoras
Informática,soluciones tic,1.2300056054463233,2,26,1,37,0.07692307692307693,0.02702702702702703,2,2,soluciones tic
Informática,soluciones tic requeridas,0.493040011280117,1,26,1,37,0.038461538461538464,0.02702702702702703,1,1,soluciones tic requeridas
Informática,soporte,1.2300056054463233,2,26,1,37,0.07692307692307693,0.02702702702702703,2,2,soporte
Informática,sostenibilidad,0.493040011280117,2,26,2,37,0.07692307692307693,0.05405405405405406,2,2,sostenibilidad
Informática,sostenible,-1.2724947350828604,2,26,8,37,0.07692307692307693,0.21621621621621623,2,2,sostenible
Informática,sostenibles,-2.314314910777487,0,26,3,37,0.0,0.08108108108108109,0,0,sostenibles
Informática,surgen,0.493040011280117,1,26,1,37,0.038461538461538464,0.02702702702702703,1,1,surgen
Informática,sustentabilidad,1.2300056054463233,2,26,1,37,0.07692307692307693,0.02702702702702703,2,2,sustentabilidad
Informática,sustentable,0.9784668384503586,3,26,2,37,0.11538461538461539,0.05405405405405406,3,3,sustentable
Informática,tales,-0.729352410056331,1,26,3,37,0.038461538461538464,0.08108108108108109,1,1,tales
Informática,tareas,2.814968106167479,2,26,0,37,0.07692307692307693,0.0,2,2,tareas
Informática,tecnica,0.493040011280117,2,26,2,37,0.07692307692307693,0.05405405405405406,2,2,técnica
Informática,tecnica federico,0.493040011280117,1,26,1,37,0.038461538461538464,0.02702702702702703,1,1,técnica federico
Informática,tecnica federico santa,0.493040011280117,1,26,1,37,0.038461538461538464,0.02702702702702703,1,1,técnica federico santa
Informática,tecnica federico santa maria,0.493040011280117,1,26,1,37,0.038461538461538464,0.02702702702702703,1,1,técnica federico santa maría
Informática,tecnicas,-0.15903668529957632,3,26,5,37,0.11538461538461539,0.13513513513513514,3,3,técnicas
Informática,tecnico,-0.729352410056331,1,26,3,37,0.038461538461538464,0.08108108108108109,1,1,técnico
Informática,tecnicos,1.6305435350300517,5,26,2,37,0.19230769230769232,0.05405405405405406,5,5,técnicos
Informática,tecnologia,0.49304001128011676,5,26,5,37,0.19230769230769232,0.13513513513513514,5,5,tecnología
Informática,tecnologia de informacion,0.493040011280117,1,26,1,37,0.038461538461538464,0.02702702702702703,1,1,tecnología de información
Informática,tecnologia de la informacion,3.300394933337721,3,26,0,37,0.11538461538461539,0.0,3,3,tecnología de la información
Informática,tecnologias,-0.05444778402237646,19,26,28,37,0.7307692307692307,0.7567567567567568,19,19,tecnologías
Informática,tecnologias de informacion,-0.13499121133292535,5,26,8,37,0.19230769230769232,0.21621621621621623,5,5,tecnologías de información
Informática,tecnologias de la informacion,0.027376438931305033,10,26,14,37,0.38461538461538464,0.3783783783783784,10,10,tecnologías de la información
Informática,tecnologias de vanguardia,2.814968106167479,2,26,0,37,0.07692307692307693,0.0,2,2,tecnologías de vanguardia
Informática,tecnologias digitales,-1.8288880836072454,0,26,2,37,0.0,0.05405405405405406,0,0,tecnologías digitales
Informática,tecnologias emergentes,1.7154324326165649,3,26,1,37,0.11538461538461539,0.02702702702702703,3,3,tecnologías emergentes
Informática,tecnologias relacionadas,0.493040011280117,1,26,1,37,0.038461538461538464,0.02702702702702703,1,1,tecnologías relacionadas
Informática,tecnologica,0.007613184109875269,7,26,10,37,0.2692307692307692,0.2702702702702703,7,7,tecnológica
Informática,tecnologica metropolitana,0.493040011280117,1,26,1,37,0.038461538461538464,0.02702702702702703,1,1,tecnológica metropolitana
Informática,tecnologicas,0.7978945928085379,10,26,8,37,0.38461538461538464,0.21621621621621623,10,10,tecnológicas
Informática,tecnologicas innovadoras,2.814968106167479,2,26,0,37,0.07692307692307693,0.0,2,2,tecnológicas innovadoras
Informática,tecnologico,-2.0094603292490665,1,26,8,37,0.038461538461538464,0.21621621621621623,1,1,tecnológico
Informática,tecnologicos,1.4364564829137494,12,26,6,37,0.46153846153846156,0.16216216216216217,12,12,tecnológicos
Informática,telecomunicaciones,-0.3549568952748331,2,26,4,37,0.07692307692307693,0.10810810810810811,2,2,telecomunicaciones
Informática,teorica,-1.8288880836072454,0,26,2,37,0.0,0.05405405405405406,0,0,teórica
Informática,teoricos,-0.24392558288608923,1,26,2,37,0.038461538461538464,0.05405405405405406,1,1,teóricos
Informática,termino,-1.8288880836072454,0,26,2,37,0.0,0.05405405405405406,0,0,término
Informática,ti,0.7825466284751018,5,26,4,37,0.19230769230769232,0.10810810810810811,5,5,ti
Informática,ti junto,0.493040011280117,1,26,1,37,0.038461538461538464,0.02702702702702703,1,1,ti junto
Informática,tic,0.493040011280117,4,26,4,37,0.15384615384615385,0.10810810810810811,4,4,tic
Informática,tic requeridas,0.493040011280117,1,26,1,37,0.038461538461538464,0.02702702702702703,1,1,tic requeridas
Informática,tiempo,0.493040011280117,2,26,2,37,0.07692307692307693,0.05405405405405406,2,2,tiempo
Informática,tipo,0.493040011280117,2,26,2,37,0.07692307692307693,0.05405405405405406,2,2,tipo
Informática,tipo de organizacion,0.493040011280117,1,26,1,37,0.038461538461538464,0.02702702702702703,1,1,tipo de organización
Informática,titulada,0.493040011280117,1,26,1,37,0.038461538461538464,0.02702702702702703,1,1,titulada
Informática,titulo,-1.0919224894410393,1,26,4,37,0.038461538461538464,0.10810810810810811,1,1,título
Informática,titulo profesional,-0.729352410056331,1,26,3,37,0.038461538461538464,0.08108108108108109,1,1,título profesional
Informática,toma,0.6994908887475433,7,26,6,37,0.2692307692307692,0.16216216216216217,7,7,toma
Informática,tomando,1.2300056054463233,2,26,1,37,0.07692307692307693,0.02702702702702703,2,2,tomando
Informática,tomando en consideracion,2.814968106167479,2,26,0,37,0.07692307692307693,0.0,2,2,tomando en consideración
Informática,tomar,1.2300056054463233,2,26,1,37,0.07692307692307693,0.02702702702702703,2,2,tomar
Informática,tomar decisiones,1.2300056054463233,2,26,1,37,0.07692307692307693,0.02702702702702703,2,2,tomar decisiones
Informática,tomas,2.814968106167479,2,26,0,37,0.07692307692307693,0.0,2,2,tomas
Informática,trabaja,1.2300056054463233,2,26,1,37,0.07692307692307693,0.02702702702702703,2,2,trabaja
Informática,trabaja colaborativamente,0.493040011280117,1,26,1,37,0.038461538461538464,0.02702702702702703,1,1,trabaja colaborativamente
Informática,trabajar,1.2300056054463233,7,26,4,37,0.2692307692307692,0.10810810810810811,7,7,trabajar
Informática,trabajar colaborativamente,1.2300056054463233,2,26,1,37,0.07692307692307693,0.02702702702702703,2,2,trabajar colaborativamente
Informática,trabajar colaborativamente en equipos,0.493040011280117,1,26,1,37,0.038461538461538464,0.02702702702702703,1,1,trabajar colaborativamente en equipos
Informática,trabajar en equipo,0.493040011280117,1,26,1,37,0.038461538461538464,0.02702702702702703,1,1,trabajar en equipo
Informática,trabajar en equipos,0.493040011280117,2,26,2,37,0.07692307692307693,0.05405405405405406,2,2,trabajar en equipos
Informática,trabajar en equipos multidisciplinarios,-0.24392558288608923,1,26,2,37,0.038461538461538464,0.05405405405405406,1,1,trabajar en equipos multidisciplinarios
Informática,trabajo,0.11864449649861893,13,26,17,37,0.5,0.4594594594594595,13,13,trabajo
Informática,trabajo colaborativo,1.7154324326165649,3,26,1,37,0.11538461538461539,0.02702702702702703,3,3,trabajo colaborativo
Informática,trabajo en equipo,-0.3549568952748331,2,26,4,37,0.07692307692307693,0.10810810810810811,2,2,trabajo en equipo
Informática,trabajo en equipos,-0.24392558288608923,1,26,2,37,0.038461538461538464,0.05405405405405406,1,1,trabajo en equipos
Informática,trabajo en equipos multidisciplinarios,-1.8288880836072454,0,26,2,37,0.0,0.05405405405405406,0,0,trabajo en equipos multidisciplinarios
Informática,trabajo interdisciplinarios,1.2300056054463233,2,26,1,37,0.07692307692307693,0.02702702702702703,2,2,trabajo interdisciplinarios
Informática,trabajo multidisciplinarios,0.493040011280117,2,26,2,37,0.07692307692307693,0.05405405405405406,2,2,trabajo multidisciplinarios
Informática,transferencia,-0.24392558288608923,1,26,2,37,0.038461538461538464,0.05405405405405406,1,1,transferencia
Informática,transformacion,1.0405278065826102,9,26,6,37,0.34615384615384615,0.16216216216216217,9,9,transformación
Informática,transformacion digital,1.2300056054463233,7,26,4,37,0.2692307692307692,0.10810810810810811,7,7,transformación digital
Informática,trascendente,2.814968106167479,2,26,0,37,0.07692307692307693,0.0,2,2,trascendente
Informática,traves,0.6535046834733631,9,26,8,37,0.34615384615384615,0.21621621621621623,9,9,través
Informática,traves del uso,2.814968106167479,2,26,0,37,0.07692307692307693,0.0,2,2,través del uso
Informática,trayectoria,0.493040011280117,2,26,2,37,0.07692307692307693,0.05405405405405406,2,2,trayectoria
Informática,trayectoria formativa,0.493040011280117,1,26,1,37,0.038461538461538464,0.02702702702702703,1,1,trayectoria formativa
Informática,ucn,0.493040011280117,1,26,1,37,0.038461538461538464,0.02702702702702703,1,1,ucn
Informática,ucn posee competencias,0.493040011280117,1,26,1,37,0.038461538461538464,0.02702702702702703,1,1,ucn posee competencias
Informática,ucn posee competencias genericas,0.493040011280117,1,26,1,37,0.038461538461538464,0.02702702702702703,1,1,ucn posee competencias genéricas
Informática,ultimo,-1.8288880836072454,0,26,2,37,0.0,0.05405405405405406,0,0,último
Informática,universitario,0.493040011280117,1,26,1,37,0.038461538461538464,0.02702702702702703,1,1,universitario
Informática,uso,0.6736122569219377,8,26,7,37,0.3076923076923077,0.1891891891891892,8,8,uso
Informática,uso avanzado,-1.8288880836072454,0,26,2,37,0.0,0.05405405405405406,0,0,uso avanzado
Informática,uso de herramientas,2.814968106167479,2,26,0,37,0.07692307692307693,0.0,2,2,uso de herramientas
Informática,uso de herramientas tecnologicas,2.814968106167479,2,26,0,37,0.07692307692307693,0.0,2,2,uso de herramientas tecnológicas
Informática,uso de metodologias,2.814968106167479,2,26,0,37,0.07692307692307693,0.0,2,2,uso de metodologías
Informática,uso de recursos,0.493040011280117,1,26,1,37,0.038461538461538464,0.02702702702702703,1,1,uso de recursos
Informática,usuario,3.300394933337721,3,26,0,37,0.11538461538461539,0.0,3,3,usuario
Informática,usuarios,0.493040011280117,2,26,2,37,0.07692307692307693,0.05405405405405406,2,2,usuarios
Informática,utiliza,1.2300056054463233,2,26,1,37,0.07692307692307693,0.02702702702702703,2,2,utiliza
Informática,utiliza tecnicas,0.493040011280117,1,26,1,37,0.038461538461538464,0.02702702702702703,1,1,utiliza técnicas
Informática,utilizacion,2.814968106167479,2,26,0,37,0.07692307692307693,0.0,2,2,utilización
Informática,utilizando,1.3861248073636052,6,26,3,37,0.23076923076923078,0.08108108108108109,6,6,utilizando
Informática,utilizando herramientas,0.493040011280117,2,26,2,37,0.07692307692307693,0.05405405405405406,2,2,utilizando herramientas
Informática,valiosa,0.493040011280117,1,26,1,37,0.038461538461538464,0.02702702702702703,1,1,valiosa
Informática,valor,0.9404989882513382,7,26,5,37,0.2692307692307692,0.13513513513513514,7,7,valor
Informática,valor en el contexto,2.814968106167479,2,26,0,37,0.07692307692307693,0.0,2,2,valor en el contexto
Informática,valor estrategico,-1.8288880836072454,0,26,2,37,0.0,0.05405405405405406,0,0,valor estratégico
Informática,valores,-2.676884990162195,0,26,4,37,0.0,0.10810810810810811,0,0,valores
Informática,valores eticos,-1.8288880836072454,0,26,2,37,0.0,0.05405405405405406,0,0,valores éticos
Informática,valorica,0.493040011280117,1,26,1,37,0.038461538461538464,0.02702702702702703,1,1,valórica
Informática,valorico,0.493040011280117,1,26,1,37,0.038461538461538464,0.02702702702702703,1,1,valórico
Informática,vanguardia,1.7154324326165649,3,26,1,37,0.11538461538461539,0.02702702702702703,3,3,vanguardia
Informática,ver,-0.24392558288608923,1,26,2,37,0.038461538461538464,0.05405405405405406,1,1,ver
Informática,vez,0.493040011280117,1,26,1,37,0.038461538461538464,0.02702702702702703,1,1,vez
Informática,vida,0.13046993189540856,3,26,4,37,0.11538461538461539,0.10810810810810811,3,3,vida
Informática,vigente,0.9784668384503586,3,26,2,37,0.11538461538461539,0.05405405405405406,3,3,vigente
Informática,vigentes,0.493040011280117,1,26,1,37,0.038461538461538464,0.02702702702702703,1,1,vigentes
Informática,vinculacion,0.493040011280117,1,26,1,37,0.038461538461538464,0.02702702702702703,1,1,vinculación
Informática,vinculados,0.493040011280117,1,26,1,37,0.038461538461538464,0.02702702702702703,1,1,vinculados
Informática,vision,-0.03747470541866304,4,26,6,37,0.15384615384615385,0.16216216216216217,4,4,visión
Informática,vision integral,-1.8288880836072454,0,26,2,37,0.0,0.05405405405405406,0,0,visión integral
Informática,vision orientada,2.814968106167479,2,26,0,37,0.07692307692307693,0.0,2,2,visión orientada
Informática,visualizacion,2.814968106167479,2,26,0,37,0.07692307692307693,0.0,2,2,visualización
Informática,volumenes,-0.729352410056331,1,26,3,37,0.038461538461538464,0.08108108108108109,1,1,volúmenes
Informática,volumenes de datos,-0.24392558288608923,1,26,2,37,0.038461538461538464,0.05405405405405406,1,1,volúmenes de datos
Informática,web,0.493040011280117,1,26,1,37,0.038461538461538464,0.02702702702702703,1,1,web
