fold_externo,fold_interno,feature,idf
1,1,2026,3.3353749158170367
1,1,académico,3.3353749158170367
1,1,acciones,3.3353749158170367
1,1,acreditación,3.3353749158170367
1,1,adaptarse,3.0476928433652555
1,1,además,2.0360919316867756
1,1,administración,2.8245492920510458
1,1,administrar,2.8245492920510458
1,1,admisión,3.3353749158170367
1,1,alto,2.6422277352570913
1,1,ambiental,3.0476928433652555
1,1,ambiente,3.0476928433652555
1,1,amplio,3.0476928433652555
1,1,analizar,2.488077055429833
1,1,análisis,2.6422277352570913
1,1,aplicaciones,2.6422277352570913
1,1,aplicación,3.0476928433652555
1,1,aplicada,2.488077055429833
1,1,aplicando,2.8245492920510458
1,1,aplicar,2.35454566280531
1,1,aprendizaje,2.236762627148927
1,1,aprendizaje continuo,2.8245492920510458
1,1,artificial,2.236762627148927
1,1,as,3.0476928433652555
1,1,asimismo,2.8245492920510458
1,1,asociados,3.0476928433652555
1,1,así,2.6422277352570913
1,1,autoaprendizaje,2.8245492920510458
1,1,año,3.0476928433652555
1,1,bajo,3.0476928433652555
1,1,basadas,3.3353749158170367
1,1,base,2.6422277352570913
1,1,bien,2.6422277352570913
1,1,bien común,2.8245492920510458
1,1,básicas,2.236762627148927
1,1,básicas ciencias,2.8245492920510458
1,1,básicas ingeniería,3.0476928433652555
1,1,calidad,1.949080554697146
1,1,campo,2.8245492920510458
1,1,campus,3.3353749158170367
1,1,capaces,2.6422277352570913
1,1,capaces aplicar,3.3353749158170367
1,1,capacidad,1.7949298748698876
1,1,capacitado,2.488077055429833
1,1,capaz,1.949080554697146
1,1,capaz analizar,3.0476928433652555
1,1,caracteriza,2.8245492920510458
1,1,carrera,1.7259370033829362
1,1,carrera universidad,2.8245492920510458
1,1,carreras,3.3353749158170367
1,1,católica,3.0476928433652555
1,1,centrado,3.0476928433652555
1,1,certificación,3.0476928433652555
1,1,ciberseguridad,3.0476928433652555
1,1,ciencia,2.488077055429833
1,1,ciencias,1.7949298748698876
1,1,ciencias básicas,2.236762627148927
1,1,ciencias ingeniería,2.488077055429833
1,1,ciudadanía,3.0476928433652555
1,1,civil,2.488077055429833
1,1,civil computación,2.8245492920510458
1,1,competencias,1.949080554697146
1,1,competencias genéricas,3.0476928433652555
1,1,complejos,2.488077055429833
1,1,comprometido,3.0476928433652555
1,1,compromiso,2.6422277352570913
1,1,computacionales,2.8245492920510458
1,1,computación,1.949080554697146
1,1,computación informática,2.236762627148927
1,1,computadores,3.3353749158170367
1,1,comunicaciones,2.8245492920510458
1,1,comunicación,1.7949298748698876
1,1,comunicación efectiva,2.6422277352570913
1,1,comunicarse,2.6422277352570913
1,1,común,2.488077055429833
1,1,concebir,3.0476928433652555
1,1,concebir diseñar,3.3353749158170367
1,1,concepción,3.0476928433652555
1,1,conocimiento,2.8245492920510458
1,1,conocimientos,1.7259370033829362
1,1,conocimientos ciencia,3.0476928433652555
1,1,considerando,2.6422277352570913
1,1,construir,2.6422277352570913
1,1,consultor,2.8245492920510458
1,1,contexto,2.236762627148927
1,1,contexto global,3.3353749158170367
1,1,contextos,2.236762627148927
1,1,continua,3.3353749158170367
1,1,continuar,3.0476928433652555
1,1,continuo,2.6422277352570913
1,1,contribuir,2.8245492920510458
1,1,contribuyendo,3.0476928433652555
1,1,contribuyendo desarrollo,3.0476928433652555
1,1,coquimbo,3.3353749158170367
1,1,creación,3.3353749158170367
1,1,crear,2.8245492920510458
1,1,cristiana,3.3353749158170367
1,1,criterios,2.488077055429833
1,1,crítico,3.0476928433652555
1,1,cualquier,3.0476928433652555
1,1,cuenta,2.488077055429833
1,1,cultura,3.0476928433652555
1,1,curricular,3.3353749158170367
1,1,cursos,3.3353749158170367
1,1,dar,3.0476928433652555
1,1,datos,1.7259370033829362
1,1,decisiones,2.236762627148927
1,1,demostrando,3.0476928433652555
1,1,demuestra,2.8245492920510458
1,1,departamento,3.3353749158170367
1,1,desafíos,2.6422277352570913
1,1,desarrolla,3.0476928433652555
1,1,desarrollar,2.0360919316867756
1,1,desarrollar soluciones,3.0476928433652555
1,1,desarrollo,1.60077386042893
1,1,desarrollo software,3.0476928433652555
1,1,desarrollo sostenible,2.6422277352570913
1,1,desempeñarse,2.236762627148927
1,1,desempeño,2.6422277352570913
1,1,digital,2.8245492920510458
1,1,digitales,2.6422277352570913
1,1,disciplina,2.488077055429833
1,1,disciplinar,3.0476928433652555
1,1,diseñar,1.8690378470236095
1,1,diseñar desarrollar,2.8245492920510458
1,1,diseñar implementar,2.6422277352570913
1,1,diseño,2.488077055429833
1,1,distintas,2.8245492920510458
1,1,distintos,2.8245492920510458
1,1,diversa,3.0476928433652555
1,1,diversa índole,3.3353749158170367
1,1,diversas,3.3353749158170367
1,1,diversidad,2.8245492920510458
1,1,duración,3.0476928433652555
1,1,económico,2.8245492920510458
1,1,económico social,3.3353749158170367
1,1,económicos,3.0476928433652555
1,1,educación,3.0476928433652555
1,1,efectiva,2.488077055429833
1,1,eficiencia,2.488077055429833
1,1,eficiente,3.0476928433652555
1,1,eficientes,3.0476928433652555
1,1,egresado,3.0476928433652555
1,1,egreso,2.1314021114911004
1,1,ejecución,3.3353749158170367
1,1,ejercer,3.3353749158170367
1,1,ejercicio,2.6422277352570913
1,1,ello,3.0476928433652555
1,1,emergentes,3.0476928433652555
1,1,emprendedora,3.0476928433652555
1,1,emprender,3.0476928433652555
1,1,emprendimiento,2.488077055429833
1,1,empresarial,3.3353749158170367
1,1,empresas,2.236762627148927
1,1,empresas organizaciones,3.0476928433652555
1,1,enfocado,3.3353749158170367
1,1,enfoque,3.0476928433652555
1,1,entorno,2.236762627148927
1,1,entregar,3.0476928433652555
1,1,entregar soluciones,3.3353749158170367
1,1,equipo,2.236762627148927
1,1,equipos,1.949080554697146
1,1,equipos multidisciplinarios,2.8245492920510458
1,1,equipos trabajo,2.488077055429833
1,1,especialidad,3.3353749158170367
1,1,estudiantes,3.0476928433652555
1,1,estudios,2.6422277352570913
1,1,está,2.8245492920510458
1,1,estándares,2.488077055429833
1,1,evaluar,2.8245492920510458
1,1,evolución,2.8245492920510458
1,1,forma,2.0360919316867756
1,1,formación,1.7259370033829362
1,1,formación ciencias,2.8245492920510458
1,1,formación integral,3.0476928433652555
1,1,formar,2.6422277352570913
1,1,frontera,3.3353749158170367
1,1,generación,3.0476928433652555
1,1,gestionar,2.1314021114911004
1,1,gestionar desarrollar,3.0476928433652555
1,1,gestión,1.6613984822453651
1,1,gestión proyectos,2.488077055429833
1,1,global,2.6422277352570913
1,1,habilidades,2.1314021114911004
1,1,herramientas,2.1314021114911004
1,1,humana,3.0476928433652555
1,1,humanos,3.0476928433652555
1,1,identificar,3.0476928433652555
1,1,idioma,2.8245492920510458
1,1,idioma inglés,2.8245492920510458
1,1,impacto,3.3353749158170367
1,1,implementación,2.8245492920510458
1,1,implementar,1.949080554697146
1,1,implementar soluciones,3.0476928433652555
1,1,inclusión,3.0476928433652555
1,1,incorporando,3.0476928433652555
1,1,independiente,3.0476928433652555
1,1,industria,2.6422277352570913
1,1,industrial,3.3353749158170367
1,1,información,1.2984929885559966
1,1,información comunicación,2.6422277352570913
1,1,informática,1.5436154465889818
1,1,informática universidad,2.35454566280531
1,1,informáticas,2.1314021114911004
1,1,informático,3.0476928433652555
1,1,informáticos,1.7259370033829362
1,1,ingeniera,3.0476928433652555
1,1,ingenieras,3.3353749158170367
1,1,ingeniero,1.7259370033829362
1,1,ingeniero civil,2.488077055429833
1,1,ingeniero informática,3.3353749158170367
1,1,ingenieros,2.8245492920510458
1,1,ingeniería,1.3429447511268304
1,1,ingeniería aplicada,3.0476928433652555
1,1,ingeniería ciencias,3.0476928433652555
1,1,ingeniería software,2.236762627148927
1,1,inglés,2.488077055429833
1,1,ingreso,3.3353749158170367
1,1,innovación,1.8690378470236095
1,1,innovación emprendimiento,3.0476928433652555
1,1,innovadoras,2.8245492920510458
1,1,instituto,3.0476928433652555
1,1,instituto profesional,3.0476928433652555
1,1,integra,3.0476928433652555
1,1,integración,3.0476928433652555
1,1,integral,2.35454566280531
1,1,integrar,2.488077055429833
1,1,inteligencia,2.1314021114911004
1,1,inteligencia artificial,2.236762627148927
1,1,intereses,3.0476928433652555
1,1,internacionales,3.3353749158170367
1,1,investigación,2.8245492920510458
1,1,jefe,2.8245492920510458
1,1,junto,2.6422277352570913
1,1,laboral,2.8245492920510458
1,1,lidera,3.3353749158170367
1,1,lidera proyectos,3.3353749158170367
1,1,liderar,2.8245492920510458
1,1,liderar equipos,3.0476928433652555
1,1,liderazgo,2.35454566280531
1,1,malla,3.3353749158170367
1,1,manera,2.236762627148927
1,1,mantención,3.0476928433652555
1,1,mantener,3.0476928433652555
1,1,mediante,2.488077055429833
1,1,medio,3.0476928433652555
1,1,medio ambiente,3.0476928433652555
1,1,mejora,3.0476928433652555
1,1,mercado,3.0476928433652555
1,1,metodologías,3.0476928433652555
1,1,metropolitana,3.3353749158170367
1,1,modelos,3.0476928433652555
1,1,multidisciplinarios,2.236762627148927
1,1,mundo,2.35454566280531
1,1,nacional,3.0476928433652555
1,1,necesidades,2.0360919316867756
1,1,negocios,2.8245492920510458
1,1,nivel,2.6422277352570913
1,1,normas,3.0476928433652555
1,1,nuevas,2.6422277352570913
1,1,nuevas tecnologías,2.8245492920510458
1,1,nuevos,2.8245492920510458
1,1,operación,3.0476928433652555
1,1,oportunidades,2.8245492920510458
1,1,organizacional,3.0476928433652555
1,1,organizacionales,2.8245492920510458
1,1,organizaciones,1.8690378470236095
1,1,organizaciones sector,3.0476928433652555
1,1,organización,2.488077055429833
1,1,otorga,3.0476928433652555
1,1,pace,3.3353749158170367
1,1,país,2.8245492920510458
1,1,pensamiento,3.0476928433652555
1,1,perfil,1.949080554697146
1,1,perfil egreso,2.236762627148927
1,1,perfil profesional,3.0476928433652555
1,1,permanente,2.35454566280531
1,1,permitan,2.6422277352570913
1,1,permite,2.236762627148927
1,1,permitirá,3.3353749158170367
1,1,persona,2.8245492920510458
1,1,personas,2.488077055429833
1,1,plan,2.8245492920510458
1,1,plan común,3.3353749158170367
1,1,planificación,3.3353749158170367
1,1,planificar,2.8245492920510458
1,1,plataformas,3.0476928433652555
1,1,podrá,3.0476928433652555
1,1,posee,2.236762627148927
1,1,principios,2.488077055429833
1,1,principios éticos,3.3353749158170367
1,1,privadas,3.3353749158170367
1,1,privado,3.0476928433652555
1,1,problemas,1.949080554697146
1,1,problemas complejos,2.6422277352570913
1,1,proceso,3.0476928433652555
1,1,procesos,1.8690378470236095
1,1,productivo,3.0476928433652555
1,1,productos,2.35454566280531
1,1,productos software,3.0476928433652555
1,1,profesional,1.2559333741372007
1,1,profesional capaz,2.8245492920510458
1,1,profesional integral,2.8245492920510458
1,1,profesionales,2.0360919316867756
1,1,profesionales capaces,2.8245492920510458
1,1,profesión,2.6422277352570913
1,1,programa,2.236762627148927
1,1,programas,3.3353749158170367
1,1,promoción,3.0476928433652555
1,1,promoviendo,3.0476928433652555
1,1,propósito,3.0476928433652555
1,1,proyectos,1.2559333741372007
1,1,proyectos informáticos,2.236762627148927
1,1,proyectos tecnológicos,2.8245492920510458
1,1,prácticas,3.3353749158170367
1,1,puede,2.488077055429833
1,1,puede desempeñarse,2.8245492920510458
1,1,público,3.0476928433652555
1,1,quehacer,2.8245492920510458
1,1,reconoce,2.8245492920510458
1,1,recursos,2.488077055429833
1,1,redes,2.6422277352570913
1,1,requerimientos,2.8245492920510458
1,1,resolver,2.0360919316867756
1,1,resolver problemas,2.236762627148927
1,1,respeto,2.8245492920510458
1,1,responsabilidad,2.0360919316867756
1,1,responsabilidad social,2.488077055429833
1,1,responsable,2.8245492920510458
1,1,riesgos,2.8245492920510458
1,1,santiago,3.0476928433652555
1,1,sector,2.6422277352570913
1,1,sector público,3.3353749158170367
1,1,seguridad,2.1314021114911004
1,1,seguridad información,3.0476928433652555
1,1,según,2.8245492920510458
1,1,sello,3.0476928433652555
1,1,sentido,2.6422277352570913
1,1,servicios,2.1314021114911004
1,1,siendo,2.8245492920510458
1,1,siendo capaz,3.0476928433652555
1,1,siguiendo,3.3353749158170367
1,1,sistemas,1.4895482253187058
1,1,sistemas computacionales,3.3353749158170367
1,1,sistemas información,2.1314021114911004
1,1,sistemas informáticos,2.35454566280531
1,1,situaciones,2.8245492920510458
1,1,social,1.8690378470236095
1,1,sociales,3.0476928433652555
1,1,sociedad,2.6422277352570913
1,1,software,1.5436154465889818
1,1,soluciones,1.7259370033829362
1,1,soluciones eficientes,3.3353749158170367
1,1,soluciones informáticas,2.6422277352570913
1,1,soluciones tecnológicas,2.488077055429833
1,1,sostenible,2.35454566280531
1,1,sustentable,3.0476928433652555
1,1,sólida,2.35454566280531
1,1,sólida formación,2.488077055429833
1,1,tales,3.0476928433652555
1,1,tecnología,2.488077055429833
1,1,tecnologías,1.3429447511268304
1,1,tecnologías información,1.6613984822453651
1,1,tecnológica,2.35454566280531
1,1,tecnológicas,2.1314021114911004
1,1,tecnológico,2.8245492920510458
1,1,tecnológicos,2.1314021114911004
1,1,tic,2.8245492920510458
1,1,toma,2.6422277352570913
1,1,toma decisiones,2.6422277352570913
1,1,trabajar,2.8245492920510458
1,1,trabajo,1.60077386042893
1,1,trabajo equipo,2.488077055429833
1,1,trabajo multidisciplinarios,3.0476928433652555
1,1,transformación,2.488077055429833
1,1,transformación digital,2.8245492920510458
1,1,través,2.0360919316867756
1,1,trayectoria,2.8245492920510458
1,1,técnicas,3.0476928433652555
1,1,técnicos,3.0476928433652555
1,1,título,3.0476928433652555
1,1,título profesional,3.0476928433652555
1,1,universidad,1.60077386042893
1,1,universidad católica,3.0476928433652555
1,1,universidad frontera,3.3353749158170367
1,1,uso,2.35454566280531
1,1,utilizando,2.8245492920510458
1,1,valor,2.35454566280531
1,1,valores,3.3353749158170367
1,1,vanguardia,3.0476928433652555
1,1,vida,2.6422277352570913
1,1,visión,2.8245492920510458
1,1,ámbito,2.8245492920510458
1,1,ámbitos,2.8245492920510458
1,1,área,2.6422277352570913
1,1,áreas,2.236762627148927
1,1,ética,2.35454566280531
1,1,ético,2.8245492920510458
1,1,éticos,2.6422277352570913
1,1,índole,3.3353749158170367
1,2,000,3.367123614131617
1,2,10,2.8562979903656265
1,2,acciones,3.0794415416798357
1,2,actualización,2.8562979903656265
1,2,acuerdo,3.367123614131617
1,2,adaptarse,2.8562979903656265
1,2,además,1.9007865453381898
1,2,ambiental,2.6739764335716716
1,2,ambiente,2.8562979903656265
1,2,amplio,3.0794415416798357
1,2,analizar,2.386294361119891
1,2,analítica,2.8562979903656265
1,2,análisis,2.519825753744413
1,2,análisis datos,2.6739764335716716
1,2,aplica,3.367123614131617
1,2,aplicaciones,3.367123614131617
1,2,aplicación,2.6739764335716716
1,2,aplicada,2.8562979903656265
1,2,aplicando,2.6739764335716716
1,2,aplicando conocimientos,3.0794415416798357
1,2,aplicar,2.386294361119891
1,2,aprendizaje,2.268511325463507
1,2,artificial,2.386294361119891
1,2,asociados,3.0794415416798357
1,2,así,2.268511325463507
1,2,autoaprendizaje,3.0794415416798357
1,2,autogestión,3.367123614131617
1,2,autónoma,3.0794415416798357
1,2,año,2.8562979903656265
1,2,años,3.367123614131617
1,2,bajo,2.8562979903656265
1,2,basadas,3.367123614131617
1,2,base,2.386294361119891
1,2,bases,2.6739764335716716
1,2,bases datos,2.8562979903656265
1,2,bien,2.8562979903656265
1,2,bien común,3.0794415416798357
1,2,buenas,3.367123614131617
1,2,buenas prácticas,3.367123614131617
1,2,básicas,1.9808292530117262
1,2,básicas ciencias,2.6739764335716716
1,2,básicas ingeniería,2.8562979903656265
1,2,bío,3.367123614131617
1,2,búsqueda,3.367123614131617
1,2,calidad,2.163150809805681
1,2,calidad seguridad,3.367123614131617
1,2,cambio,3.0794415416798357
1,2,campo,2.8562979903656265
1,2,capaces,2.519825753744413
1,2,capacidad,1.6931471805599454
1,2,capacidades,2.8562979903656265
1,2,capacitado,2.6739764335716716
1,2,capaz,1.9808292530117262
1,2,carrera,1.5753641449035618
1,2,carrera universidad,2.386294361119891
1,2,ciberseguridad,3.367123614131617
1,2,ciencia,2.6739764335716716
1,2,ciencia datos,2.8562979903656265
1,2,ciencias,1.6325225587435104
1,2,ciencias básicas,1.9808292530117262
1,2,ciencias ingeniería,2.386294361119891
1,2,civil,2.6739764335716716
1,2,civil computación,2.8562979903656265
1,2,colaborativo,3.0794415416798357
1,2,competencias,1.9007865453381898
1,2,complejos,2.386294361119891
1,2,compromiso,2.0678406300013563
1,2,compromiso ético,3.0794415416798357
1,2,computacionales,2.268511325463507
1,2,computación,2.0678406300013563
1,2,computación informática,2.268511325463507
1,2,comunicaciones,2.386294361119891
1,2,comunicación,1.6931471805599454
1,2,comunicación efectiva,2.6739764335716716
1,2,común,2.8562979903656265
1,2,conocimiento,2.519825753744413
1,2,conocimientos,1.5753641449035618
1,2,considerando,2.268511325463507
1,2,constante,2.6739764335716716
1,2,consultor,2.8562979903656265
1,2,contexto,2.268511325463507
1,2,contextos,2.519825753744413
1,2,continua,2.8562979903656265
1,2,crítico,2.6739764335716716
1,2,cuenta,2.8562979903656265
1,2,cultura,3.0794415416798357
1,2,datos,1.5753641449035618
1,2,decisiones,2.0678406300013563
1,2,definidos,3.367123614131617
1,2,demostrando,3.0794415416798357
1,2,departamento,3.0794415416798357
1,2,desafíos,2.519825753744413
1,2,desarrolla,2.8562979903656265
1,2,desarrollar,1.826678573184468
1,2,desarrollar proyectos,3.0794415416798357
1,2,desarrollar soluciones,3.0794415416798357
1,2,desarrollo,1.5753641449035618
1,2,desarrollo sostenible,3.0794415416798357
1,2,desempeñarse,2.163150809805681
1,2,desempeño,2.519825753744413
1,2,destacan,3.0794415416798357
1,2,diferentes,3.367123614131617
1,2,digital,2.519825753744413
1,2,digitales,2.519825753744413
1,2,disciplina,3.0794415416798357
1,2,disciplinar,3.0794415416798357
1,2,disciplinares,3.0794415416798357
1,2,diseña,3.367123614131617
1,2,diseñar,1.9808292530117262
1,2,diseñar implementar,2.386294361119891
1,2,diseño,2.386294361119891
1,2,disposición,3.0794415416798357
1,2,distingue,3.0794415416798357
1,2,distintas,2.6739764335716716
1,2,distintos,2.8562979903656265
1,2,diversa,2.8562979903656265
1,2,diversa índole,3.0794415416798357
1,2,diversas,2.6739764335716716
1,2,diversas problemáticas,3.367123614131617
1,2,diversos,2.519825753744413
1,2,docente,3.367123614131617
1,2,duración,3.0794415416798357
1,2,educación,3.367123614131617
1,2,efectiva,2.268511325463507
1,2,eficiencia,2.6739764335716716
1,2,eficiente,2.8562979903656265
1,2,egresado,2.268511325463507
1,2,egreso,2.386294361119891
1,2,ejercicio,2.8562979903656265
1,2,ello,2.8562979903656265
1,2,emergentes,3.0794415416798357
1,2,emprendimiento,2.6739764335716716
1,2,emprendimientos,3.0794415416798357
1,2,empresarial,3.0794415416798357
1,2,empresariales,3.367123614131617
1,2,empresas,2.163150809805681
1,2,enfocado,3.367123614131617
1,2,enfoque,2.6739764335716716
1,2,equipo,2.519825753744413
1,2,equipos,1.5753641449035618
1,2,equipos multidisciplinarios,2.386294361119891
1,2,equipos trabajo,2.386294361119891
1,2,especialidad,2.8562979903656265
1,2,específicas,3.0794415416798357
1,2,estrategias,2.8562979903656265
1,2,estratégicas,2.8562979903656265
1,2,estudiantes,3.367123614131617
1,2,está,3.0794415416798357
1,2,estándares,2.6739764335716716
1,2,estándares calidad,3.367123614131617
1,2,evaluación,2.6739764335716716
1,2,evaluando,3.0794415416798357
1,2,evaluar,2.6739764335716716
1,2,evolución,2.6739764335716716
1,2,experiencia,3.0794415416798357
1,2,extraer,2.8562979903656265
1,2,fin,2.6739764335716716
1,2,forma,1.826678573184468
1,2,formación,1.6931471805599454
1,2,formación ciencias,3.0794415416798357
1,2,formar,2.8562979903656265
1,2,función,3.367123614131617
1,2,generación,2.6739764335716716
1,2,generando,2.8562979903656265
1,2,generar,2.6739764335716716
1,2,gestiona,3.367123614131617
1,2,gestionar,1.9007865453381898
1,2,gestionar desarrollar,2.8562979903656265
1,2,gestionar proyectos,2.8562979903656265
1,2,gestión,1.5753641449035618
1,2,gestión informática,2.8562979903656265
1,2,gestión proyectos,2.519825753744413
1,2,habilidades,2.163150809805681
1,2,haciendo,3.367123614131617
1,2,hardware,2.386294361119891
1,2,herramientas,2.163150809805681
1,2,identificar,2.8562979903656265
1,2,idioma,2.6739764335716716
1,2,idioma inglés,2.6739764335716716
1,2,impacto,2.8562979903656265
1,2,implementa,3.0794415416798357
1,2,implementación,2.519825753744413
1,2,implementando,3.0794415416798357
1,2,implementar,1.9808292530117262
1,2,implementar soluciones,2.8562979903656265
1,2,incorporando,2.8562979903656265
1,2,industria,2.8562979903656265
1,2,información,1.3302416868705769
1,2,información comunicaciones,2.519825753744413
1,2,información comunicación,2.6739764335716716
1,2,informática,1.4700036292457357
1,2,informática universidad,2.519825753744413
1,2,informáticas,2.6739764335716716
1,2,informáticos,1.7576857016975165
1,2,ingenieras,3.0794415416798357
1,2,ingeniero,1.6931471805599454
1,2,ingeniero civil,2.6739764335716716
1,2,ingenieros,3.0794415416798357
1,2,ingeniería,1.4700036292457357
1,2,ingeniería software,2.0678406300013563
1,2,inglés,2.386294361119891
1,2,innovación,1.826678573184468
1,2,innovación tecnológica,2.8562979903656265
1,2,innovadoras,2.386294361119891
1,2,instituciones,3.0794415416798357
1,2,instituto,3.367123614131617
1,2,instituto profesional,3.367123614131617
1,2,integración,2.8562979903656265
1,2,integral,2.163150809805681
1,2,integrales,3.0794415416798357
1,2,integrar,2.386294361119891
1,2,inteligencia,2.268511325463507
1,2,inteligencia artificial,2.386294361119891
1,2,interdisciplinarios,2.6739764335716716
1,2,internacional,3.0794415416798357
1,2,internacionales,3.367123614131617
1,2,investigación,2.519825753744413
1,2,jefe,2.6739764335716716
1,2,junto,3.0794415416798357
1,2,laboral,3.0794415416798357
1,2,legal,3.0794415416798357
1,2,legal vigente,3.0794415416798357
1,2,lidera,3.0794415416798357
1,2,lidera proyectos,3.367123614131617
1,2,liderando,3.0794415416798357
1,2,liderando equipos,3.367123614131617
1,2,liderar,2.519825753744413
1,2,liderar equipos,2.519825753744413
1,2,liderazgo,2.386294361119891
1,2,logro,3.0794415416798357
1,2,malla,3.367123614131617
1,2,manejo,2.8562979903656265
1,2,manera,2.163150809805681
1,2,mantención,2.8562979903656265
1,2,marco,3.0794415416798357
1,2,mediante,3.0794415416798357
1,2,medio,2.519825753744413
1,2,medio ambiente,2.8562979903656265
1,2,mejora,3.0794415416798357
1,2,mejora procesos,3.367123614131617
1,2,metodologías,2.6739764335716716
1,2,modelos,2.8562979903656265
1,2,multidisciplinarios,1.9808292530117262
1,2,mundo,2.386294361119891
1,2,nacional,2.519825753744413
1,2,necesidades,1.9808292530117262
1,2,negocio,2.8562979903656265
1,2,negocios,2.519825753744413
1,2,nivel,2.6739764335716716
1,2,normativa,2.8562979903656265
1,2,normativa legal,3.0794415416798357
1,2,nuevas,2.6739764335716716
1,2,objetivos,3.0794415416798357
1,2,operar,2.8562979903656265
1,2,oportunidades,2.8562979903656265
1,2,organizacional,3.0794415416798357
1,2,organizacionales,2.519825753744413
1,2,organizaciones,1.826678573184468
1,2,organización,2.163150809805681
1,2,orientado,3.0794415416798357
1,2,otorga,2.8562979903656265
1,2,partir,3.367123614131617
1,2,país,2.6739764335716716
1,2,pensamiento,2.8562979903656265
1,2,pensamiento crítico,3.0794415416798357
1,2,perfil,2.163150809805681
1,2,perfil egreso,2.519825753744413
1,2,permanente,2.519825753744413
1,2,permitan,2.6739764335716716
1,2,permite,2.0678406300013563
1,2,permiten,2.8562979903656265
1,2,permitirá,3.0794415416798357
1,2,personas,2.268511325463507
1,2,perspectiva,3.0794415416798357
1,2,plan,2.8562979903656265
1,2,planificación,3.0794415416798357
1,2,planificar,2.8562979903656265
1,2,plataformas,2.6739764335716716
1,2,podrá,3.0794415416798357
1,2,posee,2.0678406300013563
1,2,postgrado,3.367123614131617
1,2,presencial,3.0794415416798357
1,2,principios,2.8562979903656265
1,2,privadas,2.8562979903656265
1,2,privado,2.6739764335716716
1,2,problemas,1.6931471805599454
1,2,problemas complejos,2.6739764335716716
1,2,problemáticas,2.519825753744413
1,2,procesos,1.9007865453381898
1,2,productivo,3.0794415416798357
1,2,productos,2.268511325463507
1,2,profesional,1.3302416868705769
1,2,profesionales,1.9007865453381898
1,2,programa,2.268511325463507
1,2,propios,2.8562979903656265
1,2,proyectos,1.1698990367953974
1,2,proyectos informáticos,2.519825753744413
1,2,proyectos tecnologías,3.0794415416798357
1,2,proyectos tecnológicos,2.6739764335716716
1,2,prácticas,2.8562979903656265
1,2,puede,3.0794415416798357
1,2,públicas,2.8562979903656265
1,2,públicas privadas,2.8562979903656265
1,2,público,2.8562979903656265
1,2,quehacer,3.0794415416798357
1,2,recursos,2.386294361119891
1,2,redes,2.386294361119891
1,2,región,2.8562979903656265
1,2,relacionados,2.8562979903656265
1,2,requerimientos,3.367123614131617
1,2,resolución,2.8562979903656265
1,2,resolución problemas,3.0794415416798357
1,2,resolver,1.826678573184468
1,2,resolver problemas,2.0678406300013563
1,2,responsabilidad,2.0678406300013563
1,2,responsabilidad social,2.163150809805681
1,2,responsable,2.8562979903656265
1,2,resultados,3.367123614131617
1,2,riesgos,2.8562979903656265
1,2,santiago,3.0794415416798357
1,2,satisfacer,3.0794415416798357
1,2,sector,2.519825753744413
1,2,sede,3.367123614131617
1,2,seguridad,2.163150809805681
1,2,según,3.0794415416798357
1,2,sello,2.8562979903656265
1,2,semestres,3.0794415416798357
1,2,sentido,2.6739764335716716
1,2,serena,3.367123614131617
1,2,servicio,3.0794415416798357
1,2,servicios,1.9808292530117262
1,2,será,3.0794415416798357
1,2,siendo,2.8562979903656265
1,2,siendo capaz,3.0794415416798357
1,2,siguiendo,3.367123614131617
1,2,sistemas,1.3302416868705769
1,2,sistemas computacionales,2.6739764335716716
1,2,sistemas información,2.268511325463507
1,2,sistemas informáticos,2.386294361119891
1,2,sistemas redes,3.0794415416798357
1,2,sistémica,3.367123614131617
1,2,social,1.5753641449035618
1,2,social productivo,3.367123614131617
1,2,sociales,2.6739764335716716
1,2,sociales ambientales,3.0794415416798357
1,2,sociedad,2.268511325463507
1,2,software,1.3746934494414107
1,2,software hardware,2.8562979903656265
1,2,soluciones,1.4212134650763035
1,2,soluciones informáticas,3.0794415416798357
1,2,soluciones innovadoras,3.0794415416798357
1,2,soluciones tecnológicas,2.519825753744413
1,2,solución,3.0794415416798357
1,2,soporte,3.367123614131617
1,2,sostenible,2.519825753744413
1,2,superior,3.367123614131617
1,2,sustentable,3.0794415416798357
1,2,sólida,2.268511325463507
1,2,sólida formación,2.386294361119891
1,2,sólidos,3.0794415416798357
1,2,sólidos conocimientos,3.0794415416798357
1,2,tecnología,2.8562979903656265
1,2,tecnologías,1.2076393647782446
1,2,tecnologías información,1.4700036292457357
1,2,tecnológica,2.268511325463507
1,2,tecnológicas,2.163150809805681
1,2,tecnológico,2.8562979903656265
1,2,tecnológicos,2.0678406300013563
1,2,telecomunicaciones,2.8562979903656265
1,2,tic,2.519825753744413
1,2,toma,2.519825753744413
1,2,toma decisiones,2.519825753744413
1,2,trabajar,2.8562979903656265
1,2,trabajo,1.5753641449035618
1,2,trabajo equipo,2.6739764335716716
1,2,transformación,2.268511325463507
1,2,transformación digital,2.519825753744413
1,2,través,2.0678406300013563
1,2,trayectoria,3.0794415416798357
1,2,técnicas,2.8562979903656265
1,2,técnico,3.0794415416798357
1,2,técnicos,2.6739764335716716
1,2,título,2.6739764335716716
1,2,título profesional,2.8562979903656265
1,2,universidad,1.4700036292457357
1,2,uso,2.386294361119891
1,2,utilizando,3.367123614131617
1,2,utilizando herramientas,3.367123614131617
1,2,valor,2.386294361119891
1,2,vigente,2.8562979903656265
1,2,visión,2.519825753744413
1,2,ámbito,2.268511325463507
1,2,ámbitos,2.8562979903656265
1,2,área,2.268511325463507
1,2,áreas,2.268511325463507
1,2,énfasis,3.0794415416798357
1,2,ética,1.9808292530117262
1,2,ético,2.519825753744413
1,2,éticos,2.6739764335716716
1,2,índole,3.0794415416798357
1,3,000,3.367123614131617
1,3,10,2.519825753744413
1,3,2026,3.0794415416798357
1,3,25,3.367123614131617
1,3,académico,3.0794415416798357
1,3,acciones,3.0794415416798357
1,3,acciones contexto,3.367123614131617
1,3,acreditación,3.367123614131617
1,3,actitud,2.6739764335716716
1,3,actualización,2.8562979903656265
1,3,adaptarse,2.6739764335716716
1,3,además,2.0678406300013563
1,3,además planificar,3.367123614131617
1,3,administrar,3.0794415416798357
1,3,admisión,3.0794415416798357
1,3,ambiental,2.8562979903656265
1,3,analizar,2.6739764335716716
1,3,anual,3.367123614131617
1,3,análisis,2.6739764335716716
1,3,análisis datos,3.0794415416798357
1,3,aplica,2.8562979903656265
1,3,aplicaciones,2.6739764335716716
1,3,aplicación,2.268511325463507
1,3,aplicada,2.8562979903656265
1,3,aplicando,2.6739764335716716
1,3,aplicar,2.268511325463507
1,3,apoyar,3.0794415416798357
1,3,aprendizaje,2.0678406300013563
1,3,arancel,3.367123614131617
1,3,arancel anual,3.367123614131617
1,3,aranceles,3.367123614131617
1,3,artificial,2.163150809805681
1,3,as,3.367123614131617
1,3,asimismo,2.8562979903656265
1,3,asociados,2.8562979903656265
1,3,así,2.163150809805681
1,3,autónoma,2.8562979903656265
1,3,año,3.0794415416798357
1,3,base,2.519825753744413
1,3,bases,2.6739764335716716
1,3,bases datos,2.8562979903656265
1,3,buenas,3.0794415416798357
1,3,buenas prácticas,3.0794415416798357
1,3,básicas,1.9808292530117262
1,3,básicas ciencias,2.6739764335716716
1,3,calidad,1.9007865453381898
1,3,calidad seguridad,3.367123614131617
1,3,campo,2.8562979903656265
1,3,campus,3.0794415416798357
1,3,capaces,2.386294361119891
1,3,capacidad,1.6325225587435104
1,3,capacidad trabajar,2.6739764335716716
1,3,capacidades,2.519825753744413
1,3,capacitado,3.0794415416798357
1,3,capaz,2.0678406300013563
1,3,capaz concebir,3.0794415416798357
1,3,caracteriza,2.8562979903656265
1,3,carrera,1.6931471805599454
1,3,carreras,3.0794415416798357
1,3,católica,2.519825753744413
1,3,ciberseguridad,3.0794415416798357
1,3,ciclo,3.0794415416798357
1,3,ciclo vida,3.0794415416798357
1,3,ciencia,2.6739764335716716
1,3,ciencia datos,3.0794415416798357
1,3,ciencias,1.5753641449035618
1,3,ciencias básicas,1.9808292530117262
1,3,ciencias ingeniería,2.386294361119891
1,3,científicos,2.8562979903656265
1,3,civil,2.6739764335716716
1,3,civil computación,3.367123614131617
1,3,competencias,1.826678573184468
1,3,competencias genéricas,2.8562979903656265
1,3,complejos,2.386294361119891
1,3,componentes,2.8562979903656265
1,3,compromiso,2.163150809805681
1,3,compromiso ético,2.8562979903656265
1,3,computacionales,2.519825753744413
1,3,computación,1.9808292530117262
1,3,computación informática,2.519825753744413
1,3,comunicaciones,2.386294361119891
1,3,comunicación,1.9007865453381898
1,3,comunicación efectiva,2.519825753744413
1,3,comunicarse,2.8562979903656265
1,3,común,2.8562979903656265
1,3,concebir,2.6739764335716716
1,3,concebir diseñar,2.8562979903656265
1,3,conocimiento,2.8562979903656265
1,3,conocimientos,1.5753641449035618
1,3,considerando,2.386294361119891
1,3,considerando impacto,3.367123614131617
1,3,constante,2.8562979903656265
1,3,contexto,2.268511325463507
1,3,contexto global,3.0794415416798357
1,3,contextos,2.268511325463507
1,3,continua,2.8562979903656265
1,3,continuo,2.8562979903656265
1,3,contribuir,2.8562979903656265
1,3,contribuyendo,2.6739764335716716
1,3,creación,3.0794415416798357
1,3,cristiana,3.0794415416798357
1,3,criterios,2.6739764335716716
1,3,crítico,2.519825753744413
1,3,cuenta,2.8562979903656265
1,3,curricular,3.367123614131617
1,3,datos,1.6931471805599454
1,3,decisiones,2.519825753744413
1,3,desafíos,2.6739764335716716
1,3,desarrolla,2.6739764335716716
1,3,desarrollar,1.9808292530117262
1,3,desarrollar soluciones,2.8562979903656265
1,3,desarrollo,1.4700036292457357
1,3,desarrollo software,2.8562979903656265
1,3,desempeñarse,2.6739764335716716
1,3,desempeño,2.6739764335716716
1,3,diferentes,3.0794415416798357
1,3,dirección,3.0794415416798357
1,3,disciplina,2.386294361119891
1,3,diseñar,1.826678573184468
1,3,diseñar desarrollar,2.8562979903656265
1,3,diseñar implementar,2.268511325463507
1,3,diseño,2.163150809805681
1,3,distintos,2.8562979903656265
1,3,diversas,2.6739764335716716
1,3,diversas problemáticas,3.367123614131617
1,3,diversidad,2.6739764335716716
1,3,diversos,2.386294361119891
1,3,docente,3.367123614131617
1,3,duración,2.8562979903656265
1,3,económico,2.8562979903656265
1,3,económico ambiental,3.367123614131617
1,3,educación,3.0794415416798357
1,3,educación superior,3.367123614131617
1,3,efectiva,2.268511325463507
1,3,eficiencia,2.386294361119891
1,3,eficiente,3.0794415416798357
1,3,eficientes,2.8562979903656265
1,3,egresado,2.386294361119891
1,3,egreso,2.268511325463507
1,3,emergentes,2.8562979903656265
1,3,emprender,2.8562979903656265
1,3,emprendimiento,2.6739764335716716
1,3,empresariales,3.367123614131617
1,3,enfoque,2.519825753744413
1,3,entorno,2.386294361119891
1,3,equipos,1.521296923633286
1,3,equipos multidisciplinarios,2.386294361119891
1,3,equipos trabajo,2.163150809805681
1,3,especialidad,2.519825753744413
1,3,estrategias,2.8562979903656265
1,3,estudios,2.8562979903656265
1,3,estándares,2.6739764335716716
1,3,estándares calidad,3.367123614131617
1,3,evaluación,2.6739764335716716
1,3,evaluar,2.386294361119891
1,3,evaluar gestionar,3.0794415416798357
1,3,evolución,2.6739764335716716
1,3,fin,2.8562979903656265
1,3,forma,1.9808292530117262
1,3,formación,1.5753641449035618
1,3,formación ciencias,2.6739764335716716
1,3,formación permite,2.8562979903656265
1,3,formar,3.0794415416798357
1,3,formar profesionales,3.367123614131617
1,3,formativo,2.8562979903656265
1,3,generar,2.8562979903656265
1,3,generar soluciones,3.0794415416798357
1,3,genéricas,2.8562979903656265
1,3,gestiona,3.367123614131617
1,3,gestionar,1.9808292530117262
1,3,gestionar proyectos,2.6739764335716716
1,3,gestión,1.7576857016975165
1,3,gestión información,3.0794415416798357
1,3,gestión proyectos,2.519825753744413
1,3,global,2.519825753744413
1,3,global social,3.367123614131617
1,3,habilidades,2.268511325463507
1,3,haciendo,3.367123614131617
1,3,hardware,2.6739764335716716
1,3,herramientas,2.0678406300013563
1,3,herramientas tecnológicas,2.8562979903656265
1,3,humana,3.0794415416798357
1,3,identificar,2.6739764335716716
1,3,idioma,2.6739764335716716
1,3,idioma inglés,2.6739764335716716
1,3,impacto,2.519825753744413
1,3,impacto acciones,3.367123614131617
1,3,implementación,2.268511325463507
1,3,implementación soluciones,2.8562979903656265
1,3,implementar,1.9007865453381898
1,3,implementar operar,2.6739764335716716
1,3,implementar soluciones,2.6739764335716716
1,3,industria,2.6739764335716716
1,3,información,1.1698990367953974
1,3,información comunicaciones,2.519825753744413
1,3,información comunicación,2.519825753744413
1,3,información inteligencia,3.0794415416798357
1,3,informática,1.4212134650763035
1,3,informática universidad,2.6739764335716716
1,3,informáticas,2.268511325463507
1,3,informático,2.8562979903656265
1,3,informático universidad,3.0794415416798357
1,3,informáticos,1.6325225587435104
1,3,ingeniera,3.367123614131617
1,3,ingeniero,1.6931471805599454
1,3,ingeniero civil,2.6739764335716716
1,3,ingeniero informática,3.0794415416798357
1,3,ingenieros,3.0794415416798357
1,3,ingeniería,1.4212134650763035
1,3,ingeniería ciencias,3.0794415416798357
1,3,ingeniería computación,2.8562979903656265
1,3,ingeniería software,2.519825753744413
1,3,inglés,2.6739764335716716
1,3,ingreso,3.367123614131617
1,3,innovación,1.6931471805599454
1,3,innovación emprendimiento,3.0794415416798357
1,3,innovación etapas,3.367123614131617
1,3,innovación tecnológica,2.8562979903656265
1,3,innovador,3.0794415416798357
1,3,innovadoras,2.386294361119891
1,3,instituciones,3.0794415416798357
1,3,instituciones educación,3.367123614131617
1,3,instituto,3.0794415416798357
1,3,instituto profesional,3.0794415416798357
1,3,integra,3.0794415416798357
1,3,integración,2.6739764335716716
1,3,integral,2.268511325463507
1,3,integrar,2.6739764335716716
1,3,inteligencia,2.163150809805681
1,3,inteligencia artificial,2.163150809805681
1,3,interdisciplinarios,2.519825753744413
1,3,internacionales,3.367123614131617
1,3,jefe,3.0794415416798357
1,3,junto,2.8562979903656265
1,3,laboral,3.0794415416798357
1,3,legal,3.0794415416798357
1,3,legal vigente,3.0794415416798357
1,3,liderando,3.0794415416798357
1,3,liderar,2.8562979903656265
1,3,liderar equipos,3.0794415416798357
1,3,liderazgo,2.0678406300013563
1,3,malla,2.8562979903656265
1,3,malla curricular,3.367123614131617
1,3,manejo,2.8562979903656265
1,3,manera,2.163150809805681
1,3,mediante,2.386294361119891
1,3,medio,2.6739764335716716
1,3,mejora,2.8562979903656265
1,3,mejora continua,3.367123614131617
1,3,metodologías,2.519825753744413
1,3,modelos,3.0794415416798357
1,3,multidisciplinarios,1.9808292530117262
1,3,mundo,2.519825753744413
1,3,necesidades,2.163150809805681
1,3,negocio,2.8562979903656265
1,3,negocios,2.519825753744413
1,3,nivel,2.8562979903656265
1,3,normativa,3.0794415416798357
1,3,normativa legal,3.0794415416798357
1,3,nuevos,2.8562979903656265
1,3,objetivos,2.6739764335716716
1,3,operación,2.6739764335716716
1,3,operar,2.519825753744413
1,3,oportunidades,2.8562979903656265
1,3,organizacionales,2.519825753744413
1,3,organizaciones,1.826678573184468
1,3,organización,2.386294361119891
1,3,partir,2.8562979903656265
1,3,país,2.6739764335716716
1,3,pensamiento,2.6739764335716716
1,3,pensamiento crítico,2.8562979903656265
1,3,perfil,1.9007865453381898
1,3,perfil egreso,2.268511325463507
1,3,permanente,2.386294361119891
1,3,permitan,2.519825753744413
1,3,permite,2.0678406300013563
1,3,personas,2.268511325463507
1,3,planificación,3.0794415416798357
1,3,planificar,2.519825753744413
1,3,planificar evaluar,3.367123614131617
1,3,plataformas,2.8562979903656265
1,3,podrá,3.367123614131617
1,3,posee,1.9007865453381898
1,3,posee competencias,2.8562979903656265
1,3,principios,2.519825753744413
1,3,privadas,2.8562979903656265
1,3,privado,2.8562979903656265
1,3,problemas,1.6325225587435104
1,3,problemas complejos,2.8562979903656265
1,3,problemáticas,2.8562979903656265
1,3,procesos,1.7576857016975165
1,3,procesos sistemas,2.8562979903656265
1,3,productos,2.386294361119891
1,3,profesional,1.2076393647782446
1,3,profesional ingeniero,3.0794415416798357
1,3,profesionales,1.9007865453381898
1,3,profesionales capaces,3.0794415416798357
1,3,programa,2.519825753744413
1,3,propios,2.519825753744413
1,3,proyectos,1.3746934494414107
1,3,proyectos considerando,3.367123614131617
1,3,proyectos informáticos,2.519825753744413
1,3,proyectos tecnologías,2.8562979903656265
1,3,proyectos tecnológicos,3.0794415416798357
1,3,prácticas,2.8562979903656265
1,3,puede,3.0794415416798357
1,3,públicas,2.8562979903656265
1,3,públicas privadas,2.8562979903656265
1,3,público,3.0794415416798357
1,3,quehacer,2.386294361119891
1,3,quehacer profesional,2.6739764335716716
1,3,reconoce,3.367123614131617
1,3,recursos,2.386294361119891
1,3,redes,2.519825753744413
1,3,región,3.0794415416798357
1,3,requerimientos,2.8562979903656265
1,3,resolución,3.0794415416798357
1,3,resolver,1.826678573184468
1,3,resolver problemas,2.0678406300013563
1,3,respetando,2.8562979903656265
1,3,responsabilidad,1.9007865453381898
1,3,responsabilidad social,2.163150809805681
1,3,responsable,2.8562979903656265
1,3,rol,3.0794415416798357
1,3,rol ingeniero,3.367123614131617
1,3,santiago,2.8562979903656265
1,3,sector,2.6739764335716716
1,3,sector público,3.0794415416798357
1,3,sede,3.0794415416798357
1,3,seguridad,2.268511325463507
1,3,según,3.0794415416798357
1,3,sello,2.6739764335716716
1,3,semestres,2.8562979903656265
1,3,sentido,2.519825753744413
1,3,servicios,2.268511325463507
1,3,siendo,2.8562979903656265
1,3,siendo capaz,2.8562979903656265
1,3,sistemas,1.3302416868705769
1,3,sistemas computacionales,3.0794415416798357
1,3,sistemas información,2.386294361119891
1,3,sistemas informáticos,2.268511325463507
1,3,social,1.5753641449035618
1,3,social económico,3.367123614131617
1,3,sociales,2.8562979903656265
1,3,sociedad,2.6739764335716716
1,3,software,1.521296923633286
1,3,soluciones,1.3302416868705769
1,3,soluciones eficientes,3.0794415416798357
1,3,soluciones informáticas,2.519825753744413
1,3,soluciones innovadoras,2.6739764335716716
1,3,soluciones tecnológicas,2.519825753744413
1,3,sostenible,2.6739764335716716
1,3,superior,3.0794415416798357
1,3,sustentable,2.8562979903656265
1,3,sólida,2.386294361119891
1,3,sólida formación,2.386294361119891
1,3,sólidos,2.6739764335716716
1,3,sólidos conocimientos,2.8562979903656265
1,3,tecnología,2.519825753744413
1,3,tecnología información,3.0794415416798357
1,3,tecnologías,1.2468600779315258
1,3,tecnologías información,1.4212134650763035
1,3,tecnológica,2.163150809805681
1,3,tecnológicas,2.268511325463507
1,3,tecnológico,2.8562979903656265
1,3,tecnológicos,2.163150809805681
1,3,telecomunicaciones,3.0794415416798357
1,3,tic,2.519825753744413
1,3,toma,2.6739764335716716
1,3,toma decisiones,2.6739764335716716
1,3,trabajar,2.268511325463507
1,3,trabajo,1.6931471805599454
1,3,transformación,2.519825753744413
1,3,través,2.268511325463507
1,3,trayectoria,3.0794415416798357
1,3,técnicas,2.386294361119891
1,3,técnico,3.367123614131617
1,3,técnicos,2.8562979903656265
1,3,ucn,3.367123614131617
1,3,universidad,1.4700036292457357
1,3,universidad católica,2.519825753744413
1,3,uso,2.268511325463507
1,3,utiliza,3.0794415416798357
1,3,utilizando,2.8562979903656265
1,3,utilizando herramientas,3.367123614131617
1,3,vacantes,3.367123614131617
1,3,valor,2.268511325463507
1,3,valparaíso,3.0794415416798357
1,3,vanguardia,3.367123614131617
1,3,vida,2.6739764335716716
1,3,vigente,3.0794415416798357
1,3,vinculación,3.367123614131617
1,3,visión,2.268511325463507
1,3,ámbito,2.0678406300013563
1,3,área,2.6739764335716716
1,3,áreas,2.519825753744413
1,3,énfasis,3.0794415416798357
1,3,ética,2.0678406300013563
1,3,ético,2.519825753744413
1,3,éticos,2.8562979903656265
2,1,académico,3.0794415416798357
2,1,acuerdo,2.8562979903656265
2,1,adaptarse,2.8562979903656265
2,1,además,2.0678406300013563
2,1,ambientes,2.8562979903656265
2,1,analizar,2.519825753744413
2,1,analítica,2.8562979903656265
2,1,análisis,2.6739764335716716
2,1,aplicaciones,2.6739764335716716
2,1,aplicada,2.519825753744413
2,1,aplicar,2.519825753744413
2,1,aprendizaje,2.163150809805681
2,1,artificial,2.386294361119891
2,1,as,3.367123614131617
2,1,asociados,2.8562979903656265
2,1,así,2.386294361119891
2,1,autoaprendizaje,3.0794415416798357
2,1,autónoma,2.386294361119891
2,1,basadas,2.8562979903656265
2,1,base,2.6739764335716716
2,1,bases,2.519825753744413
2,1,bases datos,2.519825753744413
2,1,bien,2.6739764335716716
2,1,bien común,2.6739764335716716
2,1,buenas,3.367123614131617
2,1,buenas prácticas,3.367123614131617
2,1,básicas,1.9007865453381898
2,1,básicas ciencias,2.386294361119891
2,1,básicas ingeniería,2.8562979903656265
2,1,bío,3.367123614131617
2,1,calidad,2.268511325463507
2,1,calidad seguridad,2.8562979903656265
2,1,cambio,3.0794415416798357
2,1,campo,2.386294361119891
2,1,capaces,2.268511325463507
2,1,capacidad,1.6931471805599454
2,1,capacidades,3.367123614131617
2,1,capacitado,2.386294361119891
2,1,capaz,2.386294361119891
2,1,carrera,1.7576857016975165
2,1,carrera universidad,2.519825753744413
2,1,católica,2.8562979903656265
2,1,centrada,2.8562979903656265
2,1,chile,2.8562979903656265
2,1,ciberseguridad,3.367123614131617
2,1,ciclo,3.367123614131617
2,1,ciclo vida,3.367123614131617
2,1,ciencia,2.6739764335716716
2,1,ciencias,1.5753641449035618
2,1,ciencias básicas,1.9007865453381898
2,1,ciencias ingeniería,2.0678406300013563
2,1,civil,3.0794415416798357
2,1,colaborativamente,2.8562979903656265
2,1,colaborativo,2.8562979903656265
2,1,competencias,1.9007865453381898
2,1,complejos,2.268511325463507
2,1,comprometido,3.0794415416798357
2,1,compromiso,2.386294361119891
2,1,computacionales,2.519825753744413
2,1,computación,2.386294361119891
2,1,comunicaciones,2.8562979903656265
2,1,comunicación,1.6325225587435104
2,1,comunicación efectiva,2.519825753744413
2,1,comunicación tic,2.8562979903656265
2,1,comunicarse,2.8562979903656265
2,1,común,2.6739764335716716
2,1,concepción,3.0794415416798357
2,1,conocimiento,2.6739764335716716
2,1,conocimientos,1.9007865453381898
2,1,considerando,2.519825753744413
2,1,constante,2.8562979903656265
2,1,construir,2.6739764335716716
2,1,contexto,2.6739764335716716
2,1,contextos,2.268511325463507
2,1,continua,2.8562979903656265
2,1,continuo,2.8562979903656265
2,1,creación,2.6739764335716716
2,1,cristiana,2.8562979903656265
2,1,crítica,2.8562979903656265
2,1,crítico,2.386294361119891
2,1,cuenta,2.8562979903656265
2,1,cultura,2.8562979903656265
2,1,datos,1.521296923633286
2,1,decisiones,2.8562979903656265
2,1,desafíos,2.8562979903656265
2,1,desarrolla,2.519825753744413
2,1,desarrollar,1.6325225587435104
2,1,desarrollar proyectos,2.8562979903656265
2,1,desarrollar soluciones,2.8562979903656265
2,1,desarrollo,1.4700036292457357
2,1,desarrollo software,2.6739764335716716
2,1,desarrollo sostenible,3.0794415416798357
2,1,desempeña,3.0794415416798357
2,1,desempeñarse,2.163150809805681
2,1,desempeño,2.519825753744413
2,1,desenvolverse,2.8562979903656265
2,1,destacan,2.6739764335716716
2,1,digital,2.268511325463507
2,1,digitales,2.519825753744413
2,1,disciplina,3.0794415416798357
2,1,disciplinar,2.6739764335716716
2,1,diseñar,1.826678573184468
2,1,diseñar desarrollar,2.6739764335716716
2,1,diseñar implementar,2.6739764335716716
2,1,diseño,2.268511325463507
2,1,distintas,2.8562979903656265
2,1,distintos,2.519825753744413
2,1,diversas,2.6739764335716716
2,1,diversidad,2.386294361119891
2,1,diversos,2.386294361119891
2,1,económicos,2.8562979903656265
2,1,efectiva,2.163150809805681
2,1,eficiencia,2.163150809805681
2,1,eficientes,2.519825753744413
2,1,egresado,2.268511325463507
2,1,egreso,2.386294361119891
2,1,ejecución,3.0794415416798357
2,1,ejercicio,2.8562979903656265
2,1,ello,2.8562979903656265
2,1,emprendimiento,2.6739764335716716
2,1,emprendimientos,2.8562979903656265
2,1,empresas,2.8562979903656265
2,1,enfoque,2.6739764335716716
2,1,entorno,2.8562979903656265
2,1,equipo,2.6739764335716716
2,1,equipos,1.6931471805599454
2,1,equipos multidisciplinarios,2.0678406300013563
2,1,equipos trabajo,3.0794415416798357
2,1,estándares,2.386294361119891
2,1,estándares calidad,2.6739764335716716
2,1,evaluación,2.519825753744413
2,1,evaluando,3.0794415416798357
2,1,evaluar,2.519825753744413
2,1,evolución,2.519825753744413
2,1,fin,2.8562979903656265
2,1,forma,1.9808292530117262
2,1,formación,1.5753641449035618
2,1,formación ciencias,2.8562979903656265
2,1,formación integral,2.8562979903656265
2,1,formar,2.8562979903656265
2,1,generación,2.8562979903656265
2,1,generar,2.386294361119891
2,1,generar soluciones,2.519825753744413
2,1,gestionar,1.9007865453381898
2,1,gestionar proyectos,2.6739764335716716
2,1,gestión,1.826678573184468
2,1,gestión proyectos,2.6739764335716716
2,1,global,2.6739764335716716
2,1,grandes,2.8562979903656265
2,1,grandes volúmenes,2.8562979903656265
2,1,habilidades,2.268511325463507
2,1,herramientas,2.268511325463507
2,1,herramientas tecnológicas,3.0794415416798357
2,1,humana,2.8562979903656265
2,1,humanos,2.8562979903656265
2,1,identificar,2.8562979903656265
2,1,idioma,2.8562979903656265
2,1,idioma inglés,2.8562979903656265
2,1,impacto,3.0794415416798357
2,1,implementa,3.0794415416798357
2,1,implementación,2.6739764335716716
2,1,implementar,2.163150809805681
2,1,inclusión,2.8562979903656265
2,1,industria,3.0794415416798357
2,1,información,1.2876820724517808
2,1,información comunicaciones,3.0794415416798357
2,1,información comunicación,2.386294361119891
2,1,informática,1.521296923633286
2,1,informática universidad,2.6739764335716716
2,1,informáticas,2.386294361119891
2,1,informáticos,1.3302416868705769
2,1,ingenieras,3.0794415416798357
2,1,ingeniero,1.9007865453381898
2,1,ingeniero ejecución,3.0794415416798357
2,1,ingeniero informática,2.6739764335716716
2,1,ingenieros,2.6739764335716716
2,1,ingeniería,1.3746934494414107
2,1,ingeniería aplicada,2.8562979903656265
2,1,ingeniería informática,3.0794415416798357
2,1,ingeniería ingeniería,3.0794415416798357
2,1,ingeniería software,2.268511325463507
2,1,inglés,2.6739764335716716
2,1,innovación,1.826678573184468
2,1,innovadoras,1.826678573184468
2,1,innovar,3.0794415416798357
2,1,instituciones,2.6739764335716716
2,1,instituciones públicas,2.8562979903656265
2,1,institución,3.367123614131617
2,1,instituto,2.519825753744413
2,1,instituto profesional,2.8562979903656265
2,1,instituto tecnológico,3.367123614131617
2,1,integra,3.0794415416798357
2,1,integración,3.0794415416798357
2,1,integrador,3.367123614131617
2,1,integral,2.163150809805681
2,1,integrales,2.6739764335716716
2,1,integrales basadas,3.367123614131617
2,1,integrar,2.8562979903656265
2,1,inteligencia,2.163150809805681
2,1,inteligencia artificial,2.386294361119891
2,1,interdisciplinarios,3.0794415416798357
2,1,investigación,2.8562979903656265
2,1,laboral,2.8562979903656265
2,1,lenguajes,2.8562979903656265
2,1,lenguajes programación,2.8562979903656265
2,1,lidera,3.367123614131617
2,1,liderando,3.367123614131617
2,1,liderando equipos,3.367123614131617
2,1,liderar,2.519825753744413
2,1,liderar equipos,2.8562979903656265
2,1,liderazgo,2.519825753744413
2,1,manejo,3.367123614131617
2,1,manera,2.163150809805681
2,1,mantención,3.0794415416798357
2,1,marco,2.8562979903656265
2,1,marcos,3.367123614131617
2,1,mediante,2.386294361119891
2,1,medio,2.8562979903656265
2,1,mejora,2.6739764335716716
2,1,metodologías,2.6739764335716716
2,1,metodologías herramientas,3.0794415416798357
2,1,multidisciplinarios,1.9007865453381898
2,1,mundo,2.268511325463507
2,1,necesidades,2.0678406300013563
2,1,negocios,2.519825753744413
2,1,nivel,2.519825753744413
2,1,niveles,2.8562979903656265
2,1,normativa,3.367123614131617
2,1,nuevas,2.519825753744413
2,1,nuevas tecnologías,2.8562979903656265
2,1,nuevos,3.0794415416798357
2,1,objetivos,2.8562979903656265
2,1,oportunidades,2.6739764335716716
2,1,organizacional,3.0794415416798357
2,1,organizacionales,2.519825753744413
2,1,organizaciones,1.9808292530117262
2,1,organización,2.268511325463507
2,1,organización evaluando,3.367123614131617
2,1,otorga,3.0794415416798357
2,1,participar,3.0794415416798357
2,1,partir,2.6739764335716716
2,1,partir visión,3.367123614131617
2,1,país,2.8562979903656265
2,1,pensamiento,2.519825753744413
2,1,pensamiento crítico,2.6739764335716716
2,1,perfil,1.9808292530117262
2,1,perfil egreso,2.386294361119891
2,1,permanente,2.386294361119891
2,1,permitan,2.6739764335716716
2,1,permite,1.6325225587435104
2,1,permitirá,2.8562979903656265
2,1,persona,2.519825753744413
2,1,persona humana,3.0794415416798357
2,1,personas,3.0794415416798357
2,1,planificación,3.0794415416798357
2,1,planificar,2.8562979903656265
2,1,podrá,3.0794415416798357
2,1,posee,2.0678406300013563
2,1,posee sólida,3.0794415416798357
2,1,poseen,3.367123614131617
2,1,principios,2.519825753744413
2,1,principios sello,3.367123614131617
2,1,privadas,2.6739764335716716
2,1,privado,3.0794415416798357
2,1,privados,3.0794415416798357
2,1,problemas,1.6325225587435104
2,1,problemas complejos,2.519825753744413
2,1,problemáticas,3.367123614131617
2,1,proceso,3.0794415416798357
2,1,procesos,1.6325225587435104
2,1,productivo,3.367123614131617
2,1,productos,2.519825753744413
2,1,profesional,1.2076393647782446
2,1,profesional ingeniero,3.367123614131617
2,1,profesional integrador,3.367123614131617
2,1,profesional podrá,3.367123614131617
2,1,profesionales,1.9808292530117262
2,1,profesionales capaces,2.8562979903656265
2,1,profesionalmente,3.0794415416798357
2,1,programa,2.519825753744413
2,1,programación,2.6739764335716716
2,1,programador,3.367123614131617
2,1,promoción,3.0794415416798357
2,1,promoción bien,3.367123614131617
2,1,promoviendo,3.0794415416798357
2,1,propios,2.6739764335716716
2,1,proponer,3.0794415416798357
2,1,propuestas,3.0794415416798357
2,1,proyectos,1.2468600779315258
2,1,proyectos informáticos,2.268511325463507
2,1,proyectos tecnologías,2.8562979903656265
2,1,proyectos tecnológicos,2.8562979903656265
2,1,prácticas,3.0794415416798357
2,1,prácticas industria,3.367123614131617
2,1,puede,3.367123614131617
2,1,públicas,2.6739764335716716
2,1,públicas privadas,2.6739764335716716
2,1,público,3.0794415416798357
2,1,públicos,2.8562979903656265
2,1,públicos privados,3.0794415416798357
2,1,quehacer,3.0794415416798357
2,1,reconoce,3.367123614131617
2,1,recursos,2.0678406300013563
2,1,redes,2.386294361119891
2,1,región,3.367123614131617
2,1,relacionadas,3.0794415416798357
2,1,requerimientos,3.0794415416798357
2,1,requieren,2.8562979903656265
2,1,requisitos,3.367123614131617
2,1,resolución,2.6739764335716716
2,1,resolución problemas,2.6739764335716716
2,1,resolver,1.826678573184468
2,1,resolver problemas,2.0678406300013563
2,1,respetando,3.0794415416798357
2,1,respeto,2.8562979903656265
2,1,respeto dignidad,3.367123614131617
2,1,responsabilidad,2.0678406300013563
2,1,responsabilidad social,2.386294361119891
2,1,responsable,2.8562979903656265
2,1,riesgos,2.8562979903656265
2,1,santísima,3.367123614131617
2,1,santísima concepción,3.367123614131617
2,1,satisfacer,3.0794415416798357
2,1,sector,2.519825753744413
2,1,seguridad,1.9808292530117262
2,1,seguridad información,2.6739764335716716
2,1,según,2.6739764335716716
2,1,sello,2.386294361119891
2,1,sentido,2.6739764335716716
2,1,servicios,2.163150809805681
2,1,sistemas,1.2468600779315258
2,1,sistemas computacionales,2.8562979903656265
2,1,sistemas información,2.519825753744413
2,1,sistemas informáticos,2.0678406300013563
2,1,social,1.6931471805599454
2,1,sociales,2.6739764335716716
2,1,sociedad,2.519825753744413
2,1,software,1.521296923633286
2,1,soluciones,1.3746934494414107
2,1,soluciones eficientes,2.8562979903656265
2,1,soluciones informáticas,2.519825753744413
2,1,soluciones innovadoras,2.519825753744413
2,1,soluciones integrales,3.0794415416798357
2,1,soluciones software,3.0794415416798357
2,1,soluciones tecnológicas,2.519825753744413
2,1,sostenibilidad,3.0794415416798357
2,1,sostenible,2.8562979903656265
2,1,sólida,2.386294361119891
2,1,sólida formación,2.519825753744413
2,1,sólidos,3.0794415416798357
2,1,tecnología,2.519825753744413
2,1,tecnologías,1.2468600779315258
2,1,tecnologías información,1.521296923633286
2,1,tecnológica,2.0678406300013563
2,1,tecnológica metropolitana,3.367123614131617
2,1,tecnológicas,2.163150809805681
2,1,tecnológico,2.386294361119891
2,1,tecnológicos,2.163150809805681
2,1,telecomunicaciones,2.8562979903656265
2,1,tic,2.8562979903656265
2,1,titulados,3.367123614131617
2,1,trabajar,2.386294361119891
2,1,trabajo,1.9007865453381898
2,1,trabajo colaborativo,2.8562979903656265
2,1,trabajo equipo,3.0794415416798357
2,1,transformación,2.0678406300013563
2,1,transformación digital,2.268511325463507
2,1,través,2.163150809805681
2,1,técnicas,2.6739764335716716
2,1,técnico,2.8562979903656265
2,1,técnicos,3.0794415416798357
2,1,técnicos económicos,3.0794415416798357
2,1,universidad,1.4700036292457357
2,1,universidad católica,2.8562979903656265
2,1,universidad tecnológica,3.367123614131617
2,1,universitario,3.367123614131617
2,1,uso,2.268511325463507
2,1,usuario,3.367123614131617
2,1,usuarios,3.0794415416798357
2,1,utilizando,3.0794415416798357
2,1,valor,2.8562979903656265
2,1,valores,2.8562979903656265
2,1,valparaíso,3.0794415416798357
2,1,vanguardia,3.0794415416798357
2,1,vida,2.519825753744413
2,1,vida según,3.0794415416798357
2,1,vigente,3.0794415416798357
2,1,visión,2.163150809805681
2,1,visión cristiana,3.0794415416798357
2,1,volúmenes,2.8562979903656265
2,1,volúmenes datos,3.0794415416798357
2,1,ámbitos,3.0794415416798357
2,1,área,2.268511325463507
2,1,áreas,2.163150809805681
2,1,áreas ingeniería,3.0794415416798357
2,1,ética,2.163150809805681
2,1,ética profesional,3.0794415416798357
2,1,ético,2.386294361119891
2,1,ético social,3.367123614131617
2,1,éticos,2.8562979903656265
2,2,000,3.0794415416798357
2,2,000 arancel,3.367123614131617
2,2,10,2.6739764335716716
2,2,2026,3.0794415416798357
2,2,25,3.0794415416798357
2,2,académico,2.6739764335716716
2,2,acreditación,3.367123614131617
2,2,actividades,3.0794415416798357
2,2,acuerdo,2.8562979903656265
2,2,además,2.386294361119891
2,2,admisión,3.0794415416798357
2,2,alto,2.8562979903656265
2,2,analizar,2.386294361119891
2,2,analizar diseñar,2.8562979903656265
2,2,analítica,2.8562979903656265
2,2,anual,3.367123614131617
2,2,aplicaciones,3.0794415416798357
2,2,aplicación,3.0794415416798357
2,2,aplicada,2.6739764335716716
2,2,aplicando,2.519825753744413
2,2,aplicando conocimientos,3.367123614131617
2,2,aplicar,2.268511325463507
2,2,aplicar dichos,3.367123614131617
2,2,aprendizaje,2.6739764335716716
2,2,arancel,3.0794415416798357
2,2,arancel anual,3.367123614131617
2,2,aranceles,3.0794415416798357
2,2,artificial,2.6739764335716716
2,2,asociadas,3.367123614131617
2,2,asociados,3.0794415416798357
2,2,así,2.6739764335716716
2,2,autoaprendizaje,3.367123614131617
2,2,autogestión,3.367123614131617
2,2,autónoma,2.6739764335716716
2,2,año,3.0794415416798357
2,2,basadas,3.0794415416798357
2,2,base,3.0794415416798357
2,2,bases,2.519825753744413
2,2,bases datos,2.6739764335716716
2,2,bien,2.8562979903656265
2,2,bien común,2.8562979903656265
2,2,buenas,3.0794415416798357
2,2,buenas prácticas,3.0794415416798357
2,2,básicas,2.0678406300013563
2,2,básicas ciencias,2.8562979903656265
2,2,bío,3.367123614131617
2,2,calidad,1.9007865453381898
2,2,calidad seguridad,3.0794415416798357
2,2,campo,2.8562979903656265
2,2,campus,3.0794415416798357
2,2,capaces,2.6739764335716716
2,2,capacidad,1.6931471805599454
2,2,capacidades,3.0794415416798357
2,2,capacitado,2.6739764335716716
2,2,capaz,2.0678406300013563
2,2,carrera,1.6931471805599454
2,2,ciclo,2.8562979903656265
2,2,ciclo vida,3.0794415416798357
2,2,ciencia,2.6739764335716716
2,2,ciencias,1.6931471805599454
2,2,ciencias básicas,2.0678406300013563
2,2,ciencias ingeniería,2.6739764335716716
2,2,civil,2.8562979903656265
2,2,cliente,3.367123614131617
2,2,colaborar,3.0794415416798357
2,2,competencias,1.826678573184468
2,2,competencias profesionales,3.0794415416798357
2,2,complejos,2.163150809805681
2,2,componentes,3.0794415416798357
2,2,compromiso,1.9808292530117262
2,2,compromiso social,3.0794415416798357
2,2,compromiso ético,3.0794415416798357
2,2,computacionales,2.163150809805681
2,2,computación,2.268511325463507
2,2,computación informática,2.8562979903656265
2,2,comunicaciones,2.8562979903656265
2,2,comunicación,1.9808292530117262
2,2,comunicación tic,2.8562979903656265
2,2,comunicarse,3.0794415416798357
2,2,comunicarse efectivamente,3.0794415416798357
2,2,común,2.8562979903656265
2,2,conocimiento,2.6739764335716716
2,2,conocimientos,1.7576857016975165
2,2,conocimientos ciencias,2.8562979903656265
2,2,conocimientos planificación,3.367123614131617
2,2,considerando,3.0794415416798357
2,2,consultor,3.0794415416798357
2,2,contexto,2.6739764335716716
2,2,contextos,2.0678406300013563
2,2,continua,2.8562979903656265
2,2,creación,2.8562979903656265
2,2,crear,3.0794415416798357
2,2,cristiana,3.0794415416798357
2,2,criterios,3.0794415416798357
2,2,crítica,3.0794415416798357
2,2,crítico,2.519825753744413
2,2,cuenta,3.0794415416798357
2,2,cuerpo,3.0794415416798357
2,2,curricular,3.367123614131617
2,2,datos,1.6931471805599454
2,2,decil,3.367123614131617
2,2,decisiones,2.519825753744413
2,2,desarrolla,2.386294361119891
2,2,desarrollar,1.9007865453381898
2,2,desarrollo,1.521296923633286
2,2,desarrollo software,3.367123614131617
2,2,desempeñarse,2.519825753744413
2,2,desempeño,2.519825753744413
2,2,dichos,3.367123614131617
2,2,dichos conocimientos,3.367123614131617
2,2,digital,2.6739764335716716
2,2,digitales,2.8562979903656265
2,2,disciplinar,3.367123614131617
2,2,disciplinares,2.8562979903656265
2,2,diseña,2.8562979903656265
2,2,diseñar,1.9007865453381898
2,2,diseñar implementar,2.519825753744413
2,2,diseño,2.268511325463507
2,2,diseño gestión,3.367123614131617
2,2,distintivo,3.0794415416798357
2,2,distintos,2.6739764335716716
2,2,diversas,2.519825753744413
2,2,diversas problemáticas,3.367123614131617
2,2,diversidad,2.6739764335716716
2,2,diversos,2.386294361119891
2,2,diversos contextos,3.0794415416798357
2,2,duración,2.8562979903656265
2,2,efectiva,3.0794415416798357
2,2,efectivamente,3.0794415416798357
2,2,eficiencia,2.268511325463507
2,2,eficientes,2.6739764335716716
2,2,egresado,2.8562979903656265
2,2,egresado carrera,3.0794415416798357
2,2,egreso,2.0678406300013563
2,2,ejecutar,3.0794415416798357
2,2,ello,2.8562979903656265
2,2,emergentes,2.8562979903656265
2,2,empresarial,3.0794415416798357
2,2,empresas,2.8562979903656265
2,2,enfoque,2.8562979903656265
2,2,entorno,2.8562979903656265
2,2,equipos,1.6325225587435104
2,2,equipos multidisciplinarios,2.163150809805681
2,2,equipos trabajo,2.519825753744413
2,2,especialidad,3.367123614131617
2,2,estrategias,3.0794415416798357
2,2,estándares,2.386294361119891
2,2,estándares calidad,3.0794415416798357
2,2,etapas,3.367123614131617
2,2,evaluación,2.519825753744413
2,2,evaluando,3.0794415416798357
2,2,evaluar,2.519825753744413
2,2,evaluar gestionar,3.0794415416798357
2,2,excelencia,2.8562979903656265
2,2,forma,1.9007865453381898
2,2,formación,1.7576857016975165
2,2,formación ciencias,2.8562979903656265
2,2,formar,2.8562979903656265
2,2,formativo,3.0794415416798357
2,2,formular,2.8562979903656265
2,2,fundamentos,2.8562979903656265
2,2,generación,2.8562979903656265
2,2,generar,2.6739764335716716
2,2,generar soluciones,2.6739764335716716
2,2,gestionar,1.9007865453381898
2,2,gestionar proyectos,2.519825753744413
2,2,gestión,1.9808292530117262
2,2,gestión proyectos,3.0794415416798357
2,2,gobierno,3.367123614131617
2,2,habilidades,2.8562979903656265
2,2,hardware,2.8562979903656265
2,2,herramientas,2.268511325463507
2,2,herramientas tecnológicas,2.8562979903656265
2,2,humana,3.367123614131617
2,2,identificar,2.8562979903656265
2,2,idioma,2.8562979903656265
2,2,idioma inglés,2.8562979903656265
2,2,impacto,2.8562979903656265
2,2,implantar,3.0794415416798357
2,2,implementación,3.0794415416798357
2,2,implementar,1.9808292530117262
2,2,implementar operar,3.0794415416798357
2,2,implementar sistemas,3.0794415416798357
2,2,implementar soluciones,3.0794415416798357
2,2,inclusión,3.0794415416798357
2,2,industria,2.6739764335716716
2,2,información,1.2876820724517808
2,2,información comunicaciones,3.0794415416798357
2,2,información comunicación,2.386294361119891
2,2,información software,3.0794415416798357
2,2,informática,1.521296923633286
2,2,informática innovación,3.367123614131617
2,2,informática universidad,3.0794415416798357
2,2,informáticas,2.6739764335716716
2,2,informático,3.0794415416798357
2,2,informático universidad,3.0794415416798357
2,2,informáticos,1.6931471805599454
2,2,ingeniero,1.7576857016975165
2,2,ingeniero civil,2.8562979903656265
2,2,ingeniero informática,2.8562979903656265
2,2,ingenieros,3.367123614131617
2,2,ingeniería,1.4700036292457357
2,2,ingeniería informática,3.0794415416798357
2,2,ingeniería software,2.386294361119891
2,2,inglés,2.6739764335716716
2,2,innovación,1.9808292530117262
2,2,innovación etapas,3.367123614131617
2,2,innovadoras,2.268511325463507
2,2,instituto,3.0794415416798357
2,2,instituto profesional,3.0794415416798357
2,2,integra,2.8562979903656265
2,2,integración,3.0794415416798357
2,2,integrador,3.367123614131617
2,2,integral,2.6739764335716716
2,2,integrando,3.0794415416798357
2,2,integrar,2.8562979903656265
2,2,inteligencia,2.6739764335716716
2,2,inteligencia artificial,2.6739764335716716
2,2,interdisciplinarios,3.0794415416798357
2,2,internacional,3.0794415416798357
2,2,investigación,3.0794415416798357
2,2,jornada,3.367123614131617
2,2,laboral,2.8562979903656265
2,2,liderando,3.367123614131617
2,2,liderando equipos,3.367123614131617
2,2,liderar,2.268511325463507
2,2,liderar equipos,2.6739764335716716
2,2,liderazgo,2.6739764335716716
2,2,malla,2.8562979903656265
2,2,malla curricular,3.367123614131617
2,2,manejo,2.8562979903656265
2,2,manejo tecnologías,3.367123614131617
2,2,manera,2.386294361119891
2,2,mantención,3.367123614131617
2,2,marcado,3.0794415416798357
2,2,matemática,3.367123614131617
2,2,matrícula,3.0794415416798357
2,2,mediante,2.8562979903656265
2,2,medio,2.8562979903656265
2,2,mejora,2.8562979903656265
2,2,mejora procesos,3.367123614131617
2,2,mercado,3.0794415416798357
2,2,metodologías,2.6739764335716716
2,2,metodologías herramientas,3.367123614131617
2,2,multidisciplinarios,1.9007865453381898
2,2,mundo,2.8562979903656265
2,2,nacional,2.8562979903656265
2,2,necesidades,2.0678406300013563
2,2,negocios,2.8562979903656265
2,2,nivel,2.268511325463507
2,2,nivel superior,3.367123614131617
2,2,niveles,3.0794415416798357
2,2,nuevas,3.0794415416798357
2,2,nuevas tecnologías,3.0794415416798357
2,2,objetivos,2.6739764335716716
2,2,operación,3.0794415416798357
2,2,operar,2.8562979903656265
2,2,oral,3.0794415416798357
2,2,oral escrita,3.0794415416798357
2,2,organizacional,3.367123614131617
2,2,organizacionales,2.163150809805681
2,2,organizaciones,1.9808292530117262
2,2,organización,2.268511325463507
2,2,partir,3.367123614131617
2,2,país,3.0794415416798357
2,2,pensamiento,2.6739764335716716
2,2,pensamiento crítico,2.6739764335716716
2,2,perfil,1.9007865453381898
2,2,perfil egreso,2.163150809805681
2,2,permanente,2.519825753744413
2,2,permitan,3.0794415416798357
2,2,permite,2.163150809805681
2,2,permitirá,3.0794415416798357
2,2,persona,2.8562979903656265
2,2,personas,2.519825753744413
2,2,perspectiva,3.0794415416798357
2,2,planificación,3.0794415416798357
2,2,planificación diseño,3.367123614131617
2,2,planificar,2.6739764335716716
2,2,planificar estrategias,3.0794415416798357
2,2,plataformas,2.8562979903656265
2,2,podrá,2.8562979903656265
2,2,posee,1.9007865453381898
2,2,posee sólida,3.0794415416798357
2,2,presencial,3.0794415416798357
2,2,principios,2.8562979903656265
2,2,privado,3.0794415416798357
2,2,problemas,1.521296923633286
2,2,problemas complejos,2.268511325463507
2,2,problemáticas,3.0794415416798357
2,2,procesos,2.0678406300013563
2,2,productos,2.6739764335716716
2,2,profesional,1.3746934494414107
2,2,profesional ingeniero,3.0794415416798357
2,2,profesional integrador,3.367123614131617
2,2,profesional podrá,3.0794415416798357
2,2,profesionales,2.0678406300013563
2,2,profesionales capaces,3.367123614131617
2,2,profesión,2.8562979903656265
2,2,programa,2.8562979903656265
2,2,programación,3.0794415416798357
2,2,promueve,3.367123614131617
2,2,propios,3.0794415416798357
2,2,proponer,3.0794415416798357
2,2,propuestas,3.0794415416798357
2,2,proyectos,1.2876820724517808
2,2,proyectos informática,3.367123614131617
2,2,proyectos informáticos,2.163150809805681
2,2,proyectos software,2.8562979903656265
2,2,proyectos tecnologías,3.367123614131617
2,2,prácticas,3.0794415416798357
2,2,prácticas industria,3.0794415416798357
2,2,puede,2.6739764335716716
2,2,público,3.0794415416798357
2,2,quehacer,2.8562979903656265
2,2,realizar,3.0794415416798357
2,2,reconoce,3.367123614131617
2,2,recursos,2.6739764335716716
2,2,redes,2.386294361119891
2,2,región,3.367123614131617
2,2,relacionadas,3.0794415416798357
2,2,requerimientos,2.6739764335716716
2,2,requerimientos cliente,3.367123614131617
2,2,resolución,3.0794415416798357
2,2,resolución problemas,3.0794415416798357
2,2,resolver,1.6931471805599454
2,2,resolver problemas,1.9007865453381898
2,2,responsabilidad,2.519825753744413
2,2,responsabilidad social,2.6739764335716716
2,2,responsable,2.8562979903656265
2,2,santiago,2.6739764335716716
2,2,sector,3.0794415416798357
2,2,sede,2.8562979903656265
2,2,seguridad,2.0678406300013563
2,2,seguridad información,2.8562979903656265
2,2,según,2.519825753744413
2,2,sello,2.8562979903656265
2,2,semestres,2.6739764335716716
2,2,sentido,3.0794415416798357
2,2,servicio,3.0794415416798357
2,2,servicios,2.386294361119891
2,2,siendo,3.0794415416798357
2,2,sistemas,1.521296923633286
2,2,sistemas computacionales,2.6739764335716716
2,2,sistemas información,2.386294361119891
2,2,sistemas informáticos,2.519825753744413
2,2,sistemas redes,3.0794415416798357
2,2,social,1.826678573184468
2,2,sociales,2.8562979903656265
2,2,sociedad,2.8562979903656265
2,2,software,1.4700036292457357
2,2,software bases,3.0794415416798357
2,2,software hardware,3.0794415416798357
2,2,soluciones,1.3302416868705769
2,2,soluciones computacionales,2.8562979903656265
2,2,soluciones eficientes,2.8562979903656265
2,2,soluciones informáticas,2.8562979903656265
2,2,soluciones innovadoras,2.6739764335716716
2,2,soluciones software,3.0794415416798357
2,2,soluciones tecnológicas,2.6739764335716716
2,2,soporte,3.367123614131617
2,2,sostenible,2.6739764335716716
2,2,sólida,2.386294361119891
2,2,sólida formación,2.386294361119891
2,2,tecnología,2.6739764335716716
2,2,tecnologías,1.2468600779315258
2,2,tecnologías información,1.4700036292457357
2,2,tecnológica,2.268511325463507
2,2,tecnológicas,2.163150809805681
2,2,tecnológicos,2.519825753744413
2,2,telecomunicaciones,2.8562979903656265
2,2,tic,2.8562979903656265
2,2,toma,2.6739764335716716
2,2,toma decisiones,2.6739764335716716
2,2,trabajar,2.8562979903656265
2,2,trabajo,1.9007865453381898
2,2,transformación,2.519825753744413
2,2,transformación digital,2.6739764335716716
2,2,través,2.386294361119891
2,2,técnicas,2.519825753744413
2,2,técnico,3.367123614131617
2,2,técnicos,3.0794415416798357
2,2,título,2.8562979903656265
2,2,título profesional,3.0794415416798357
2,2,universidad,1.7576857016975165
2,2,uso,2.386294361119891
2,2,utilizando,2.6739764335716716
2,2,utilizando herramientas,3.367123614131617
2,2,vacantes,3.0794415416798357
2,2,valor,2.268511325463507
2,2,vanguardia,3.367123614131617
2,2,ver,3.0794415416798357
2,2,vida,2.6739764335716716
2,2,visión,2.519825753744413
2,2,ámbito,2.519825753744413
2,2,área,2.8562979903656265
2,2,áreas,2.519825753744413
2,2,ética,1.9808292530117262
2,2,ético,2.519825753744413
2,2,ético social,3.367123614131617
2,3,000,3.3978952727983707
2,3,000 arancel,3.3978952727983707
2,3,10,3.3978952727983707
2,3,2026,3.1102132003465894
2,3,25,3.1102132003465894
2,3,abordar,2.8870696490323797
2,3,acuerdo,2.8870696490323797
2,3,adaptarse,3.1102132003465894
2,3,además,2.7047480922384253
2,3,adicionalmente,3.1102132003465894
2,3,administración,3.1102132003465894
2,3,administrar,3.3978952727983707
2,3,admisión,3.1102132003465894
2,3,alto,2.7047480922384253
2,3,analista,3.1102132003465894
2,3,analizar,2.7047480922384253
2,3,analítica,2.8870696490323797
2,3,anual,3.3978952727983707
2,3,análisis,2.550597412411167
2,3,análisis datos,3.1102132003465894
2,3,aplicada,2.7047480922384253
2,3,aplicando,2.7047480922384253
2,3,aplicando conocimientos,3.1102132003465894
2,3,aplicar,2.550597412411167
2,3,aprendizaje,2.550597412411167
2,3,aprendizaje continuo,3.1102132003465894
2,3,arancel,3.1102132003465894
2,3,arancel anual,3.3978952727983707
2,3,aranceles,3.1102132003465894
2,3,artificial,2.8870696490323797
2,3,as,3.1102132003465894
2,3,aspectos,3.1102132003465894
2,3,así,2.09861228866811
2,3,año,3.3978952727983707
2,3,bajo,3.1102132003465894
2,3,basadas,3.1102132003465894
2,3,base,2.8870696490323797
2,3,bases,2.8870696490323797
2,3,bases datos,3.1102132003465894
2,3,bien,2.7047480922384253
2,3,bien común,2.7047480922384253
2,3,bienes,3.3978952727983707
2,3,básicas,2.550597412411167
2,3,básicas ciencias,3.1102132003465894
2,3,búsqueda,3.3978952727983707
2,3,calidad,2.09861228866811
2,3,campo,3.1102132003465894
2,3,campus,3.1102132003465894
2,3,capaces,2.1939224684724348
2,3,capaces aplicar,3.3978952727983707
2,3,capacidad,2.09861228866811
2,3,capacitado,2.550597412411167
2,3,capaz,2.1939224684724348
2,3,carrera,1.723918839226699
2,3,carrera universidad,2.4170660197866445
2,3,católica,2.8870696490323797
2,3,católica santísima,3.3978952727983707
2,3,chile,2.8870696490323797
2,3,chile profesional,3.1102132003465894
2,3,ciclo,3.3978952727983707
2,3,ciencia,2.550597412411167
2,3,ciencia datos,3.1102132003465894
2,3,ciencias,1.9315582040049435
2,3,ciencias básicas,2.550597412411167
2,3,ciencias computación,3.3978952727983707
2,3,ciencias ingeniería,2.4170660197866445
2,3,civil,2.7047480922384253
2,3,civil computación,3.1102132003465894
2,3,colaborar,3.1102132003465894
2,3,colaborativa,3.1102132003465894
2,3,colaborativo,3.1102132003465894
2,3,competencias,2.01160091167848
2,3,competencias técnicas,3.3978952727983707
2,3,complejos,2.7047480922384253
2,3,comprometido,3.3978952727983707
2,3,comprometido respeto,3.3978952727983707
2,3,compromiso,2.550597412411167
2,3,compromiso social,3.1102132003465894
2,3,computacionales,2.4170660197866445
2,3,computación,2.4170660197866445
2,3,computación informática,2.8870696490323797
2,3,computadores,3.3978952727983707
2,3,comunicaciones,3.3978952727983707
2,3,comunicación,2.1939224684724348
2,3,comunicación efectiva,2.8870696490323797
2,3,comunicarse,3.1102132003465894
2,3,común,2.7047480922384253
2,3,común partir,3.3978952727983707
2,3,concepción,2.8870696490323797
2,3,conocimiento,2.8870696490323797
2,3,conocimientos,1.7884573603642702
2,3,considerando,2.7047480922384253
2,3,constante,2.7047480922384253
2,3,constante evolución,3.1102132003465894
2,3,construir,3.1102132003465894
2,3,consultor,2.8870696490323797
2,3,contexto,2.8870696490323797
2,3,contextos,2.550597412411167
2,3,contextos organizacionales,3.1102132003465894
2,3,continua,2.8870696490323797
2,3,continuo,3.1102132003465894
2,3,contribuir,3.1102132003465894
2,3,contribuyendo,3.1102132003465894
2,3,cristiana,3.1102132003465894
2,3,cristiana mundo,3.3978952727983707
2,3,criterios,3.1102132003465894
2,3,criterios seguridad,3.1102132003465894
2,3,crítico,3.1102132003465894
2,3,cuenta,3.1102132003465894
2,3,curricular,3.1102132003465894
2,3,cursos,3.3978952727983707
2,3,datos,1.6061358035703155
2,3,datos sistemas,3.1102132003465894
2,3,decisiones,2.09861228866811
2,3,demuestra,3.1102132003465894
2,3,desafíos,3.1102132003465894
2,3,desarrolla,2.7047480922384253
2,3,desarrollar,1.9315582040049435
2,3,desarrollar proyectos,3.1102132003465894
2,3,desarrollar soluciones,2.8870696490323797
2,3,desarrollo,1.6061358035703155
2,3,desarrollo software,2.7047480922384253
2,3,desarrollo sostenible,3.1102132003465894
2,3,desempeña,3.3978952727983707
2,3,desempeñarse,2.4170660197866445
2,3,desenvolverse,2.8870696490323797
2,3,digital,2.4170660197866445
2,3,digitales,2.550597412411167
2,3,disciplina,3.3978952727983707
2,3,disciplinar,3.1102132003465894
2,3,diseña,2.8870696490323797
2,3,diseñar,2.1939224684724348
2,3,diseñar desarrollar,2.7047480922384253
2,3,diseñar implementar,3.1102132003465894
2,3,diseño,2.09861228866811
2,3,diseño gestión,3.3978952727983707
2,3,distintas,2.8870696490323797
2,3,distintos,3.1102132003465894
2,3,diversa,2.8870696490323797
2,3,diversa índole,3.1102132003465894
2,3,diversos,2.8870696490323797
2,3,duración,3.1102132003465894
2,3,efectiva,2.550597412411167
2,3,eficiencia,2.4170660197866445
2,3,egresado,2.2992829841302607
2,3,egresado universidad,3.1102132003465894
2,3,egreso,2.4170660197866445
2,3,ejecución,3.1102132003465894
2,3,ejecución informática,3.3978952727983707
2,3,ejercicio,3.1102132003465894
2,3,emergentes,3.1102132003465894
2,3,emprendimiento,2.550597412411167
2,3,empresarial,3.1102132003465894
2,3,empresas,2.8870696490323797
2,3,encuentra,3.3978952727983707
2,3,enfoque,3.1102132003465894
2,3,equipo,2.7047480922384253
2,3,equipos,1.8574502318512216
2,3,equipos multidisciplinarios,2.4170660197866445
2,3,estudiantes,3.3978952727983707
2,3,está,3.1102132003465894
2,3,estándares,2.550597412411167
2,3,evaluar,2.8870696490323797
2,3,evolución,2.550597412411167
2,3,forma,2.1939224684724348
2,3,formación,1.8574502318512216
2,3,formación integral,3.3978952727983707
2,3,formar,2.550597412411167
2,3,formar profesionales,3.3978952727983707
2,3,formativo,3.3978952727983707
2,3,función,3.3978952727983707
2,3,fundamentos,2.8870696490323797
2,3,generación,3.3978952727983707
2,3,generar,3.3978952727983707
2,3,gestionar,2.09861228866811
2,3,gestionar proyectos,3.1102132003465894
2,3,gestión,1.9315582040049435
2,3,gestión proyectos,2.8870696490323797
2,3,gestión tecnologías,3.1102132003465894
2,3,global,2.8870696490323797
2,3,habilidades,2.2992829841302607
2,3,herramientas,2.550597412411167
2,3,humana,3.3978952727983707
2,3,humana promoción,3.3978952727983707
2,3,humanos,2.8870696490323797
2,3,identificar,2.550597412411167
2,3,implementar,2.550597412411167
2,3,industria,2.8870696490323797
2,3,información,1.4519851237430572
2,3,informática,1.663294217410264
2,3,informática egresado,2.8870696490323797
2,3,informáticas,2.8870696490323797
2,3,informáticos,1.8574502318512216
2,3,ingenieras,3.1102132003465894
2,3,ingeniero,1.7884573603642702
2,3,ingeniero civil,2.7047480922384253
2,3,ingeniero ejecución,3.1102132003465894
2,3,ingeniero informática,3.1102132003465894
2,3,ingenieros,2.7047480922384253
2,3,ingeniería,1.55206858230004
2,3,ingeniería aplicada,3.1102132003465894
2,3,ingeniería software,2.7047480922384253
2,3,inglés,2.8870696490323797
2,3,innovación,2.2992829841302607
2,3,innovadoras,2.4170660197866445
2,3,instituciones,2.7047480922384253
2,3,instituciones públicas,2.8870696490323797
2,3,institución,3.3978952727983707
2,3,instituto,3.1102132003465894
2,3,instituto tecnológico,3.3978952727983707
2,3,integración,3.3978952727983707
2,3,integral,2.8870696490323797
2,3,integrales,2.8870696490323797
2,3,integrales basadas,3.3978952727983707
2,3,integrar,2.550597412411167
2,3,inteligencia,2.550597412411167
2,3,inteligencia artificial,2.8870696490323797
2,3,investigación,3.1102132003465894
2,3,jefe,3.1102132003465894
2,3,jornada,3.3978952727983707
2,3,legislación,3.1102132003465894
2,3,lenguajes,3.1102132003465894
2,3,lenguajes programación,3.1102132003465894
2,3,lidera,3.3978952727983707
2,3,lidera proyectos,3.3978952727983707
2,3,liderar,2.2992829841302607
2,3,liderar equipos,2.7047480922384253
2,3,liderazgo,2.7047480922384253
2,3,malla,3.3978952727983707
2,3,malla curricular,3.3978952727983707
2,3,manera,2.550597412411167
2,3,mantención,3.1102132003465894
2,3,matemática,3.3978952727983707
2,3,matrícula,3.1102132003465894
2,3,mediante,2.7047480922384253
2,3,mediante uso,3.1102132003465894
2,3,medio,2.8870696490323797
2,3,mejora,2.4170660197866445
2,3,mejora continua,3.1102132003465894
2,3,metodologías,2.550597412411167
2,3,metropolitana,3.3978952727983707
2,3,multidisciplinarios,2.2992829841302607
2,3,mundo,2.550597412411167
2,3,mundo vida,3.3978952727983707
2,3,nacional,2.7047480922384253
2,3,necesidades,2.09861228866811
2,3,negocios,2.8870696490323797
2,3,nivel,2.2992829841302607
2,3,nivel superior,3.1102132003465894
2,3,nuevas,3.1102132003465894
2,3,nuevos,3.1102132003465894
2,3,objetivos,3.1102132003465894
2,3,oportunidades,3.1102132003465894
2,3,organizacionales,2.7047480922384253
2,3,organizaciones,1.7884573603642702
2,3,organizaciones públicas,3.1102132003465894
2,3,organización,2.550597412411167
2,3,otorga,3.1102132003465894
2,3,partir,3.1102132003465894
2,3,partir visión,3.3978952727983707
2,3,país,3.1102132003465894
2,3,pensamiento,3.1102132003465894
2,3,perfil,2.1939224684724348
2,3,perfil egreso,2.550597412411167
2,3,permanente,3.1102132003465894
2,3,permite,2.1939224684724348
2,3,persona,2.8870696490323797
2,3,persona humana,3.3978952727983707
2,3,personas,2.7047480922384253
2,3,planificación,3.3978952727983707
2,3,planificar,3.1102132003465894
2,3,plataformas,2.8870696490323797
2,3,podrá,3.1102132003465894
2,3,posee,2.8870696490323797
2,3,presencial,3.3978952727983707
2,3,principios,2.2992829841302607
2,3,principios sello,3.3978952727983707
2,3,privadas,2.550597412411167
2,3,privados,3.1102132003465894
2,3,problemas,1.7884573603642702
2,3,problemas complejos,2.8870696490323797
2,3,problemáticas,3.1102132003465894
2,3,proceso,3.1102132003465894
2,3,procesos,1.9315582040049435
2,3,productivo,3.1102132003465894
2,3,productos,2.7047480922384253
2,3,productos software,3.1102132003465894
2,3,profesional,1.3610133455373306
2,3,profesional capaz,3.1102132003465894
2,3,profesional ingeniero,3.1102132003465894
2,3,profesionales,1.723918839226699
2,3,profesionales capaces,2.8870696490323797
2,3,profesión,2.8870696490323797
2,3,programa,2.550597412411167
2,3,programación,2.8870696490323797
2,3,programador,3.3978952727983707
2,3,promoción,3.1102132003465894
2,3,promoción bien,3.1102132003465894
2,3,promueve,3.3978952727983707
2,3,propios,2.8870696490323797
2,3,proyectos,1.5007752879124892
2,3,proyectos informáticos,2.7047480922384253
2,3,prácticas,3.3978952727983707
2,3,puede,2.7047480922384253
2,3,puede desempeñarse,3.1102132003465894
2,3,públicas,2.550597412411167
2,3,públicas privadas,2.550597412411167
2,3,públicos,2.8870696490323797
2,3,públicos privados,3.1102132003465894
2,3,realizar,2.8870696490323797
2,3,recursos,2.4170660197866445
2,3,redes,2.8870696490323797
2,3,redes datos,3.1102132003465894
2,3,requerimientos,2.8870696490323797
2,3,requieren,2.8870696490323797
2,3,resolver,2.09861228866811
2,3,resolver problemas,2.09861228866811
2,3,respeto,3.1102132003465894
2,3,respeto dignidad,3.3978952727983707
2,3,responsabilidad,2.09861228866811
2,3,responsabilidad social,2.2992829841302607
2,3,riesgos,2.8870696490323797
2,3,santiago,2.8870696490323797
2,3,santísima,3.3978952727983707
2,3,santísima concepción,3.3978952727983707
2,3,satisfacer,3.3978952727983707
2,3,sector,2.7047480922384253
2,3,sede,3.1102132003465894
2,3,seguridad,2.4170660197866445
2,3,seguridad información,2.7047480922384253
2,3,según,2.7047480922384253
2,3,según principios,3.3978952727983707
2,3,sello,2.7047480922384253
2,3,sello identitario,3.3978952727983707
2,3,semestres,2.8870696490323797
2,3,servicio,3.1102132003465894
2,3,servicios,2.2992829841302607
2,3,siguiendo,3.3978952727983707
2,3,sistemas,1.4519851237430572
2,3,sistemas computacionales,3.1102132003465894
2,3,sistemas información,2.4170660197866445
2,3,sistemas informáticos,2.550597412411167
2,3,situación,3.1102132003465894
2,3,social,1.9315582040049435
2,3,sociales,2.7047480922384253
2,3,sociedad,2.550597412411167
2,3,software,1.6061358035703155
2,3,software tecnologías,3.1102132003465894
2,3,soluciones,1.5007752879124892
2,3,soluciones computacionales,3.1102132003465894
2,3,soluciones informáticas,2.8870696490323797
2,3,soluciones integrales,3.3978952727983707
2,3,soluciones software,2.8870696490323797
2,3,soluciones tecnológicas,2.7047480922384253
2,3,solución,2.8870696490323797
2,3,sostenible,2.7047480922384253
2,3,sostenibles,2.8870696490323797
2,3,superior,2.8870696490323797
2,3,sólida,2.8870696490323797
2,3,sólida formación,3.1102132003465894
2,3,tecnología,3.1102132003465894
2,3,tecnologías,1.4519851237430572
2,3,tecnologías información,1.723918839226699
2,3,tecnológica,2.09861228866811
2,3,tecnológicas,2.550597412411167
2,3,tecnológico,2.4170660197866445
2,3,tecnológicos,2.4170660197866445
2,3,telecomunicaciones,3.3978952727983707
2,3,toma,2.4170660197866445
2,3,toma decisiones,2.4170660197866445
2,3,trabajar,3.1102132003465894
2,3,trabajo,1.9315582040049435
2,3,trabajo colaborativo,3.1102132003465894
2,3,trabajo equipo,3.1102132003465894
2,3,transformación,2.2992829841302607
2,3,transformación digital,2.4170660197866445
2,3,través,2.550597412411167
2,3,técnica,3.1102132003465894
2,3,técnicas,3.1102132003465894
2,3,técnico,2.8870696490323797
2,3,técnicos,2.550597412411167
2,3,técnicos económicos,3.1102132003465894
2,3,título,2.8870696490323797
2,3,título profesional,2.8870696490323797
2,3,universidad,1.5007752879124892
2,3,universidad católica,2.8870696490323797
2,3,uso,2.7047480922384253
2,3,usuarios,3.1102132003465894
2,3,vacantes,3.1102132003465894
2,3,valor,2.8870696490323797
2,3,vida,2.7047480922384253
2,3,visión,2.4170660197866445
2,3,ámbito,2.8870696490323797
2,3,ámbitos,2.7047480922384253
2,3,área,2.550597412411167
2,3,áreas,3.1102132003465894
2,3,ética,2.09861228866811
2,3,ético,2.7047480922384253
2,3,éticos,2.8870696490323797
2,3,índole,3.1102132003465894
3,1,10,2.8870696490323797
3,1,2026,3.1102132003465894
3,1,académico,3.1102132003465894
3,1,acreditación,3.1102132003465894
3,1,actuar,3.1102132003465894
3,1,acuerdo,2.8870696490323797
3,1,adaptarse,2.8870696490323797
3,1,además,2.550597412411167
3,1,admisión,3.1102132003465894
3,1,alto,2.7047480922384253
3,1,ambiente,2.8870696490323797
3,1,analista,2.8870696490323797
3,1,analista sistemas,3.1102132003465894
3,1,analizar,2.7047480922384253
3,1,analítica,2.8870696490323797
3,1,análisis,2.09861228866811
3,1,análisis datos,2.7047480922384253
3,1,aplica,3.1102132003465894
3,1,aplicaciones,2.7047480922384253
3,1,aplicación,2.8870696490323797
3,1,aplicada,2.550597412411167
3,1,aplicando,2.550597412411167
3,1,aplicar,2.550597412411167
3,1,apoyar,3.1102132003465894
3,1,aprendizaje,2.1939224684724348
3,1,aranceles,3.3978952727983707
3,1,artificial,2.4170660197866445
3,1,aspectos,2.8870696490323797
3,1,así,2.2992829841302607
3,1,autoaprendizaje,3.1102132003465894
3,1,años,3.1102132003465894
3,1,bajo,2.8870696490323797
3,1,base,2.550597412411167
3,1,bases,2.2992829841302607
3,1,bases datos,2.2992829841302607
3,1,bien,2.550597412411167
3,1,bien común,2.7047480922384253
3,1,buenas,3.1102132003465894
3,1,buenas prácticas,3.1102132003465894
3,1,básicas,2.1939224684724348
3,1,básicas ciencias,2.4170660197866445
3,1,calidad,2.2992829841302607
3,1,campo,2.8870696490323797
3,1,campo ocupacional,3.3978952727983707
3,1,campus,3.1102132003465894
3,1,capaces,2.550597412411167
3,1,capaces aplicar,3.3978952727983707
3,1,capacidad,2.01160091167848
3,1,capacidades,3.1102132003465894
3,1,capacitado,2.7047480922384253
3,1,capaz,2.1939224684724348
3,1,cargos,3.1102132003465894
3,1,carrera,1.723918839226699
3,1,carrera universidad,2.7047480922384253
3,1,carreras,3.1102132003465894
3,1,católica,2.7047480922384253
3,1,católica santísima,3.3978952727983707
3,1,centrada,3.1102132003465894
3,1,centrado,3.3978952727983707
3,1,certificaciones,3.3978952727983707
3,1,certificación,3.3978952727983707
3,1,chile,2.8870696490323797
3,1,ciberseguridad,3.1102132003465894
3,1,ciclo,3.3978952727983707
3,1,ciencia,2.550597412411167
3,1,ciencia datos,3.1102132003465894
3,1,ciencias,1.723918839226699
3,1,ciencias básicas,2.1939224684724348
3,1,ciencias computación,2.8870696490323797
3,1,ciencias ingeniería,2.09861228866811
3,1,científicos,3.1102132003465894
3,1,civil,2.4170660197866445
3,1,civil computación,2.8870696490323797
3,1,colaborativamente,2.8870696490323797
3,1,competencias,2.1939224684724348
3,1,complejos,2.550597412411167
3,1,componentes,2.8870696490323797
3,1,comprometida,3.1102132003465894
3,1,comprometido,3.1102132003465894
3,1,comprometido respeto,3.3978952727983707
3,1,compromiso,2.2992829841302607
3,1,computacionales,2.7047480922384253
3,1,computación,2.01160091167848
3,1,computación informática,2.550597412411167
3,1,computadores,3.3978952727983707
3,1,comunica,3.1102132003465894
3,1,comunicaciones,2.550597412411167
3,1,comunicación,1.8574502318512216
3,1,comunicarse,2.7047480922384253
3,1,común,2.4170660197866445
3,1,conocimiento,2.550597412411167
3,1,conocimientos,1.723918839226699
3,1,considerando,2.4170660197866445
3,1,construir,2.7047480922384253
3,1,contexto,2.09861228866811
3,1,contextos,2.2992829841302607
3,1,continua,2.7047480922384253
3,1,contribuir,2.7047480922384253
3,1,contribuyendo,2.8870696490323797
3,1,creación,3.1102132003465894
3,1,crear,2.8870696490323797
3,1,cristiana,2.8870696490323797
3,1,crítico,2.550597412411167
3,1,cuenta,2.4170660197866445
3,1,cultura,2.7047480922384253
3,1,datos,1.6061358035703155
3,1,decisiones,2.1939224684724348
3,1,desafíos,2.550597412411167
3,1,desarrolla,2.4170660197866445
3,1,desarrollar,1.9315582040049435
3,1,desarrollo,1.6061358035703155
3,1,desarrollo software,2.550597412411167
3,1,desarrollo sostenible,3.1102132003465894
3,1,desempeña,2.8870696490323797
3,1,desempeñarse,2.7047480922384253
3,1,desempeño,2.4170660197866445
3,1,desenvolverse,2.8870696490323797
3,1,diferentes,3.3978952727983707
3,1,digital,2.4170660197866445
3,1,digitales,2.1939224684724348
3,1,dirección,3.3978952727983707
3,1,disciplina,2.7047480922384253
3,1,disciplinar,2.8870696490323797
3,1,diseña,2.7047480922384253
3,1,diseñar,2.4170660197866445
3,1,diseño,2.1939224684724348
3,1,distintos,2.7047480922384253
3,1,diversas,2.8870696490323797
3,1,diversidad,2.550597412411167
3,1,diversos,2.550597412411167
3,1,docente,3.3978952727983707
3,1,educación,3.3978952727983707
3,1,efectiva,2.7047480922384253
3,1,eficiencia,2.550597412411167
3,1,eficiente,2.8870696490323797
3,1,eficientes,2.7047480922384253
3,1,egresado,2.7047480922384253
3,1,egresado instituto,3.3978952727983707
3,1,egreso,2.2992829841302607
3,1,ejecución,3.1102132003465894
3,1,ello,2.8870696490323797
3,1,emergentes,2.550597412411167
3,1,emprendimiento,2.4170660197866445
3,1,emprendimientos,2.8870696490323797
3,1,empresarial,3.1102132003465894
3,1,empresariales,3.3978952727983707
3,1,empresas,2.7047480922384253
3,1,encuentra,3.1102132003465894
3,1,enfoque,2.550597412411167
3,1,entorno,2.2992829841302607
3,1,entregar,3.1102132003465894
3,1,equipos,1.55206858230004
3,1,equipos multidisciplinarios,2.550597412411167
3,1,equipos trabajo,2.4170660197866445
3,1,especialidad,2.7047480922384253
3,1,especialización,3.1102132003465894
3,1,estudiantes,3.1102132003465894
3,1,estudios,2.8870696490323797
3,1,está,3.1102132003465894
3,1,estándares,2.4170660197866445
3,1,evaluación,2.8870696490323797
3,1,evolución,2.7047480922384253
3,1,experiencia,3.1102132003465894
3,1,fin,3.1102132003465894
3,1,forma,1.9315582040049435
3,1,formación,1.4519851237430572
3,1,formación ciencias,2.550597412411167
3,1,formación integral,2.8870696490323797
3,1,formación permite,2.8870696490323797
3,1,formar,2.8870696490323797
3,1,generar,2.7047480922384253
3,1,generar soluciones,3.1102132003465894
3,1,gestiona,2.8870696490323797
3,1,gestionar,2.01160091167848
3,1,gestionar proyectos,2.550597412411167
3,1,gestión,1.663294217410264
3,1,gestión proyectos,2.8870696490323797
3,1,global,2.8870696490323797
3,1,habilidades,1.9315582040049435
3,1,hardware,2.8870696490323797
3,1,herramientas,2.2992829841302607
3,1,historia,3.3978952727983707
3,1,humana,3.1102132003465894
3,1,idioma,2.8870696490323797
3,1,idioma inglés,2.8870696490323797
3,1,implementa,2.8870696490323797
3,1,implementación,2.550597412411167
3,1,implementar,2.550597412411167
3,1,inclusión,2.8870696490323797
3,1,independiente,3.1102132003465894
3,1,industria,2.7047480922384253
3,1,información,1.5007752879124892
3,1,información comunicaciones,2.8870696490323797
3,1,información comunicación,2.7047480922384253
3,1,informática,1.3610133455373306
3,1,informática egresado,3.1102132003465894
3,1,informática universidad,2.550597412411167
3,1,informáticas,2.01160091167848
3,1,informático,2.8870696490323797
3,1,informáticos,1.6061358035703155
3,1,infraestructura,3.1102132003465894
3,1,ingeniera,3.3978952727983707
3,1,ingenieras,3.3978952727983707
3,1,ingeniero,1.5007752879124892
3,1,ingeniero civil,2.4170660197866445
3,1,ingeniero ejecución,3.1102132003465894
3,1,ingenieros,3.1102132003465894
3,1,ingeniería,1.3610133455373306
3,1,ingeniería aplicada,3.1102132003465894
3,1,ingeniería ingeniería,3.1102132003465894
3,1,ingeniería software,2.09861228866811
3,1,inglés,2.550597412411167
3,1,ingreso,3.3978952727983707
3,1,iniciativas,3.1102132003465894
3,1,innovación,1.9315582040049435
3,1,innovación emprendimiento,3.1102132003465894
3,1,innovación tecnológica,3.1102132003465894
3,1,innovadoras,2.1939224684724348
3,1,instituciones,2.8870696490323797
3,1,instituciones públicas,3.1102132003465894
3,1,institución,3.3978952727983707
3,1,instituto,3.1102132003465894
3,1,instituto tecnológico,3.3978952727983707
3,1,integra,2.8870696490323797
3,1,integración,2.8870696490323797
3,1,integral,2.1939224684724348
3,1,integrando,3.1102132003465894
3,1,integrar,2.8870696490323797
3,1,inteligencia,2.09861228866811
3,1,inteligencia artificial,2.4170660197866445
3,1,inteligencia negocios,3.1102132003465894
3,1,inteligentes,3.1102132003465894
3,1,interdisciplinarios,2.550597412411167
3,1,intereses,3.1102132003465894
3,1,internacional,3.3978952727983707
3,1,internacionales,3.3978952727983707
3,1,investigación,2.7047480922384253
3,1,laboral,2.8870696490323797
3,1,laborales,3.1102132003465894
3,1,lenguajes,2.8870696490323797
3,1,lenguajes programación,2.8870696490323797
3,1,liderar,2.550597412411167
3,1,liderar equipos,2.8870696490323797
3,1,liderazgo,2.2992829841302607
3,1,manager,3.3978952727983707
3,1,manera,2.01160091167848
3,1,mantención,2.8870696490323797
3,1,mediante,2.7047480922384253
3,1,medio,2.4170660197866445
3,1,medio ambiente,2.8870696490323797
3,1,mejora,2.1939224684724348
3,1,mejora continua,2.8870696490323797
3,1,metodologías,2.7047480922384253
3,1,multidisciplinarios,2.1939224684724348
3,1,mundo,2.4170660197866445
3,1,necesidades,2.1939224684724348
3,1,negocio,2.7047480922384253
3,1,negocios,2.7047480922384253
3,1,nivel,2.550597412411167
3,1,normas,2.8870696490323797
3,1,nuevas,2.7047480922384253
3,1,nuevos,2.8870696490323797
3,1,objetivos,2.8870696490323797
3,1,oportunidades,2.7047480922384253
3,1,organizacionales,2.7047480922384253
3,1,organizaciones,1.7884573603642702
3,1,organización,2.4170660197866445
3,1,otorga,2.8870696490323797
3,1,pensamiento,2.7047480922384253
3,1,pensamiento crítico,2.8870696490323797
3,1,perfil,2.09861228866811
3,1,perfil egreso,2.2992829841302607
3,1,permanente,2.550597412411167
3,1,permitan,2.7047480922384253
3,1,permite,1.663294217410264
3,1,permiten,2.8870696490323797
3,1,persona,2.8870696490323797
3,1,persona humana,3.1102132003465894
3,1,personas,2.4170660197866445
3,1,plan,3.1102132003465894
3,1,posee,2.1939224684724348
3,1,postgrado,3.3978952727983707
3,1,principios,2.1939224684724348
3,1,privadas,2.8870696490323797
3,1,problemas,1.723918839226699
3,1,problemas complejos,2.7047480922384253
3,1,problemáticas,2.7047480922384253
3,1,procesos,1.723918839226699
3,1,productivo,3.1102132003465894
3,1,productos,2.7047480922384253
3,1,profesional,1.2006706954621513
3,1,profesionales,2.2992829841302607
3,1,profesionales capaces,3.3978952727983707
3,1,profesión,2.7047480922384253
3,1,programa,2.7047480922384253
3,1,programación,2.7047480922384253
3,1,programador,3.1102132003465894
3,1,programas,3.1102132003465894
3,1,promoción,3.1102132003465894
3,1,promoción bien,3.3978952727983707
3,1,promueve,3.3978952727983707
3,1,propios,2.550597412411167
3,1,proyectos,1.3610133455373306
3,1,proyectos informáticos,2.1939224684724348
3,1,proyectos ingeniería,2.8870696490323797
3,1,proyectos tecnológicos,3.1102132003465894
3,1,prácticas,2.7047480922384253
3,1,prácticas industria,3.3978952727983707
3,1,puede,3.1102132003465894
3,1,públicas,2.8870696490323797
3,1,públicas privadas,2.8870696490323797
3,1,públicos,2.8870696490323797
3,1,quehacer,2.8870696490323797
3,1,quehacer profesional,3.1102132003465894
3,1,reconoce,3.1102132003465894
3,1,recursos,2.09861228866811
3,1,redes,2.550597412411167
3,1,relacionados,2.8870696490323797
3,1,requerimientos,2.7047480922384253
3,1,resolver,1.8574502318512216
3,1,resolver problemas,2.01160091167848
3,1,respeto,2.7047480922384253
3,1,responsabilidad,2.09861228866811
3,1,responsabilidad social,2.2992829841302607
3,1,responsable,2.8870696490323797
3,1,resultados,3.1102132003465894
3,1,riesgos,3.1102132003465894
3,1,seguridad,2.09861228866811
3,1,seguridad información,2.8870696490323797
3,1,según,2.4170660197866445
3,1,sello,2.4170660197866445
3,1,sentido,2.550597412411167
3,1,servicios,2.4170660197866445
3,1,sistemas,1.5007752879124892
3,1,sistemas computacionales,2.8870696490323797
3,1,sistemas información,2.550597412411167
3,1,sistemas informáticos,2.550597412411167
3,1,situaciones,2.8870696490323797
3,1,social,1.6061358035703155
3,1,sociales,2.550597412411167
3,1,sociedad,2.2992829841302607
3,1,software,1.4054651081081644
3,1,soluciones,1.5007752879124892
3,1,soluciones informáticas,2.4170660197866445
3,1,soluciones software,2.8870696490323797
3,1,soluciones tecnológicas,2.550597412411167
3,1,sostenible,2.550597412411167
3,1,superior,3.1102132003465894
3,1,sólida,2.4170660197866445
3,1,sólida formación,2.550597412411167
3,1,tecnología,2.550597412411167
3,1,tecnología información,3.1102132003465894
3,1,tecnologías,1.2776317365982797
3,1,tecnologías emergentes,2.8870696490323797
3,1,tecnologías información,1.7884573603642702
3,1,tecnológica,2.1939224684724348
3,1,tecnológicas,2.2992829841302607
3,1,tecnológico,2.4170660197866445
3,1,tecnológicos,2.01160091167848
3,1,telecomunicaciones,3.1102132003465894
3,1,tic,2.8870696490323797
3,1,titulado,3.1102132003465894
3,1,toma,2.4170660197866445
3,1,toma decisiones,2.4170660197866445
3,1,trabajar,2.8870696490323797
3,1,trabajar colaborativamente,3.1102132003465894
3,1,trabajo,1.723918839226699
3,1,trabajo equipo,3.1102132003465894
3,1,trabajo multidisciplinarios,3.1102132003465894
3,1,transformación,2.1939224684724348
3,1,transformación digital,2.4170660197866445
3,1,través,1.9315582040049435
3,1,trayectoria,2.8870696490323797
3,1,técnica,2.8870696490323797
3,1,técnicas,2.8870696490323797
3,1,técnico,2.7047480922384253
3,1,técnicos,2.7047480922384253
3,1,título,3.1102132003465894
3,1,universidad,1.4054651081081644
3,1,universidad católica,2.7047480922384253
3,1,universitario,3.3978952727983707
3,1,uso,2.2992829841302607
3,1,usuario,3.1102132003465894
3,1,utiliza,3.1102132003465894
3,1,utilizando,2.8870696490323797
3,1,valor,2.7047480922384253
3,1,valores,3.1102132003465894
3,1,vanguardia,3.1102132003465894
3,1,vida,2.550597412411167
3,1,vida según,3.1102132003465894
3,1,visión,2.09861228866811
3,1,visión cristiana,3.1102132003465894
3,1,ámbito,2.550597412411167
3,1,ámbitos,2.4170660197866445
3,1,área,2.4170660197866445
3,1,áreas,2.1939224684724348
3,1,énfasis,3.3978952727983707
3,1,ética,2.550597412411167
3,1,ético,2.550597412411167
3,1,éticos,2.4170660197866445
3,2,2026,3.3978952727983707
3,2,académico,2.8870696490323797
3,2,acciones,3.1102132003465894
3,2,acciones contexto,3.3978952727983707
3,2,acreditación,3.3978952727983707
3,2,actuar,3.1102132003465894
3,2,además,2.2992829841302607
3,2,además planificar,3.3978952727983707
3,2,administración,2.8870696490323797
3,2,administrar,2.8870696490323797
3,2,admisión,3.3978952727983707
3,2,alto,2.7047480922384253
3,2,ambiental,3.1102132003465894
3,2,amplio,2.8870696490323797
3,2,analista,2.8870696490323797
3,2,analista sistemas,3.1102132003465894
3,2,analizar,2.7047480922384253
3,2,analítica,3.1102132003465894
3,2,análisis,2.4170660197866445
3,2,análisis datos,2.8870696490323797
3,2,aplica,3.1102132003465894
3,2,aplicaciones,2.8870696490323797
3,2,aplicación,2.8870696490323797
3,2,aplicada,2.2992829841302607
3,2,aplicar,2.4170660197866445
3,2,aprendizaje,2.550597412411167
3,2,artificial,2.550597412411167
3,2,asimismo,2.7047480922384253
3,2,asociados,2.8870696490323797
3,2,así,2.8870696490323797
3,2,automatización,2.8870696490323797
3,2,autónoma,2.8870696490323797
3,2,año,3.1102132003465894
3,2,bajo,2.8870696490323797
3,2,base,2.7047480922384253
3,2,bases,2.7047480922384253
3,2,bases datos,2.7047480922384253
3,2,bien,2.7047480922384253
3,2,bien común,2.8870696490323797
3,2,básicas,2.2992829841302607
3,2,básicas ciencias,2.7047480922384253
3,2,calidad,1.9315582040049435
3,2,cambio,2.8870696490323797
3,2,campo,2.7047480922384253
3,2,campus,3.3978952727983707
3,2,capaces,2.8870696490323797
3,2,capacidad,1.663294217410264
3,2,capacidad trabajar,2.8870696490323797
3,2,capacitado,2.4170660197866445
3,2,capaz,1.8574502318512216
3,2,capaz concebir,3.3978952727983707
3,2,carrera,1.663294217410264
3,2,carrera universidad,2.8870696490323797
3,2,carreras,3.3978952727983707
3,2,católica,2.2992829841302607
3,2,católica santísima,3.1102132003465894
3,2,chile,2.7047480922384253
3,2,ciberseguridad,3.3978952727983707
3,2,ciencia,2.4170660197866445
3,2,ciencia datos,3.1102132003465894
3,2,ciencias,1.7884573603642702
3,2,ciencias básicas,2.2992829841302607
3,2,ciencias computación,3.1102132003465894
3,2,ciencias ingeniería,2.4170660197866445
3,2,civil,2.4170660197866445
3,2,civil computación,2.7047480922384253
3,2,competencias,1.8574502318512216
3,2,competencias genéricas,2.8870696490323797
3,2,complejos,2.550597412411167
3,2,comprometido,2.4170660197866445
3,2,comprometido respeto,3.1102132003465894
3,2,compromiso,2.4170660197866445
3,2,computacionales,2.550597412411167
3,2,computación,1.8574502318512216
3,2,computación informática,2.2992829841302607
3,2,computadores,3.3978952727983707
3,2,comunicaciones,2.550597412411167
3,2,comunicación,1.723918839226699
3,2,comunicación efectiva,2.7047480922384253
3,2,comunicarse,2.8870696490323797
3,2,común,2.550597412411167
3,2,común partir,3.1102132003465894
3,2,concebir,3.1102132003465894
3,2,concebir diseñar,3.3978952727983707
3,2,concepción,2.8870696490323797
3,2,conocimiento,2.7047480922384253
3,2,conocimientos,1.55206858230004
3,2,considerando,2.550597412411167
3,2,considerando impacto,3.3978952727983707
3,2,consultor,2.7047480922384253
3,2,contexto,2.2992829841302607
3,2,contexto global,3.3978952727983707
3,2,contextos,2.550597412411167
3,2,contribuir,2.7047480922384253
3,2,contribuyendo,2.7047480922384253
3,2,coquimbo,3.3978952727983707
3,2,crear,2.550597412411167
3,2,cristiana,2.8870696490323797
3,2,cristiana mundo,3.1102132003465894
3,2,criterios,2.550597412411167
3,2,crítico,2.8870696490323797
3,2,cualquier,2.8870696490323797
3,2,cuenta,2.8870696490323797
3,2,datos,1.6061358035703155
3,2,decisiones,2.4170660197866445
3,2,demuestra,2.8870696490323797
3,2,desafíos,2.7047480922384253
3,2,desarrolla,2.7047480922384253
3,2,desarrollar,2.01160091167848
3,2,desarrollar soluciones,2.8870696490323797
3,2,desarrollo,1.4519851237430572
3,2,desarrollo software,2.4170660197866445
3,2,desarrollo sostenible,3.1102132003465894
3,2,desempeña,2.8870696490323797
3,2,desempeñarse,2.1939224684724348
3,2,desempeño,2.550597412411167
3,2,diferentes,3.3978952727983707
3,2,digitales,2.550597412411167
3,2,dignidad,3.1102132003465894
3,2,dignidad persona,3.1102132003465894
3,2,dirección,3.1102132003465894
3,2,director,3.3978952727983707
3,2,disciplina,3.1102132003465894
3,2,diseñar,1.9315582040049435
3,2,diseñar desarrollar,2.8870696490323797
3,2,diseñar implementar,2.7047480922384253
3,2,diseño,2.01160091167848
3,2,diseño implementación,2.8870696490323797
3,2,distintos,2.7047480922384253
3,2,diversos,2.7047480922384253
3,2,docente,3.1102132003465894
3,2,económico,2.8870696490323797
3,2,económico ambiental,3.3978952727983707
3,2,educación,3.1102132003465894
3,2,educación superior,3.3978952727983707
3,2,efectiva,2.550597412411167
3,2,eficiencia,2.1939224684724348
3,2,eficientes,2.7047480922384253
3,2,egresado,2.1939224684724348
3,2,egreso,2.550597412411167
3,2,ejecución,3.1102132003465894
3,2,ejercicio,2.8870696490323797
3,2,ello,3.1102132003465894
3,2,emergentes,2.8870696490323797
3,2,emprendimiento,2.7047480922384253
3,2,emprendimientos,2.8870696490323797
3,2,empresarial,3.3978952727983707
3,2,empresas,2.550597412411167
3,2,encuentra,3.1102132003465894
3,2,entorno,2.2992829841302607
3,2,entornos,2.8870696490323797
3,2,entregar,3.1102132003465894
3,2,equipos,1.7884573603642702
3,2,equipos multidisciplinarios,2.4170660197866445
3,2,equipos trabajo,2.8870696490323797
3,2,especialidad,3.1102132003465894
3,2,estudiantes,3.3978952727983707
3,2,estudios,2.7047480922384253
3,2,está,2.8870696490323797
3,2,estándares,2.8870696490323797
3,2,evaluación,3.1102132003465894
3,2,evaluar,2.7047480922384253
3,2,evaluar gestionar,3.3978952727983707
3,2,excelencia,2.8870696490323797
3,2,experiencia,3.3978952727983707
3,2,forma,2.2992829841302607
3,2,formación,1.723918839226699
3,2,formación ciencias,2.8870696490323797
3,2,formación integral,2.7047480922384253
3,2,formar,2.7047480922384253
3,2,frontera,3.3978952727983707
3,2,generar,2.8870696490323797
3,2,genéricas,2.8870696490323797
3,2,gestiona,3.3978952727983707
3,2,gestionar,1.9315582040049435
3,2,gestionar desarrollar,2.8870696490323797
3,2,gestionar proyectos,2.8870696490323797
3,2,gestión,1.663294217410264
3,2,gestión proyectos,2.4170660197866445
3,2,global,2.550597412411167
3,2,global social,3.3978952727983707
3,2,habilidades,2.09861228866811
3,2,hardware,2.8870696490323797
3,2,herramientas,2.01160091167848
3,2,humana,2.8870696490323797
3,2,humana promoción,3.1102132003465894
3,2,impacto,2.8870696490323797
3,2,impacto acciones,3.3978952727983707
3,2,implementación,2.550597412411167
3,2,implementar,2.01160091167848
3,2,inclusión,2.8870696490323797
3,2,independiente,3.1102132003465894
3,2,industria,2.550597412411167
3,2,información,1.3610133455373306
3,2,información comunicaciones,2.8870696490323797
3,2,información comunicación,2.7047480922384253
3,2,informática,1.4519851237430572
3,2,informática egresado,3.1102132003465894
3,2,informática universidad,2.2992829841302607
3,2,informáticas,2.1939224684724348
3,2,informático,2.8870696490323797
3,2,informáticos,1.663294217410264
3,2,infraestructura,3.1102132003465894
3,2,ingeniera,3.3978952727983707
3,2,ingeniero,1.55206858230004
3,2,ingeniero civil,2.4170660197866445
3,2,ingeniero ejecución,3.1102132003465894
3,2,ingeniero informática,3.1102132003465894
3,2,ingenieros,3.1102132003465894
3,2,ingeniería,1.3610133455373306
3,2,ingeniería aplicada,3.1102132003465894
3,2,ingeniería software,2.2992829841302607
3,2,ingeniería tecnologías,3.1102132003465894
3,2,inglés,3.1102132003465894
3,2,ingreso,3.3978952727983707
3,2,innovación,1.8574502318512216
3,2,innovación tecnológica,3.1102132003465894
3,2,innovador,3.3978952727983707
3,2,innovadoras,2.4170660197866445
3,2,institucionales,2.8870696490323797
3,2,instituciones,2.7047480922384253
3,2,instituciones públicas,3.1102132003465894
3,2,institución,3.1102132003465894
3,2,instituto,3.1102132003465894
3,2,integra,2.8870696490323797
3,2,integración,2.8870696490323797
3,2,integral,2.2992829841302607
3,2,integrar,2.550597412411167
3,2,inteligencia,2.1939224684724348
3,2,inteligencia artificial,2.550597412411167
3,2,inteligencia negocios,2.8870696490323797
3,2,internacional,3.1102132003465894
3,2,investigación,2.7047480922384253
3,2,jefe,2.7047480922384253
3,2,junto,2.7047480922384253
3,2,laboral,3.1102132003465894
3,2,lenguajes,2.7047480922384253
3,2,lenguajes programación,2.8870696490323797
3,2,liderar,2.7047480922384253
3,2,liderazgo,2.2992829841302607
3,2,manera,2.1939224684724348
3,2,mantención,2.7047480922384253
3,2,mediante,2.4170660197866445
3,2,medio,2.8870696490323797
3,2,mejora,2.7047480922384253
3,2,metodologías,2.8870696490323797
3,2,metropolitana,3.1102132003465894
3,2,modelos,3.3978952727983707
3,2,multidisciplinarios,2.2992829841302607
3,2,mundo,2.2992829841302607
3,2,mundo vida,3.1102132003465894
3,2,nacional,2.8870696490323797
3,2,necesidades,2.2992829841302607
3,2,negocios,2.7047480922384253
3,2,nivel,2.4170660197866445
3,2,nuevas,2.8870696490323797
3,2,oportunidades,3.1102132003465894
3,2,organizacionales,2.4170660197866445
3,2,organizaciones,1.7884573603642702
3,2,organización,2.550597412411167
3,2,partir,3.1102132003465894
3,2,partir visión,3.1102132003465894
3,2,país,2.7047480922384253
3,2,pensamiento,2.8870696490323797
3,2,perfil,2.01160091167848
3,2,perfil egreso,2.7047480922384253
3,2,perfil profesional,2.7047480922384253
3,2,permanente,2.7047480922384253
3,2,permitan,2.7047480922384253
3,2,permite,2.1939224684724348
3,2,persona,2.550597412411167
3,2,persona humana,2.8870696490323797
3,2,personas,2.550597412411167
3,2,plan,3.1102132003465894
3,2,planificar,2.550597412411167
3,2,planificar evaluar,3.3978952727983707
3,2,plataformas,2.7047480922384253
3,2,posee,1.8574502318512216
3,2,postgrado,3.3978952727983707
3,2,principios,2.2992829841302607
3,2,principios éticos,3.1102132003465894
3,2,privadas,2.550597412411167
3,2,privado,3.1102132003465894
3,2,problemas,1.7884573603642702
3,2,problemas complejos,2.7047480922384253
3,2,procesos,1.55206858230004
3,2,productivo,3.1102132003465894
3,2,productos,2.2992829841302607
3,2,profesional,1.238411023444998
3,2,profesional capaz,2.8870696490323797
3,2,profesional integral,2.8870696490323797
3,2,profesionales,2.2992829841302607
3,2,profesión,2.7047480922384253
3,2,programa,2.7047480922384253
3,2,programación,2.7047480922384253
3,2,programas,3.1102132003465894
3,2,promoción,2.8870696490323797
3,2,promoción bien,3.1102132003465894
3,2,promueve,3.1102132003465894
3,2,propios,2.8870696490323797
3,2,proponer,3.1102132003465894
3,2,proyectos,1.2776317365982797
3,2,proyectos considerando,3.3978952727983707
3,2,proyectos informáticos,2.1939224684724348
3,2,proyectos ingeniería,3.1102132003465894
3,2,proyectos relacionados,3.1102132003465894
3,2,proyectos tecnologías,3.1102132003465894
3,2,pudiendo,3.1102132003465894
3,2,pudiendo desempeñarse,3.1102132003465894
3,2,puede,2.550597412411167
3,2,puede desempeñarse,2.8870696490323797
3,2,públicas,2.550597412411167
3,2,públicas privadas,2.550597412411167
3,2,público,3.3978952727983707
3,2,quehacer,2.7047480922384253
3,2,quehacer profesional,3.1102132003465894
3,2,reconoce,3.1102132003465894
3,2,recursos,2.2992829841302607
3,2,recursos tecnológicos,3.1102132003465894
3,2,redes,2.4170660197866445
3,2,región,2.8870696490323797
3,2,relacionados,2.8870696490323797
3,2,requerimientos,2.8870696490323797
3,2,resolver,1.9315582040049435
3,2,resolver problemas,2.09861228866811
3,2,respeto,2.7047480922384253
3,2,respeto dignidad,3.1102132003465894
3,2,responsabilidad,2.1939224684724348
3,2,responsabilidad social,2.4170660197866445
3,2,riesgos,2.8870696490323797
3,2,rol,3.1102132003465894
3,2,rol ingeniero,3.3978952727983707
3,2,santiago,3.1102132003465894
3,2,santísima,3.1102132003465894
3,2,santísima concepción,3.1102132003465894
3,2,sector,3.1102132003465894
3,2,seguridad,2.1939224684724348
3,2,seguridad información,2.550597412411167
3,2,según,2.550597412411167
3,2,según principios,3.1102132003465894
3,2,sello,2.550597412411167
3,2,sentido,2.550597412411167
3,2,servicio,2.8870696490323797
3,2,servicios,2.01160091167848
3,2,siendo,2.7047480922384253
3,2,siendo capaz,2.7047480922384253
3,2,sistemas,1.55206858230004
3,2,sistemas información,2.09861228866811
3,2,sistemas informáticos,2.550597412411167
3,2,social,1.8574502318512216
3,2,social económico,3.3978952727983707
3,2,sociedad,3.1102132003465894
3,2,software,1.3610133455373306
3,2,soluciones,1.4519851237430572
3,2,soluciones eficientes,3.1102132003465894
3,2,soluciones informáticas,2.550597412411167
3,2,soluciones tecnológicas,2.550597412411167
3,2,sostenible,2.4170660197866445
3,2,superior,3.1102132003465894
3,2,sólida,2.8870696490323797
3,2,sólida formación,2.8870696490323797
3,2,tecnología,2.550597412411167
3,2,tecnologías,1.2776317365982797
3,2,tecnologías información,1.55206858230004
3,2,tecnológica,2.1939224684724348
3,2,tecnológicas,2.2992829841302607
3,2,tecnológico,2.550597412411167
3,2,tecnológicos,2.01160091167848
3,2,tic,2.7047480922384253
3,2,titulado,2.8870696490323797
3,2,toma,2.8870696490323797
3,2,toma decisiones,2.8870696490323797
3,2,trabajar,2.7047480922384253
3,2,trabajo,1.8574502318512216
3,2,transformación,2.7047480922384253
3,2,través,2.2992829841302607
3,2,trayectoria,3.1102132003465894
3,2,técnicas,3.1102132003465894
3,2,universidad,1.4054651081081644
3,2,universidad católica,2.2992829841302607
3,2,universidad frontera,3.3978952727983707
3,2,universitario,3.1102132003465894
3,2,uso,2.2992829841302607
3,2,valor,2.2992829841302607
3,2,valores,3.1102132003465894
3,2,vanguardia,3.3978952727983707
3,2,vida,2.4170660197866445
3,2,vida según,3.1102132003465894
3,2,vinculación,3.3978952727983707
3,2,visión,2.550597412411167
3,2,visión cristiana,3.1102132003465894
3,2,web,3.1102132003465894
3,2,ámbito,2.4170660197866445
3,2,ámbitos,2.4170660197866445
3,2,ámbitos diseño,3.1102132003465894
3,2,área,3.1102132003465894
3,2,áreas,2.550597412411167
3,2,ética,2.7047480922384253
3,2,ético,2.2992829841302607
3,2,éticos,2.7047480922384253
3,3,10,3.1102132003465894
3,3,académico,3.1102132003465894
3,3,acciones,3.3978952727983707
3,3,acciones contexto,3.3978952727983707
3,3,actitud,2.8870696490323797
3,3,activa,3.1102132003465894
3,3,actualización,2.8870696490323797
3,3,acuerdo,3.1102132003465894
3,3,adaptarse,2.550597412411167
3,3,además,2.550597412411167
3,3,además planificar,3.3978952727983707
3,3,adicionalmente,3.1102132003465894
3,3,administración,3.1102132003465894
3,3,administrar,3.1102132003465894
3,3,ambiental,2.7047480922384253
3,3,analizar,2.550597412411167
3,3,analizar diseñar,2.8870696490323797
3,3,analítica,3.1102132003465894
3,3,análisis,2.7047480922384253
3,3,análisis datos,3.1102132003465894
3,3,aplica,2.8870696490323797
3,3,aplicaciones,3.1102132003465894
3,3,aplicación,2.550597412411167
3,3,aplicada,2.8870696490323797
3,3,aplicando,2.7047480922384253
3,3,aplicar,3.1102132003465894
3,3,apoyar,2.8870696490323797
3,3,apoyar toma,3.3978952727983707
3,3,aprendizaje,2.4170660197866445
3,3,artificial,2.4170660197866445
3,3,asimismo,2.8870696490323797
3,3,así,2.09861228866811
3,3,base,2.4170660197866445
3,3,bases,3.1102132003465894
3,3,bases datos,3.1102132003465894
3,3,bien,3.1102132003465894
3,3,bien común,3.1102132003465894
3,3,buenas,2.8870696490323797
3,3,buenas prácticas,2.8870696490323797
3,3,básicas,2.1939224684724348
3,3,básicas ciencias,2.8870696490323797
3,3,básicas ingeniería,2.8870696490323797
3,3,calidad,1.9315582040049435
3,3,cambio,3.1102132003465894
3,3,campo,3.1102132003465894
3,3,capaces,2.8870696490323797
3,3,capacidad,2.01160091167848
3,3,capacidad trabajar,3.1102132003465894
3,3,capacitado,2.550597412411167
3,3,capaz,1.9315582040049435
3,3,capaz concebir,3.1102132003465894
3,3,carrera,2.01160091167848
3,3,carrera universidad,3.1102132003465894
3,3,católica,3.1102132003465894
3,3,chile,3.1102132003465894
3,3,ciclo,2.8870696490323797
3,3,ciclo vida,3.1102132003465894
3,3,ciencia,2.7047480922384253
3,3,ciencias,1.723918839226699
3,3,ciencias básicas,2.1939224684724348
3,3,ciencias ingeniería,2.7047480922384253
3,3,civil,2.550597412411167
3,3,civil computación,3.1102132003465894
3,3,colaborativamente,3.1102132003465894
3,3,competencias,1.9315582040049435
3,3,competencias genéricas,3.1102132003465894
3,3,complejos,2.550597412411167
3,3,comprometido,2.8870696490323797
3,3,compromiso,3.1102132003465894
3,3,computacionales,2.1939224684724348
3,3,computación,2.2992829841302607
3,3,computación informática,2.550597412411167
3,3,comunicaciones,2.550597412411167
3,3,comunicación,1.9315582040049435
3,3,comunicación efectiva,2.8870696490323797
3,3,comunicarse,3.1102132003465894
3,3,común,3.1102132003465894
3,3,concebir,2.8870696490323797
3,3,concebir diseñar,3.1102132003465894
3,3,conocimiento,3.1102132003465894
3,3,conocimientos,1.723918839226699
3,3,conocimientos herramientas,3.1102132003465894
3,3,considerando,2.1939224684724348
3,3,considerando impacto,3.3978952727983707
3,3,constante,2.8870696490323797
3,3,construir,2.8870696490323797
3,3,consultor,2.8870696490323797
3,3,contexto,2.550597412411167
3,3,contexto global,3.3978952727983707
3,3,contextos,2.550597412411167
3,3,continua,2.4170660197866445
3,3,contribuir,2.8870696490323797
3,3,contribuyendo,2.7047480922384253
3,3,coquimbo,3.3978952727983707
3,3,criterios,2.550597412411167
3,3,criterios calidad,3.1102132003465894
3,3,criterios seguridad,3.1102132003465894
3,3,crítico,2.8870696490323797
3,3,cuenta,2.7047480922384253
3,3,cultura,3.1102132003465894
3,3,datos,1.663294217410264
3,3,decisiones,2.09861228866811
3,3,desafíos,2.7047480922384253
3,3,desarrolla,2.550597412411167
3,3,desarrollar,1.8574502318512216
3,3,desarrollar proyectos,2.8870696490323797
3,3,desarrollar soluciones,2.8870696490323797
3,3,desarrollo,1.6061358035703155
3,3,desarrollo profesional,3.1102132003465894
3,3,desarrollo software,2.7047480922384253
3,3,desarrollo soluciones,3.1102132003465894
3,3,desempeñarse,2.2992829841302607
3,3,desempeño,3.1102132003465894
3,3,digital,2.550597412411167
3,3,digitales,3.1102132003465894
3,3,disciplina,2.8870696490323797
3,3,disciplinar,3.1102132003465894
3,3,diseña,2.8870696490323797
3,3,diseñar,1.6061358035703155
3,3,diseñar desarrollar,2.7047480922384253
3,3,diseñar implementar,2.4170660197866445
3,3,diseño,2.8870696490323797
3,3,distintas,3.1102132003465894
3,3,distintos,2.8870696490323797
3,3,diversidad,3.1102132003465894
3,3,diversos,2.7047480922384253
3,3,económico,3.3978952727983707
3,3,económico ambiental,3.3978952727983707
3,3,efectiva,2.7047480922384253
3,3,eficiencia,2.4170660197866445
3,3,eficiente,3.1102132003465894
3,3,egresado,2.8870696490323797
3,3,egreso,2.550597412411167
3,3,egreso ingeniero,3.1102132003465894
3,3,ejecución,3.3978952727983707
3,3,ejercicio,3.1102132003465894
3,3,emergentes,2.550597412411167
3,3,emprendedor,3.1102132003465894
3,3,emprendedora,3.1102132003465894
3,3,emprendimiento,2.550597412411167
3,3,empresarial,2.7047480922384253
3,3,empresas,2.7047480922384253
3,3,enfoque,2.7047480922384253
3,3,entorno,2.550597412411167
3,3,entornos,3.1102132003465894
3,3,equipo,3.1102132003465894
3,3,equipos,1.55206858230004
3,3,equipos multidisciplinarios,2.1939224684724348
3,3,equipos trabajo,2.7047480922384253
3,3,especialidad,3.3978952727983707
3,3,especialización,3.3978952727983707
3,3,está,2.7047480922384253
3,3,está capacitado,2.7047480922384253
3,3,estándares,2.7047480922384253
3,3,evaluar,2.4170660197866445
3,3,evaluar gestionar,2.8870696490323797
3,3,evolución,2.7047480922384253
3,3,facultad,3.1102132003465894
3,3,fin,3.3978952727983707
3,3,forma,2.09861228866811
3,3,formación,1.4054651081081644
3,3,formación ciencias,2.550597412411167
3,3,formación permite,2.8870696490323797
3,3,formar,3.1102132003465894
3,3,función,3.3978952727983707
3,3,generar,3.1102132003465894
3,3,generar soluciones,3.1102132003465894
3,3,genéricas,3.1102132003465894
3,3,gestionar,1.723918839226699
3,3,gestionar proyectos,2.2992829841302607
3,3,gestión,1.9315582040049435
3,3,gestión proyectos,3.1102132003465894
3,3,global,2.550597412411167
3,3,global social,3.3978952727983707
3,3,habilidades,2.550597412411167
3,3,herramientas,2.4170660197866445
3,3,identificar,3.1102132003465894
3,3,idioma,3.3978952727983707
3,3,impacto,2.550597412411167
3,3,impacto acciones,3.3978952727983707
3,3,implementa,3.1102132003465894
3,3,implementar,1.8574502318512216
3,3,implementar operar,3.1102132003465894
3,3,implementar sistemas,3.1102132003465894
3,3,implementar soluciones,2.8870696490323797
3,3,industria,2.7047480922384253
3,3,industrial,3.1102132003465894
3,3,información,1.3184537311185345
3,3,información comunicaciones,2.550597412411167
3,3,información comunicación,3.3978952727983707
3,3,informática,1.4519851237430572
3,3,informática universidad,2.2992829841302607
3,3,informáticas,2.2992829841302607
3,3,informáticos,2.01160091167848
3,3,ingeniero,1.6061358035703155
3,3,ingeniero civil,2.550597412411167
3,3,ingeniero informática,2.8870696490323797
3,3,ingeniería,1.3610133455373306
3,3,ingeniería ciencias,3.1102132003465894
3,3,ingeniería computación,3.1102132003465894
3,3,ingeniería software,2.8870696490323797
3,3,inglés,2.7047480922384253
3,3,innovación,1.723918839226699
3,3,innovación emprendimiento,2.8870696490323797
3,3,innovador,3.3978952727983707
3,3,innovadoras,2.550597412411167
3,3,institucionales,3.1102132003465894
3,3,instituciones,3.1102132003465894
3,3,integral,2.4170660197866445
3,3,integrales,3.1102132003465894
3,3,integrando,3.1102132003465894
3,3,integrar,2.8870696490323797
3,3,inteligencia,2.4170660197866445
3,3,inteligencia artificial,2.4170660197866445
3,3,interdisciplinarios,2.8870696490323797
3,3,jefe,2.8870696490323797
3,3,jefe carrera,3.3978952727983707
3,3,junto,2.7047480922384253
3,3,lenguajes,3.1102132003465894
3,3,liderar,2.4170660197866445
3,3,liderar equipos,2.8870696490323797
3,3,liderazgo,2.550597412411167
3,3,manera,2.550597412411167
3,3,mediante,2.8870696490323797
3,3,medio,2.7047480922384253
3,3,mejora,2.550597412411167
3,3,mejora continua,2.7047480922384253
3,3,metodologías,2.4170660197866445
3,3,metropolitana,3.1102132003465894
3,3,mirada,3.1102132003465894
3,3,modelos,3.1102132003465894
3,3,multidisciplinarios,2.01160091167848
3,3,mundo,3.1102132003465894
3,3,nacional,3.3978952727983707
3,3,nacionales,3.3978952727983707
3,3,necesidades,2.1939224684724348
3,3,necesidades organizaciones,3.1102132003465894
3,3,negocio,3.1102132003465894
3,3,negocios,2.8870696490323797
3,3,nivel,2.4170660197866445
3,3,normas,3.1102132003465894
3,3,nuevas,3.1102132003465894
3,3,objetivos,3.1102132003465894
3,3,operar,3.1102132003465894
3,3,operativa,3.1102132003465894
3,3,operativos,3.1102132003465894
3,3,oportunidades,3.3978952727983707
3,3,oportunidades negocio,3.3978952727983707
3,3,organizacional,3.1102132003465894
3,3,organizacionales,2.550597412411167
3,3,organizaciones,1.663294217410264
3,3,organizaciones considerando,3.3978952727983707
3,3,organizaciones públicas,3.1102132003465894
3,3,organización,2.4170660197866445
3,3,país,3.1102132003465894
3,3,pensamiento,2.7047480922384253
3,3,pensamiento crítico,2.8870696490323797
3,3,perfil,2.01160091167848
3,3,perfil egreso,2.7047480922384253
3,3,perfil profesional,2.7047480922384253
3,3,permanente,2.4170660197866445
3,3,permitan,2.8870696490323797
3,3,permite,1.8574502318512216
3,3,permiten,3.1102132003465894
3,3,personas,2.1939224684724348
3,3,planificación,3.3978952727983707
3,3,planificar,2.7047480922384253
3,3,planificar evaluar,3.3978952727983707
3,3,plataformas,2.550597412411167
3,3,podrá,3.1102132003465894
3,3,posee,2.09861228866811
3,3,posee sólida,3.1102132003465894
3,3,principios,2.4170660197866445
3,3,principios éticos,3.1102132003465894
3,3,privadas,2.8870696490323797
3,3,proactividad,3.1102132003465894
3,3,problemas,1.723918839226699
3,3,problemas complejos,2.550597412411167
3,3,procesos,1.8574502318512216
3,3,procesos sistemas,3.1102132003465894
3,3,procesos transformación,3.1102132003465894
3,3,productos,2.4170660197866445
3,3,profesional,1.238411023444998
3,3,profesional capaz,2.8870696490323797
3,3,profesional ingeniero,3.3978952727983707
3,3,profesional integral,3.1102132003465894
3,3,profesionales,2.2992829841302607
3,3,programa,3.3978952727983707
3,3,programación,2.8870696490323797
3,3,promueve,3.1102132003465894
3,3,propios,2.8870696490323797
3,3,proyecto,3.3978952727983707
3,3,proyectos,1.2006706954621513
3,3,proyectos considerando,3.3978952727983707
3,3,proyectos informáticos,2.2992829841302607
3,3,proyectos software,3.1102132003465894
3,3,proyectos tecnológicos,3.1102132003465894
3,3,prácticas,2.7047480922384253
3,3,prácticas industria,3.3978952727983707
3,3,pudiendo,3.1102132003465894
3,3,pudiendo desempeñarse,3.1102132003465894
3,3,puede,2.7047480922384253
3,3,puede desempeñarse,3.1102132003465894
3,3,públicas,2.8870696490323797
3,3,públicas privadas,2.8870696490323797
3,3,quehacer,3.1102132003465894
3,3,quehacer profesional,3.3978952727983707
3,3,realizar,3.1102132003465894
3,3,recursos,2.8870696490323797
3,3,redes,2.4170660197866445
3,3,redes datos,3.1102132003465894
3,3,región,3.1102132003465894
3,3,relacionados,2.8870696490323797
3,3,relacionados tecnologías,3.1102132003465894
3,3,requerimientos,2.7047480922384253
3,3,resolución,3.1102132003465894
3,3,resolver,1.8574502318512216
3,3,resolver problemas,2.1939224684724348
3,3,responsabilidad,2.01160091167848
3,3,responsabilidad social,2.1939224684724348
3,3,responsable,3.1102132003465894
3,3,rol,3.3978952727983707
3,3,rol ingeniero,3.3978952727983707
3,3,sector,3.1102132003465894
3,3,seguridad,2.01160091167848
3,3,seguridad información,2.550597412411167
3,3,según,2.7047480922384253
3,3,sentido,2.550597412411167
3,3,serena,3.3978952727983707
3,3,servicios,2.2992829841302607
3,3,siendo,3.1102132003465894
3,3,siendo capaz,3.1102132003465894
3,3,sistemas,1.5007752879124892
3,3,sistemas computacionales,2.550597412411167
3,3,sistemas información,2.550597412411167
3,3,sistemas software,3.1102132003465894
3,3,situaciones,3.1102132003465894
3,3,social,1.9315582040049435
3,3,social económico,3.3978952727983707
3,3,sociales,2.7047480922384253
3,3,sociedad,2.4170660197866445
3,3,software,1.4054651081081644
3,3,soluciones,1.3184537311185345
3,3,soluciones informáticas,2.4170660197866445
3,3,soluciones software,2.7047480922384253
3,3,soluciones tecnológicas,2.2992829841302607
3,3,sostenible,2.7047480922384253
3,3,sostenibles,3.1102132003465894
3,3,sustentabilidad,3.1102132003465894
3,3,sólida,2.1939224684724348
3,3,sólida formación,2.2992829841302607
3,3,sólidos,2.8870696490323797
3,3,tales,3.1102132003465894
3,3,tecnología,2.8870696490323797
3,3,tecnologías,1.2776317365982797
3,3,tecnologías información,1.55206858230004
3,3,tecnológica,2.09861228866811
3,3,tecnológica metropolitana,3.3978952727983707
3,3,tecnológicas,2.09861228866811
3,3,tecnológico,2.4170660197866445
3,3,tecnológicos,2.2992829841302607
3,3,telecomunicaciones,3.1102132003465894
3,3,tic,3.1102132003465894
3,3,tiempo,3.1102132003465894
3,3,tipo,3.1102132003465894
3,3,titulado,3.1102132003465894
3,3,toma,2.1939224684724348
3,3,toma decisiones,2.1939224684724348
3,3,tomando,3.1102132003465894
3,3,trabajar,2.7047480922384253
3,3,trabajar equipos,3.1102132003465894
3,3,trabajo,1.7884573603642702
3,3,trabajo equipo,3.1102132003465894
3,3,transformación,2.2992829841302607
3,3,transformación digital,2.550597412411167
3,3,través,2.2992829841302607
3,3,técnica,3.1102132003465894
3,3,técnicas,3.1102132003465894
3,3,técnico,2.8870696490323797
3,3,técnicos,3.1102132003465894
3,3,ucn,3.3978952727983707
3,3,universidad,1.4519851237430572
3,3,universidad católica,3.1102132003465894
3,3,universidad tecnológica,3.3978952727983707
3,3,uso,2.8870696490323797
3,3,utilizando,3.1102132003465894
3,3,valor,3.1102132003465894
3,3,ver,3.3978952727983707
3,3,vida,2.7047480922384253
3,3,vigente,3.1102132003465894
3,3,visión,2.2992829841302607
3,3,ágiles,3.1102132003465894
3,3,ámbito,2.4170660197866445
3,3,área,2.8870696490323797
3,3,áreas,2.1939224684724348
3,3,énfasis,3.1102132003465894
3,3,ética,2.01160091167848
3,3,ético,2.8870696490323797
3,3,éticos,2.550597412411167
3,3,éticos sentido,3.1102132003465894
4,1,abordar,3.1102132003465894
4,1,acciones,3.1102132003465894
4,1,actualización,2.7047480922384253
4,1,acuerdo,2.8870696490323797
4,1,adaptarse,3.1102132003465894
4,1,además,2.1939224684724348
4,1,ambiental,2.8870696490323797
4,1,ambiente,2.8870696490323797
4,1,ambientes,3.1102132003465894
4,1,analista,3.3978952727983707
4,1,analista sistemas,3.3978952727983707
4,1,analizar,2.8870696490323797
4,1,analítica,2.8870696490323797
4,1,análisis,3.1102132003465894
4,1,aplicaciones,3.3978952727983707
4,1,aplicación,2.7047480922384253
4,1,aplicada,2.8870696490323797
4,1,aplicando,2.4170660197866445
4,1,aplicando conocimientos,2.8870696490323797
4,1,aplicar,2.550597412411167
4,1,aprendizaje,2.7047480922384253
4,1,artificial,2.7047480922384253
4,1,asimismo,2.8870696490323797
4,1,asociados,2.8870696490323797
4,1,así,2.550597412411167
4,1,autogestión,3.1102132003465894
4,1,año,3.1102132003465894
4,1,basadas,2.8870696490323797
4,1,bases,2.550597412411167
4,1,bases datos,2.7047480922384253
4,1,bien,2.7047480922384253
4,1,bien común,2.8870696490323797
4,1,buenas,3.3978952727983707
4,1,buenas prácticas,3.3978952727983707
4,1,básicas,2.2992829841302607
4,1,búsqueda,3.3978952727983707
4,1,calidad,2.2992829841302607
4,1,calidad seguridad,2.8870696490323797
4,1,cambio,3.1102132003465894
4,1,campo,2.8870696490323797
4,1,capaces,2.4170660197866445
4,1,capacidad,1.8574502318512216
4,1,capacidades,2.8870696490323797
4,1,capacitado,2.8870696490323797
4,1,capaz,2.01160091167848
4,1,carrera,2.01160091167848
4,1,carrera universidad,2.7047480922384253
4,1,católica,2.8870696490323797
4,1,ciencia,2.7047480922384253
4,1,ciencia datos,3.1102132003465894
4,1,ciencias,1.8574502318512216
4,1,ciencias básicas,2.2992829841302607
4,1,ciencias ingeniería,2.7047480922384253
4,1,civil,2.7047480922384253
4,1,cliente,3.3978952727983707
4,1,competencias,2.09861228866811
4,1,complejos,2.4170660197866445
4,1,comprometido,2.7047480922384253
4,1,compromiso,2.1939224684724348
4,1,compromiso social,2.8870696490323797
4,1,compromiso ético,3.1102132003465894
4,1,computacionales,2.7047480922384253
4,1,computación,2.1939224684724348
4,1,computación informática,2.7047480922384253
4,1,computadores,3.1102132003465894
4,1,comunicaciones,3.1102132003465894
4,1,comunicación,2.01160091167848
4,1,comunicación efectiva,2.7047480922384253
4,1,comunicarse,2.8870696490323797
4,1,común,2.7047480922384253
4,1,común partir,3.3978952727983707
4,1,concebir,3.1102132003465894
4,1,concebir diseñar,3.1102132003465894
4,1,concepción,3.1102132003465894
4,1,conocimiento,3.1102132003465894
4,1,conocimientos,1.7884573603642702
4,1,considerando,2.7047480922384253
4,1,constante,2.8870696490323797
4,1,contexto,2.4170660197866445
4,1,contexto global,3.3978952727983707
4,1,contextos,2.1939224684724348
4,1,continua,2.7047480922384253
4,1,creación,3.1102132003465894
4,1,crear,3.1102132003465894
4,1,cristiana,3.1102132003465894
4,1,cristiana mundo,3.3978952727983707
4,1,crítico,2.7047480922384253
4,1,cualquier,2.8870696490323797
4,1,datos,1.663294217410264
4,1,datos sistemas,3.1102132003465894
4,1,decisiones,2.2992829841302607
4,1,definidos,3.3978952727983707
4,1,departamento,3.3978952727983707
4,1,desarrolla,2.4170660197866445
4,1,desarrollar,2.1939224684724348
4,1,desarrollar soluciones,3.1102132003465894
4,1,desarrollo,1.55206858230004
4,1,desarrollo software,3.1102132003465894
4,1,desarrollo sustentable,3.1102132003465894
4,1,desempeña,3.1102132003465894
4,1,desempeña instituciones,3.3978952727983707
4,1,desempeñarse,2.4170660197866445
4,1,desempeño,2.8870696490323797
4,1,desenvolverse,2.7047480922384253
4,1,destacan,3.1102132003465894
4,1,diferentes,2.8870696490323797
4,1,digital,2.4170660197866445
4,1,digitales,2.2992829841302607
4,1,dignidad,3.3978952727983707
4,1,dignidad persona,3.3978952727983707
4,1,disciplina,2.8870696490323797
4,1,disciplinar,3.1102132003465894
4,1,diseña,2.7047480922384253
4,1,diseñar,2.09861228866811
4,1,diseñar desarrollar,3.1102132003465894
4,1,diseñar implementar,2.7047480922384253
4,1,diseño,2.2992829841302607
4,1,distintas,2.8870696490323797
4,1,diversa,2.7047480922384253
4,1,diversa índole,2.8870696490323797
4,1,diversas,3.1102132003465894
4,1,diversas problemáticas,3.3978952727983707
4,1,diversidad,3.1102132003465894
4,1,diversos,2.8870696490323797
4,1,duración,3.1102132003465894
4,1,económico,3.3978952727983707
4,1,efectiva,2.1939224684724348
4,1,eficiencia,2.550597412411167
4,1,egresado,2.09861228866811
4,1,egreso,2.1939224684724348
4,1,ejecución,3.1102132003465894
4,1,ello,3.1102132003465894
4,1,emprender,3.1102132003465894
4,1,emprendimiento,2.8870696490323797
4,1,empresas,2.7047480922384253
4,1,enfocado,3.3978952727983707
4,1,equipo,2.7047480922384253
4,1,equipos,1.723918839226699
4,1,equipos multidisciplinarios,2.4170660197866445
4,1,equipos trabajo,2.2992829841302607
4,1,especialidad,3.3978952727983707
4,1,específicas,3.1102132003465894
4,1,estrategias,3.1102132003465894
4,1,estratégica,3.3978952727983707
4,1,estratégico,2.8870696490323797
4,1,está,2.8870696490323797
4,1,estándares,2.1939224684724348
4,1,estándares calidad,3.3978952727983707
4,1,evaluación,2.7047480922384253
4,1,evaluando,3.1102132003465894
4,1,evaluar,2.4170660197866445
4,1,evolución,2.550597412411167
4,1,forma,1.9315582040049435
4,1,formación,1.723918839226699
4,1,formación ciencias,2.7047480922384253
4,1,formativo,3.3978952727983707
4,1,formular,2.8870696490323797
4,1,función,3.3978952727983707
4,1,fundamentos,3.1102132003465894
4,1,generación,3.1102132003465894
4,1,generando,2.8870696490323797
4,1,generar,3.1102132003465894
4,1,gestionar,2.01160091167848
4,1,gestionar proyectos,2.550597412411167
4,1,gestión,2.09861228866811
4,1,gestión proyectos,2.7047480922384253
4,1,global,3.1102132003465894
4,1,habilidades,2.4170660197866445
4,1,hardware,2.8870696490323797
4,1,herramientas,2.1939224684724348
4,1,humana,3.1102132003465894
4,1,identificar,2.7047480922384253
4,1,idioma,2.8870696490323797
4,1,idioma inglés,2.8870696490323797
4,1,impacto,2.8870696490323797
4,1,implementa,3.1102132003465894
4,1,implementación,3.1102132003465894
4,1,implementando,3.1102132003465894
4,1,implementando estrategias,3.3978952727983707
4,1,implementar,2.09861228866811
4,1,implementar soluciones,3.1102132003465894
4,1,industria,2.7047480922384253
4,1,información,1.3610133455373306
4,1,informática,1.723918839226699
4,1,informática universidad,2.550597412411167
4,1,informáticas,2.4170660197866445
4,1,informáticos,1.4519851237430572
4,1,ingeniero,1.8574502318512216
4,1,ingeniero civil,2.7047480922384253
4,1,ingeniero ejecución,3.1102132003465894
4,1,ingeniería,1.6061358035703155
4,1,ingeniería computación,2.8870696490323797
4,1,ingeniería software,2.1939224684724348
4,1,inglés,2.550597412411167
4,1,innovación,2.01160091167848
4,1,innovadoras,2.7047480922384253
4,1,instituciones,2.8870696490323797
4,1,instituciones públicas,2.8870696490323797
4,1,institución,3.3978952727983707
4,1,instituto,2.7047480922384253
4,1,instituto profesional,3.1102132003465894
4,1,instituto tecnológico,3.3978952727983707
4,1,integración,3.1102132003465894
4,1,integral,2.4170660197866445
4,1,integrales,3.1102132003465894
4,1,integrales basadas,3.3978952727983707
4,1,integrar,3.1102132003465894
4,1,inteligencia,2.2992829841302607
4,1,inteligencia artificial,2.7047480922384253
4,1,inteligencia negocios,3.1102132003465894
4,1,internacionales,3.3978952727983707
4,1,investigación,2.550597412411167
4,1,junto,3.3978952727983707
4,1,laboral,3.1102132003465894
4,1,legal,3.3978952727983707
4,1,legal vigente,3.3978952727983707
4,1,lenguajes,3.1102132003465894
4,1,lenguajes programación,3.1102132003465894
4,1,lidera,3.3978952727983707
4,1,lidera proyectos,3.3978952727983707
4,1,liderando,3.3978952727983707
4,1,liderando equipos,3.3978952727983707
4,1,liderar,2.09861228866811
4,1,liderar equipos,2.4170660197866445
4,1,liderazgo,2.7047480922384253
4,1,malla,3.1102132003465894
4,1,manejo,3.1102132003465894
4,1,manera,2.8870696490323797
4,1,mantención,2.7047480922384253
4,1,marco,2.8870696490323797
4,1,mediante,3.1102132003465894
4,1,medio,2.550597412411167
4,1,medio ambiente,2.8870696490323797
4,1,mejora,2.550597412411167
4,1,mejora continua,3.1102132003465894
4,1,mejora procesos,3.3978952727983707
4,1,metodologías,2.4170660197866445
4,1,modelos,3.1102132003465894
4,1,multidisciplinarios,1.9315582040049435
4,1,mundo,2.550597412411167
4,1,mundo vida,3.3978952727983707
4,1,nacional,2.8870696490323797
4,1,necesidades,2.1939224684724348
4,1,negocios,2.4170660197866445
4,1,nivel,2.2992829841302607
4,1,nivel superior,3.3978952727983707
4,1,normativa,3.1102132003465894
4,1,normativa legal,3.3978952727983707
4,1,nuevas,2.8870696490323797
4,1,nuevas tecnologías,3.1102132003465894
4,1,objetivos,2.7047480922384253
4,1,opera,3.1102132003465894
4,1,operar,3.1102132003465894
4,1,organizacionales,2.7047480922384253
4,1,organizaciones,1.723918839226699
4,1,organización,2.1939224684724348
4,1,organización evaluando,3.3978952727983707
4,1,orientado,3.3978952727983707
4,1,partir,2.8870696490323797
4,1,partir visión,3.3978952727983707
4,1,país,2.7047480922384253
4,1,pensamiento,2.8870696490323797
4,1,pensamiento crítico,2.8870696490323797
4,1,perfil,1.9315582040049435
4,1,perfil egreso,2.1939224684724348
4,1,permanente,2.8870696490323797
4,1,permitan,2.8870696490323797
4,1,permite,2.4170660197866445
4,1,permitirá,3.1102132003465894
4,1,persona,2.7047480922384253
4,1,persona humana,3.3978952727983707
4,1,personas,2.550597412411167
4,1,pertinentes,3.1102132003465894
4,1,plan,2.8870696490323797
4,1,planificación,3.3978952727983707
4,1,planificar,2.8870696490323797
4,1,plataformas,3.1102132003465894
4,1,podrá,3.3978952727983707
4,1,posee,2.4170660197866445
4,1,presencial,3.3978952727983707
4,1,principios,2.1939224684724348
4,1,principios sello,3.3978952727983707
4,1,principios éticos,3.1102132003465894
4,1,privadas,2.8870696490323797
4,1,privado,3.1102132003465894
4,1,problemas,1.8574502318512216
4,1,problemas complejos,2.7047480922384253
4,1,problemáticas,2.8870696490323797
4,1,procesos,1.8574502318512216
4,1,producción,3.1102132003465894
4,1,profesional,1.238411023444998
4,1,profesional integral,3.1102132003465894
4,1,profesionales,2.09861228866811
4,1,profesionales capaces,3.1102132003465894
4,1,profesión,2.8870696490323797
4,1,programa,2.550597412411167
4,1,programación,2.7047480922384253
4,1,programador,3.3978952727983707
4,1,promoción,3.1102132003465894
4,1,promoción bien,3.1102132003465894
4,1,promueve,3.3978952727983707
4,1,propios,3.3978952727983707
4,1,proyectos,1.3610133455373306
4,1,proyectos informáticos,2.09861228866811
4,1,proyectos tecnologías,3.3978952727983707
4,1,proyectos tecnológicos,2.7047480922384253
4,1,prácticas,3.3978952727983707
4,1,prácticas industria,3.3978952727983707
4,1,puede,3.3978952727983707
4,1,públicas,2.8870696490323797
4,1,públicas privadas,2.8870696490323797
4,1,público,3.1102132003465894
4,1,realizar,2.8870696490323797
4,1,recursos,2.2992829841302607
4,1,redes,3.1102132003465894
4,1,región,3.3978952727983707
4,1,requerimientos,3.1102132003465894
4,1,requerimientos cliente,3.3978952727983707
4,1,resolución,3.1102132003465894
4,1,resolución problemas,3.1102132003465894
4,1,resolver,2.1939224684724348
4,1,resolver problemas,2.4170660197866445
4,1,respeto,2.8870696490323797
4,1,responsabilidad,2.4170660197866445
4,1,responsabilidad social,2.550597412411167
4,1,responsable,2.8870696490323797
4,1,sector,2.8870696490323797
4,1,sede,3.3978952727983707
4,1,seguridad,2.09861228866811
4,1,según,2.7047480922384253
4,1,según principios,3.3978952727983707
4,1,sello,2.550597412411167
4,1,semestres,3.1102132003465894
4,1,servicios,2.2992829841302607
4,1,siendo,2.7047480922384253
4,1,siendo capaz,2.8870696490323797
4,1,siguiendo,3.3978952727983707
4,1,sistemas,1.4519851237430572
4,1,sistemas computacionales,3.1102132003465894
4,1,sistemas información,2.550597412411167
4,1,sistemas informáticos,2.1939224684724348
4,1,social,1.7884573603642702
4,1,sociedad,2.7047480922384253
4,1,software,1.55206858230004
4,1,software tecnologías,3.1102132003465894
4,1,soluciones,1.4054651081081644
4,1,soluciones computacionales,3.1102132003465894
4,1,soluciones informáticas,2.8870696490323797
4,1,soluciones innovadoras,3.3978952727983707
4,1,soluciones integrales,3.3978952727983707
4,1,soluciones tecnológicas,2.8870696490323797
4,1,solución,3.1102132003465894
4,1,sostenible,3.1102132003465894
4,1,superior,3.3978952727983707
4,1,sustentable,2.8870696490323797
4,1,sólida,2.2992829841302607
4,1,sólida formación,2.2992829841302607
4,1,tecnologías,1.3184537311185345
4,1,tecnologías información,1.6061358035703155
4,1,tecnológica,2.550597412411167
4,1,tecnológicas,2.2992829841302607
4,1,tecnológico,2.8870696490323797
4,1,tecnológico universidad,3.3978952727983707
4,1,tecnológicos,2.09861228866811
4,1,tic,3.1102132003465894
4,1,titulados,3.1102132003465894
4,1,toma,2.4170660197866445
4,1,toma decisiones,2.4170660197866445
4,1,trabajar,2.8870696490323797
4,1,trabajo,1.6061358035703155
4,1,trabajo multidisciplinarios,3.1102132003465894
4,1,transformación,2.2992829841302607
4,1,transformación digital,2.4170660197866445
4,1,través,2.2992829841302607
4,1,técnicas,2.7047480922384253
4,1,técnico,3.1102132003465894
4,1,técnicos,3.1102132003465894
4,1,título,2.8870696490323797
4,1,título profesional,3.1102132003465894
4,1,universidad,1.55206858230004
4,1,universidad católica,2.8870696490323797
4,1,universitario,3.3978952727983707
4,1,uso,2.7047480922384253
4,1,utilizando,3.1102132003465894
4,1,utilizando herramientas,3.3978952727983707
4,1,valor,2.4170660197866445
4,1,vida,2.8870696490323797
4,1,vida según,3.3978952727983707
4,1,vigente,3.1102132003465894
4,1,visión,2.550597412411167
4,1,visión cristiana,3.3978952727983707
4,1,ámbito,2.8870696490323797
4,1,ámbitos,2.7047480922384253
4,1,área,2.8870696490323797
4,1,áreas,3.1102132003465894
4,1,ética,2.4170660197866445
4,1,ético,2.4170660197866445
4,1,ético social,3.3978952727983707
4,1,éticos,3.1102132003465894
4,1,índole,2.8870696490323797
4,2,000,3.3978952727983707
4,2,10,2.8870696490323797
4,2,2026,3.3978952727983707
4,2,acciones,3.3978952727983707
4,2,acciones contexto,3.3978952727983707
4,2,acorde,3.1102132003465894
4,2,acreditación,3.3978952727983707
4,2,actitud,2.8870696490323797
4,2,actualización,2.8870696490323797
4,2,acuerdo,2.7047480922384253
4,2,adaptarse,2.8870696490323797
4,2,además,2.2992829841302607
4,2,además planificar,3.3978952727983707
4,2,admisión,3.3978952727983707
4,2,ambiental,3.1102132003465894
4,2,analista,3.1102132003465894
4,2,analizar,2.7047480922384253
4,2,analítica,2.8870696490323797
4,2,análisis,2.7047480922384253
4,2,aplica,2.8870696490323797
4,2,aplicaciones,3.1102132003465894
4,2,aplicación,2.8870696490323797
4,2,aplicada,2.8870696490323797
4,2,aplicar,2.8870696490323797
4,2,apoyar,2.7047480922384253
4,2,aprendizaje,2.1939224684724348
4,2,artificial,2.550597412411167
4,2,asimismo,2.8870696490323797
4,2,asociados,2.8870696490323797
4,2,así,2.4170660197866445
4,2,automatización,2.8870696490323797
4,2,autónoma,2.7047480922384253
4,2,años,3.3978952727983707
4,2,base,2.8870696490323797
4,2,bases,2.550597412411167
4,2,bases datos,2.550597412411167
4,2,bien,2.8870696490323797
4,2,bien común,2.8870696490323797
4,2,buenas,2.7047480922384253
4,2,buenas prácticas,2.7047480922384253
4,2,básicas,2.550597412411167
4,2,calidad,2.1939224684724348
4,2,calidad seguridad,3.1102132003465894
4,2,campo,3.1102132003465894
4,2,campus,3.3978952727983707
4,2,capaces,2.2992829841302607
4,2,capacidad,1.723918839226699
4,2,capacidad trabajar,2.550597412411167
4,2,capacidades,3.1102132003465894
4,2,capacitado,3.1102132003465894
4,2,capaz,2.01160091167848
4,2,capaz concebir,3.3978952727983707
4,2,cargos,3.3978952727983707
4,2,carrera,1.9315582040049435
4,2,carrera universidad,3.1102132003465894
4,2,carreras,3.1102132003465894
4,2,católica,2.4170660197866445
4,2,católica santísima,3.1102132003465894
4,2,certificación,3.3978952727983707
4,2,chile,3.3978952727983707
4,2,ciberseguridad,3.3978952727983707
4,2,ciclo,2.8870696490323797
4,2,ciclo vida,3.1102132003465894
4,2,ciencia,3.1102132003465894
4,2,ciencia datos,3.3978952727983707
4,2,ciencias,1.663294217410264
4,2,ciencias básicas,2.550597412411167
4,2,ciencias computación,3.1102132003465894
4,2,ciencias ingeniería,2.4170660197866445
4,2,civil,2.7047480922384253
4,2,civil informático,3.1102132003465894
4,2,cliente,3.3978952727983707
4,2,colaborar,3.1102132003465894
4,2,colaborativamente,3.1102132003465894
4,2,competencias,2.1939224684724348
4,2,complejos,2.7047480922384253
4,2,componentes,2.8870696490323797
4,2,comprometido,2.7047480922384253
4,2,comprometido respeto,3.1102132003465894
4,2,compromiso,2.550597412411167
4,2,compromiso ético,2.8870696490323797
4,2,computacionales,3.3978952727983707
4,2,computación,2.4170660197866445
4,2,computación informática,3.1102132003465894
4,2,comunicaciones,2.7047480922384253
4,2,comunicación,2.09861228866811
4,2,comunicación efectiva,2.7047480922384253
4,2,comunicarse,2.7047480922384253
4,2,comunicarse efectivamente,3.1102132003465894
4,2,común,2.7047480922384253
4,2,común partir,3.1102132003465894
4,2,concebir,3.3978952727983707
4,2,concebir diseñar,3.3978952727983707
4,2,concepción,2.8870696490323797
4,2,conocimiento,2.7047480922384253
4,2,conocimientos,1.663294217410264
4,2,considerando,2.7047480922384253
4,2,considerando impacto,3.3978952727983707
4,2,constante,2.8870696490323797
4,2,consultor,2.8870696490323797
4,2,contexto,2.4170660197866445
4,2,contexto global,3.1102132003465894
4,2,contextos,2.4170660197866445
4,2,continua,2.550597412411167
4,2,contribuir,2.7047480922384253
4,2,contribuyendo,2.8870696490323797
4,2,cristiana,2.8870696490323797
4,2,cristiana mundo,3.1102132003465894
4,2,criterios,2.8870696490323797
4,2,crítica,2.8870696490323797
4,2,crítico,2.550597412411167
4,2,datos,1.663294217410264
4,2,decil,3.3978952727983707
4,2,decisiones,2.1939224684724348
4,2,desafíos,2.7047480922384253
4,2,desarrolla,2.8870696490323797
4,2,desarrollar,1.9315582040049435
4,2,desarrollar soluciones,2.8870696490323797
4,2,desarrollo,1.5007752879124892
4,2,desarrollo software,2.2992829841302607
4,2,desempeña,2.8870696490323797
4,2,desempeñarse,2.1939224684724348
4,2,desempeño,2.8870696490323797
4,2,desenvolverse,2.8870696490323797
4,2,diferentes,3.1102132003465894
4,2,digital,2.7047480922384253
4,2,digitales,2.7047480922384253
4,2,dignidad,3.1102132003465894
4,2,dignidad persona,3.1102132003465894
4,2,disciplina,2.8870696490323797
4,2,disciplinar,3.1102132003465894
4,2,diseñar,2.09861228866811
4,2,diseñar implementar,2.550597412411167
4,2,diseño,2.09861228866811
4,2,diseño implementación,2.8870696490323797
4,2,distintas,2.8870696490323797
4,2,distintos,2.8870696490323797
4,2,diversas,3.1102132003465894
4,2,diversos,2.4170660197866445
4,2,económico,2.8870696490323797
4,2,económico ambiental,3.3978952727983707
4,2,efectiva,2.4170660197866445
4,2,eficiencia,2.4170660197866445
4,2,eficientes,2.8870696490323797
4,2,egresado,2.1939224684724348
4,2,egreso,2.7047480922384253
4,2,ejecución,3.1102132003465894
4,2,emergentes,2.550597412411167
4,2,emprender,3.1102132003465894
4,2,emprendimientos,2.7047480922384253
4,2,empresarial,3.3978952727983707
4,2,empresariales,3.3978952727983707
4,2,encuentra,3.1102132003465894
4,2,entorno,2.4170660197866445
4,2,equipos,1.6061358035703155
4,2,equipos multidisciplinarios,2.1939224684724348
4,2,equipos trabajo,2.7047480922384253
4,2,escuela,3.1102132003465894
4,2,especialización,2.8870696490323797
4,2,estrategias,3.3978952727983707
4,2,estándares,2.7047480922384253
4,2,estándares calidad,3.3978952727983707
4,2,evaluación,2.4170660197866445
4,2,evaluar,2.4170660197866445
4,2,evaluar gestionar,2.7047480922384253
4,2,evolución,2.8870696490323797
4,2,facultad,2.8870696490323797
4,2,fin,3.1102132003465894
4,2,forma,2.01160091167848
4,2,formación,1.6061358035703155
4,2,formación permite,2.8870696490323797
4,2,generación,3.1102132003465894
4,2,generar,2.4170660197866445
4,2,generar soluciones,2.7047480922384253
4,2,gestiona,3.3978952727983707
4,2,gestionar,1.9315582040049435
4,2,gestionar proyectos,2.2992829841302607
4,2,gestión,1.9315582040049435
4,2,gestión información,3.3978952727983707
4,2,gestión proyectos,2.8870696490323797
4,2,global,2.550597412411167
4,2,global social,3.3978952727983707
4,2,habilidades,2.550597412411167
4,2,hardware,2.7047480922384253
4,2,herramientas,2.1939224684724348
4,2,historia,3.3978952727983707
4,2,humana,2.8870696490323797
4,2,humana promoción,3.1102132003465894
4,2,identificar,3.1102132003465894
4,2,impacto,3.1102132003465894
4,2,impacto acciones,3.3978952727983707
4,2,implementación,2.2992829841302607
4,2,implementar,2.2992829841302607
4,2,implementar sistemas,2.8870696490323797
4,2,industria,2.4170660197866445
4,2,información,1.3184537311185345
4,2,información comunicaciones,2.7047480922384253
4,2,información comunicación,2.7047480922384253
4,2,informática,1.6061358035703155
4,2,informáticas,2.2992829841302607
4,2,informático,2.550597412411167
4,2,informático universidad,2.8870696490323797
4,2,informáticos,1.6061358035703155
4,2,ingeniero,1.723918839226699
4,2,ingeniero civil,2.7047480922384253
4,2,ingeniero ejecución,3.1102132003465894
4,2,ingeniería,1.6061358035703155
4,2,ingeniería software,3.1102132003465894
4,2,iniciativas,2.8870696490323797
4,2,innovación,1.723918839226699
4,2,innovador,3.3978952727983707
4,2,innovadoras,2.1939224684724348
4,2,instituciones,2.7047480922384253
4,2,instituciones públicas,2.8870696490323797
4,2,institución,3.1102132003465894
4,2,instituto,2.8870696490323797
4,2,instituto tecnológico,3.3978952727983707
4,2,integración,2.7047480922384253
4,2,integrador,3.3978952727983707
4,2,integral,2.8870696490323797
4,2,inteligencia,2.2992829841302607
4,2,inteligencia artificial,2.550597412411167
4,2,internacional,3.1102132003465894
4,2,jefe,2.8870696490323797
4,2,junto,3.1102132003465894
4,2,legal,3.3978952727983707
4,2,legal vigente,3.3978952727983707
4,2,lenguajes,2.7047480922384253
4,2,lenguajes programación,2.8870696490323797
4,2,liderando,3.3978952727983707
4,2,liderar,2.550597412411167
4,2,liderar equipos,2.8870696490323797
4,2,liderazgo,2.550597412411167
4,2,manager,3.3978952727983707
4,2,manera,2.550597412411167
4,2,mantención,3.1102132003465894
4,2,mediante,2.7047480922384253
4,2,medio,2.8870696490323797
4,2,mejora,2.1939224684724348
4,2,mejora continua,2.8870696490323797
4,2,mejora procesos,3.1102132003465894
4,2,metodologías,2.550597412411167
4,2,modelar,2.8870696490323797
4,2,modelos,2.8870696490323797
4,2,multidisciplinarios,2.01160091167848
4,2,mundo,2.7047480922384253
4,2,mundo vida,3.1102132003465894
4,2,necesidades,2.09861228866811
4,2,necesidades organización,3.3978952727983707
4,2,negocio,3.1102132003465894
4,2,negocios,2.550597412411167
4,2,nivel,2.550597412411167
4,2,niveles,2.8870696490323797
4,2,normativa,3.3978952727983707
4,2,normativa legal,3.3978952727983707
4,2,nuevas,2.8870696490323797
4,2,nuevos,3.3978952727983707
4,2,objetivos,2.7047480922384253
4,2,operación,3.1102132003465894
4,2,operativos,2.8870696490323797
4,2,organizacionales,2.7047480922384253
4,2,organizaciones,1.7884573603642702
4,2,organizaciones considerando,3.3978952727983707
4,2,organización,2.1939224684724348
4,2,partir,2.550597412411167
4,2,partir visión,3.1102132003465894
4,2,país,2.7047480922384253
4,2,pensamiento,2.7047480922384253
4,2,pensamiento crítico,2.8870696490323797
4,2,perfil,2.2992829841302607
4,2,perfil egreso,2.7047480922384253
4,2,permanente,2.1939224684724348
4,2,permitan,2.7047480922384253
4,2,permite,1.8574502318512216
4,2,permitirá,3.1102132003465894
4,2,persona,2.7047480922384253
4,2,persona humana,3.1102132003465894
4,2,personas,2.4170660197866445
4,2,plan,3.1102132003465894
4,2,planificar,3.1102132003465894
4,2,planificar evaluar,3.3978952727983707
4,2,plataformas,2.7047480922384253
4,2,podrá,3.3978952727983707
4,2,posee,2.1939224684724348
4,2,preparado,3.1102132003465894
4,2,presencial,3.1102132003465894
4,2,principios,2.09861228866811
4,2,principios sello,3.3978952727983707
4,2,principios éticos,3.1102132003465894
4,2,privadas,2.7047480922384253
4,2,privado,3.1102132003465894
4,2,proactividad,3.1102132003465894
4,2,problemas,1.723918839226699
4,2,problemáticas,2.8870696490323797
4,2,procesos,1.723918839226699
4,2,procesos sistemas,2.8870696490323797
4,2,productos,2.8870696490323797
4,2,profesional,1.238411023444998
4,2,profesionales,2.1939224684724348
4,2,profesionales capaces,2.8870696490323797
4,2,profesión,3.1102132003465894
4,2,programa,2.7047480922384253
4,2,programación,2.4170660197866445
4,2,promoción,3.1102132003465894
4,2,promoción bien,3.1102132003465894
4,2,propios,2.7047480922384253
4,2,proyectos,1.4054651081081644
4,2,proyectos considerando,3.3978952727983707
4,2,proyectos informáticos,2.4170660197866445
4,2,proyectos tecnologías,3.1102132003465894
4,2,proyectos tecnológicos,2.8870696490323797
4,2,prácticas,2.550597412411167
4,2,prácticas industria,3.1102132003465894
4,2,públicas,2.7047480922384253
4,2,públicas privadas,2.7047480922384253
4,2,recursos,2.4170660197866445
4,2,redes,2.7047480922384253
4,2,requerimientos,2.550597412411167
4,2,requerimientos cliente,3.3978952727983707
4,2,resolver,1.8574502318512216
4,2,resolver problemas,2.09861228866811
4,2,respeto,3.1102132003465894
4,2,respeto dignidad,3.1102132003465894
4,2,responsabilidad,2.09861228866811
4,2,responsabilidad social,2.2992829841302607
4,2,resultados,3.3978952727983707
4,2,rol,3.1102132003465894
4,2,rol ingeniero,3.3978952727983707
4,2,santísima,3.1102132003465894
4,2,santísima concepción,3.1102132003465894
4,2,seguridad,2.09861228866811
4,2,según,2.4170660197866445
4,2,según principios,3.1102132003465894
4,2,sello,2.4170660197866445
4,2,sentido,2.8870696490323797
4,2,servicios,2.2992829841302607
4,2,siendo,2.7047480922384253
4,2,siendo capaz,2.8870696490323797
4,2,sistemas,1.5007752879124892
4,2,sistemas información,2.8870696490323797
4,2,sistemas informáticos,2.550597412411167
4,2,sistemas redes,2.8870696490323797
4,2,social,1.9315582040049435
4,2,social económico,3.3978952727983707
4,2,sociales,3.1102132003465894
4,2,sociedad,2.4170660197866445
4,2,software,1.5007752879124892
4,2,soluciones,1.4054651081081644
4,2,soluciones informáticas,2.2992829841302607
4,2,soluciones innovadoras,2.8870696490323797
4,2,soluciones software,3.1102132003465894
4,2,soluciones tecnológicas,2.7047480922384253
4,2,superior,3.1102132003465894
4,2,sólidos,2.7047480922384253
4,2,tecnología,2.550597412411167
4,2,tecnologías,1.2776317365982797
4,2,tecnologías emergentes,2.8870696490323797
4,2,tecnologías información,1.6061358035703155
4,2,tecnológica,2.2992829841302607
4,2,tecnológicas,2.2992829841302607
4,2,tecnológico,2.8870696490323797
4,2,tecnológicos,2.1939224684724348
4,2,telecomunicaciones,2.8870696490323797
4,2,tic,2.7047480922384253
4,2,titulado,3.1102132003465894
4,2,toma,2.4170660197866445
4,2,toma decisiones,2.4170660197866445
4,2,trabajar,2.4170660197866445
4,2,trabajar equipos,2.8870696490323797
4,2,trabajo,1.7884573603642702
4,2,transformación,2.4170660197866445
4,2,transformación digital,2.7047480922384253
4,2,través,2.01160091167848
4,2,técnicas,3.1102132003465894
4,2,técnico,2.8870696490323797
4,2,universidad,1.5007752879124892
4,2,universidad católica,2.4170660197866445
4,2,universitario,3.3978952727983707
4,2,uso,2.550597412411167
4,2,utilizando,2.7047480922384253
4,2,utilizando herramientas,3.3978952727983707
4,2,valor,2.8870696490323797
4,2,valparaíso,3.1102132003465894
4,2,vanguardia,3.3978952727983707
4,2,vida,2.4170660197866445
4,2,vida según,2.8870696490323797
4,2,vigente,3.1102132003465894
4,2,vinculación,3.3978952727983707
4,2,visión,2.2992829841302607
4,2,visión cristiana,2.8870696490323797
4,2,volúmenes,3.1102132003465894
4,2,volúmenes datos,3.1102132003465894
4,2,ámbito,2.4170660197866445
4,2,ámbitos,2.8870696490323797
4,2,área,2.4170660197866445
4,2,áreas,2.2992829841302607
4,2,ética,2.1939224684724348
4,2,ético,2.550597412411167
4,2,ético social,3.3978952727983707
4,2,éticos,2.7047480922384253
4,3,000,3.1102132003465894
4,3,000 arancel,3.3978952727983707
4,3,10,2.8870696490323797
4,3,2026,3.1102132003465894
4,3,25,3.3978952727983707
4,3,acciones,3.1102132003465894
4,3,acreditación,3.3978952727983707
4,3,actuar,3.1102132003465894
4,3,acuerdo,3.1102132003465894
4,3,además,2.01160091167848
4,3,admisión,3.1102132003465894
4,3,alto,2.8870696490323797
4,3,ambiental,2.7047480922384253
4,3,ambiente,2.8870696490323797
4,3,analizar,2.7047480922384253
4,3,analítica,2.8870696490323797
4,3,análisis,2.550597412411167
4,3,análisis datos,2.8870696490323797
4,3,aplica,2.7047480922384253
4,3,aplicación,2.4170660197866445
4,3,aplicada,2.8870696490323797
4,3,aplicando,2.2992829841302607
4,3,aplicando conocimientos,2.8870696490323797
4,3,aplicar,2.8870696490323797
4,3,apoyar,3.1102132003465894
4,3,aprendizaje,2.2992829841302607
4,3,arancel,3.3978952727983707
4,3,aranceles,3.3978952727983707
4,3,artificial,2.4170660197866445
4,3,asimismo,2.8870696490323797
4,3,así,2.7047480922384253
4,3,autónoma,2.8870696490323797
4,3,año,3.1102132003465894
4,3,años,3.3978952727983707
4,3,basadas,3.1102132003465894
4,3,base,2.7047480922384253
4,3,bases,2.8870696490323797
4,3,bases datos,3.1102132003465894
4,3,bien,2.7047480922384253
4,3,bien común,2.8870696490323797
4,3,buenas,3.1102132003465894
4,3,buenas prácticas,3.1102132003465894
4,3,básicas,2.09861228866811
4,3,básicas ciencias,2.8870696490323797
4,3,básicas ingeniería,2.8870696490323797
4,3,calidad,2.1939224684724348
4,3,calidad seguridad,3.1102132003465894
4,3,campo,3.1102132003465894
4,3,campus,3.1102132003465894
4,3,capacidad,1.9315582040049435
4,3,capacidad trabajar,2.8870696490323797
4,3,capacidades,2.7047480922384253
4,3,capaz,1.9315582040049435
4,3,capaz concebir,3.3978952727983707
4,3,características,3.1102132003465894
4,3,carrera,1.8574502318512216
4,3,carrera universidad,2.8870696490323797
4,3,carreras,3.1102132003465894
4,3,católica,2.7047480922384253
4,3,centrado,3.3978952727983707
4,3,certificaciones,3.3978952727983707
4,3,certificación,3.3978952727983707
4,3,chile,3.1102132003465894
4,3,ciberseguridad,3.1102132003465894
4,3,ciclo,3.3978952727983707
4,3,ciclo vida,3.3978952727983707
4,3,ciencia,2.2992829841302607
4,3,ciencia datos,2.7047480922384253
4,3,ciencias,1.6061358035703155
4,3,ciencias básicas,2.09861228866811
4,3,ciencias ingeniería,2.2992829841302607
4,3,civil,2.2992829841302607
4,3,civil computación,2.8870696490323797
4,3,colaborativamente,2.8870696490323797
4,3,competencias,1.8574502318512216
4,3,complejos,2.550597412411167
4,3,comprometido,2.8870696490323797
4,3,compromiso,2.1939224684724348
4,3,compromiso social,2.8870696490323797
4,3,computacionales,2.7047480922384253
4,3,computación,1.9315582040049435
4,3,computación informática,2.550597412411167
4,3,comunicaciones,2.550597412411167
4,3,comunicación,1.8574502318512216
4,3,comunicación efectiva,2.8870696490323797
4,3,comunicarse,2.7047480922384253
4,3,comunicarse efectivamente,3.1102132003465894
4,3,común,2.550597412411167
4,3,concebir,3.1102132003465894
4,3,concebir diseñar,3.1102132003465894
4,3,conocimiento,2.8870696490323797
4,3,conocimientos,1.7884573603642702
4,3,considerando,2.550597412411167
4,3,consultor,2.8870696490323797
4,3,contexto,2.2992829841302607
4,3,contextos,2.2992829841302607
4,3,continua,2.4170660197866445
4,3,contribuir,2.8870696490323797
4,3,contribuyendo,2.550597412411167
4,3,crear,3.1102132003465894
4,3,crítico,2.7047480922384253
4,3,cuenta,2.8870696490323797
4,3,datos,1.4519851237430572
4,3,decil,3.3978952727983707
4,3,decisiones,2.1939224684724348
4,3,demuestra,3.1102132003465894
4,3,departamento,3.3978952727983707
4,3,desafíos,2.7047480922384253
4,3,desarrolla,2.4170660197866445
4,3,desarrolla implementa,3.1102132003465894
4,3,desarrollar,1.8574502318512216
4,3,desarrollar soluciones,2.7047480922384253
4,3,desarrollo,1.5007752879124892
4,3,desarrollo software,2.7047480922384253
4,3,desarrollo soluciones,3.1102132003465894
4,3,desempeñarse,2.2992829841302607
4,3,desempeño,2.550597412411167
4,3,desenvolverse,3.1102132003465894
4,3,destacan,3.1102132003465894
4,3,diferentes,3.1102132003465894
4,3,digital,2.550597412411167
4,3,digitales,2.7047480922384253
4,3,director,3.3978952727983707
4,3,disciplina,2.550597412411167
4,3,diseña,2.7047480922384253
4,3,diseñar,1.9315582040049435
4,3,diseñar implementar,2.4170660197866445
4,3,diseño,2.550597412411167
4,3,diseño implementación,2.8870696490323797
4,3,distintas,2.550597412411167
4,3,diversa,3.1102132003465894
4,3,diversa índole,3.1102132003465894
4,3,diversas,2.8870696490323797
4,3,diversidad,2.8870696490323797
4,3,diversos,2.4170660197866445
4,3,económico,3.3978952727983707
4,3,educación,3.3978952727983707
4,3,efectiva,2.550597412411167
4,3,efectivamente,2.8870696490323797
4,3,eficiencia,2.4170660197866445
4,3,eficiente,3.1102132003465894
4,3,eficientes,2.8870696490323797
4,3,egresado,2.1939224684724348
4,3,egreso,2.2992829841302607
4,3,egreso ingeniero,2.8870696490323797
4,3,emergentes,2.8870696490323797
4,3,emprendimiento,2.4170660197866445
4,3,emprendimientos,2.7047480922384253
4,3,empresarial,3.1102132003465894
4,3,empresariales,3.3978952727983707
4,3,empresas,2.8870696490323797
4,3,enfocado,3.3978952727983707
4,3,enfoque,2.8870696490323797
4,3,entorno,2.550597412411167
4,3,equipo,2.8870696490323797
4,3,equipos,1.4519851237430572
4,3,equipos multidisciplinarios,2.2992829841302607
4,3,equipos trabajo,2.1939224684724348
4,3,especialidad,2.7047480922384253
4,3,especialización,3.1102132003465894
4,3,está,3.1102132003465894
4,3,estándares,2.550597412411167
4,3,evaluación,2.8870696490323797
4,3,evaluar,2.550597412411167
4,3,evaluar gestionar,3.1102132003465894
4,3,evolución,2.8870696490323797
4,3,experiencia,3.3978952727983707
4,3,forma,1.8574502318512216
4,3,formación,1.4519851237430572
4,3,formación ciencias,2.7047480922384253
4,3,formación permite,2.7047480922384253
4,3,función,3.3978952727983707
4,3,generación,2.8870696490323797
4,3,generando,2.8870696490323797
4,3,generar,2.550597412411167
4,3,generar soluciones,2.8870696490323797
4,3,gestiona,3.1102132003465894
4,3,gestionar,2.01160091167848
4,3,gestionar proyectos,2.8870696490323797
4,3,gestión,1.7884573603642702
4,3,gestión proyectos,2.4170660197866445
4,3,global,2.7047480922384253
4,3,habilidades,2.1939224684724348
4,3,haciendo,3.3978952727983707
4,3,hardware,2.4170660197866445
4,3,herramientas,2.2992829841302607
4,3,historia,3.3978952727983707
4,3,idioma,2.8870696490323797
4,3,idioma inglés,2.8870696490323797
4,3,impacto,3.1102132003465894
4,3,implementa,2.7047480922384253
4,3,implementación,2.4170660197866445
4,3,implementar,1.9315582040049435
4,3,implementar soluciones,2.8870696490323797
4,3,independiente,3.1102132003465894
4,3,industria,2.550597412411167
4,3,información,1.238411023444998
4,3,información comunicaciones,2.7047480922384253
4,3,información comunicación,2.7047480922384253
4,3,información organizaciones,3.1102132003465894
4,3,información software,3.1102132003465894
4,3,informática,1.4519851237430572
4,3,informática universidad,2.4170660197866445
4,3,informáticas,2.1939224684724348
4,3,informático,2.7047480922384253
4,3,informático universidad,3.1102132003465894
4,3,informáticos,1.6061358035703155
4,3,infraestructura,2.8870696490323797
4,3,ingeniero,1.4519851237430572
4,3,ingeniero civil,2.2992829841302607
4,3,ingeniero informática,2.8870696490323797
4,3,ingeniería,1.3610133455373306
4,3,ingeniería datos,3.1102132003465894
4,3,ingeniería software,1.9315582040049435
4,3,inglés,2.7047480922384253
4,3,iniciativas,3.1102132003465894
4,3,innovación,1.55206858230004
4,3,innovación emprendimiento,2.7047480922384253
4,3,innovación tecnológica,3.1102132003465894
4,3,innovadoras,2.2992829841302607
4,3,instituciones,3.1102132003465894
4,3,integración,2.8870696490323797
4,3,integral,2.4170660197866445
4,3,integrales,3.1102132003465894
4,3,inteligencia,2.2992829841302607
4,3,inteligencia artificial,2.4170660197866445
4,3,interdisciplinarios,2.7047480922384253
4,3,internacionales,3.1102132003465894
4,3,investigación,2.7047480922384253
4,3,junto,3.1102132003465894
4,3,laboral,3.1102132003465894
4,3,lenguajes,2.8870696490323797
4,3,lenguajes programación,3.1102132003465894
4,3,lidera,3.1102132003465894
4,3,lidera proyectos,3.3978952727983707
4,3,liderar,2.2992829841302607
4,3,liderar equipos,2.4170660197866445
4,3,liderazgo,2.7047480922384253
4,3,logro,3.1102132003465894
4,3,manager,3.3978952727983707
4,3,manera,2.550597412411167
4,3,marcos,3.3978952727983707
4,3,matemática,3.3978952727983707
4,3,mediante,2.8870696490323797
4,3,medio,2.2992829841302607
4,3,medio ambiente,2.8870696490323797
4,3,mejora,2.7047480922384253
4,3,mejora continua,3.1102132003465894
4,3,metodologías,2.4170660197866445
4,3,multidisciplinarios,1.8574502318512216
4,3,mundo,2.7047480922384253
4,3,nacional,2.8870696490323797
4,3,necesidades,2.1939224684724348
4,3,necesidades organizaciones,3.1102132003465894
4,3,negocio,3.1102132003465894
4,3,negocios,3.1102132003465894
4,3,nivel,2.2992829841302607
4,3,nuevas,2.8870696490323797
4,3,objetivos,3.3978952727983707
4,3,ocupacional,3.3978952727983707
4,3,operar,3.1102132003465894
4,3,operativos,3.1102132003465894
4,3,oportunidades,3.3978952727983707
4,3,optimización,3.1102132003465894
4,3,oral,3.1102132003465894
4,3,oral escrita,3.1102132003465894
4,3,organizacional,3.3978952727983707
4,3,organizacionales,2.2992829841302607
4,3,organizaciones,1.723918839226699
4,3,organización,2.2992829841302607
4,3,orientado,3.1102132003465894
4,3,país,2.8870696490323797
4,3,pensamiento,2.7047480922384253
4,3,pensamiento crítico,2.8870696490323797
4,3,perfil,2.09861228866811
4,3,perfil egreso,2.2992829841302607
4,3,permanente,2.7047480922384253
4,3,permitan,2.7047480922384253
4,3,permite,1.9315582040049435
4,3,persona,2.8870696490323797
4,3,personas,2.4170660197866445
4,3,plan,3.1102132003465894
4,3,planificar,3.1102132003465894
4,3,plataformas,2.8870696490323797
4,3,posee,2.09861228866811
4,3,presencial,3.1102132003465894
4,3,principios,2.4170660197866445
4,3,privadas,3.1102132003465894
4,3,privado,2.8870696490323797
4,3,problemas,1.9315582040049435
4,3,problemas complejos,2.8870696490323797
4,3,problemáticas,2.8870696490323797
4,3,procesos,1.9315582040049435
4,3,productivo,3.3978952727983707
4,3,profesional capaz,2.7047480922384253
4,3,profesional ingeniero,3.1102132003465894
4,3,profesionales,2.4170660197866445
4,3,profesión,3.1102132003465894
4,3,programa,2.7047480922384253
4,3,programación,2.8870696490323797
4,3,programas,3.1102132003465894
4,3,propios,3.1102132003465894
4,3,proyectos,1.238411023444998
4,3,proyectos informáticos,2.01160091167848
4,3,proyectos software,2.8870696490323797
4,3,proyectos tecnológicos,2.7047480922384253
4,3,prácticas,2.8870696490323797
4,3,públicas,3.1102132003465894
4,3,públicas privadas,3.1102132003465894
4,3,público,3.1102132003465894
4,3,quehacer,2.8870696490323797
4,3,quehacer profesional,2.8870696490323797
4,3,recursos,2.7047480922384253
4,3,redes,2.2992829841302607
4,3,redes computadores,3.3978952727983707
4,3,región,3.3978952727983707
4,3,relacionados,2.7047480922384253
4,3,requerimientos,3.1102132003465894
4,3,resolver,2.09861228866811
4,3,resolver problemas,2.4170660197866445
4,3,respetando,2.8870696490323797
4,3,responsabilidad,2.1939224684724348
4,3,responsabilidad social,2.2992829841302607
4,3,responsable,2.7047480922384253
4,3,resultados,3.3978952727983707
4,3,sector,2.8870696490323797
4,3,sector público,3.1102132003465894
4,3,sede,3.3978952727983707
4,3,seguridad,2.09861228866811
4,3,seguridad información,2.8870696490323797
4,3,según,2.8870696490323797
4,3,sello,2.7047480922384253
4,3,semestres,3.1102132003465894
4,3,sentido,2.8870696490323797
4,3,servicio,3.1102132003465894
4,3,servicios,2.2992829841302607
4,3,sistemas,1.4054651081081644
4,3,sistemas computacionales,3.1102132003465894
4,3,sistemas información,2.2992829841302607
4,3,sistemas informáticos,2.7047480922384253
4,3,sistemas redes,2.7047480922384253
4,3,sistémica,3.3978952727983707
4,3,social,1.7884573603642702
4,3,sociales,3.1102132003465894
4,3,sociedad,2.2992829841302607
4,3,software,1.3184537311185345
4,3,software hardware,2.7047480922384253
4,3,soluciones,1.2776317365982797
4,3,soluciones informáticas,2.550597412411167
4,3,soluciones tecnológicas,2.1939224684724348
4,3,sostenible,2.8870696490323797
4,3,superior,3.1102132003465894
4,3,sustentabilidad,3.1102132003465894
4,3,sustentable,3.1102132003465894
4,3,sólida,2.2992829841302607
4,3,sólida formación,2.2992829841302607
4,3,sólidos,2.8870696490323797
4,3,tecnología,2.550597412411167
4,3,tecnología información,3.1102132003465894
4,3,tecnologías,1.238411023444998
4,3,tecnologías información,1.4519851237430572
4,3,tecnológica,2.2992829841302607
4,3,tecnológicas,2.09861228866811
4,3,tecnológico,2.8870696490323797
4,3,tecnológicos,2.1939224684724348
4,3,telecomunicaciones,2.7047480922384253
4,3,tic,2.8870696490323797
4,3,titulado,2.8870696490323797
4,3,toma,2.2992829841302607
4,3,toma decisiones,2.2992829841302607
4,3,trabajar,2.7047480922384253
4,3,trabajo,1.6061358035703155
4,3,trabajo multidisciplinarios,2.8870696490323797
4,3,transformación,2.1939224684724348
4,3,transformación digital,2.550597412411167
4,3,través,2.01160091167848
4,3,trayectoria,2.8870696490323797
4,3,técnico,3.1102132003465894
4,3,técnicos,3.1102132003465894
4,3,título,2.8870696490323797
4,3,título profesional,2.8870696490323797
4,3,universidad,1.3184537311185345
4,3,universidad católica,2.7047480922384253
4,3,uso,2.7047480922384253
4,3,utilizando,2.8870696490323797
4,3,valor,2.4170660197866445
4,3,vanguardia,3.1102132003465894
4,3,vida,3.1102132003465894
4,3,vigente,2.8870696490323797
4,3,visión,2.550597412411167
4,3,ágiles,2.8870696490323797
4,3,ámbito,2.4170660197866445
4,3,ámbitos,2.7047480922384253
4,3,área,2.7047480922384253
4,3,áreas,2.1939224684724348
4,3,énfasis,2.8870696490323797
4,3,ética,1.9315582040049435
4,3,ético,2.4170660197866445
4,3,éticos,2.8870696490323797
4,3,índole,3.1102132003465894
