fold_externo,condicion,feature,idf
1,Original,000,3.751535313041949
1,Original,10,2.904237452654745
1,Original,2026,3.463853240590168
1,Original,25,3.751535313041949
1,Original,académico,3.2407096892759584
1,Original,acciones,3.2407096892759584
1,Original,acreditación,3.751535313041949
1,Original,actitud,3.0583881324820035
1,Original,actualización,3.0583881324820035
1,Original,adaptarse,2.904237452654745
1,Original,además,2.0169342576538423
1,Original,administración,3.0583881324820035
1,Original,administrar,3.0583881324820035
1,Original,admisión,3.463853240590168
1,Original,alto,3.0583881324820035
1,Original,ambiental,2.904237452654745
1,Original,ambiente,3.0583881324820035
1,Original,amplio,3.2407096892759584
1,Original,analizar,2.547562508716013
1,Original,analítica,3.2407096892759584
1,Original,anual,3.751535313041949
1,Original,análisis,2.6529230243738393
1,Original,análisis datos,3.0583881324820035
1,Original,aplica,3.2407096892759584
1,Original,aplicaciones,2.904237452654745
1,Original,aplicación,2.6529230243738393
1,Original,aplicada,2.7707060600302227
1,Original,aplicando,2.7707060600302227
1,Original,aplicar,2.3652409519220585
1,Original,aprendizaje,2.2110902720948
1,Original,arancel,3.751535313041949
1,Original,arancel anual,3.751535313041949
1,Original,aranceles,3.751535313041949
1,Original,artificial,2.285198244248522
1,Original,as,3.463853240590168
1,Original,asimismo,3.0583881324820035
1,Original,asociados,3.0583881324820035
1,Original,así,2.3652409519220585
1,Original,año,3.0583881324820035
1,Original,años,3.751535313041949
1,Original,basadas,3.463853240590168
1,Original,base,2.547562508716013
1,Original,bases,2.904237452654745
1,Original,bases datos,3.0583881324820035
1,Original,bien,2.904237452654745
1,Original,bien común,3.0583881324820035
1,Original,buenas,3.463853240590168
1,Original,buenas prácticas,3.463853240590168
1,Original,básicas,2.0775588794702773
1,Original,básicas ciencias,2.7707060600302227
1,Original,básicas ingeniería,3.0583881324820035
1,Original,calidad,2.0169342576538423
1,Original,calidad seguridad,3.463853240590168
1,Original,campo,2.904237452654745
1,Original,campus,3.463853240590168
1,Original,capaces,2.547562508716013
1,Original,capacidad,1.714653385780909
1,Original,capacidad trabajar,3.0583881324820035
1,Original,capacidades,2.904237452654745
1,Original,capacitado,2.7707060600302227
1,Original,capaz,2.0169342576538423
1,Original,capaz concebir,3.463853240590168
1,Original,carrera,1.672093771362113
1,Original,carrera ingeniería,2.3652409519220585
1,Original,carreras,3.463853240590168
1,Original,católica,2.904237452654745
1,Original,ciberseguridad,3.2407096892759584
1,Original,ciencia,2.6529230243738393
1,Original,ciencia datos,3.0583881324820035
1,Original,ciencias,1.672093771362113
1,Original,ciencias básicas,2.0775588794702773
1,Original,ciencias ingeniería,2.4522523289116878
1,Original,civil,1.672093771362113
1,Original,civil computación,2.904237452654745
1,Original,civil informática,2.142097400607849
1,Original,competencias,1.9057086225436182
1,Original,complejos,2.4522523289116878
1,Original,compromiso,2.285198244248522
1,Original,compromiso ético,3.2407096892759584
1,Original,computacionales,2.547562508716013
1,Original,computación,1.9057086225436182
1,Original,computación informática,2.3652409519220585
1,Original,comunicaciones,2.547562508716013
1,Original,comunicación,1.8056251639866356
1,Original,comunicación efectiva,2.6529230243738393
1,Original,comunicarse,2.904237452654745
1,Original,común,2.7707060600302227
1,Original,concebir,3.0583881324820035
1,Original,concebir diseñar,3.2407096892759584
1,Original,conocimiento,2.7707060600302227
1,Original,conocimientos,1.6312717768418579
1,Original,considerando,2.4522523289116878
1,Original,constante,2.904237452654745
1,Original,construir,3.0583881324820035
1,Original,consultor,3.0583881324820035
1,Original,contexto,2.285198244248522
1,Original,contexto global,3.463853240590168
1,Original,contextos,2.3652409519220585
1,Original,continua,3.0583881324820035
1,Original,continuo,3.0583881324820035
1,Original,contribuir,3.0583881324820035
1,Original,contribuyendo,3.0583881324820035
1,Original,creación,3.2407096892759584
1,Original,crear,3.0583881324820035
1,Original,criterios,2.904237452654745
1,Original,crítico,2.7707060600302227
1,Original,cuenta,2.7707060600302227
1,Original,datos,1.672093771362113
1,Original,decisiones,2.285198244248522
1,Original,desafíos,2.6529230243738393
1,Original,desarrolla,2.904237452654745
1,Original,desarrollar,1.959775843813894
1,Original,desarrollar soluciones,3.0583881324820035
1,Original,desarrollo,1.5543107357057295
1,Original,desarrollo sostenible,3.0583881324820035
1,Original,desempeñarse,2.3652409519220585
1,Original,desempeño,2.6529230243738393
1,Original,diferentes,3.2407096892759584
1,Original,digital,2.904237452654745
1,Original,digitales,2.7707060600302227
1,Original,dirección,3.463853240590168
1,Original,disciplina,2.6529230243738393
1,Original,disciplinar,3.2407096892759584
1,Original,diseñar,1.9057086225436182
1,Original,diseñar desarrollar,3.0583881324820035
1,Original,diseñar implementar,2.4522523289116878
1,Original,diseño,2.3652409519220585
1,Original,distintas,2.904237452654745
1,Original,distintos,2.904237452654745
1,Original,diversa,3.2407096892759584
1,Original,diversas,2.904237452654745
1,Original,diversidad,2.904237452654745
1,Original,diversos,2.7707060600302227
1,Original,docente,3.463853240590168
1,Original,duración,3.0583881324820035
1,Original,económico,3.0583881324820035
1,Original,educación,3.2407096892759584
1,Original,educación superior,3.751535313041949
1,Original,efectiva,2.3652409519220585
1,Original,eficiencia,2.547562508716013
1,Original,eficiente,3.0583881324820035
1,Original,eficientes,3.0583881324820035
1,Original,egresado,2.547562508716013
1,Original,egreso,2.285198244248522
1,Original,ejecución,3.2407096892759584
1,Original,ejercicio,2.904237452654745
1,Original,ello,3.0583881324820035
1,Original,emergentes,3.0583881324820035
1,Original,emprender,3.0583881324820035
1,Original,emprendimiento,2.6529230243738393
1,Original,empresarial,3.463853240590168
1,Original,empresariales,3.751535313041949
1,Original,empresas,2.4522523289116878
1,Original,enfoque,2.7707060600302227
1,Original,entorno,2.547562508716013
1,Original,equipo,2.6529230243738393
1,Original,equipos,1.672093771362113
1,Original,equipos multidisciplinarios,2.547562508716013
1,Original,equipos trabajo,2.3652409519220585
1,Original,especialidad,2.904237452654745
1,Original,estrategias,3.0583881324820035
1,Original,estudiantes,3.463853240590168
1,Original,estudios,2.904237452654745
1,Original,está,3.2407096892759584
1,Original,estándares,2.6529230243738393
1,Original,estándares calidad,3.463853240590168
1,Original,evaluación,3.0583881324820035
1,Original,evaluar,2.6529230243738393
1,Original,evaluar gestionar,3.463853240590168
1,Original,evolución,2.7707060600302227
1,Original,experiencia,3.463853240590168
1,Original,fin,2.904237452654745
1,Original,forma,1.959775843813894
1,Original,formación,1.672093771362113
1,Original,formación ciencias,2.904237452654745
1,Original,formar,2.904237452654745
1,Original,formativo,3.2407096892759584
1,Original,generación,3.0583881324820035
1,Original,generar,2.904237452654745
1,Original,genéricas,3.0583881324820035
1,Original,gestiona,3.463853240590168
1,Original,gestionar,2.0169342576538423
1,Original,gestionar proyectos,3.0583881324820035
1,Original,gestión,1.672093771362113
1,Original,gestión información,3.463853240590168
1,Original,gestión proyectos,2.547562508716013
1,Original,global,2.904237452654745
1,Original,habilidades,2.2110902720948
1,Original,hardware,2.7707060600302227
1,Original,herramientas,2.142097400607849
1,Original,herramientas tecnológicas,3.2407096892759584
1,Original,identificar,2.904237452654745
1,Original,idioma,2.7707060600302227
1,Original,idioma inglés,2.7707060600302227
1,Original,impacto,2.904237452654745
1,Original,implementa,3.463853240590168
1,Original,implementación,2.547562508716013
1,Original,implementar,1.959775843813894
1,Original,implementar soluciones,2.904237452654745
1,Original,industria,2.7707060600302227
1,Original,información,1.2666286632539485
1,Original,información comunicaciones,2.7707060600302227
1,Original,información comunicación,2.6529230243738393
1,Original,informática instituto,3.2407096892759584
1,Original,informática universidad,2.0169342576538423
1,Original,informáticas,2.3652409519220585
1,Original,informático,2.6529230243738393
1,Original,informáticos,1.714653385780909
1,Original,ingeniera,3.0583881324820035
1,Original,ingeniero,1.4828517717235845
1,Original,ingeniero civil,2.285198244248522
1,Original,ingeniero informática,2.7707060600302227
1,Original,ingenieros,3.0583881324820035
1,Original,ingeniería,1.1124779834266902
1,Original,ingeniería civil,2.2110902720948
1,Original,ingeniería informática,2.0775588794702773
1,Original,ingeniería software,2.285198244248522
1,Original,inglés,2.547562508716013
1,Original,innovación,1.8056251639866356
1,Original,innovación tecnológica,3.0583881324820035
1,Original,innovador,3.463853240590168
1,Original,innovadoras,2.547562508716013
1,Original,instituciones,3.2407096892759584
1,Original,instituto,3.2407096892759584
1,Original,instituto profesional,3.2407096892759584
1,Original,integración,2.904237452654745
1,Original,integral,2.285198244248522
1,Original,integrar,2.547562508716013
1,Original,inteligencia,2.2110902720948
1,Original,inteligencia artificial,2.285198244248522
1,Original,interdisciplinarios,2.904237452654745
1,Original,internacionales,3.463853240590168
1,Original,investigación,2.904237452654745
1,Original,jefe,2.904237452654745
1,Original,junto,2.904237452654745
1,Original,laboral,3.0583881324820035
1,Original,legal,3.463853240590168
1,Original,legal vigente,3.463853240590168
1,Original,liderando,3.463853240590168
1,Original,liderar,2.7707060600302227
1,Original,liderar equipos,2.904237452654745
1,Original,liderazgo,2.285198244248522
1,Original,malla,3.2407096892759584
1,Original,manejo,3.0583881324820035
1,Original,manera,2.2110902720948
1,Original,mantención,3.2407096892759584
1,Original,mediante,2.6529230243738393
1,Original,medio,2.7707060600302227
1,Original,mejora,3.0583881324820035
1,Original,metodologías,2.7707060600302227
1,Original,modelos,3.0583881324820035
1,Original,multidisciplinarios,2.0775588794702773
1,Original,mundo,2.4522523289116878
1,Original,nacional,2.904237452654745
1,Original,necesidades,2.0775588794702773
1,Original,negocio,3.0583881324820035
1,Original,negocios,2.6529230243738393
1,Original,nivel,2.7707060600302227
1,Original,normativa,3.2407096892759584
1,Original,normativa legal,3.463853240590168
1,Original,nuevas,2.904237452654745
1,Original,nuevos,3.0583881324820035
1,Original,objetivos,3.0583881324820035
1,Original,operar,2.904237452654745
1,Original,oportunidades,2.904237452654745
1,Original,organizacional,3.2407096892759584
1,Original,organizacionales,2.6529230243738393
1,Original,organizaciones,1.8544153281560676
1,Original,organización,2.3652409519220585
1,Original,partir,3.2407096892759584
1,Original,país,2.7707060600302227
1,Original,pensamiento,2.904237452654745
1,Original,perfil,2.0169342576538423
1,Original,perfil egreso,2.3652409519220585
1,Original,permanente,2.4522523289116878
1,Original,permitan,2.6529230243738393
1,Original,permite,2.142097400607849
1,Original,personas,2.3652409519220585
1,Original,plan,3.0583881324820035
1,Original,planificación,3.2407096892759584
1,Original,planificar,2.7707060600302227
1,Original,plataformas,2.904237452654745
1,Original,podrá,3.2407096892759584
1,Original,posee,2.0775588794702773
1,Original,principios,2.6529230243738393
1,Original,privadas,3.0583881324820035
1,Original,privado,2.904237452654745
1,Original,problemas,1.7591051483517428
1,Original,problemas complejos,2.7707060600302227
1,Original,problemáticas,2.904237452654745
1,Original,procesos,1.8544153281560676
1,Original,productivo,3.2407096892759584
1,Original,productos,2.3652409519220585
1,Original,profesional,1.2666286632539485
1,Original,profesional capaz,3.0583881324820035
1,Original,profesional ingeniero,3.2407096892759584
1,Original,profesional integral,3.0583881324820035
1,Original,profesionales,1.959775843813894
1,Original,profesionales capaces,3.2407096892759584
1,Original,profesión,3.0583881324820035
1,Original,programa,2.3652409519220585
1,Original,propios,2.904237452654745
1,Original,proyectos,1.2666286632539485
1,Original,proyectos informáticos,2.4522523289116878
1,Original,proyectos ingeniería,3.0583881324820035
1,Original,proyectos tecnologías,3.2407096892759584
1,Original,proyectos tecnológicos,2.904237452654745
1,Original,prácticas,3.0583881324820035
1,Original,puede,2.904237452654745
1,Original,públicas,3.0583881324820035
1,Original,públicas privadas,3.0583881324820035
1,Original,público,3.0583881324820035
1,Original,quehacer,2.7707060600302227
1,Original,quehacer profesional,3.0583881324820035
1,Original,reconoce,3.2407096892759584
1,Original,recursos,2.4522523289116878
1,Original,redes,2.547562508716013
1,Original,región,3.0583881324820035
1,Original,requerimientos,3.0583881324820035
1,Original,resolución,3.0583881324820035
1,Original,resolución problemas,3.2407096892759584
1,Original,resolver,1.9057086225436182
1,Original,resolver problemas,2.142097400607849
1,Original,respeto,3.0583881324820035
1,Original,responsabilidad,2.0169342576538423
1,Original,responsabilidad social,2.285198244248522
1,Original,responsable,2.904237452654745
1,Original,riesgos,3.0583881324820035
1,Original,rol,3.463853240590168
1,Original,santiago,3.0583881324820035
1,Original,sector,2.6529230243738393
1,Original,sector público,3.2407096892759584
1,Original,sede,3.463853240590168
1,Original,seguridad,2.2110902720948
1,Original,según,3.0583881324820035
1,Original,sello,2.904237452654745
1,Original,semestres,3.0583881324820035
1,Original,sentido,2.6529230243738393
1,Original,servicios,2.142097400607849
1,Original,siendo,2.904237452654745
1,Original,siendo capaz,3.0583881324820035
1,Original,sistemas,1.3844116989103321
1,Original,sistemas computacionales,3.0583881324820035
1,Original,sistemas información,2.285198244248522
1,Original,sistemas informáticos,2.3652409519220585
1,Original,social,1.672093771362113
1,Original,sociales,2.904237452654745
1,Original,sociedad,2.547562508716013
1,Original,software,1.4828517717235845
1,Original,soluciones,1.4828517717235845
1,Original,soluciones informáticas,2.7707060600302227
1,Original,soluciones innovadoras,3.0583881324820035
1,Original,soluciones tecnológicas,2.547562508716013
1,Original,sostenible,2.547562508716013
1,Original,superior,3.463853240590168
1,Original,sustentable,3.0583881324820035
1,Original,sólida,2.3652409519220585
1,Original,sólida formación,2.4522523289116878
1,Original,sólidos,3.0583881324820035
1,Original,tecnología,2.6529230243738393
1,Original,tecnologías,1.2666286632539485
1,Original,tecnologías información,1.5179430915348546
1,Original,tecnológica,2.285198244248522
1,Original,tecnológicas,2.2110902720948
1,Original,tecnológico,2.904237452654745
1,Original,tecnológicos,2.142097400607849
1,Original,telecomunicaciones,3.2407096892759584
1,Original,tic,2.6529230243738393
1,Original,toma,2.6529230243738393
1,Original,toma decisiones,2.6529230243738393
1,Original,trabajar,2.6529230243738393
1,Original,trabajo,1.6312717768418579
1,Original,trabajo equipo,2.904237452654745
1,Original,transformación,2.4522523289116878
1,Original,transformación digital,2.904237452654745
1,Original,través,2.142097400607849
1,Original,trayectoria,3.0583881324820035
1,Original,técnicas,2.7707060600302227
1,Original,técnico,3.463853240590168
1,Original,técnicos,2.904237452654745
1,Original,título,3.0583881324820035
1,Original,título profesional,3.2407096892759584
1,Original,universidad,1.5179430915348546
1,Original,universidad católica,2.904237452654745
1,Original,uso,2.3652409519220585
1,Original,utilizando,3.0583881324820035
1,Original,utilizando herramientas,3.463853240590168
1,Original,valor,2.3652409519220585
1,Original,vanguardia,3.463853240590168
1,Original,vida,2.904237452654745
1,Original,vigente,3.2407096892759584
1,Original,visión,2.547562508716013
1,Original,ámbito,2.3652409519220585
1,Original,ámbitos,3.0583881324820035
1,Original,área,2.547562508716013
1,Original,áreas,2.3652409519220585
1,Original,énfasis,3.463853240590168
1,Original,ética,2.142097400607849
1,Original,ético,2.6529230243738393
1,Original,éticos,2.7707060600302227
1,Solo_titulos,000,3.751535313041949
1,Solo_titulos,10,2.904237452654745
1,Solo_titulos,2026,3.463853240590168
1,Solo_titulos,25,3.751535313041949
1,Solo_titulos,académico,3.2407096892759584
1,Solo_titulos,acciones,3.2407096892759584
1,Solo_titulos,acreditación,3.751535313041949
1,Solo_titulos,actitud,3.0583881324820035
1,Solo_titulos,actualización,3.0583881324820035
1,Solo_titulos,adaptarse,2.904237452654745
1,Solo_titulos,además,2.0169342576538423
1,Solo_titulos,administrar,3.0583881324820035
1,Solo_titulos,admisión,3.463853240590168
1,Solo_titulos,alto,3.0583881324820035
1,Solo_titulos,ambiental,2.904237452654745
1,Solo_titulos,ambiente,3.0583881324820035
1,Solo_titulos,amplio,3.2407096892759584
1,Solo_titulos,analizar,2.547562508716013
1,Solo_titulos,analítica,3.2407096892759584
1,Solo_titulos,anual,3.751535313041949
1,Solo_titulos,análisis,2.6529230243738393
1,Solo_titulos,análisis datos,3.0583881324820035
1,Solo_titulos,aplica,3.2407096892759584
1,Solo_titulos,aplicaciones,2.904237452654745
1,Solo_titulos,aplicación,2.6529230243738393
1,Solo_titulos,aplicada,2.7707060600302227
1,Solo_titulos,aplicando,2.7707060600302227
1,Solo_titulos,aplicar,2.3652409519220585
1,Solo_titulos,aprendizaje,2.2110902720948
1,Solo_titulos,arancel,3.751535313041949
1,Solo_titulos,arancel anual,3.751535313041949
1,Solo_titulos,aranceles,3.751535313041949
1,Solo_titulos,artificial,2.285198244248522
1,Solo_titulos,as,3.463853240590168
1,Solo_titulos,asimismo,3.0583881324820035
1,Solo_titulos,asociados,3.0583881324820035
1,Solo_titulos,así,2.3652409519220585
1,Solo_titulos,autoaprendizaje,3.2407096892759584
1,Solo_titulos,año,3.0583881324820035
1,Solo_titulos,años,3.751535313041949
1,Solo_titulos,basadas,3.463853240590168
1,Solo_titulos,base,2.547562508716013
1,Solo_titulos,bases,2.904237452654745
1,Solo_titulos,bases datos,3.0583881324820035
1,Solo_titulos,bien,2.904237452654745
1,Solo_titulos,bien común,3.0583881324820035
1,Solo_titulos,buenas,3.463853240590168
1,Solo_titulos,buenas prácticas,3.463853240590168
1,Solo_titulos,básicas,2.0775588794702773
1,Solo_titulos,básicas ciencias,2.7707060600302227
1,Solo_titulos,básicas ingeniería,3.0583881324820035
1,Solo_titulos,calidad,2.0169342576538423
1,Solo_titulos,calidad seguridad,3.463853240590168
1,Solo_titulos,campo,2.904237452654745
1,Solo_titulos,campus,3.463853240590168
1,Solo_titulos,capaces,2.547562508716013
1,Solo_titulos,capacidad,1.714653385780909
1,Solo_titulos,capacidad trabajar,3.0583881324820035
1,Solo_titulos,capacidades,2.904237452654745
1,Solo_titulos,capacitado,2.7707060600302227
1,Solo_titulos,capaz,2.0169342576538423
1,Solo_titulos,capaz concebir,3.463853240590168
1,Solo_titulos,carrera,1.672093771362113
1,Solo_titulos,carrera universidad,2.7707060600302227
1,Solo_titulos,carreras,3.463853240590168
1,Solo_titulos,católica,2.904237452654745
1,Solo_titulos,ciberseguridad,3.2407096892759584
1,Solo_titulos,ciencia,2.6529230243738393
1,Solo_titulos,ciencia datos,3.0583881324820035
1,Solo_titulos,ciencias,1.672093771362113
1,Solo_titulos,ciencias básicas,2.0775588794702773
1,Solo_titulos,ciencias ingeniería,2.4522523289116878
1,Solo_titulos,civil,2.6529230243738393
1,Solo_titulos,civil computación,3.0583881324820035
1,Solo_titulos,competencias,1.9057086225436182
1,Solo_titulos,competencias genéricas,3.0583881324820035
1,Solo_titulos,complejos,2.4522523289116878
1,Solo_titulos,compromiso,2.285198244248522
1,Solo_titulos,compromiso ético,3.2407096892759584
1,Solo_titulos,computacionales,2.547562508716013
1,Solo_titulos,computación,2.0169342576538423
1,Solo_titulos,computación informática,2.3652409519220585
1,Solo_titulos,comunicaciones,2.547562508716013
1,Solo_titulos,comunicación,1.8056251639866356
1,Solo_titulos,comunicación efectiva,2.6529230243738393
1,Solo_titulos,comunicarse,2.904237452654745
1,Solo_titulos,común,2.7707060600302227
1,Solo_titulos,concebir,3.0583881324820035
1,Solo_titulos,concebir diseñar,3.2407096892759584
1,Solo_titulos,conocimiento,2.7707060600302227
1,Solo_titulos,conocimientos,1.6312717768418579
1,Solo_titulos,considerando,2.4522523289116878
1,Solo_titulos,constante,2.904237452654745
1,Solo_titulos,construir,3.0583881324820035
1,Solo_titulos,consultor,3.0583881324820035
1,Solo_titulos,contexto,2.285198244248522
1,Solo_titulos,contexto global,3.463853240590168
1,Solo_titulos,contextos,2.3652409519220585
1,Solo_titulos,continua,3.0583881324820035
1,Solo_titulos,continuo,3.0583881324820035
1,Solo_titulos,contribuir,3.0583881324820035
1,Solo_titulos,contribuyendo,3.0583881324820035
1,Solo_titulos,creación,3.2407096892759584
1,Solo_titulos,crear,3.0583881324820035
1,Solo_titulos,criterios,2.904237452654745
1,Solo_titulos,crítico,2.7707060600302227
1,Solo_titulos,cuenta,2.7707060600302227
1,Solo_titulos,curricular,3.463853240590168
1,Solo_titulos,datos,1.672093771362113
1,Solo_titulos,decisiones,2.285198244248522
1,Solo_titulos,desafíos,2.6529230243738393
1,Solo_titulos,desarrolla,2.904237452654745
1,Solo_titulos,desarrollar,1.959775843813894
1,Solo_titulos,desarrollar soluciones,3.0583881324820035
1,Solo_titulos,desarrollo,1.5543107357057295
1,Solo_titulos,desarrollo sostenible,3.0583881324820035
1,Solo_titulos,desempeñarse,2.3652409519220585
1,Solo_titulos,desempeño,2.6529230243738393
1,Solo_titulos,diferentes,3.2407096892759584
1,Solo_titulos,digital,2.904237452654745
1,Solo_titulos,digitales,2.7707060600302227
1,Solo_titulos,dirección,3.463853240590168
1,Solo_titulos,disciplina,2.6529230243738393
1,Solo_titulos,disciplinar,3.2407096892759584
1,Solo_titulos,diseñar,1.9057086225436182
1,Solo_titulos,diseñar desarrollar,3.0583881324820035
1,Solo_titulos,diseñar implementar,2.4522523289116878
1,Solo_titulos,diseño,2.3652409519220585
1,Solo_titulos,distintas,2.904237452654745
1,Solo_titulos,distintos,2.904237452654745
1,Solo_titulos,diversa,3.2407096892759584
1,Solo_titulos,diversas,2.904237452654745
1,Solo_titulos,diversidad,2.904237452654745
1,Solo_titulos,diversos,2.7707060600302227
1,Solo_titulos,docente,3.463853240590168
1,Solo_titulos,duración,3.0583881324820035
1,Solo_titulos,económico,3.0583881324820035
1,Solo_titulos,educación,3.2407096892759584
1,Solo_titulos,educación superior,3.751535313041949
1,Solo_titulos,efectiva,2.3652409519220585
1,Solo_titulos,eficiencia,2.547562508716013
1,Solo_titulos,eficiente,3.0583881324820035
1,Solo_titulos,eficientes,3.0583881324820035
1,Solo_titulos,egresado,2.547562508716013
1,Solo_titulos,egreso,2.285198244248522
1,Solo_titulos,ejercicio,2.904237452654745
1,Solo_titulos,ello,3.0583881324820035
1,Solo_titulos,emergentes,3.0583881324820035
1,Solo_titulos,emprender,3.0583881324820035
1,Solo_titulos,emprendimiento,2.6529230243738393
1,Solo_titulos,empresarial,3.463853240590168
1,Solo_titulos,empresariales,3.751535313041949
1,Solo_titulos,empresas,2.4522523289116878
1,Solo_titulos,enfoque,2.7707060600302227
1,Solo_titulos,entorno,2.547562508716013
1,Solo_titulos,equipo,2.6529230243738393
1,Solo_titulos,equipos,1.672093771362113
1,Solo_titulos,equipos multidisciplinarios,2.547562508716013
1,Solo_titulos,equipos trabajo,2.3652409519220585
1,Solo_titulos,especialidad,2.904237452654745
1,Solo_titulos,estrategias,3.0583881324820035
1,Solo_titulos,estudiantes,3.463853240590168
1,Solo_titulos,estudios,2.904237452654745
1,Solo_titulos,está,3.2407096892759584
1,Solo_titulos,estándares,2.6529230243738393
1,Solo_titulos,estándares calidad,3.463853240590168
1,Solo_titulos,evaluación,3.0583881324820035
1,Solo_titulos,evaluar,2.6529230243738393
1,Solo_titulos,evaluar gestionar,3.463853240590168
1,Solo_titulos,evolución,2.7707060600302227
1,Solo_titulos,experiencia,3.463853240590168
1,Solo_titulos,fin,2.904237452654745
1,Solo_titulos,forma,1.959775843813894
1,Solo_titulos,formación,1.672093771362113
1,Solo_titulos,formación ciencias,2.904237452654745
1,Solo_titulos,formar,2.904237452654745
1,Solo_titulos,formativo,3.2407096892759584
1,Solo_titulos,generación,3.0583881324820035
1,Solo_titulos,generar,2.904237452654745
1,Solo_titulos,genéricas,3.0583881324820035
1,Solo_titulos,gestiona,3.463853240590168
1,Solo_titulos,gestionar,2.0169342576538423
1,Solo_titulos,gestionar proyectos,3.0583881324820035
1,Solo_titulos,gestión,1.672093771362113
1,Solo_titulos,gestión información,3.463853240590168
1,Solo_titulos,gestión proyectos,2.547562508716013
1,Solo_titulos,global,2.904237452654745
1,Solo_titulos,habilidades,2.2110902720948
1,Solo_titulos,hardware,2.7707060600302227
1,Solo_titulos,herramientas,2.142097400607849
1,Solo_titulos,herramientas tecnológicas,3.2407096892759584
1,Solo_titulos,identificar,2.904237452654745
1,Solo_titulos,idioma,2.7707060600302227
1,Solo_titulos,idioma inglés,2.7707060600302227
1,Solo_titulos,impacto,2.904237452654745
1,Solo_titulos,implementa,3.463853240590168
1,Solo_titulos,implementación,2.547562508716013
1,Solo_titulos,implementar,1.959775843813894
1,Solo_titulos,implementar operar,3.0583881324820035
1,Solo_titulos,implementar soluciones,2.904237452654745
1,Solo_titulos,industria,2.7707060600302227
1,Solo_titulos,información,1.2666286632539485
1,Solo_titulos,información comunicaciones,2.7707060600302227
1,Solo_titulos,información comunicación,2.6529230243738393
1,Solo_titulos,informática,1.4828517717235845
1,Solo_titulos,informática universidad,2.547562508716013
1,Solo_titulos,informáticas,2.3652409519220585
1,Solo_titulos,informático,3.0583881324820035
1,Solo_titulos,informáticos,1.714653385780909
1,Solo_titulos,ingeniero,1.714653385780909
1,Solo_titulos,ingeniero civil,2.6529230243738393
1,Solo_titulos,ingenieros,3.0583881324820035
1,Solo_titulos,ingeniería,1.4161603972249124
1,Solo_titulos,ingeniería software,2.285198244248522
1,Solo_titulos,inglés,2.547562508716013
1,Solo_titulos,innovación,1.8056251639866356
1,Solo_titulos,innovación tecnológica,3.0583881324820035
1,Solo_titulos,innovador,3.463853240590168
1,Solo_titulos,innovadoras,2.547562508716013
1,Solo_titulos,instituciones,3.2407096892759584
1,Solo_titulos,instituto,3.2407096892759584
1,Solo_titulos,instituto profesional,3.2407096892759584
1,Solo_titulos,integración,2.904237452654745
1,Solo_titulos,integral,2.285198244248522
1,Solo_titulos,integrar,2.547562508716013
1,Solo_titulos,inteligencia,2.2110902720948
1,Solo_titulos,inteligencia artificial,2.285198244248522
1,Solo_titulos,interdisciplinarios,2.904237452654745
1,Solo_titulos,internacionales,3.463853240590168
1,Solo_titulos,investigación,2.904237452654745
1,Solo_titulos,jefe,2.904237452654745
1,Solo_titulos,junto,2.904237452654745
1,Solo_titulos,laboral,3.0583881324820035
1,Solo_titulos,legal,3.463853240590168
1,Solo_titulos,legal vigente,3.463853240590168
1,Solo_titulos,liderando,3.463853240590168
1,Solo_titulos,liderar,2.7707060600302227
1,Solo_titulos,liderar equipos,2.904237452654745
1,Solo_titulos,liderazgo,2.285198244248522
1,Solo_titulos,malla,3.2407096892759584
1,Solo_titulos,manejo,3.0583881324820035
1,Solo_titulos,manera,2.2110902720948
1,Solo_titulos,mantención,3.2407096892759584
1,Solo_titulos,mediante,2.6529230243738393
1,Solo_titulos,medio,2.7707060600302227
1,Solo_titulos,medio ambiente,3.0583881324820035
1,Solo_titulos,mejora,3.0583881324820035
1,Solo_titulos,metodologías,2.7707060600302227
1,Solo_titulos,modelos,3.0583881324820035
1,Solo_titulos,multidisciplinarios,2.0775588794702773
1,Solo_titulos,mundo,2.4522523289116878
1,Solo_titulos,nacional,2.904237452654745
1,Solo_titulos,necesidades,2.0775588794702773
1,Solo_titulos,negocio,3.0583881324820035
1,Solo_titulos,negocios,2.6529230243738393
1,Solo_titulos,nivel,2.7707060600302227
1,Solo_titulos,normativa,3.2407096892759584
1,Solo_titulos,normativa legal,3.463853240590168
1,Solo_titulos,nuevas,2.904237452654745
1,Solo_titulos,nuevos,3.0583881324820035
1,Solo_titulos,objetivos,3.0583881324820035
1,Solo_titulos,operación,3.0583881324820035
1,Solo_titulos,operar,2.904237452654745
1,Solo_titulos,oportunidades,2.904237452654745
1,Solo_titulos,organizacional,3.2407096892759584
1,Solo_titulos,organizacionales,2.6529230243738393
1,Solo_titulos,organizaciones,1.8544153281560676
1,Solo_titulos,organización,2.3652409519220585
1,Solo_titulos,partir,3.2407096892759584
1,Solo_titulos,país,2.7707060600302227
1,Solo_titulos,pensamiento,2.904237452654745
1,Solo_titulos,pensamiento crítico,3.2407096892759584
1,Solo_titulos,perfil,2.0169342576538423
1,Solo_titulos,perfil egreso,2.3652409519220585
1,Solo_titulos,permanente,2.4522523289116878
1,Solo_titulos,permitan,2.6529230243738393
1,Solo_titulos,permite,2.142097400607849
1,Solo_titulos,personas,2.3652409519220585
1,Solo_titulos,plan,3.0583881324820035
1,Solo_titulos,planificación,3.2407096892759584
1,Solo_titulos,planificar,2.7707060600302227
1,Solo_titulos,plataformas,2.904237452654745
1,Solo_titulos,podrá,3.2407096892759584
1,Solo_titulos,posee,2.0775588794702773
1,Solo_titulos,principios,2.6529230243738393
1,Solo_titulos,privadas,3.0583881324820035
1,Solo_titulos,privado,2.904237452654745
1,Solo_titulos,problemas,1.7591051483517428
1,Solo_titulos,problemas complejos,2.7707060600302227
1,Solo_titulos,problemáticas,2.904237452654745
1,Solo_titulos,procesos,1.8544153281560676
1,Solo_titulos,productivo,3.2407096892759584
1,Solo_titulos,productos,2.3652409519220585
1,Solo_titulos,profesional,1.2666286632539485
1,Solo_titulos,profesional capaz,3.0583881324820035
1,Solo_titulos,profesional ingeniero,3.463853240590168
1,Solo_titulos,profesional integral,3.0583881324820035
1,Solo_titulos,profesionales,1.959775843813894
1,Solo_titulos,profesionales capaces,3.2407096892759584
1,Solo_titulos,profesión,3.0583881324820035
1,Solo_titulos,programa,2.3652409519220585
1,Solo_titulos,propios,2.904237452654745
1,Solo_titulos,proyectos,1.2666286632539485
1,Solo_titulos,proyectos informáticos,2.4522523289116878
1,Solo_titulos,proyectos tecnologías,3.2407096892759584
1,Solo_titulos,proyectos tecnológicos,2.904237452654745
1,Solo_titulos,prácticas,3.0583881324820035
1,Solo_titulos,puede,2.904237452654745
1,Solo_titulos,puede desempeñarse,3.2407096892759584
1,Solo_titulos,públicas,3.0583881324820035
1,Solo_titulos,públicas privadas,3.0583881324820035
1,Solo_titulos,público,3.0583881324820035
1,Solo_titulos,quehacer,2.7707060600302227
1,Solo_titulos,quehacer profesional,3.0583881324820035
1,Solo_titulos,reconoce,3.2407096892759584
1,Solo_titulos,recursos,2.4522523289116878
1,Solo_titulos,redes,2.547562508716013
1,Solo_titulos,región,3.0583881324820035
1,Solo_titulos,requerimientos,3.0583881324820035
1,Solo_titulos,resolución,3.0583881324820035
1,Solo_titulos,resolución problemas,3.2407096892759584
1,Solo_titulos,resolver,1.9057086225436182
1,Solo_titulos,resolver problemas,2.142097400607849
1,Solo_titulos,respeto,3.0583881324820035
1,Solo_titulos,responsabilidad,2.0169342576538423
1,Solo_titulos,responsabilidad social,2.285198244248522
1,Solo_titulos,responsable,2.904237452654745
1,Solo_titulos,riesgos,3.0583881324820035
1,Solo_titulos,rol,3.463853240590168
1,Solo_titulos,santiago,3.0583881324820035
1,Solo_titulos,sector,2.6529230243738393
1,Solo_titulos,sector público,3.2407096892759584
1,Solo_titulos,sede,3.463853240590168
1,Solo_titulos,seguridad,2.2110902720948
1,Solo_titulos,según,3.0583881324820035
1,Solo_titulos,sello,2.904237452654745
1,Solo_titulos,semestres,3.0583881324820035
1,Solo_titulos,sentido,2.6529230243738393
1,Solo_titulos,servicios,2.142097400607849
1,Solo_titulos,siendo,2.904237452654745
1,Solo_titulos,siendo capaz,3.0583881324820035
1,Solo_titulos,sistemas,1.3844116989103321
1,Solo_titulos,sistemas computacionales,3.0583881324820035
1,Solo_titulos,sistemas información,2.285198244248522
1,Solo_titulos,sistemas informáticos,2.3652409519220585
1,Solo_titulos,social,1.672093771362113
1,Solo_titulos,sociales,2.904237452654745
1,Solo_titulos,sociedad,2.547562508716013
1,Solo_titulos,software,1.4828517717235845
1,Solo_titulos,soluciones,1.4828517717235845
1,Solo_titulos,soluciones informáticas,2.7707060600302227
1,Solo_titulos,soluciones innovadoras,3.0583881324820035
1,Solo_titulos,soluciones tecnológicas,2.547562508716013
1,Solo_titulos,sostenible,2.547562508716013
1,Solo_titulos,superior,3.463853240590168
1,Solo_titulos,sustentable,3.0583881324820035
1,Solo_titulos,sólida,2.3652409519220585
1,Solo_titulos,sólida formación,2.4522523289116878
1,Solo_titulos,sólidos,3.0583881324820035
1,Solo_titulos,tecnología,2.6529230243738393
1,Solo_titulos,tecnologías,1.2666286632539485
1,Solo_titulos,tecnologías información,1.5179430915348546
1,Solo_titulos,tecnológica,2.285198244248522
1,Solo_titulos,tecnológicas,2.2110902720948
1,Solo_titulos,tecnológico,2.904237452654745
1,Solo_titulos,tecnológicos,2.142097400607849
1,Solo_titulos,telecomunicaciones,3.2407096892759584
1,Solo_titulos,tic,2.6529230243738393
1,Solo_titulos,toma,2.6529230243738393
1,Solo_titulos,toma decisiones,2.6529230243738393
1,Solo_titulos,trabajar,2.6529230243738393
1,Solo_titulos,trabajo,1.6312717768418579
1,Solo_titulos,trabajo equipo,2.904237452654745
1,Solo_titulos,transformación,2.4522523289116878
1,Solo_titulos,transformación digital,2.904237452654745
1,Solo_titulos,través,2.142097400607849
1,Solo_titulos,trayectoria,3.0583881324820035
1,Solo_titulos,técnicas,2.7707060600302227
1,Solo_titulos,técnico,3.463853240590168
1,Solo_titulos,técnicos,2.904237452654745
1,Solo_titulos,título,3.0583881324820035
1,Solo_titulos,título profesional,3.2407096892759584
1,Solo_titulos,universidad,1.5179430915348546
1,Solo_titulos,universidad católica,2.904237452654745
1,Solo_titulos,uso,2.3652409519220585
1,Solo_titulos,utilizando,3.0583881324820035
1,Solo_titulos,utilizando herramientas,3.463853240590168
1,Solo_titulos,valor,2.3652409519220585
1,Solo_titulos,vanguardia,3.463853240590168
1,Solo_titulos,vida,2.904237452654745
1,Solo_titulos,vigente,3.2407096892759584
1,Solo_titulos,visión,2.547562508716013
1,Solo_titulos,ámbito,2.3652409519220585
1,Solo_titulos,ámbitos,3.0583881324820035
1,Solo_titulos,área,2.547562508716013
1,Solo_titulos,áreas,2.3652409519220585
1,Solo_titulos,énfasis,3.463853240590168
1,Solo_titulos,ética,2.142097400607849
1,Solo_titulos,ético,2.6529230243738393
1,Solo_titulos,éticos,2.7707060600302227
1,Agresivo,000,3.751535313041949
1,Agresivo,10,2.904237452654745
1,Agresivo,2026,3.463853240590168
1,Agresivo,25,3.751535313041949
1,Agresivo,académico,3.2407096892759584
1,Agresivo,acciones,3.2407096892759584
1,Agresivo,acreditación,3.751535313041949
1,Agresivo,actitud,3.0583881324820035
1,Agresivo,actualización,3.0583881324820035
1,Agresivo,adaptarse,2.904237452654745
1,Agresivo,además,2.0169342576538423
1,Agresivo,administración,3.0583881324820035
1,Agresivo,administrar,3.0583881324820035
1,Agresivo,admisión,3.463853240590168
1,Agresivo,alto,3.0583881324820035
1,Agresivo,ambiental,2.904237452654745
1,Agresivo,ambiente,3.0583881324820035
1,Agresivo,amplio,3.2407096892759584
1,Agresivo,analizar,2.547562508716013
1,Agresivo,analítica,3.2407096892759584
1,Agresivo,anual,3.751535313041949
1,Agresivo,análisis,2.6529230243738393
1,Agresivo,análisis datos,3.0583881324820035
1,Agresivo,aplica,3.2407096892759584
1,Agresivo,aplicaciones,2.904237452654745
1,Agresivo,aplicación,2.6529230243738393
1,Agresivo,aplicada,2.7707060600302227
1,Agresivo,aplicando,2.7707060600302227
1,Agresivo,aplicar,2.3652409519220585
1,Agresivo,apoyar,3.463853240590168
1,Agresivo,aprendizaje,2.2110902720948
1,Agresivo,arancel,3.751535313041949
1,Agresivo,arancel anual,3.751535313041949
1,Agresivo,aranceles,3.751535313041949
1,Agresivo,artificial,2.285198244248522
1,Agresivo,as,3.463853240590168
1,Agresivo,asimismo,3.0583881324820035
1,Agresivo,asociados,3.0583881324820035
1,Agresivo,así,2.3652409519220585
1,Agresivo,autoaprendizaje,3.2407096892759584
1,Agresivo,año,3.0583881324820035
1,Agresivo,años,3.751535313041949
1,Agresivo,basadas,3.463853240590168
1,Agresivo,base,2.547562508716013
1,Agresivo,bases,2.904237452654745
1,Agresivo,bases datos,3.0583881324820035
1,Agresivo,bien,2.904237452654745
1,Agresivo,bien común,3.0583881324820035
1,Agresivo,buenas,3.463853240590168
1,Agresivo,buenas prácticas,3.463853240590168
1,Agresivo,básicas,2.0775588794702773
1,Agresivo,básicas ciencias,2.7707060600302227
1,Agresivo,básicas ingeniería,3.0583881324820035
1,Agresivo,calidad,2.0169342576538423
1,Agresivo,calidad seguridad,3.463853240590168
1,Agresivo,campo,2.904237452654745
1,Agresivo,campus,3.463853240590168
1,Agresivo,capaces,2.547562508716013
1,Agresivo,capacidad,1.714653385780909
1,Agresivo,capacidad trabajar,3.0583881324820035
1,Agresivo,capacidades,2.904237452654745
1,Agresivo,capacitado,2.7707060600302227
1,Agresivo,capaz,2.0169342576538423
1,Agresivo,capaz concebir,3.463853240590168
1,Agresivo,carrera,1.672093771362113
1,Agresivo,carrera universidad,2.7707060600302227
1,Agresivo,carreras,3.463853240590168
1,Agresivo,católica,2.904237452654745
1,Agresivo,ciberseguridad,3.2407096892759584
1,Agresivo,ciencia,2.6529230243738393
1,Agresivo,ciencia datos,3.0583881324820035
1,Agresivo,ciencias,1.672093771362113
1,Agresivo,ciencias básicas,2.0775588794702773
1,Agresivo,ciencias ingeniería,2.4522523289116878
1,Agresivo,competencias,1.9057086225436182
1,Agresivo,competencias genéricas,3.0583881324820035
1,Agresivo,complejos,2.4522523289116878
1,Agresivo,compromiso,2.285198244248522
1,Agresivo,compromiso ético,3.2407096892759584
1,Agresivo,computacionales,2.547562508716013
1,Agresivo,computación,2.0169342576538423
1,Agresivo,computación universidad,2.7707060600302227
1,Agresivo,comunicaciones,2.547562508716013
1,Agresivo,comunicación,1.8056251639866356
1,Agresivo,comunicación efectiva,2.6529230243738393
1,Agresivo,comunicarse,2.904237452654745
1,Agresivo,común,2.7707060600302227
1,Agresivo,concebir,3.0583881324820035
1,Agresivo,concebir diseñar,3.2407096892759584
1,Agresivo,conocimiento,2.7707060600302227
1,Agresivo,conocimientos,1.6312717768418579
1,Agresivo,considerando,2.4522523289116878
1,Agresivo,constante,2.904237452654745
1,Agresivo,construir,3.0583881324820035
1,Agresivo,consultor,3.0583881324820035
1,Agresivo,contexto,2.285198244248522
1,Agresivo,contexto global,3.463853240590168
1,Agresivo,contextos,2.3652409519220585
1,Agresivo,continua,3.0583881324820035
1,Agresivo,continuo,3.0583881324820035
1,Agresivo,contribuir,3.0583881324820035
1,Agresivo,contribuyendo,3.0583881324820035
1,Agresivo,creación,3.2407096892759584
1,Agresivo,crear,3.0583881324820035
1,Agresivo,cristiana,3.463853240590168
1,Agresivo,criterios,2.904237452654745
1,Agresivo,crítico,2.7707060600302227
1,Agresivo,cuenta,2.7707060600302227
1,Agresivo,curricular,3.463853240590168
1,Agresivo,datos,1.672093771362113
1,Agresivo,decisiones,2.285198244248522
1,Agresivo,desafíos,2.6529230243738393
1,Agresivo,desarrolla,2.904237452654745
1,Agresivo,desarrollar,1.959775843813894
1,Agresivo,desarrollar soluciones,3.0583881324820035
1,Agresivo,desarrollo,1.5543107357057295
1,Agresivo,desarrollo sostenible,3.0583881324820035
1,Agresivo,desempeñarse,2.3652409519220585
1,Agresivo,desempeño,2.6529230243738393
1,Agresivo,diferentes,3.2407096892759584
1,Agresivo,digital,2.904237452654745
1,Agresivo,digitales,2.7707060600302227
1,Agresivo,dirección,3.463853240590168
1,Agresivo,disciplina,2.6529230243738393
1,Agresivo,disciplinar,3.2407096892759584
1,Agresivo,diseñar,1.9057086225436182
1,Agresivo,diseñar desarrollar,3.0583881324820035
1,Agresivo,diseñar implementar,2.4522523289116878
1,Agresivo,diseño,2.3652409519220585
1,Agresivo,distintas,2.904237452654745
1,Agresivo,distintos,2.904237452654745
1,Agresivo,diversa,3.2407096892759584
1,Agresivo,diversas,2.904237452654745
1,Agresivo,diversidad,2.904237452654745
1,Agresivo,diversos,2.7707060600302227
1,Agresivo,docente,3.463853240590168
1,Agresivo,duración,3.0583881324820035
1,Agresivo,económico,3.0583881324820035
1,Agresivo,educación,3.2407096892759584
1,Agresivo,educación superior,3.751535313041949
1,Agresivo,efectiva,2.3652409519220585
1,Agresivo,eficiencia,2.547562508716013
1,Agresivo,eficiente,3.0583881324820035
1,Agresivo,eficientes,3.0583881324820035
1,Agresivo,egresado,2.547562508716013
1,Agresivo,egreso,2.285198244248522
1,Agresivo,ejercicio,2.904237452654745
1,Agresivo,ello,3.0583881324820035
1,Agresivo,emergentes,3.0583881324820035
1,Agresivo,emprender,3.0583881324820035
1,Agresivo,emprendimiento,2.6529230243738393
1,Agresivo,empresarial,3.463853240590168
1,Agresivo,empresariales,3.751535313041949
1,Agresivo,empresas,2.4522523289116878
1,Agresivo,enfoque,2.7707060600302227
1,Agresivo,entorno,2.547562508716013
1,Agresivo,equipo,2.6529230243738393
1,Agresivo,equipos,1.672093771362113
1,Agresivo,equipos multidisciplinarios,2.547562508716013
1,Agresivo,equipos trabajo,2.3652409519220585
1,Agresivo,especialidad,2.904237452654745
1,Agresivo,especialización,3.463853240590168
1,Agresivo,estrategias,3.0583881324820035
1,Agresivo,estudiantes,3.463853240590168
1,Agresivo,estudios,2.904237452654745
1,Agresivo,está,3.2407096892759584
1,Agresivo,estándares,2.6529230243738393
1,Agresivo,estándares calidad,3.463853240590168
1,Agresivo,evaluación,3.0583881324820035
1,Agresivo,evaluar,2.6529230243738393
1,Agresivo,evaluar gestionar,3.463853240590168
1,Agresivo,evolución,2.7707060600302227
1,Agresivo,experiencia,3.463853240590168
1,Agresivo,extraer,3.2407096892759584
1,Agresivo,fin,2.904237452654745
1,Agresivo,forma,1.959775843813894
1,Agresivo,formación,1.672093771362113
1,Agresivo,formación ciencias,2.904237452654745
1,Agresivo,formar,2.904237452654745
1,Agresivo,formativo,3.2407096892759584
1,Agresivo,generación,3.0583881324820035
1,Agresivo,generar,2.904237452654745
1,Agresivo,genéricas,3.0583881324820035
1,Agresivo,gestiona,3.463853240590168
1,Agresivo,gestionar,2.0169342576538423
1,Agresivo,gestionar proyectos,3.0583881324820035
1,Agresivo,gestión,1.672093771362113
1,Agresivo,gestión información,3.463853240590168
1,Agresivo,gestión proyectos,2.547562508716013
1,Agresivo,global,2.904237452654745
1,Agresivo,habilidades,2.2110902720948
1,Agresivo,hardware,2.7707060600302227
1,Agresivo,herramientas,2.142097400607849
1,Agresivo,herramientas tecnológicas,3.2407096892759584
1,Agresivo,identificar,2.904237452654745
1,Agresivo,idioma,2.7707060600302227
1,Agresivo,idioma inglés,2.7707060600302227
1,Agresivo,impacto,2.904237452654745
1,Agresivo,implementa,3.463853240590168
1,Agresivo,implementación,2.547562508716013
1,Agresivo,implementar,1.959775843813894
1,Agresivo,implementar operar,3.0583881324820035
1,Agresivo,implementar soluciones,2.904237452654745
1,Agresivo,industria,2.7707060600302227
1,Agresivo,información,1.2666286632539485
1,Agresivo,información comunicaciones,2.7707060600302227
1,Agresivo,información comunicación,2.6529230243738393
1,Agresivo,ingeniero,1.714653385780909
1,Agresivo,ingeniero computación,2.4522523289116878
1,Agresivo,ingeniero universidad,3.2407096892759584
1,Agresivo,ingenieros,3.0583881324820035
1,Agresivo,ingeniería,1.4161603972249124
1,Agresivo,ingeniería software,2.285198244248522
1,Agresivo,inglés,2.547562508716013
1,Agresivo,innovación,1.8056251639866356
1,Agresivo,innovación tecnológica,3.0583881324820035
1,Agresivo,innovador,3.463853240590168
1,Agresivo,innovadoras,2.547562508716013
1,Agresivo,instituciones,3.2407096892759584
1,Agresivo,instituto,3.2407096892759584
1,Agresivo,instituto profesional,3.2407096892759584
1,Agresivo,integración,2.904237452654745
1,Agresivo,integral,2.285198244248522
1,Agresivo,integrar,2.547562508716013
1,Agresivo,inteligencia,2.2110902720948
1,Agresivo,inteligencia artificial,2.285198244248522
1,Agresivo,interdisciplinarios,2.904237452654745
1,Agresivo,internacionales,3.463853240590168
1,Agresivo,investigación,2.904237452654745
1,Agresivo,jefe,2.904237452654745
1,Agresivo,junto,2.904237452654745
1,Agresivo,laboral,3.0583881324820035
1,Agresivo,legal,3.463853240590168
1,Agresivo,legal vigente,3.463853240590168
1,Agresivo,lidera,3.463853240590168
1,Agresivo,liderando,3.463853240590168
1,Agresivo,liderar,2.7707060600302227
1,Agresivo,liderar equipos,2.904237452654745
1,Agresivo,liderazgo,2.285198244248522
1,Agresivo,malla,3.2407096892759584
1,Agresivo,manejo,3.0583881324820035
1,Agresivo,manera,2.2110902720948
1,Agresivo,mantención,3.2407096892759584
1,Agresivo,mediante,2.6529230243738393
1,Agresivo,medio,2.7707060600302227
1,Agresivo,medio ambiente,3.0583881324820035
1,Agresivo,mejora,3.0583881324820035
1,Agresivo,metodologías,2.7707060600302227
1,Agresivo,modelos,3.0583881324820035
1,Agresivo,multidisciplinarios,2.0775588794702773
1,Agresivo,mundo,2.4522523289116878
1,Agresivo,nacional,2.904237452654745
1,Agresivo,necesidades,2.0775588794702773
1,Agresivo,negocio,3.0583881324820035
1,Agresivo,negocios,2.6529230243738393
1,Agresivo,nivel,2.7707060600302227
1,Agresivo,normativa,3.2407096892759584
1,Agresivo,normativa legal,3.463853240590168
1,Agresivo,nuevas,2.904237452654745
1,Agresivo,nuevos,3.0583881324820035
1,Agresivo,objetivos,3.0583881324820035
1,Agresivo,operación,3.0583881324820035
1,Agresivo,operar,2.904237452654745
1,Agresivo,oportunidades,2.904237452654745
1,Agresivo,organizacional,3.2407096892759584
1,Agresivo,organizacionales,2.6529230243738393
1,Agresivo,organizaciones,1.8544153281560676
1,Agresivo,organización,2.3652409519220585
1,Agresivo,partir,3.2407096892759584
1,Agresivo,país,2.7707060600302227
1,Agresivo,pensamiento,2.904237452654745
1,Agresivo,pensamiento crítico,3.2407096892759584
1,Agresivo,perfil,2.0169342576538423
1,Agresivo,perfil egreso,2.3652409519220585
1,Agresivo,permanente,2.4522523289116878
1,Agresivo,permitan,2.6529230243738393
1,Agresivo,permite,2.142097400607849
1,Agresivo,personas,2.3652409519220585
1,Agresivo,plan,3.0583881324820035
1,Agresivo,planificación,3.2407096892759584
1,Agresivo,planificar,2.7707060600302227
1,Agresivo,plataformas,2.904237452654745
1,Agresivo,podrá,3.2407096892759584
1,Agresivo,posee,2.0775588794702773
1,Agresivo,principios,2.6529230243738393
1,Agresivo,privadas,3.0583881324820035
1,Agresivo,privado,2.904237452654745
1,Agresivo,problemas,1.7591051483517428
1,Agresivo,problemas complejos,2.7707060600302227
1,Agresivo,problemáticas,2.904237452654745
1,Agresivo,procesos,1.8544153281560676
1,Agresivo,productivo,3.2407096892759584
1,Agresivo,productos,2.3652409519220585
1,Agresivo,profesional,1.2666286632539485
1,Agresivo,profesional capaz,3.0583881324820035
1,Agresivo,profesional ingeniero,3.463853240590168
1,Agresivo,profesional integral,3.0583881324820035
1,Agresivo,profesionales,1.959775843813894
1,Agresivo,profesionales capaces,3.2407096892759584
1,Agresivo,profesión,3.0583881324820035
1,Agresivo,programa,2.3652409519220585
1,Agresivo,propios,2.904237452654745
1,Agresivo,proyectos,1.2666286632539485
1,Agresivo,proyectos ingeniería,3.0583881324820035
1,Agresivo,proyectos tecnologías,3.0583881324820035
1,Agresivo,proyectos tecnológicos,2.904237452654745
1,Agresivo,prácticas,3.0583881324820035
1,Agresivo,puede,2.904237452654745
1,Agresivo,puede desempeñarse,3.2407096892759584
1,Agresivo,públicas,3.0583881324820035
1,Agresivo,públicas privadas,3.0583881324820035
1,Agresivo,público,3.0583881324820035
1,Agresivo,quehacer,2.7707060600302227
1,Agresivo,quehacer profesional,3.0583881324820035
1,Agresivo,reconoce,3.2407096892759584
1,Agresivo,recursos,2.4522523289116878
1,Agresivo,redes,2.547562508716013
1,Agresivo,región,3.0583881324820035
1,Agresivo,requerimientos,3.0583881324820035
1,Agresivo,resolución,3.0583881324820035
1,Agresivo,resolución problemas,3.2407096892759584
1,Agresivo,resolver,1.9057086225436182
1,Agresivo,resolver problemas,2.142097400607849
1,Agresivo,respeto,3.0583881324820035
1,Agresivo,responsabilidad,2.0169342576538423
1,Agresivo,responsabilidad social,2.285198244248522
1,Agresivo,responsable,2.904237452654745
1,Agresivo,riesgos,3.0583881324820035
1,Agresivo,rol,3.463853240590168
1,Agresivo,santiago,3.0583881324820035
1,Agresivo,sector,2.6529230243738393
1,Agresivo,sector público,3.2407096892759584
1,Agresivo,sede,3.463853240590168
1,Agresivo,seguridad,2.2110902720948
1,Agresivo,seguridad información,3.0583881324820035
1,Agresivo,según,3.0583881324820035
1,Agresivo,sello,2.904237452654745
1,Agresivo,semestres,3.0583881324820035
1,Agresivo,sentido,2.6529230243738393
1,Agresivo,servicios,2.142097400607849
1,Agresivo,siendo,2.904237452654745
1,Agresivo,siendo capaz,3.0583881324820035
1,Agresivo,sistemas,1.3844116989103321
1,Agresivo,sistemas computacionales,3.0583881324820035
1,Agresivo,sistemas información,2.285198244248522
1,Agresivo,social,1.672093771362113
1,Agresivo,sociales,2.904237452654745
1,Agresivo,sociedad,2.547562508716013
1,Agresivo,software,1.4828517717235845
1,Agresivo,soluciones,1.4828517717235845
1,Agresivo,soluciones eficientes,3.2407096892759584
1,Agresivo,soluciones innovadoras,3.0583881324820035
1,Agresivo,soluciones tecnológicas,2.547562508716013
1,Agresivo,sostenible,2.547562508716013
1,Agresivo,superior,3.463853240590168
1,Agresivo,sustentable,3.0583881324820035
1,Agresivo,sólida,2.3652409519220585
1,Agresivo,sólida formación,2.4522523289116878
1,Agresivo,sólidos,3.0583881324820035
1,Agresivo,tecnología,2.6529230243738393
1,Agresivo,tecnologías,1.2666286632539485
1,Agresivo,tecnologías información,1.5179430915348546
1,Agresivo,tecnológica,2.285198244248522
1,Agresivo,tecnológicas,2.2110902720948
1,Agresivo,tecnológico,2.904237452654745
1,Agresivo,tecnológicos,2.142097400607849
1,Agresivo,telecomunicaciones,3.2407096892759584
1,Agresivo,tic,2.6529230243738393
1,Agresivo,toma,2.6529230243738393
1,Agresivo,toma decisiones,2.6529230243738393
1,Agresivo,trabajar,2.6529230243738393
1,Agresivo,trabajo,1.6312717768418579
1,Agresivo,trabajo equipo,2.904237452654745
1,Agresivo,transformación,2.4522523289116878
1,Agresivo,transformación digital,2.904237452654745
1,Agresivo,través,2.142097400607849
1,Agresivo,trayectoria,3.0583881324820035
1,Agresivo,técnicas,2.7707060600302227
1,Agresivo,técnico,3.463853240590168
1,Agresivo,técnicos,2.904237452654745
1,Agresivo,título,3.0583881324820035
1,Agresivo,título profesional,3.2407096892759584
1,Agresivo,universidad,1.5179430915348546
1,Agresivo,universidad católica,2.904237452654745
1,Agresivo,uso,2.3652409519220585
1,Agresivo,utilizando,3.0583881324820035
1,Agresivo,utilizando herramientas,3.463853240590168
1,Agresivo,valor,2.3652409519220585
1,Agresivo,vanguardia,3.463853240590168
1,Agresivo,vida,2.904237452654745
1,Agresivo,vigente,3.2407096892759584
1,Agresivo,visión,2.547562508716013
1,Agresivo,ámbito,2.3652409519220585
1,Agresivo,ámbitos,3.0583881324820035
1,Agresivo,área,2.547562508716013
1,Agresivo,áreas,2.3652409519220585
1,Agresivo,énfasis,3.463853240590168
1,Agresivo,ética,2.142097400607849
1,Agresivo,ético,2.6529230243738393
1,Agresivo,éticos,2.7707060600302227
2,Original,000,3.4849066497880004
2,Original,000 arancel,3.772588722239781
2,Original,10,3.0794415416798357
2,Original,2026,3.4849066497880004
2,Original,25,3.4849066497880004
2,Original,académico,3.0794415416798357
2,Original,acuerdo,2.9252908618525773
2,Original,además,2.386294361119891
2,Original,admisión,3.4849066497880004
2,Original,alto,2.9252908618525773
2,Original,analizar,2.5686159179138452
2,Original,analítica,2.9252908618525773
2,Original,anual,3.772588722239781
2,Original,análisis,2.791759469228055
2,Original,aplicaciones,3.0794415416798357
2,Original,aplicada,2.6739764335716716
2,Original,aplicando,2.791759469228055
2,Original,aplicar,2.47330573810952
2,Original,aprendizaje,2.47330573810952
2,Original,arancel,3.4849066497880004
2,Original,arancel anual,3.772588722239781
2,Original,aranceles,3.4849066497880004
2,Original,artificial,2.6739764335716716
2,Original,as,3.4849066497880004
2,Original,así,2.386294361119891
2,Original,autónoma,2.791759469228055
2,Original,año,3.4849066497880004
2,Original,basadas,3.0794415416798357
2,Original,base,2.9252908618525773
2,Original,bases,2.6739764335716716
2,Original,bases datos,2.791759469228055
2,Original,bien,2.791759469228055
2,Original,bien común,2.791759469228055
2,Original,buenas,3.4849066497880004
2,Original,buenas prácticas,3.4849066497880004
2,Original,básicas,2.163150809805681
2,Original,básicas ciencias,2.791759469228055
2,Original,calidad,2.09861228866811
2,Original,calidad seguridad,3.2617630984737906
2,Original,campo,2.791759469228055
2,Original,campus,3.4849066497880004
2,Original,capaces,2.386294361119891
2,Original,capacidad,1.826678573184468
2,Original,capacidades,3.4849066497880004
2,Original,capacitado,2.5686159179138452
2,Original,capaz,2.2321436812926323
2,Original,carrera,1.7357067949787413
2,Original,carrera ingeniería,2.386294361119891
2,Original,católica,3.0794415416798357
2,Original,chile,3.0794415416798357
2,Original,ciclo,3.2617630984737906
2,Original,ciclo vida,3.4849066497880004
2,Original,ciencia,2.6739764335716716
2,Original,ciencias,1.7357067949787413
2,Original,ciencias básicas,2.163150809805681
2,Original,ciencias ingeniería,2.3062516534463544
2,Original,civil,1.826678573184468
2,Original,civil computación,2.9252908618525773
2,Original,civil informática,2.386294361119891
2,Original,colaborativamente,3.2617630984737906
2,Original,colaborativo,3.2617630984737906
2,Original,competencias,1.9267620317414504
2,Original,complejos,2.386294361119891
2,Original,comprometido,3.4849066497880004
2,Original,compromiso,2.3062516534463544
2,Original,compromiso ético,3.4849066497880004
2,Original,computacionales,2.386294361119891
2,Original,computación,2.3062516534463544
2,Original,computación informática,2.9252908618525773
2,Original,comunicaciones,3.0794415416798357
2,Original,comunicación,1.9267620317414504
2,Original,comunicación efectiva,2.9252908618525773
2,Original,comunicación tic,3.2617630984737906
2,Original,comunicarse,3.0794415416798357
2,Original,común,2.791759469228055
2,Original,concepción,3.2617630984737906
2,Original,conocimiento,2.791759469228055
2,Original,conocimientos,1.826678573184468
2,Original,conocimientos ciencias,3.2617630984737906
2,Original,considerando,2.791759469228055
2,Original,constante,3.0794415416798357
2,Original,construir,3.0794415416798357
2,Original,consultor,3.0794415416798357
2,Original,contexto,2.791759469228055
2,Original,contextos,2.3062516534463544
2,Original,continua,2.9252908618525773
2,Original,contribuir,3.2617630984737906
2,Original,creación,3.0794415416798357
2,Original,cristiana,3.0794415416798357
2,Original,criterios,3.2617630984737906
2,Original,crítica,3.2617630984737906
2,Original,crítico,2.6739764335716716
2,Original,cuenta,3.0794415416798357
2,Original,cultura,3.2617630984737906
2,Original,curricular,3.4849066497880004
2,Original,datos,1.613104472886409
2,Original,datos sistemas,3.4849066497880004
2,Original,decil,3.772588722239781
2,Original,decisiones,2.47330573810952
2,Original,desafíos,3.0794415416798357
2,Original,desarrolla,2.5686159179138452
2,Original,desarrollar,1.826678573184468
2,Original,desarrollar proyectos,3.0794415416798357
2,Original,desarrollar soluciones,3.0794415416798357
2,Original,desarrollo,1.538996500732687
2,Original,desarrollo software,2.9252908618525773
2,Original,desarrollo sostenible,3.2617630984737906
2,Original,desempeñarse,2.386294361119891
2,Original,desempeño,2.791759469228055
2,Original,desenvolverse,3.0794415416798357
2,Original,destacan,3.0794415416798357
2,Original,digital,2.47330573810952
2,Original,digitales,2.6739764335716716
2,Original,disciplina,3.4849066497880004
2,Original,disciplinar,3.0794415416798357
2,Original,disciplinares,3.2617630984737906
2,Original,diseña,3.0794415416798357
2,Original,diseñar,1.9808292530117262
2,Original,diseñar desarrollar,2.9252908618525773
2,Original,diseñar implementar,2.791759469228055
2,Original,diseño,2.2321436812926323
2,Original,distintas,3.2617630984737906
2,Original,distintos,2.791759469228055
2,Original,diversa,3.2617630984737906
2,Original,diversas,2.9252908618525773
2,Original,diversidad,2.791759469228055
2,Original,diversos,2.5686159179138452
2,Original,duración,3.2617630984737906
2,Original,efectiva,2.5686159179138452
2,Original,eficiencia,2.3062516534463544
2,Original,eficientes,2.9252908618525773
2,Original,egresado,2.47330573810952
2,Original,egreso,2.3062516534463544
2,Original,ejecución,3.2617630984737906
2,Original,ejercicio,3.0794415416798357
2,Original,ello,3.0794415416798357
2,Original,emergentes,3.0794415416798357
2,Original,emprendimiento,2.9252908618525773
2,Original,empresarial,3.2617630984737906
2,Original,empresas,2.9252908618525773
2,Original,enfoque,2.9252908618525773
2,Original,entorno,3.0794415416798357
2,Original,equipo,2.9252908618525773
2,Original,equipos,1.7357067949787413
2,Original,equipos multidisciplinarios,2.2321436812926323
2,Original,equipos trabajo,2.9252908618525773
2,Original,especialidad,3.772588722239781
2,Original,estrategias,3.4849066497880004
2,Original,estudiantes,3.772588722239781
2,Original,está,3.2617630984737906
2,Original,estándares,2.47330573810952
2,Original,estándares calidad,3.0794415416798357
2,Original,evaluación,2.791759469228055
2,Original,evaluando,3.2617630984737906
2,Original,evaluar,2.6739764335716716
2,Original,evolución,2.791759469228055
2,Original,fin,3.0794415416798357
2,Original,forma,2.037987666851675
2,Original,formación,1.7357067949787413
2,Original,formación integral,3.2617630984737906
2,Original,formar,2.791759469228055
2,Original,formar profesionales,3.772588722239781
2,Original,formativo,3.4849066497880004
2,Original,formular,3.2617630984737906
2,Original,fundamentos,3.0794415416798357
2,Original,generación,3.0794415416798357
2,Original,generar,2.791759469228055
2,Original,generar soluciones,2.9252908618525773
2,Original,gestiona,3.2617630984737906
2,Original,gestionar,1.9808292530117262
2,Original,gestionar desarrollar,3.2617630984737906
2,Original,gestionar proyectos,2.791759469228055
2,Original,gestión,1.9267620317414504
2,Original,gestión informática,3.2617630984737906
2,Original,gestión proyectos,2.9252908618525773
2,Original,global,2.9252908618525773
2,Original,grandes,3.2617630984737906
2,Original,grandes volúmenes,3.2617630984737906
2,Original,habilidades,2.47330573810952
2,Original,hardware,3.2617630984737906
2,Original,herramientas,2.386294361119891
2,Original,herramientas tecnológicas,3.2617630984737906
2,Original,humana,3.2617630984737906
2,Original,humanos,3.0794415416798357
2,Original,identificar,2.791759469228055
2,Original,idioma,3.0794415416798357
2,Original,idioma inglés,3.0794415416798357
2,Original,impacto,3.2617630984737906
2,Original,implementa,3.4849066497880004
2,Original,implementación,3.0794415416798357
2,Original,implementar,2.2321436812926323
2,Original,inclusión,3.2617630984737906
2,Original,incorporando,3.2617630984737906
2,Original,industria,2.9252908618525773
2,Original,industrial,3.4849066497880004
2,Original,información,1.3448404862917296
2,Original,información comunicaciones,3.2617630984737906
2,Original,información comunicación,2.791759469228055
2,Original,informática,1.1823215567939547
2,Original,informática egresado,3.2617630984737906
2,Original,informática innovación,3.772588722239781
2,Original,informática instituto,3.2617630984737906
2,Original,informática universidad,2.3062516534463544
2,Original,informáticas,2.6739764335716716
2,Original,informático,2.9252908618525773
2,Original,informáticos,1.613104472886409
2,Original,ingeniera,3.0794415416798357
2,Original,ingeniero,1.503905180921417
2,Original,ingeniero civil,2.386294361119891
2,Original,ingeniero ejecución,3.2617630984737906
2,Original,ingeniero informática,2.5686159179138452
2,Original,ingenieros,2.9252908618525773
2,Original,ingeniería,1.1823215567939547
2,Original,ingeniería civil,2.386294361119891
2,Original,ingeniería informática,2.037987666851675
2,Original,ingeniería ingeniería,3.0794415416798357
2,Original,ingeniería software,2.47330573810952
2,Original,inglés,2.791759469228055
2,Original,innovación,2.037987666851675
2,Original,innovadoras,2.163150809805681
2,Original,instituciones,3.0794415416798357
2,Original,instituciones públicas,3.2617630984737906
2,Original,instituto,2.9252908618525773
2,Original,instituto profesional,3.2617630984737906
2,Original,integración,3.2617630984737906
2,Original,integral,2.5686159179138452
2,Original,integrales,3.0794415416798357
2,Original,integrar,2.791759469228055
2,Original,inteligencia,2.47330573810952
2,Original,inteligencia artificial,2.6739764335716716
2,Original,interdisciplinarios,3.2617630984737906
2,Original,investigación,3.0794415416798357
2,Original,laboral,3.0794415416798357
2,Original,lenguajes,3.2617630984737906
2,Original,lenguajes programación,3.2617630984737906
2,Original,lidera,3.4849066497880004
2,Original,liderando,3.772588722239781
2,Original,liderar,2.386294361119891
2,Original,liderar equipos,2.791759469228055
2,Original,liderazgo,2.6739764335716716
2,Original,malla,3.2617630984737906
2,Original,malla curricular,3.772588722239781
2,Original,manejo,3.2617630984737906
2,Original,manera,2.386294361119891
2,Original,mantención,3.2617630984737906
2,Original,marco,3.2617630984737906
2,Original,marcos,3.772588722239781
2,Original,matrícula,3.4849066497880004
2,Original,mediante,2.6739764335716716
2,Original,mediante uso,3.2617630984737906
2,Original,medio,2.9252908618525773
2,Original,mejora,2.6739764335716716
2,Original,mercado,3.2617630984737906
2,Original,metodologías,2.6739764335716716
2,Original,metodologías herramientas,3.4849066497880004
2,Original,metropolitana,3.4849066497880004
2,Original,multidisciplinarios,2.037987666851675
2,Original,mundo,2.5686159179138452
2,Original,nacional,2.9252908618525773
2,Original,necesidades,2.09861228866811
2,Original,negocios,2.791759469228055
2,Original,nivel,2.386294361119891
2,Original,nivel superior,3.4849066497880004
2,Original,niveles,3.2617630984737906
2,Original,normativa,3.772588722239781
2,Original,nuevas,2.9252908618525773
2,Original,nuevas tecnologías,3.2617630984737906
2,Original,nuevos,3.2617630984737906
2,Original,objetivos,2.9252908618525773
2,Original,operar,3.2617630984737906
2,Original,oportunidades,3.0794415416798357
2,Original,organizacional,3.4849066497880004
2,Original,organizacionales,2.47330573810952
2,Original,organizaciones,1.9267620317414504
2,Original,organización,2.386294361119891
2,Original,partir,3.0794415416798357
2,Original,país,3.0794415416798357
2,Original,pensamiento,2.791759469228055
2,Original,pensamiento crítico,2.9252908618525773
2,Original,perfil,2.037987666851675
2,Original,perfil egreso,2.386294361119891
2,Original,permanente,2.6739764335716716
2,Original,permitan,3.0794415416798357
2,Original,permite,1.9808292530117262
2,Original,permitirá,3.2617630984737906
2,Original,persona,2.791759469228055
2,Original,personas,2.791759469228055
2,Original,planificación,3.2617630984737906
2,Original,planificar,2.9252908618525773
2,Original,plataformas,3.0794415416798357
2,Original,podrá,3.0794415416798357
2,Original,posee,2.2321436812926323
2,Original,principios,2.5686159179138452
2,Original,privadas,2.9252908618525773
2,Original,problemas,1.6523251860396901
2,Original,problemas complejos,2.5686159179138452
2,Original,problemáticas,3.2617630984737906
2,Original,procesos,1.8754687373538999
2,Original,productivo,3.4849066497880004
2,Original,productos,2.6739764335716716
2,Original,profesional,1.3158529494184772
2,Original,profesional ingeniero,3.0794415416798357
2,Original,profesionales,1.9267620317414504
2,Original,profesionales capaces,3.0794415416798357
2,Original,profesión,3.0794415416798357
2,Original,programa,2.6739764335716716
2,Original,programación,2.9252908618525773
2,Original,promoción,3.2617630984737906
2,Original,propios,2.9252908618525773
2,Original,proyectos,1.3448404862917296
2,Original,proyectos informáticos,2.386294361119891
2,Original,proyectos tecnologías,3.2617630984737906
2,Original,prácticas,3.2617630984737906
2,Original,prácticas industria,3.4849066497880004
2,Original,puede,2.9252908618525773
2,Original,públicas,2.9252908618525773
2,Original,públicas privadas,2.9252908618525773
2,Original,público,3.2617630984737906
2,Original,públicos,3.0794415416798357
2,Original,reconoce,3.4849066497880004
2,Original,recursos,2.386294361119891
2,Original,redes,2.5686159179138452
2,Original,región,3.4849066497880004
2,Original,requerimientos,2.9252908618525773
2,Original,resolución,3.0794415416798357
2,Original,resolución problemas,3.0794415416798357
2,Original,resolver,1.8754687373538999
2,Original,resolver problemas,2.037987666851675
2,Original,respeto,3.0794415416798357
2,Original,responsabilidad,2.2321436812926323
2,Original,responsabilidad social,2.47330573810952
2,Original,responsable,3.0794415416798357
2,Original,riesgos,3.0794415416798357
2,Original,santiago,3.0794415416798357
2,Original,sector,2.791759469228055
2,Original,sede,3.2617630984737906
2,Original,seguridad,2.163150809805681
2,Original,seguridad información,2.791759469228055
2,Original,según,2.6739764335716716
2,Original,sello,2.6739764335716716
2,Original,semestres,3.0794415416798357
2,Original,sentido,3.0794415416798357
2,Original,servicios,2.3062516534463544
2,Original,sistemas,1.4054651081081644
2,Original,sistemas computacionales,2.9252908618525773
2,Original,sistemas información,2.47330573810952
2,Original,sistemas informáticos,2.386294361119891
2,Original,social,1.826678573184468
2,Original,sociales,2.791759469228055
2,Original,sociedad,2.6739764335716716
2,Original,software,1.538996500732687
2,Original,soluciones,1.4054651081081644
2,Original,soluciones eficientes,3.2617630984737906
2,Original,soluciones informáticas,2.791759469228055
2,Original,soluciones innovadoras,2.9252908618525773
2,Original,soluciones software,3.0794415416798357
2,Original,soluciones tecnológicas,2.6739764335716716
2,Original,sostenible,2.791759469228055
2,Original,superior,3.2617630984737906
2,Original,sólida,2.5686159179138452
2,Original,sólida formación,2.6739764335716716
2,Original,tecnología,2.791759469228055
2,Original,tecnologías,1.3158529494184772
2,Original,tecnologías información,1.5753641449035618
2,Original,tecnológica,2.163150809805681
2,Original,tecnológicas,2.3062516534463544
2,Original,tecnológico,2.6739764335716716
2,Original,tecnológicos,2.386294361119891
2,Original,telecomunicaciones,3.0794415416798357
2,Original,tic,3.2617630984737906
2,Original,toma,2.791759469228055
2,Original,toma decisiones,2.791759469228055
2,Original,trabajar,2.791759469228055
2,Original,trabajo,1.9267620317414504
2,Original,transformación,2.3062516534463544
2,Original,transformación digital,2.47330573810952
2,Original,través,2.386294361119891
2,Original,técnicas,2.791759469228055
2,Original,técnico,3.0794415416798357
2,Original,técnicos,2.9252908618525773
2,Original,título,3.0794415416798357
2,Original,título profesional,3.2617630984737906
2,Original,universidad,1.5753641449035618
2,Original,universidad católica,3.0794415416798357
2,Original,universitario,3.772588722239781
2,Original,uso,2.47330573810952
2,Original,utilizando,3.0794415416798357
2,Original,vacantes,3.4849066497880004
2,Original,valor,2.6739764335716716
2,Original,valores,3.2617630984737906
2,Original,vida,2.6739764335716716
2,Original,vigente,3.4849066497880004
2,Original,visión,2.386294361119891
2,Original,ámbito,2.9252908618525773
2,Original,ámbitos,3.0794415416798357
2,Original,área,2.5686159179138452
2,Original,áreas,2.5686159179138452
2,Original,ética,2.09861228866811
2,Original,ético,2.5686159179138452
2,Original,éticos,3.0794415416798357
2,Solo_titulos,000,3.4849066497880004
2,Solo_titulos,000 arancel,3.772588722239781
2,Solo_titulos,10,3.0794415416798357
2,Solo_titulos,2026,3.4849066497880004
2,Solo_titulos,25,3.4849066497880004
2,Solo_titulos,académico,3.0794415416798357
2,Solo_titulos,acuerdo,2.9252908618525773
2,Solo_titulos,además,2.386294361119891
2,Solo_titulos,admisión,3.4849066497880004
2,Solo_titulos,alto,2.9252908618525773
2,Solo_titulos,ambientes,3.2617630984737906
2,Solo_titulos,analista,3.4849066497880004
2,Solo_titulos,analizar,2.5686159179138452
2,Solo_titulos,analítica,2.9252908618525773
2,Solo_titulos,anual,3.772588722239781
2,Solo_titulos,análisis,2.791759469228055
2,Solo_titulos,aplicaciones,3.0794415416798357
2,Solo_titulos,aplicación,3.2617630984737906
2,Solo_titulos,aplicada,2.6739764335716716
2,Solo_titulos,aplicando,2.791759469228055
2,Solo_titulos,aplicar,2.47330573810952
2,Solo_titulos,aprender,3.2617630984737906
2,Solo_titulos,aprendizaje,2.47330573810952
2,Solo_titulos,arancel,3.4849066497880004
2,Solo_titulos,arancel anual,3.772588722239781
2,Solo_titulos,aranceles,3.4849066497880004
2,Solo_titulos,artificial,2.6739764335716716
2,Solo_titulos,as,3.4849066497880004
2,Solo_titulos,asimismo,3.2617630984737906
2,Solo_titulos,asociados,3.2617630984737906
2,Solo_titulos,así,2.386294361119891
2,Solo_titulos,autónoma,2.791759469228055
2,Solo_titulos,año,3.4849066497880004
2,Solo_titulos,basadas,3.0794415416798357
2,Solo_titulos,base,2.9252908618525773
2,Solo_titulos,bases,2.6739764335716716
2,Solo_titulos,bases datos,2.791759469228055
2,Solo_titulos,bien,2.791759469228055
2,Solo_titulos,bien común,2.791759469228055
2,Solo_titulos,buenas,3.4849066497880004
2,Solo_titulos,buenas prácticas,3.4849066497880004
2,Solo_titulos,básicas,2.163150809805681
2,Solo_titulos,básicas ciencias,2.791759469228055
2,Solo_titulos,calidad,2.09861228866811
2,Solo_titulos,calidad seguridad,3.2617630984737906
2,Solo_titulos,campo,2.791759469228055
2,Solo_titulos,campus,3.4849066497880004
2,Solo_titulos,capaces,2.386294361119891
2,Solo_titulos,capacidad,1.826678573184468
2,Solo_titulos,capacidades,3.4849066497880004
2,Solo_titulos,capacitado,2.5686159179138452
2,Solo_titulos,capaz,2.2321436812926323
2,Solo_titulos,carrera,1.7357067949787413
2,Solo_titulos,carrera universidad,2.6739764335716716
2,Solo_titulos,católica,3.0794415416798357
2,Solo_titulos,chile,3.0794415416798357
2,Solo_titulos,ciclo,3.2617630984737906
2,Solo_titulos,ciclo vida,3.4849066497880004
2,Solo_titulos,ciencia,2.6739764335716716
2,Solo_titulos,ciencias,1.7357067949787413
2,Solo_titulos,ciencias básicas,2.163150809805681
2,Solo_titulos,ciencias ingeniería,2.386294361119891
2,Solo_titulos,civil,2.9252908618525773
2,Solo_titulos,competencias,1.9267620317414504
2,Solo_titulos,complejos,2.386294361119891
2,Solo_titulos,compromiso,2.3062516534463544
2,Solo_titulos,computacionales,2.386294361119891
2,Solo_titulos,computación,2.386294361119891
2,Solo_titulos,computación informática,3.0794415416798357
2,Solo_titulos,comunicaciones,3.0794415416798357
2,Solo_titulos,comunicación,1.9267620317414504
2,Solo_titulos,comunicación efectiva,2.9252908618525773
2,Solo_titulos,comunicarse,3.0794415416798357
2,Solo_titulos,común,2.791759469228055
2,Solo_titulos,concepción,3.2617630984737906
2,Solo_titulos,conocimiento,2.791759469228055
2,Solo_titulos,conocimientos,1.826678573184468
2,Solo_titulos,considerando,2.791759469228055
2,Solo_titulos,constante,3.0794415416798357
2,Solo_titulos,construir,3.0794415416798357
2,Solo_titulos,consultor,3.0794415416798357
2,Solo_titulos,contexto,2.791759469228055
2,Solo_titulos,contextos,2.3062516534463544
2,Solo_titulos,continua,2.9252908618525773
2,Solo_titulos,creación,3.0794415416798357
2,Solo_titulos,cristiana,3.0794415416798357
2,Solo_titulos,criterios,3.2617630984737906
2,Solo_titulos,crítico,2.6739764335716716
2,Solo_titulos,cuenta,3.0794415416798357
2,Solo_titulos,curricular,3.4849066497880004
2,Solo_titulos,datos,1.613104472886409
2,Solo_titulos,decisiones,2.47330573810952
2,Solo_titulos,desafíos,3.0794415416798357
2,Solo_titulos,desarrolla,2.5686159179138452
2,Solo_titulos,desarrollar,1.826678573184468
2,Solo_titulos,desarrollar proyectos,3.0794415416798357
2,Solo_titulos,desarrollar soluciones,3.0794415416798357
2,Solo_titulos,desarrollo,1.538996500732687
2,Solo_titulos,desarrollo software,2.9252908618525773
2,Solo_titulos,desarrollo sostenible,3.2617630984737906
2,Solo_titulos,desempeñarse,2.386294361119891
2,Solo_titulos,desempeño,2.791759469228055
2,Solo_titulos,desenvolverse,3.0794415416798357
2,Solo_titulos,destacan,3.0794415416798357
2,Solo_titulos,digital,2.47330573810952
2,Solo_titulos,digitales,2.6739764335716716
2,Solo_titulos,disciplinar,3.0794415416798357
2,Solo_titulos,diseña,3.0794415416798357
2,Solo_titulos,diseñar,1.9808292530117262
2,Solo_titulos,diseñar desarrollar,2.9252908618525773
2,Solo_titulos,diseñar implementar,2.791759469228055
2,Solo_titulos,diseño,2.2321436812926323
2,Solo_titulos,distintas,3.2617630984737906
2,Solo_titulos,distintos,2.791759469228055
2,Solo_titulos,diversa,3.2617630984737906
2,Solo_titulos,diversas,2.9252908618525773
2,Solo_titulos,diversidad,2.791759469228055
2,Solo_titulos,diversos,2.5686159179138452
2,Solo_titulos,duración,3.2617630984737906
2,Solo_titulos,efectiva,2.5686159179138452
2,Solo_titulos,eficiencia,2.3062516534463544
2,Solo_titulos,eficientes,2.9252908618525773
2,Solo_titulos,egresado,2.47330573810952
2,Solo_titulos,egreso,2.3062516534463544
2,Solo_titulos,ejecución,3.2617630984737906
2,Solo_titulos,ejercicio,3.0794415416798357
2,Solo_titulos,ello,3.0794415416798357
2,Solo_titulos,emergentes,3.0794415416798357
2,Solo_titulos,emprendimiento,2.9252908618525773
2,Solo_titulos,empresarial,3.2617630984737906
2,Solo_titulos,empresas,2.9252908618525773
2,Solo_titulos,enfoque,2.9252908618525773
2,Solo_titulos,entorno,3.0794415416798357
2,Solo_titulos,equipo,2.9252908618525773
2,Solo_titulos,equipos,1.7357067949787413
2,Solo_titulos,equipos multidisciplinarios,2.2321436812926323
2,Solo_titulos,equipos trabajo,2.9252908618525773
2,Solo_titulos,especialidad,3.772588722239781
2,Solo_titulos,estrategias,3.4849066497880004
2,Solo_titulos,estudiantes,3.772588722239781
2,Solo_titulos,estudio,3.2617630984737906
2,Solo_titulos,estudios,3.2617630984737906
2,Solo_titulos,está,3.2617630984737906
2,Solo_titulos,está capacitado,3.2617630984737906
2,Solo_titulos,estándares,2.47330573810952
2,Solo_titulos,estándares calidad,3.0794415416798357
2,Solo_titulos,evaluación,2.791759469228055
2,Solo_titulos,evaluando,3.2617630984737906
2,Solo_titulos,evaluar,2.6739764335716716
2,Solo_titulos,evaluar gestionar,3.4849066497880004
2,Solo_titulos,evolución,2.791759469228055
2,Solo_titulos,excelencia,3.2617630984737906
2,Solo_titulos,fin,3.0794415416798357
2,Solo_titulos,forma,2.037987666851675
2,Solo_titulos,formación,1.7357067949787413
2,Solo_titulos,formación ciencias,3.2617630984737906
2,Solo_titulos,formación integral,3.2617630984737906
2,Solo_titulos,formar,2.791759469228055
2,Solo_titulos,formar profesionales,3.772588722239781
2,Solo_titulos,formativo,3.4849066497880004
2,Solo_titulos,formular,3.2617630984737906
2,Solo_titulos,fundamentos,3.0794415416798357
2,Solo_titulos,generación,3.0794415416798357
2,Solo_titulos,generar,2.791759469228055
2,Solo_titulos,generar soluciones,2.9252908618525773
2,Solo_titulos,gestiona,3.2617630984737906
2,Solo_titulos,gestionar,1.9808292530117262
2,Solo_titulos,gestionar desarrollar,3.2617630984737906
2,Solo_titulos,gestionar proyectos,2.791759469228055
2,Solo_titulos,gestión,1.9267620317414504
2,Solo_titulos,gestión informática,3.2617630984737906
2,Solo_titulos,gestión proyectos,2.9252908618525773
2,Solo_titulos,global,2.9252908618525773
2,Solo_titulos,grandes,3.2617630984737906
2,Solo_titulos,grandes volúmenes,3.2617630984737906
2,Solo_titulos,habilidades,2.47330573810952
2,Solo_titulos,hardware,3.2617630984737906
2,Solo_titulos,herramientas,2.386294361119891
2,Solo_titulos,herramientas tecnológicas,3.2617630984737906
2,Solo_titulos,humana,3.2617630984737906
2,Solo_titulos,humanos,3.0794415416798357
2,Solo_titulos,identificar,2.791759469228055
2,Solo_titulos,idioma,3.0794415416798357
2,Solo_titulos,idioma inglés,3.0794415416798357
2,Solo_titulos,impacto,3.2617630984737906
2,Solo_titulos,implementación,3.0794415416798357
2,Solo_titulos,implementar,2.2321436812926323
2,Solo_titulos,industria,2.9252908618525773
2,Solo_titulos,información,1.3448404862917296
2,Solo_titulos,información comunicaciones,3.2617630984737906
2,Solo_titulos,información comunicación,2.791759469228055
2,Solo_titulos,informática,1.5753641449035618
2,Solo_titulos,informática universidad,3.0794415416798357
2,Solo_titulos,informáticas,2.6739764335716716
2,Solo_titulos,informáticos,1.613104472886409
2,Solo_titulos,ingeniero,1.826678573184468
2,Solo_titulos,ingeniero civil,2.9252908618525773
2,Solo_titulos,ingeniero ejecución,3.2617630984737906
2,Solo_titulos,ingeniero informática,2.9252908618525773
2,Solo_titulos,ingenieros,2.9252908618525773
2,Solo_titulos,ingeniería,1.4700036292457357
2,Solo_titulos,ingeniería software,2.47330573810952
2,Solo_titulos,inglés,2.791759469228055
2,Solo_titulos,innovación,2.037987666851675
2,Solo_titulos,innovadoras,2.163150809805681
2,Solo_titulos,instituciones,3.0794415416798357
2,Solo_titulos,instituciones públicas,3.2617630984737906
2,Solo_titulos,instituto,2.9252908618525773
2,Solo_titulos,instituto profesional,3.2617630984737906
2,Solo_titulos,integra,3.2617630984737906
2,Solo_titulos,integración,3.2617630984737906
2,Solo_titulos,integral,2.5686159179138452
2,Solo_titulos,integrales,3.0794415416798357
2,Solo_titulos,integrar,2.791759469228055
2,Solo_titulos,inteligencia,2.47330573810952
2,Solo_titulos,inteligencia artificial,2.6739764335716716
2,Solo_titulos,interdisciplinarios,3.2617630984737906
2,Solo_titulos,investigación,3.0794415416798357
2,Solo_titulos,laboral,3.0794415416798357
2,Solo_titulos,lenguajes,3.2617630984737906
2,Solo_titulos,lenguajes programación,3.2617630984737906
2,Solo_titulos,liderando,3.772588722239781
2,Solo_titulos,liderar,2.386294361119891
2,Solo_titulos,liderar equipos,2.791759469228055
2,Solo_titulos,liderazgo,2.6739764335716716
2,Solo_titulos,malla,3.2617630984737906
2,Solo_titulos,manejo,3.2617630984737906
2,Solo_titulos,manera,2.386294361119891
2,Solo_titulos,mantención,3.2617630984737906
2,Solo_titulos,marcos,3.772588722239781
2,Solo_titulos,mediante,2.6739764335716716
2,Solo_titulos,medio,2.9252908618525773
2,Solo_titulos,mejora,2.6739764335716716
2,Solo_titulos,metodologías,2.6739764335716716
2,Solo_titulos,metropolitana,3.4849066497880004
2,Solo_titulos,multidisciplinarios,2.037987666851675
2,Solo_titulos,mundo,2.5686159179138452
2,Solo_titulos,nacional,2.9252908618525773
2,Solo_titulos,necesidades,2.09861228866811
2,Solo_titulos,negocios,2.791759469228055
2,Solo_titulos,nivel,2.386294361119891
2,Solo_titulos,nivel superior,3.4849066497880004
2,Solo_titulos,niveles,3.2617630984737906
2,Solo_titulos,normativa,3.772588722239781
2,Solo_titulos,nuevas,2.9252908618525773
2,Solo_titulos,nuevas tecnologías,3.2617630984737906
2,Solo_titulos,nuevos,3.2617630984737906
2,Solo_titulos,objetivos,2.9252908618525773
2,Solo_titulos,oportunidades,3.0794415416798357
2,Solo_titulos,organizacionales,2.47330573810952
2,Solo_titulos,organizaciones,1.9267620317414504
2,Solo_titulos,organización,2.386294361119891
2,Solo_titulos,partir,3.0794415416798357
2,Solo_titulos,país,3.0794415416798357
2,Solo_titulos,pensamiento,2.791759469228055
2,Solo_titulos,pensamiento crítico,2.9252908618525773
2,Solo_titulos,perfil,2.037987666851675
2,Solo_titulos,perfil egreso,2.386294361119891
2,Solo_titulos,permanente,2.6739764335716716
2,Solo_titulos,permitan,3.0794415416798357
2,Solo_titulos,permite,1.9808292530117262
2,Solo_titulos,permitirá,3.2617630984737906
2,Solo_titulos,persona,2.791759469228055
2,Solo_titulos,personas,2.791759469228055
2,Solo_titulos,planificación,3.2617630984737906
2,Solo_titulos,planificar,2.9252908618525773
2,Solo_titulos,plataformas,3.0794415416798357
2,Solo_titulos,podrá,3.0794415416798357
2,Solo_titulos,posee,2.2321436812926323
2,Solo_titulos,presencial,3.4849066497880004
2,Solo_titulos,principios,2.5686159179138452
2,Solo_titulos,privadas,2.9252908618525773
2,Solo_titulos,problemas,1.6523251860396901
2,Solo_titulos,problemas complejos,2.5686159179138452
2,Solo_titulos,problemáticas,3.2617630984737906
2,Solo_titulos,procesos,1.8754687373538999
2,Solo_titulos,productivo,3.4849066497880004
2,Solo_titulos,productos,2.6739764335716716
2,Solo_titulos,profesional,1.3158529494184772
2,Solo_titulos,profesional ingeniero,3.2617630984737906
2,Solo_titulos,profesional podrá,3.4849066497880004
2,Solo_titulos,profesionales,1.9267620317414504
2,Solo_titulos,profesionales capaces,3.0794415416798357
2,Solo_titulos,profesión,3.0794415416798357
2,Solo_titulos,programa,2.6739764335716716
2,Solo_titulos,programación,2.9252908618525773
2,Solo_titulos,promoción,3.2617630984737906
2,Solo_titulos,promoción bien,3.4849066497880004
2,Solo_titulos,promueve,3.4849066497880004
2,Solo_titulos,propios,2.9252908618525773
2,Solo_titulos,propuestas,3.2617630984737906
2,Solo_titulos,proyectos,1.3448404862917296
2,Solo_titulos,proyectos informáticos,2.386294361119891
2,Solo_titulos,proyectos software,3.2617630984737906
2,Solo_titulos,proyectos tecnologías,3.2617630984737906
2,Solo_titulos,proyectos tecnológicos,3.2617630984737906
2,Solo_titulos,prácticas,3.2617630984737906
2,Solo_titulos,prácticas industria,3.4849066497880004
2,Solo_titulos,puede,2.9252908618525773
2,Solo_titulos,puede desempeñarse,3.4849066497880004
2,Solo_titulos,públicas,2.9252908618525773
2,Solo_titulos,públicas privadas,2.9252908618525773
2,Solo_titulos,público,3.2617630984737906
2,Solo_titulos,públicos,3.0794415416798357
2,Solo_titulos,quehacer,3.2617630984737906
2,Solo_titulos,realizar,3.2617630984737906
2,Solo_titulos,reconoce,3.4849066497880004
2,Solo_titulos,recursos,2.386294361119891
2,Solo_titulos,redes,2.5686159179138452
2,Solo_titulos,región,3.4849066497880004
2,Solo_titulos,relacionadas,3.2617630984737906
2,Solo_titulos,requerimientos,2.9252908618525773
2,Solo_titulos,requerimientos cliente,3.772588722239781
2,Solo_titulos,requieren,3.2617630984737906
2,Solo_titulos,resolución,3.0794415416798357
2,Solo_titulos,resolución problemas,3.0794415416798357
2,Solo_titulos,resolver,1.8754687373538999
2,Solo_titulos,resolver problemas,2.037987666851675
2,Solo_titulos,respeto,3.0794415416798357
2,Solo_titulos,responsabilidad,2.2321436812926323
2,Solo_titulos,responsabilidad social,2.47330573810952
2,Solo_titulos,responsable,3.0794415416798357
2,Solo_titulos,riesgos,3.0794415416798357
2,Solo_titulos,santiago,3.0794415416798357
2,Solo_titulos,sector,2.791759469228055
2,Solo_titulos,sede,3.2617630984737906
2,Solo_titulos,seguridad,2.163150809805681
2,Solo_titulos,seguridad información,2.791759469228055
2,Solo_titulos,según,2.6739764335716716
2,Solo_titulos,sello,2.6739764335716716
2,Solo_titulos,semestres,3.0794415416798357
2,Solo_titulos,sentido,3.0794415416798357
2,Solo_titulos,servicios,2.3062516534463544
2,Solo_titulos,sistemas,1.4054651081081644
2,Solo_titulos,sistemas computacionales,2.9252908618525773
2,Solo_titulos,sistemas información,2.47330573810952
2,Solo_titulos,sistemas informáticos,2.386294361119891
2,Solo_titulos,sistemas redes,3.2617630984737906
2,Solo_titulos,social,1.826678573184468
2,Solo_titulos,sociales,2.791759469228055
2,Solo_titulos,sociedad,2.6739764335716716
2,Solo_titulos,software,1.538996500732687
2,Solo_titulos,soluciones,1.4054651081081644
2,Solo_titulos,soluciones computacionales,3.2617630984737906
2,Solo_titulos,soluciones eficientes,3.2617630984737906
2,Solo_titulos,soluciones informáticas,2.791759469228055
2,Solo_titulos,soluciones innovadoras,2.9252908618525773
2,Solo_titulos,soluciones integrales,3.4849066497880004
2,Solo_titulos,soluciones software,3.0794415416798357
2,Solo_titulos,soluciones tecnológicas,2.6739764335716716
2,Solo_titulos,sostenible,2.791759469228055
2,Solo_titulos,superior,3.2617630984737906
2,Solo_titulos,sólida,2.5686159179138452
2,Solo_titulos,sólida formación,2.6739764335716716
2,Solo_titulos,sólidos,3.2617630984737906
2,Solo_titulos,tecnología,2.791759469228055
2,Solo_titulos,tecnologías,1.3158529494184772
2,Solo_titulos,tecnologías información,1.5753641449035618
2,Solo_titulos,tecnológica,2.163150809805681
2,Solo_titulos,tecnológicas,2.3062516534463544
2,Solo_titulos,tecnológico,2.6739764335716716
2,Solo_titulos,tecnológicos,2.386294361119891
2,Solo_titulos,telecomunicaciones,3.0794415416798357
2,Solo_titulos,tic,3.2617630984737906
2,Solo_titulos,toma,2.791759469228055
2,Solo_titulos,toma decisiones,2.791759469228055
2,Solo_titulos,trabajar,2.791759469228055
2,Solo_titulos,trabajo,1.9267620317414504
2,Solo_titulos,transformación,2.3062516534463544
2,Solo_titulos,transformación digital,2.47330573810952
2,Solo_titulos,través,2.386294361119891
2,Solo_titulos,técnicas,2.791759469228055
2,Solo_titulos,técnico,3.0794415416798357
2,Solo_titulos,técnicos,2.9252908618525773
2,Solo_titulos,título,3.0794415416798357
2,Solo_titulos,título profesional,3.2617630984737906
2,Solo_titulos,universidad,1.5753641449035618
2,Solo_titulos,universidad católica,3.0794415416798357
2,Solo_titulos,universitario,3.772588722239781
2,Solo_titulos,uso,2.47330573810952
2,Solo_titulos,utilizando,3.0794415416798357
2,Solo_titulos,utilizando herramientas,3.772588722239781
2,Solo_titulos,vacantes,3.4849066497880004
2,Solo_titulos,valor,2.6739764335716716
2,Solo_titulos,valores,3.2617630984737906
2,Solo_titulos,vanguardia,3.4849066497880004
2,Solo_titulos,ver,3.4849066497880004
2,Solo_titulos,vida,2.6739764335716716
2,Solo_titulos,vida según,3.4849066497880004
2,Solo_titulos,vigente,3.4849066497880004
2,Solo_titulos,visión,2.386294361119891
2,Solo_titulos,visión cristiana,3.4849066497880004
2,Solo_titulos,volúmenes,3.2617630984737906
2,Solo_titulos,ámbito,2.9252908618525773
2,Solo_titulos,ámbitos,3.0794415416798357
2,Solo_titulos,área,2.5686159179138452
2,Solo_titulos,áreas,2.5686159179138452
2,Solo_titulos,ética,2.09861228866811
2,Solo_titulos,ético,2.5686159179138452
2,Solo_titulos,éticos,3.0794415416798357
2,Agresivo,000,3.4849066497880004
2,Agresivo,000 arancel,3.772588722239781
2,Agresivo,10,3.0794415416798357
2,Agresivo,2026,3.4849066497880004
2,Agresivo,25,3.4849066497880004
2,Agresivo,académico,3.0794415416798357
2,Agresivo,acuerdo,2.9252908618525773
2,Agresivo,además,2.386294361119891
2,Agresivo,admisión,3.4849066497880004
2,Agresivo,alto,2.9252908618525773
2,Agresivo,analizar,2.5686159179138452
2,Agresivo,analítica,2.9252908618525773
2,Agresivo,anual,3.772588722239781
2,Agresivo,análisis,2.791759469228055
2,Agresivo,aplicaciones,3.0794415416798357
2,Agresivo,aplicada,2.6739764335716716
2,Agresivo,aplicando,2.791759469228055
2,Agresivo,aplicar,2.47330573810952
2,Agresivo,aprendizaje,2.47330573810952
2,Agresivo,arancel,3.4849066497880004
2,Agresivo,arancel anual,3.772588722239781
2,Agresivo,aranceles,3.4849066497880004
2,Agresivo,artificial,2.6739764335716716
2,Agresivo,as,3.4849066497880004
2,Agresivo,así,2.386294361119891
2,Agresivo,autónoma,2.791759469228055
2,Agresivo,año,3.4849066497880004
2,Agresivo,basadas,3.0794415416798357
2,Agresivo,base,2.9252908618525773
2,Agresivo,bases,2.6739764335716716
2,Agresivo,bases datos,2.791759469228055
2,Agresivo,bien,2.791759469228055
2,Agresivo,bien común,2.791759469228055
2,Agresivo,buenas,3.4849066497880004
2,Agresivo,buenas prácticas,3.4849066497880004
2,Agresivo,básicas,2.163150809805681
2,Agresivo,básicas ciencias,2.791759469228055
2,Agresivo,calidad,2.09861228866811
2,Agresivo,calidad seguridad,3.2617630984737906
2,Agresivo,campo,2.791759469228055
2,Agresivo,campus,3.4849066497880004
2,Agresivo,capaces,2.386294361119891
2,Agresivo,capacidad,1.826678573184468
2,Agresivo,capacidades,3.4849066497880004
2,Agresivo,capacitado,2.5686159179138452
2,Agresivo,capaz,2.2321436812926323
2,Agresivo,carrera,1.7357067949787413
2,Agresivo,carrera universidad,2.6739764335716716
2,Agresivo,católica,3.0794415416798357
2,Agresivo,chile,3.0794415416798357
2,Agresivo,ciclo,3.2617630984737906
2,Agresivo,ciclo vida,3.4849066497880004
2,Agresivo,ciencia,2.6739764335716716
2,Agresivo,ciencias,1.7357067949787413
2,Agresivo,ciencias básicas,2.163150809805681
2,Agresivo,ciencias ingeniería,2.386294361119891
2,Agresivo,competencias,1.9267620317414504
2,Agresivo,complejos,2.386294361119891
2,Agresivo,compromiso,2.3062516534463544
2,Agresivo,computacionales,2.386294361119891
2,Agresivo,computación,2.386294361119891
2,Agresivo,comunicaciones,3.0794415416798357
2,Agresivo,comunicación,1.9267620317414504
2,Agresivo,comunicación efectiva,2.9252908618525773
2,Agresivo,comunicarse,3.0794415416798357
2,Agresivo,común,2.791759469228055
2,Agresivo,concepción,3.2617630984737906
2,Agresivo,conocimiento,2.791759469228055
2,Agresivo,conocimientos,1.826678573184468
2,Agresivo,considerando,2.791759469228055
2,Agresivo,constante,3.0794415416798357
2,Agresivo,construir,3.0794415416798357
2,Agresivo,consultor,3.0794415416798357
2,Agresivo,contexto,2.791759469228055
2,Agresivo,contextos,2.3062516534463544
2,Agresivo,continua,2.9252908618525773
2,Agresivo,creación,3.0794415416798357
2,Agresivo,cristiana,3.0794415416798357
2,Agresivo,criterios,3.2617630984737906
2,Agresivo,crítico,2.6739764335716716
2,Agresivo,cuenta,3.0794415416798357
2,Agresivo,curricular,3.4849066497880004
2,Agresivo,datos,1.613104472886409
2,Agresivo,decisiones,2.47330573810952
2,Agresivo,desafíos,3.0794415416798357
2,Agresivo,desarrolla,2.5686159179138452
2,Agresivo,desarrollar,1.826678573184468
2,Agresivo,desarrollar proyectos,3.0794415416798357
2,Agresivo,desarrollar soluciones,3.0794415416798357
2,Agresivo,desarrollo,1.538996500732687
2,Agresivo,desarrollo software,2.9252908618525773
2,Agresivo,desarrollo sostenible,3.2617630984737906
2,Agresivo,desempeñarse,2.386294361119891
2,Agresivo,desempeño,2.791759469228055
2,Agresivo,desenvolverse,3.0794415416798357
2,Agresivo,destacan,3.0794415416798357
2,Agresivo,digital,2.47330573810952
2,Agresivo,digitales,2.6739764335716716
2,Agresivo,disciplinar,3.0794415416798357
2,Agresivo,diseña,3.0794415416798357
2,Agresivo,diseñar,1.9808292530117262
2,Agresivo,diseñar desarrollar,2.9252908618525773
2,Agresivo,diseñar implementar,2.791759469228055
2,Agresivo,diseño,2.2321436812926323
2,Agresivo,distintas,3.2617630984737906
2,Agresivo,distintos,2.791759469228055
2,Agresivo,diversa,3.2617630984737906
2,Agresivo,diversas,2.9252908618525773
2,Agresivo,diversidad,2.791759469228055
2,Agresivo,diversos,2.5686159179138452
2,Agresivo,duración,3.2617630984737906
2,Agresivo,efectiva,2.5686159179138452
2,Agresivo,eficiencia,2.3062516534463544
2,Agresivo,eficientes,2.9252908618525773
2,Agresivo,egresado,2.47330573810952
2,Agresivo,egreso,2.3062516534463544
2,Agresivo,ejercicio,3.0794415416798357
2,Agresivo,ello,3.0794415416798357
2,Agresivo,emergentes,3.0794415416798357
2,Agresivo,emprendimiento,2.9252908618525773
2,Agresivo,empresarial,3.2617630984737906
2,Agresivo,empresas,2.9252908618525773
2,Agresivo,enfoque,2.9252908618525773
2,Agresivo,entorno,3.0794415416798357
2,Agresivo,entornos,3.2617630984737906
2,Agresivo,equipo,2.9252908618525773
2,Agresivo,equipos,1.7357067949787413
2,Agresivo,equipos multidisciplinarios,2.2321436812926323
2,Agresivo,equipos trabajo,2.9252908618525773
2,Agresivo,especialidad,3.772588722239781
2,Agresivo,estrategias,3.4849066497880004
2,Agresivo,estudiantes,3.772588722239781
2,Agresivo,estudio,3.2617630984737906
2,Agresivo,estudios,3.2617630984737906
2,Agresivo,está,3.2617630984737906
2,Agresivo,está capacitado,3.2617630984737906
2,Agresivo,estándares,2.47330573810952
2,Agresivo,estándares calidad,3.0794415416798357
2,Agresivo,evaluación,2.791759469228055
2,Agresivo,evaluando,3.2617630984737906
2,Agresivo,evaluar,2.6739764335716716
2,Agresivo,evaluar gestionar,3.4849066497880004
2,Agresivo,evolución,2.791759469228055
2,Agresivo,excelencia,3.2617630984737906
2,Agresivo,fin,3.0794415416798357
2,Agresivo,forma,2.037987666851675
2,Agresivo,formación,1.7357067949787413
2,Agresivo,formación ciencias,3.2617630984737906
2,Agresivo,formación integral,3.2617630984737906
2,Agresivo,formar,2.791759469228055
2,Agresivo,formar profesionales,3.772588722239781
2,Agresivo,formativo,3.4849066497880004
2,Agresivo,formular,3.2617630984737906
2,Agresivo,fundamentos,3.0794415416798357
2,Agresivo,generación,3.0794415416798357
2,Agresivo,generar,2.791759469228055
2,Agresivo,generar soluciones,2.9252908618525773
2,Agresivo,gestionar,1.9808292530117262
2,Agresivo,gestionar desarrollar,3.2617630984737906
2,Agresivo,gestionar proyectos,2.791759469228055
2,Agresivo,gestión,1.9267620317414504
2,Agresivo,gestión proyectos,2.9252908618525773
2,Agresivo,global,2.9252908618525773
2,Agresivo,grandes,3.2617630984737906
2,Agresivo,grandes volúmenes,3.2617630984737906
2,Agresivo,habilidades,2.47330573810952
2,Agresivo,hardware,3.2617630984737906
2,Agresivo,herramientas,2.386294361119891
2,Agresivo,herramientas tecnológicas,3.2617630984737906
2,Agresivo,humana,3.2617630984737906
2,Agresivo,humanos,3.0794415416798357
2,Agresivo,identificar,2.791759469228055
2,Agresivo,idioma,3.0794415416798357
2,Agresivo,idioma inglés,3.0794415416798357
2,Agresivo,impacto,3.2617630984737906
2,Agresivo,implementación,3.0794415416798357
2,Agresivo,implementar,2.2321436812926323
2,Agresivo,industria,2.9252908618525773
2,Agresivo,información,1.3448404862917296
2,Agresivo,información comunicaciones,3.2617630984737906
2,Agresivo,información comunicación,2.791759469228055
2,Agresivo,ingeniero,1.826678573184468
2,Agresivo,ingeniero computación,3.0794415416798357
2,Agresivo,ingenieros,2.9252908618525773
2,Agresivo,ingeniería,1.4700036292457357
2,Agresivo,ingeniería aplicada,3.2617630984737906
2,Agresivo,ingeniería software,2.47330573810952
2,Agresivo,inglés,2.791759469228055
2,Agresivo,innovación,2.037987666851675
2,Agresivo,innovadoras,2.163150809805681
2,Agresivo,instituciones,3.0794415416798357
2,Agresivo,instituciones públicas,3.2617630984737906
2,Agresivo,instituto,2.9252908618525773
2,Agresivo,instituto profesional,3.2617630984737906
2,Agresivo,integra,3.2617630984737906
2,Agresivo,integración,3.2617630984737906
2,Agresivo,integral,2.5686159179138452
2,Agresivo,integrales,3.0794415416798357
2,Agresivo,integrar,2.791759469228055
2,Agresivo,inteligencia,2.47330573810952
2,Agresivo,inteligencia artificial,2.6739764335716716
2,Agresivo,interdisciplinarios,3.2617630984737906
2,Agresivo,investigación,3.0794415416798357
2,Agresivo,laboral,3.0794415416798357
2,Agresivo,lenguajes,3.2617630984737906
2,Agresivo,lenguajes programación,3.2617630984737906
2,Agresivo,lidera,3.4849066497880004
2,Agresivo,liderando,3.772588722239781
2,Agresivo,liderar,2.386294361119891
2,Agresivo,liderar equipos,2.791759469228055
2,Agresivo,liderazgo,2.6739764335716716
2,Agresivo,malla,3.2617630984737906
2,Agresivo,malla curricular,3.772588722239781
2,Agresivo,manejo,3.2617630984737906
2,Agresivo,manera,2.386294361119891
2,Agresivo,mantención,3.2617630984737906
2,Agresivo,marco,3.2617630984737906
2,Agresivo,marcos,3.772588722239781
2,Agresivo,matrícula,3.4849066497880004
2,Agresivo,mediante,2.6739764335716716
2,Agresivo,mediante uso,3.2617630984737906
2,Agresivo,medio,2.9252908618525773
2,Agresivo,mejora,2.6739764335716716
2,Agresivo,mercado,3.2617630984737906
2,Agresivo,metodologías,2.6739764335716716
2,Agresivo,metodologías herramientas,3.4849066497880004
2,Agresivo,multidisciplinarios,2.037987666851675
2,Agresivo,mundo,2.5686159179138452
2,Agresivo,nacional,2.9252908618525773
2,Agresivo,necesidades,2.09861228866811
2,Agresivo,negocios,2.791759469228055
2,Agresivo,nivel,2.386294361119891
2,Agresivo,nivel superior,3.4849066497880004
2,Agresivo,niveles,3.2617630984737906
2,Agresivo,normativa,3.772588722239781
2,Agresivo,nuevas,2.9252908618525773
2,Agresivo,nuevas tecnologías,3.2617630984737906
2,Agresivo,nuevos,3.2617630984737906
2,Agresivo,objetivos,2.9252908618525773
2,Agresivo,operar,3.2617630984737906
2,Agresivo,oportunidades,3.0794415416798357
2,Agresivo,organizacional,3.4849066497880004
2,Agresivo,organizacionales,2.47330573810952
2,Agresivo,organizaciones,1.9267620317414504
2,Agresivo,organizaciones públicas,3.4849066497880004
2,Agresivo,organización,2.386294361119891
2,Agresivo,partir,3.0794415416798357
2,Agresivo,país,3.0794415416798357
2,Agresivo,pensamiento,2.791759469228055
2,Agresivo,pensamiento crítico,2.9252908618525773
2,Agresivo,perfil,2.037987666851675
2,Agresivo,perfil egreso,2.386294361119891
2,Agresivo,permanente,2.6739764335716716
2,Agresivo,permitan,3.0794415416798357
2,Agresivo,permite,1.9808292530117262
2,Agresivo,permitirá,3.2617630984737906
2,Agresivo,persona,2.791759469228055
2,Agresivo,persona humana,3.4849066497880004
2,Agresivo,personas,2.791759469228055
2,Agresivo,planificación,3.2617630984737906
2,Agresivo,planificar,2.9252908618525773
2,Agresivo,plataformas,3.0794415416798357
2,Agresivo,podrá,3.0794415416798357
2,Agresivo,posee,2.2321436812926323
2,Agresivo,presencial,3.4849066497880004
2,Agresivo,principios,2.5686159179138452
2,Agresivo,privadas,2.9252908618525773
2,Agresivo,privado,3.2617630984737906
2,Agresivo,problemas,1.6523251860396901
2,Agresivo,problemas complejos,2.5686159179138452
2,Agresivo,problemáticas,3.2617630984737906
2,Agresivo,proceso,3.2617630984737906
2,Agresivo,procesos,1.8754687373538999
2,Agresivo,productivo,3.4849066497880004
2,Agresivo,productos,2.6739764335716716
2,Agresivo,profesional,1.3158529494184772
2,Agresivo,profesional ingeniero,3.2617630984737906
2,Agresivo,profesional podrá,3.4849066497880004
2,Agresivo,profesionales,1.9267620317414504
2,Agresivo,profesionales capaces,3.0794415416798357
2,Agresivo,profesión,3.0794415416798357
2,Agresivo,programa,2.6739764335716716
2,Agresivo,programación,2.9252908618525773
2,Agresivo,promoción,3.2617630984737906
2,Agresivo,promoción bien,3.4849066497880004
2,Agresivo,promueve,3.4849066497880004
2,Agresivo,propios,2.9252908618525773
2,Agresivo,propuestas,3.2617630984737906
2,Agresivo,proyectos,1.3448404862917296
2,Agresivo,proyectos software,3.2617630984737906
2,Agresivo,proyectos tecnologías,3.2617630984737906
2,Agresivo,proyectos tecnológicos,3.2617630984737906
2,Agresivo,prácticas,3.2617630984737906
2,Agresivo,prácticas industria,3.4849066497880004
2,Agresivo,puede,2.9252908618525773
2,Agresivo,puede desempeñarse,3.4849066497880004
2,Agresivo,públicas,2.9252908618525773
2,Agresivo,públicas privadas,2.9252908618525773
2,Agresivo,público,3.2617630984737906
2,Agresivo,públicos,3.0794415416798357
2,Agresivo,quehacer,3.2617630984737906
2,Agresivo,realizar,3.2617630984737906
2,Agresivo,reconoce,3.4849066497880004
2,Agresivo,recursos,2.386294361119891
2,Agresivo,redes,2.5686159179138452
2,Agresivo,región,3.4849066497880004
2,Agresivo,requerimientos,2.9252908618525773
2,Agresivo,resolución,3.0794415416798357
2,Agresivo,resolución problemas,3.0794415416798357
2,Agresivo,resolver,1.8754687373538999
2,Agresivo,resolver problemas,2.037987666851675
2,Agresivo,respeto,3.0794415416798357
2,Agresivo,responsabilidad,2.2321436812926323
2,Agresivo,responsabilidad social,2.47330573810952
2,Agresivo,responsable,3.0794415416798357
2,Agresivo,riesgos,3.0794415416798357
2,Agresivo,santiago,3.0794415416798357
2,Agresivo,satisfacer,3.4849066497880004
2,Agresivo,sector,2.791759469228055
2,Agresivo,sede,3.2617630984737906
2,Agresivo,seguridad,2.163150809805681
2,Agresivo,seguridad información,2.791759469228055
2,Agresivo,según,2.6739764335716716
2,Agresivo,sello,2.6739764335716716
2,Agresivo,semestres,3.0794415416798357
2,Agresivo,sentido,3.0794415416798357
2,Agresivo,servicio,3.2617630984737906
2,Agresivo,servicios,2.3062516534463544
2,Agresivo,siendo,3.2617630984737906
2,Agresivo,sistemas,1.4054651081081644
2,Agresivo,sistemas computacionales,2.9252908618525773
2,Agresivo,sistemas información,2.47330573810952
2,Agresivo,sistemas redes,3.2617630984737906
2,Agresivo,social,1.826678573184468
2,Agresivo,sociales,2.791759469228055
2,Agresivo,sociedad,2.6739764335716716
2,Agresivo,software,1.538996500732687
2,Agresivo,soluciones,1.4054651081081644
2,Agresivo,soluciones computacionales,3.2617630984737906
2,Agresivo,soluciones eficientes,3.2617630984737906
2,Agresivo,soluciones innovadoras,2.9252908618525773
2,Agresivo,soluciones integrales,3.2617630984737906
2,Agresivo,soluciones software,3.0794415416798357
2,Agresivo,soluciones tecnológicas,2.6739764335716716
2,Agresivo,solución,3.2617630984737906
2,Agresivo,soporte,3.772588722239781
2,Agresivo,sostenible,2.791759469228055
2,Agresivo,sostenibles,3.2617630984737906
2,Agresivo,superior,3.2617630984737906
2,Agresivo,sólida,2.5686159179138452
2,Agresivo,sólida formación,2.6739764335716716
2,Agresivo,sólidos,3.2617630984737906
2,Agresivo,tecnología,2.791759469228055
2,Agresivo,tecnologías,1.3158529494184772
2,Agresivo,tecnologías información,1.5753641449035618
2,Agresivo,tecnológica,2.163150809805681
2,Agresivo,tecnológicas,2.3062516534463544
2,Agresivo,tecnológico,2.6739764335716716
2,Agresivo,tecnológicos,2.386294361119891
2,Agresivo,telecomunicaciones,3.0794415416798357
2,Agresivo,tic,3.2617630984737906
2,Agresivo,toma,2.791759469228055
2,Agresivo,toma decisiones,2.791759469228055
2,Agresivo,trabajar,2.791759469228055
2,Agresivo,trabajo,1.9267620317414504
2,Agresivo,trabajo colaborativo,3.2617630984737906
2,Agresivo,trabajo equipo,3.2617630984737906
2,Agresivo,transformación,2.3062516534463544
2,Agresivo,transformación digital,2.47330573810952
2,Agresivo,través,2.386294361119891
2,Agresivo,técnicas,2.791759469228055
2,Agresivo,técnico,3.0794415416798357
2,Agresivo,técnicos,2.9252908618525773
2,Agresivo,título,3.0794415416798357
2,Agresivo,título profesional,3.2617630984737906
2,Agresivo,universidad,1.5753641449035618
2,Agresivo,universidad católica,3.0794415416798357
2,Agresivo,universitario,3.772588722239781
2,Agresivo,uso,2.47330573810952
2,Agresivo,usuario,3.4849066497880004
2,Agresivo,utilizando,3.0794415416798357
2,Agresivo,utilizando herramientas,3.772588722239781
2,Agresivo,vacantes,3.4849066497880004
2,Agresivo,valor,2.6739764335716716
2,Agresivo,valores,3.2617630984737906
2,Agresivo,vanguardia,3.4849066497880004
2,Agresivo,ver,3.4849066497880004
2,Agresivo,vida,2.6739764335716716
2,Agresivo,vida según,3.4849066497880004
2,Agresivo,vigente,3.4849066497880004
2,Agresivo,visión,2.386294361119891
2,Agresivo,visión cristiana,3.4849066497880004
2,Agresivo,volúmenes,3.2617630984737906
2,Agresivo,ámbito,2.9252908618525773
2,Agresivo,ámbitos,3.0794415416798357
2,Agresivo,área,2.5686159179138452
2,Agresivo,áreas,2.5686159179138452
2,Agresivo,ética,2.09861228866811
2,Agresivo,ético,2.5686159179138452
2,Agresivo,éticos,3.0794415416798357
3,Original,10,3.1000608288825715
3,Original,2026,3.505525936990736
3,Original,académico,3.1000608288825715
3,Original,acciones,3.505525936990736
3,Original,acreditación,3.505525936990736
3,Original,acuerdo,3.2823823856765264
3,Original,adaptarse,2.9459101490553135
3,Original,además,2.4939250253122562
3,Original,administración,3.1000608288825715
3,Original,administrar,3.1000608288825715
3,Original,admisión,3.505525936990736
3,Original,alto,2.9459101490553135
3,Original,ambiental,3.1000608288825715
3,Original,amplio,3.2823823856765264
3,Original,analista,3.1000608288825715
3,Original,analista sistemas,3.505525936990736
3,Original,analizar,2.6945957207744073
3,Original,analítica,3.1000608288825715
3,Original,análisis,2.406913648322626
3,Original,análisis datos,2.9459101490553135
3,Original,aplica,3.1000608288825715
3,Original,aplicaciones,2.9459101490553135
3,Original,aplicación,2.8123787564307907
3,Original,aplicada,2.589235205116581
3,Original,aplicando,2.8123787564307907
3,Original,aplicar,2.6945957207744073
3,Original,apoyar,3.2823823856765264
3,Original,aprendizaje,2.406913648322626
3,Original,artificial,2.4939250253122562
3,Original,asimismo,2.9459101490553135
3,Original,así,2.406913648322626
3,Original,años,3.505525936990736
3,Original,basadas,3.505525936990736
3,Original,base,2.589235205116581
3,Original,bases,2.6945957207744073
3,Original,bases datos,2.6945957207744073
3,Original,bien,2.8123787564307907
3,Original,bien común,2.9459101490553135
3,Original,buenas,3.2823823856765264
3,Original,buenas prácticas,3.2823823856765264
3,Original,básicas,2.252762968495368
3,Original,básicas ciencias,2.6945957207744073
3,Original,básicas ingeniería,3.2823823856765264
3,Original,calidad,2.0586069540544107
3,Original,cambio,3.2823823856765264
3,Original,campo,2.9459101490553135
3,Original,campus,3.505525936990736
3,Original,capaces,2.8123787564307907
3,Original,capacidad,1.8960880245566356
3,Original,capacitado,2.589235205116581
3,Original,capaz,2.001448540214462
3,Original,capaz concebir,3.505525936990736
3,Original,carrera,1.8007778447523106
3,Original,carrera ingeniería,2.589235205116581
3,Original,carreras,3.505525936990736
3,Original,católica,2.6945957207744073
3,Original,chile,2.9459101490553135
3,Original,ciberseguridad,3.505525936990736
3,Original,ciclo,3.2823823856765264
3,Original,ciclo vida,3.505525936990736
3,Original,ciencia,2.589235205116581
3,Original,ciencia datos,3.2823823856765264
3,Original,ciencias,1.756326082181477
3,Original,ciencias básicas,2.252762968495368
3,Original,ciencias computación,3.2823823856765264
3,Original,ciencias ingeniería,2.3268709406490897
3,Original,civil,1.756326082181477
3,Original,civil computación,2.589235205116581
3,Original,civil informática,2.4939250253122562
3,Original,competencias,2.001448540214462
3,Original,complejos,2.589235205116581
3,Original,comprometido,2.8123787564307907
3,Original,compromiso,2.589235205116581
3,Original,computacionales,2.4939250253122562
3,Original,computación,1.9473813189441862
3,Original,computación informática,2.406913648322626
3,Original,comunicaciones,2.589235205116581
3,Original,comunicación,1.8472978603872037
3,Original,comunicación efectiva,2.9459101490553135
3,Original,comunicarse,2.9459101490553135
3,Original,común,2.6945957207744073
3,Original,concebir,3.2823823856765264
3,Original,concebir diseñar,3.505525936990736
3,Original,concepción,3.2823823856765264
3,Original,conocimiento,2.8123787564307907
3,Original,conocimientos,1.672944473242426
3,Original,considerando,2.406913648322626
3,Original,constante,3.1000608288825715
3,Original,construir,2.9459101490553135
3,Original,consultor,2.9459101490553135
3,Original,contexto,2.3268709406490897
3,Original,contextos,2.4939250253122562
3,Original,continua,2.8123787564307907
3,Original,contribuir,2.8123787564307907
3,Original,contribuyendo,2.8123787564307907
3,Original,crear,2.9459101490553135
3,Original,cristiana,3.1000608288825715
3,Original,criterios,2.8123787564307907
3,Original,crítico,2.8123787564307907
3,Original,cuenta,2.6945957207744073
3,Original,cultura,3.1000608288825715
3,Original,datos,1.6337237600891445
3,Original,decisiones,2.252762968495368
3,Original,desafíos,2.6945957207744073
3,Original,desarrolla,2.589235205116581
3,Original,desarrollar,1.9473813189441862
3,Original,desarrollar proyectos,3.1000608288825715
3,Original,desarrollar soluciones,3.1000608288825715
3,Original,desarrollo,1.5596157879354227
3,Original,desarrollo software,2.589235205116581
3,Original,desarrollo sostenible,3.2823823856765264
3,Original,desempeña,3.2823823856765264
3,Original,desempeñarse,2.406913648322626
3,Original,desempeño,2.6945957207744073
3,Original,diferentes,3.505525936990736
3,Original,digital,2.6945957207744073
3,Original,digitales,2.589235205116581
3,Original,dirección,3.505525936990736
3,Original,director,3.793208009442517
3,Original,disciplina,2.9459101490553135
3,Original,disciplinar,3.1000608288825715
3,Original,diseña,3.1000608288825715
3,Original,diseñar,1.9473813189441862
3,Original,diseñar desarrollar,2.9459101490553135
3,Original,diseñar implementar,2.8123787564307907
3,Original,diseño,2.3268709406490897
3,Original,distintos,2.8123787564307907
3,Original,diversas,3.2823823856765264
3,Original,diversidad,2.9459101490553135
3,Original,diversos,2.6945957207744073
3,Original,docente,3.505525936990736
3,Original,económico,3.2823823856765264
3,Original,educación,3.505525936990736
3,Original,educación superior,3.793208009442517
3,Original,efectiva,2.6945957207744073
3,Original,eficiencia,2.406913648322626
3,Original,eficiente,3.1000608288825715
3,Original,eficientes,2.9459101490553135
3,Original,egresado,2.589235205116581
3,Original,egresado ingeniería,3.2823823856765264
3,Original,egreso,2.4939250253122562
3,Original,ejecución,3.1000608288825715
3,Original,ejercicio,3.1000608288825715
3,Original,ello,3.2823823856765264
3,Original,emergentes,2.6945957207744073
3,Original,emprendedora,3.2823823856765264
3,Original,emprendimiento,2.589235205116581
3,Original,emprendimientos,3.1000608288825715
3,Original,empresarial,3.1000608288825715
3,Original,empresariales,3.793208009442517
3,Original,empresas,2.6945957207744073
3,Original,enfoque,2.8123787564307907
3,Original,entorno,2.406913648322626
3,Original,entornos,3.1000608288825715
3,Original,equipos,1.6337237600891445
3,Original,equipos multidisciplinarios,2.406913648322626
3,Original,equipos trabajo,2.6945957207744073
3,Original,especialidad,3.1000608288825715
3,Original,especialización,3.505525936990736
3,Original,estudiantes,3.505525936990736
3,Original,estudios,3.1000608288825715
3,Original,está,2.9459101490553135
3,Original,está capacitado,3.1000608288825715
3,Original,estándares,2.6945957207744073
3,Original,evaluación,3.2823823856765264
3,Original,evaluar,2.8123787564307907
3,Original,evaluar gestionar,3.2823823856765264
3,Original,evolución,2.9459101490553135
3,Original,experiencia,3.505525936990736
3,Original,fin,3.2823823856765264
3,Original,forma,2.1192315758708453
3,Original,formación,1.5245244681241528
3,Original,formación ciencias,2.6945957207744073
3,Original,formación integral,3.1000608288825715
3,Original,formación permite,3.1000608288825715
3,Original,formar,2.9459101490553135
3,Original,generar,2.9459101490553135
3,Original,generar soluciones,3.2823823856765264
3,Original,genéricas,3.2823823856765264
3,Original,gestiona,3.2823823856765264
3,Original,gestionar,1.8960880245566356
3,Original,gestionar desarrollar,3.2823823856765264
3,Original,gestionar proyectos,2.589235205116581
3,Original,gestión,1.756326082181477
3,Original,gestión proyectos,2.8123787564307907
3,Original,global,2.6945957207744073
3,Original,global social,3.793208009442517
3,Original,habilidades,2.1837700970084164
3,Original,hardware,3.1000608288825715
3,Original,herramientas,2.252762968495368
3,Original,humana,3.2823823856765264
3,Original,idioma,3.2823823856765264
3,Original,idioma inglés,3.2823823856765264
3,Original,impacto,2.9459101490553135
3,Original,impacto acciones,3.793208009442517
3,Original,implementa,3.2823823856765264
3,Original,implementación,2.8123787564307907
3,Original,implementar,2.1192315758708453
3,Original,implementar operar,3.2823823856765264
3,Original,independiente,3.2823823856765264
3,Original,industria,2.6945957207744073
3,Original,industrial,3.505525936990736
3,Original,información,1.3953127366441465
3,Original,información comunicaciones,2.8123787564307907
3,Original,información comunicación,2.9459101490553135
3,Original,informática,1.1782482314063187
3,Original,informática universidad,2.0586069540544107
3,Original,informáticas,2.1837700970084164
3,Original,informático,2.8123787564307907
3,Original,informáticos,1.756326082181477
3,Original,infraestructura,3.2823823856765264
3,Original,ingeniera,3.2823823856765264
3,Original,ingeniero,1.4260843953109001
3,Original,ingeniero civil,2.1837700970084164
3,Original,ingeniero ejecución,3.2823823856765264
3,Original,ingeniero informática,2.8123787564307907
3,Original,ingenieros,3.2823823856765264
3,Original,ingeniería,1.1782482314063187
3,Original,ingeniería aplicada,3.2823823856765264
3,Original,ingeniería ciencias,3.2823823856765264
3,Original,ingeniería civil,2.252762968495368
3,Original,ingeniería computación,3.2823823856765264
3,Original,ingeniería informática,2.3268709406490897
3,Original,ingeniería software,2.406913648322626
3,Original,inglés,2.8123787564307907
3,Original,innovación,1.8472978603872037
3,Original,innovadoras,2.406913648322626
3,Original,instituciones,2.9459101490553135
3,Original,instituciones públicas,3.2823823856765264
3,Original,integra,3.1000608288825715
3,Original,integración,3.1000608288825715
3,Original,integral,2.3268709406490897
3,Original,integrar,2.8123787564307907
3,Original,inteligencia,2.252762968495368
3,Original,inteligencia artificial,2.4939250253122562
3,Original,interdisciplinarios,2.9459101490553135
3,Original,investigación,2.9459101490553135
3,Original,jefe,3.1000608288825715
3,Original,junto,2.9459101490553135
3,Original,laboral,3.2823823856765264
3,Original,lenguajes,2.9459101490553135
3,Original,lenguajes programación,3.1000608288825715
3,Original,liderar,2.589235205116581
3,Original,liderar equipos,3.1000608288825715
3,Original,liderazgo,2.406913648322626
3,Original,manager,3.793208009442517
3,Original,manera,2.252762968495368
3,Original,mantención,3.1000608288825715
3,Original,mediante,2.6945957207744073
3,Original,medio,2.6945957207744073
3,Original,medio ambiente,3.2823823856765264
3,Original,mejora,2.4939250253122562
3,Original,mejora continua,3.1000608288825715
3,Original,metodologías,2.6945957207744073
3,Original,modelos,3.505525936990736
3,Original,multidisciplinarios,2.1837700970084164
3,Original,mundo,2.589235205116581
3,Original,mundo vida,3.505525936990736
3,Original,nacional,3.2823823856765264
3,Original,necesidades,2.252762968495368
3,Original,negocio,3.1000608288825715
3,Original,negocios,2.8123787564307907
3,Original,nivel,2.4939250253122562
3,Original,normas,3.1000608288825715
3,Original,nuevas,2.9459101490553135
3,Original,objetivos,3.2823823856765264
3,Original,oportunidades,3.1000608288825715
3,Original,organizacionales,2.589235205116581
3,Original,organizaciones,1.756326082181477
3,Original,organización,2.4939250253122562
3,Original,país,3.1000608288825715
3,Original,pensamiento,2.8123787564307907
3,Original,pensamiento crítico,3.1000608288825715
3,Original,perfil,2.0586069540544107
3,Original,perfil egreso,2.589235205116581
3,Original,perfil profesional,3.1000608288825715
3,Original,permanente,2.589235205116581
3,Original,permitan,2.8123787564307907
3,Original,permite,1.8960880245566356
3,Original,persona,2.9459101490553135
3,Original,persona humana,3.2823823856765264
3,Original,personas,2.406913648322626
3,Original,plan,3.505525936990736
3,Original,planificar,2.9459101490553135
3,Original,plataformas,2.8123787564307907
3,Original,posee,2.0586069540544107
3,Original,principios,2.3268709406490897
3,Original,principios éticos,3.2823823856765264
3,Original,privadas,2.8123787564307907
3,Original,problemas,1.756326082181477
3,Original,problemas complejos,2.6945957207744073
3,Original,problemáticas,3.1000608288825715
3,Original,procesos,1.713766467762681
3,Original,productos,2.4939250253122562
3,Original,profesional,1.2282586519809802
3,Original,profesional capaz,3.1000608288825715
3,Original,profesional integral,3.1000608288825715
3,Original,profesionales,2.3268709406490897
3,Original,profesión,2.9459101490553135
3,Original,programa,2.9459101490553135
3,Original,programación,2.8123787564307907
3,Original,promoción,3.2823823856765264
3,Original,promueve,3.2823823856765264
3,Original,propios,2.8123787564307907
3,Original,proyectos,1.2809023854664021
3,Original,proyectos informáticos,2.252762968495368
3,Original,proyectos ingeniería,2.9459101490553135
3,Original,proyectos tecnológicos,3.2823823856765264
3,Original,prácticas,2.9459101490553135
3,Original,puede,2.8123787564307907
3,Original,puede desempeñarse,3.2823823856765264
3,Original,públicas,2.8123787564307907
3,Original,públicas privadas,2.8123787564307907
3,Original,quehacer,2.9459101490553135
3,Original,quehacer profesional,3.2823823856765264
3,Original,reconoce,3.505525936990736
3,Original,recursos,2.406913648322626
3,Original,redes,2.4939250253122562
3,Original,relacionados,2.9459101490553135
3,Original,requerimientos,2.8123787564307907
3,Original,resolver,1.8960880245566356
3,Original,resolver problemas,2.1192315758708453
3,Original,respeto,2.9459101490553135
3,Original,responsabilidad,2.1192315758708453
3,Original,responsabilidad social,2.3268709406490897
3,Original,responsable,3.1000608288825715
3,Original,resultados,3.505525936990736
3,Original,riesgos,3.2823823856765264
3,Original,rol,3.505525936990736
3,Original,sector,3.2823823856765264
3,Original,seguridad,2.1192315758708453
3,Original,seguridad información,2.6945957207744073
3,Original,según,2.589235205116581
3,Original,sello,2.8123787564307907
3,Original,sentido,2.589235205116581
3,Original,servicios,2.252762968495368
3,Original,siendo,3.1000608288825715
3,Original,siendo capaz,3.1000608288825715
3,Original,sistemas,1.5245244681241528
3,Original,sistemas computacionales,2.9459101490553135
3,Original,sistemas información,2.406913648322626
3,Original,sistemas informáticos,2.8123787564307907
3,Original,situaciones,3.1000608288825715
3,Original,social,1.8007778447523106
3,Original,sociales,2.8123787564307907
3,Original,sociedad,2.589235205116581
3,Original,software,1.3953127366441465
3,Original,soluciones,1.4260843953109001
3,Original,soluciones eficientes,3.505525936990736
3,Original,soluciones informáticas,2.4939250253122562
3,Original,soluciones software,3.1000608288825715
3,Original,soluciones tecnológicas,2.4939250253122562
3,Original,sostenible,2.589235205116581
3,Original,sostenibles,3.2823823856765264
3,Original,superior,3.2823823856765264
3,Original,sólida,2.4939250253122562
3,Original,sólida formación,2.589235205116581
3,Original,tecnología,2.6945957207744073
3,Original,tecnologías,1.2809023854664021
3,Original,tecnologías información,1.6337237600891445
3,Original,tecnológica,2.1837700970084164
3,Original,tecnológicas,2.252762968495368
3,Original,tecnológico,2.4939250253122562
3,Original,tecnológicos,2.1192315758708453
3,Original,telecomunicaciones,3.2823823856765264
3,Original,tic,2.9459101490553135
3,Original,titulado,3.1000608288825715
3,Original,toma,2.4939250253122562
3,Original,toma decisiones,2.4939250253122562
3,Original,trabajar,2.8123787564307907
3,Original,trabajo,1.8007778447523106
3,Original,trabajo equipo,3.2823823856765264
3,Original,transformación,2.406913648322626
3,Original,transformación digital,2.6945957207744073
3,Original,través,2.1837700970084164
3,Original,trayectoria,3.2823823856765264
3,Original,técnicas,3.1000608288825715
3,Original,técnico,3.1000608288825715
3,Original,técnicos,3.1000608288825715
3,Original,título,3.505525936990736
3,Original,universidad,1.4260843953109001
3,Original,universidad católica,2.6945957207744073
3,Original,universitario,3.505525936990736
3,Original,uso,2.4939250253122562
3,Original,utilizando,3.1000608288825715
3,Original,valor,2.6945957207744073
3,Original,valores,3.2823823856765264
3,Original,vanguardia,3.505525936990736
3,Original,vida,2.589235205116581
3,Original,vida según,3.2823823856765264
3,Original,visión,2.3268709406490897
3,Original,visión cristiana,3.2823823856765264
3,Original,ámbito,2.4939250253122562
3,Original,ámbitos,2.8123787564307907
3,Original,área,2.8123787564307907
3,Original,áreas,2.3268709406490897
3,Original,énfasis,3.505525936990736
3,Original,ética,2.406913648322626
3,Original,ético,2.589235205116581
3,Original,éticos,2.589235205116581
3,Solo_titulos,10,3.1000608288825715
3,Solo_titulos,2026,3.505525936990736
3,Solo_titulos,académico,3.1000608288825715
3,Solo_titulos,acciones,3.505525936990736
3,Solo_titulos,acreditación,3.505525936990736
3,Solo_titulos,acuerdo,3.2823823856765264
3,Solo_titulos,adaptarse,2.9459101490553135
3,Solo_titulos,además,2.4939250253122562
3,Solo_titulos,administración,3.1000608288825715
3,Solo_titulos,administrar,3.1000608288825715
3,Solo_titulos,admisión,3.505525936990736
3,Solo_titulos,alto,2.9459101490553135
3,Solo_titulos,ambiental,3.1000608288825715
3,Solo_titulos,amplio,3.2823823856765264
3,Solo_titulos,analista,3.1000608288825715
3,Solo_titulos,analizar,2.6945957207744073
3,Solo_titulos,analítica,3.1000608288825715
3,Solo_titulos,análisis,2.406913648322626
3,Solo_titulos,análisis datos,2.9459101490553135
3,Solo_titulos,aplica,3.1000608288825715
3,Solo_titulos,aplicaciones,2.9459101490553135
3,Solo_titulos,aplicación,2.8123787564307907
3,Solo_titulos,aplicada,2.589235205116581
3,Solo_titulos,aplicando,2.8123787564307907
3,Solo_titulos,aplicar,2.6945957207744073
3,Solo_titulos,apoyar,3.2823823856765264
3,Solo_titulos,aprendizaje,2.406913648322626
3,Solo_titulos,artificial,2.4939250253122562
3,Solo_titulos,asimismo,2.9459101490553135
3,Solo_titulos,así,2.406913648322626
3,Solo_titulos,años,3.505525936990736
3,Solo_titulos,base,2.589235205116581
3,Solo_titulos,bases,2.6945957207744073
3,Solo_titulos,bases datos,2.6945957207744073
3,Solo_titulos,bien,2.8123787564307907
3,Solo_titulos,bien común,2.9459101490553135
3,Solo_titulos,buenas,3.2823823856765264
3,Solo_titulos,buenas prácticas,3.2823823856765264
3,Solo_titulos,básicas,2.252762968495368
3,Solo_titulos,básicas ciencias,2.6945957207744073
3,Solo_titulos,calidad,2.0586069540544107
3,Solo_titulos,cambio,3.2823823856765264
3,Solo_titulos,campo,2.9459101490553135
3,Solo_titulos,campus,3.505525936990736
3,Solo_titulos,capaces,2.8123787564307907
3,Solo_titulos,capacidad,1.8960880245566356
3,Solo_titulos,capacitado,2.589235205116581
3,Solo_titulos,capaz,2.001448540214462
3,Solo_titulos,capaz concebir,3.505525936990736
3,Solo_titulos,carrera,1.8007778447523106
3,Solo_titulos,carrera universidad,2.9459101490553135
3,Solo_titulos,carreras,3.505525936990736
3,Solo_titulos,católica,2.6945957207744073
3,Solo_titulos,chile,2.9459101490553135
3,Solo_titulos,ciberseguridad,3.505525936990736
3,Solo_titulos,ciclo,3.2823823856765264
3,Solo_titulos,ciclo vida,3.505525936990736
3,Solo_titulos,ciencia,2.589235205116581
3,Solo_titulos,ciencia datos,3.2823823856765264
3,Solo_titulos,ciencias,1.756326082181477
3,Solo_titulos,ciencias básicas,2.252762968495368
3,Solo_titulos,ciencias computación,3.2823823856765264
3,Solo_titulos,ciencias ingeniería,2.406913648322626
3,Solo_titulos,civil,2.4939250253122562
3,Solo_titulos,civil computación,2.9459101490553135
3,Solo_titulos,competencias,2.001448540214462
3,Solo_titulos,complejos,2.589235205116581
3,Solo_titulos,comprometido,2.8123787564307907
3,Solo_titulos,compromiso,2.589235205116581
3,Solo_titulos,computacionales,2.4939250253122562
3,Solo_titulos,computación,2.0586069540544107
3,Solo_titulos,computación informática,2.4939250253122562
3,Solo_titulos,comunicaciones,2.589235205116581
3,Solo_titulos,comunicación,1.8472978603872037
3,Solo_titulos,comunicación efectiva,2.9459101490553135
3,Solo_titulos,comunicarse,2.9459101490553135
3,Solo_titulos,común,2.6945957207744073
3,Solo_titulos,concebir,3.2823823856765264
3,Solo_titulos,concebir diseñar,3.505525936990736
3,Solo_titulos,concepción,3.2823823856765264
3,Solo_titulos,conocimiento,2.8123787564307907
3,Solo_titulos,conocimientos,1.672944473242426
3,Solo_titulos,considerando,2.406913648322626
3,Solo_titulos,constante,3.1000608288825715
3,Solo_titulos,construir,2.9459101490553135
3,Solo_titulos,consultor,2.9459101490553135
3,Solo_titulos,contexto,2.3268709406490897
3,Solo_titulos,contextos,2.4939250253122562
3,Solo_titulos,continua,2.8123787564307907
3,Solo_titulos,contribuir,2.8123787564307907
3,Solo_titulos,contribuyendo,2.8123787564307907
3,Solo_titulos,crear,2.9459101490553135
3,Solo_titulos,cristiana,3.1000608288825715
3,Solo_titulos,criterios,2.8123787564307907
3,Solo_titulos,crítico,2.8123787564307907
3,Solo_titulos,cuenta,2.6945957207744073
3,Solo_titulos,cultura,3.1000608288825715
3,Solo_titulos,datos,1.6337237600891445
3,Solo_titulos,decisiones,2.252762968495368
3,Solo_titulos,desafíos,2.6945957207744073
3,Solo_titulos,desarrolla,2.589235205116581
3,Solo_titulos,desarrollar,1.9473813189441862
3,Solo_titulos,desarrollar proyectos,3.1000608288825715
3,Solo_titulos,desarrollar soluciones,3.1000608288825715
3,Solo_titulos,desarrollo,1.5596157879354227
3,Solo_titulos,desarrollo software,2.589235205116581
3,Solo_titulos,desarrollo sostenible,3.2823823856765264
3,Solo_titulos,desempeña,3.2823823856765264
3,Solo_titulos,desempeñarse,2.406913648322626
3,Solo_titulos,desempeño,2.6945957207744073
3,Solo_titulos,diferentes,3.505525936990736
3,Solo_titulos,digital,2.6945957207744073
3,Solo_titulos,digitales,2.589235205116581
3,Solo_titulos,dirección,3.505525936990736
3,Solo_titulos,director,3.793208009442517
3,Solo_titulos,disciplina,2.9459101490553135
3,Solo_titulos,disciplinar,3.1000608288825715
3,Solo_titulos,diseña,3.1000608288825715
3,Solo_titulos,diseñar,1.9473813189441862
3,Solo_titulos,diseñar desarrollar,2.9459101490553135
3,Solo_titulos,diseñar implementar,2.8123787564307907
3,Solo_titulos,diseño,2.3268709406490897
3,Solo_titulos,distintas,3.2823823856765264
3,Solo_titulos,distintos,2.8123787564307907
3,Solo_titulos,diversas,3.2823823856765264
3,Solo_titulos,diversidad,2.9459101490553135
3,Solo_titulos,diversos,2.6945957207744073
3,Solo_titulos,docente,3.505525936990736
3,Solo_titulos,económico,3.2823823856765264
3,Solo_titulos,educación,3.505525936990736
3,Solo_titulos,educación superior,3.793208009442517
3,Solo_titulos,efectiva,2.6945957207744073
3,Solo_titulos,efectivamente,3.2823823856765264
3,Solo_titulos,eficiencia,2.406913648322626
3,Solo_titulos,eficiente,3.1000608288825715
3,Solo_titulos,eficientes,2.9459101490553135
3,Solo_titulos,egresado,2.589235205116581
3,Solo_titulos,egreso,2.4939250253122562
3,Solo_titulos,ejecución,3.2823823856765264
3,Solo_titulos,ejercicio,3.1000608288825715
3,Solo_titulos,ello,3.2823823856765264
3,Solo_titulos,emergentes,2.6945957207744073
3,Solo_titulos,emprendimiento,2.589235205116581
3,Solo_titulos,emprendimientos,3.1000608288825715
3,Solo_titulos,empresarial,3.1000608288825715
3,Solo_titulos,empresariales,3.793208009442517
3,Solo_titulos,empresas,2.6945957207744073
3,Solo_titulos,encuentra,3.505525936990736
3,Solo_titulos,enfoque,2.8123787564307907
3,Solo_titulos,entorno,2.406913648322626
3,Solo_titulos,entornos,3.1000608288825715
3,Solo_titulos,entregar,3.505525936990736
3,Solo_titulos,equipos,1.6337237600891445
3,Solo_titulos,equipos multidisciplinarios,2.406913648322626
3,Solo_titulos,equipos trabajo,2.6945957207744073
3,Solo_titulos,especialidad,3.1000608288825715
3,Solo_titulos,especialización,3.505525936990736
3,Solo_titulos,estudiantes,3.505525936990736
3,Solo_titulos,estudios,3.1000608288825715
3,Solo_titulos,está,2.9459101490553135
3,Solo_titulos,está capacitado,3.1000608288825715
3,Solo_titulos,estándares,2.6945957207744073
3,Solo_titulos,estándares calidad,3.2823823856765264
3,Solo_titulos,evaluación,3.2823823856765264
3,Solo_titulos,evaluar,2.8123787564307907
3,Solo_titulos,evaluar gestionar,3.2823823856765264
3,Solo_titulos,evolución,2.9459101490553135
3,Solo_titulos,excelencia,3.2823823856765264
3,Solo_titulos,experiencia,3.505525936990736
3,Solo_titulos,fin,3.2823823856765264
3,Solo_titulos,forma,2.1192315758708453
3,Solo_titulos,formación,1.5245244681241528
3,Solo_titulos,formación ciencias,2.6945957207744073
3,Solo_titulos,formación integral,3.1000608288825715
3,Solo_titulos,formación permite,3.1000608288825715
3,Solo_titulos,formar,2.9459101490553135
3,Solo_titulos,generar,2.9459101490553135
3,Solo_titulos,generar soluciones,3.2823823856765264
3,Solo_titulos,genéricas,3.2823823856765264
3,Solo_titulos,gestiona,3.2823823856765264
3,Solo_titulos,gestionar,1.8960880245566356
3,Solo_titulos,gestionar desarrollar,3.2823823856765264
3,Solo_titulos,gestionar proyectos,2.589235205116581
3,Solo_titulos,gestión,1.756326082181477
3,Solo_titulos,gestión proyectos,2.8123787564307907
3,Solo_titulos,global,2.6945957207744073
3,Solo_titulos,global social,3.793208009442517
3,Solo_titulos,habilidades,2.1837700970084164
3,Solo_titulos,hardware,3.1000608288825715
3,Solo_titulos,herramientas,2.252762968495368
3,Solo_titulos,historia,3.793208009442517
3,Solo_titulos,humana,3.2823823856765264
3,Solo_titulos,humana promoción,3.505525936990736
3,Solo_titulos,idioma,3.2823823856765264
3,Solo_titulos,impacto,2.9459101490553135
3,Solo_titulos,impacto acciones,3.793208009442517
3,Solo_titulos,implementa,3.2823823856765264
3,Solo_titulos,implementación,2.8123787564307907
3,Solo_titulos,implementar,2.1192315758708453
3,Solo_titulos,implementar operar,3.2823823856765264
3,Solo_titulos,independiente,3.2823823856765264
3,Solo_titulos,industria,2.6945957207744073
3,Solo_titulos,industrial,3.505525936990736
3,Solo_titulos,información,1.3953127366441465
3,Solo_titulos,información comunicaciones,2.8123787564307907
3,Solo_titulos,información comunicación,2.9459101490553135
3,Solo_titulos,informática,1.4260843953109001
3,Solo_titulos,informática universidad,2.406913648322626
3,Solo_titulos,informáticas,2.1837700970084164
3,Solo_titulos,informático,3.1000608288825715
3,Solo_titulos,informáticos,1.756326082181477
3,Solo_titulos,infraestructura,3.2823823856765264
3,Solo_titulos,ingeniero,1.5596157879354227
3,Solo_titulos,ingeniero civil,2.4939250253122562
3,Solo_titulos,ingeniero ejecución,3.2823823856765264
3,Solo_titulos,ingeniero informática,3.1000608288825715
3,Solo_titulos,ingenieros,3.2823823856765264
3,Solo_titulos,ingeniería,1.3654597734944653
3,Solo_titulos,ingeniería aplicada,3.2823823856765264
3,Solo_titulos,ingeniería ciencias,3.2823823856765264
3,Solo_titulos,ingeniería software,2.406913648322626
3,Solo_titulos,inglés,2.8123787564307907
3,Solo_titulos,ingreso,3.793208009442517
3,Solo_titulos,innovación,1.8472978603872037
3,Solo_titulos,innovadoras,2.406913648322626
3,Solo_titulos,institucionales,3.2823823856765264
3,Solo_titulos,instituciones,2.9459101490553135
3,Solo_titulos,instituciones públicas,3.2823823856765264
3,Solo_titulos,institución,3.505525936990736
3,Solo_titulos,instituto,3.505525936990736
3,Solo_titulos,integra,3.1000608288825715
3,Solo_titulos,integración,3.1000608288825715
3,Solo_titulos,integral,2.3268709406490897
3,Solo_titulos,integrar,2.8123787564307907
3,Solo_titulos,inteligencia,2.252762968495368
3,Solo_titulos,inteligencia artificial,2.4939250253122562
3,Solo_titulos,inteligencia negocios,3.2823823856765264
3,Solo_titulos,interdisciplinarios,2.9459101490553135
3,Solo_titulos,internacional,3.505525936990736
3,Solo_titulos,internacionales,3.793208009442517
3,Solo_titulos,investigación,2.9459101490553135
3,Solo_titulos,jefe,3.1000608288825715
3,Solo_titulos,junto,2.9459101490553135
3,Solo_titulos,laboral,3.2823823856765264
3,Solo_titulos,lenguajes,2.9459101490553135
3,Solo_titulos,lenguajes programación,3.1000608288825715
3,Solo_titulos,liderar,2.589235205116581
3,Solo_titulos,liderar equipos,3.1000608288825715
3,Solo_titulos,liderazgo,2.406913648322626
3,Solo_titulos,manager,3.793208009442517
3,Solo_titulos,manera,2.252762968495368
3,Solo_titulos,mantención,3.1000608288825715
3,Solo_titulos,mediante,2.6945957207744073
3,Solo_titulos,medio,2.6945957207744073
3,Solo_titulos,mejora,2.4939250253122562
3,Solo_titulos,mejora continua,3.1000608288825715
3,Solo_titulos,metodologías,2.6945957207744073
3,Solo_titulos,metropolitana,3.505525936990736
3,Solo_titulos,modelos,3.505525936990736
3,Solo_titulos,multidisciplinarios,2.1837700970084164
3,Solo_titulos,mundo,2.589235205116581
3,Solo_titulos,nacional,3.2823823856765264
3,Solo_titulos,necesidades,2.252762968495368
3,Solo_titulos,negocio,3.1000608288825715
3,Solo_titulos,negocios,2.8123787564307907
3,Solo_titulos,nivel,2.4939250253122562
3,Solo_titulos,normas,3.1000608288825715
3,Solo_titulos,nuevas,2.9459101490553135
3,Solo_titulos,nuevas tecnologías,3.2823823856765264
3,Solo_titulos,nuevos,3.2823823856765264
3,Solo_titulos,objetivos,3.2823823856765264
3,Solo_titulos,oportunidades,3.1000608288825715
3,Solo_titulos,organizacionales,2.589235205116581
3,Solo_titulos,organizaciones,1.756326082181477
3,Solo_titulos,organización,2.4939250253122562
3,Solo_titulos,país,3.1000608288825715
3,Solo_titulos,pensamiento,2.8123787564307907
3,Solo_titulos,pensamiento crítico,3.1000608288825715
3,Solo_titulos,perfil,2.0586069540544107
3,Solo_titulos,perfil egreso,2.589235205116581
3,Solo_titulos,perfil profesional,3.1000608288825715
3,Solo_titulos,permanente,2.589235205116581
3,Solo_titulos,permitan,2.8123787564307907
3,Solo_titulos,permite,1.8960880245566356
3,Solo_titulos,persona,2.9459101490553135
3,Solo_titulos,persona humana,3.2823823856765264
3,Solo_titulos,personas,2.406913648322626
3,Solo_titulos,plan,3.505525936990736
3,Solo_titulos,planificar,2.9459101490553135
3,Solo_titulos,plataformas,2.8123787564307907
3,Solo_titulos,posee,2.0586069540544107
3,Solo_titulos,principios,2.3268709406490897
3,Solo_titulos,principios éticos,3.2823823856765264
3,Solo_titulos,privadas,2.8123787564307907
3,Solo_titulos,problemas,1.756326082181477
3,Solo_titulos,problemas complejos,2.6945957207744073
3,Solo_titulos,problemáticas,3.1000608288825715
3,Solo_titulos,procesos,1.713766467762681
3,Solo_titulos,productos,2.4939250253122562
3,Solo_titulos,profesional,1.2282586519809802
3,Solo_titulos,profesional capaz,3.1000608288825715
3,Solo_titulos,profesional integral,3.1000608288825715
3,Solo_titulos,profesionales,2.3268709406490897
3,Solo_titulos,profesión,2.9459101490553135
3,Solo_titulos,programa,2.9459101490553135
3,Solo_titulos,programación,2.8123787564307907
3,Solo_titulos,promoción,3.2823823856765264
3,Solo_titulos,promueve,3.2823823856765264
3,Solo_titulos,propios,2.8123787564307907
3,Solo_titulos,proyectos,1.2809023854664021
3,Solo_titulos,proyectos informáticos,2.252762968495368
3,Solo_titulos,proyectos tecnológicos,3.2823823856765264
3,Solo_titulos,prácticas,2.9459101490553135
3,Solo_titulos,puede,2.8123787564307907
3,Solo_titulos,puede desempeñarse,3.2823823856765264
3,Solo_titulos,públicas,2.8123787564307907
3,Solo_titulos,públicas privadas,2.8123787564307907
3,Solo_titulos,quehacer,2.9459101490553135
3,Solo_titulos,quehacer profesional,3.2823823856765264
3,Solo_titulos,reconoce,3.505525936990736
3,Solo_titulos,recursos,2.406913648322626
3,Solo_titulos,redes,2.4939250253122562
3,Solo_titulos,relacionados,2.9459101490553135
3,Solo_titulos,requerimientos,2.8123787564307907
3,Solo_titulos,resolver,1.8960880245566356
3,Solo_titulos,resolver problemas,2.1192315758708453
3,Solo_titulos,respeto,2.9459101490553135
3,Solo_titulos,responsabilidad,2.1192315758708453
3,Solo_titulos,responsabilidad social,2.3268709406490897
3,Solo_titulos,responsable,3.1000608288825715
3,Solo_titulos,resultados,3.505525936990736
3,Solo_titulos,riesgos,3.2823823856765264
3,Solo_titulos,rol,3.505525936990736
3,Solo_titulos,sector,3.2823823856765264
3,Solo_titulos,seguridad,2.1192315758708453
3,Solo_titulos,seguridad información,2.6945957207744073
3,Solo_titulos,según,2.589235205116581
3,Solo_titulos,sello,2.8123787564307907
3,Solo_titulos,sentido,2.589235205116581
3,Solo_titulos,servicios,2.252762968495368
3,Solo_titulos,siendo,3.1000608288825715
3,Solo_titulos,siendo capaz,3.1000608288825715
3,Solo_titulos,sistemas,1.5245244681241528
3,Solo_titulos,sistemas computacionales,2.9459101490553135
3,Solo_titulos,sistemas información,2.406913648322626
3,Solo_titulos,sistemas informáticos,2.8123787564307907
3,Solo_titulos,situaciones,3.1000608288825715
3,Solo_titulos,social,1.8007778447523106
3,Solo_titulos,sociales,2.8123787564307907
3,Solo_titulos,sociedad,2.589235205116581
3,Solo_titulos,software,1.3953127366441465
3,Solo_titulos,soluciones,1.4260843953109001
3,Solo_titulos,soluciones informáticas,2.4939250253122562
3,Solo_titulos,soluciones software,3.1000608288825715
3,Solo_titulos,soluciones tecnológicas,2.4939250253122562
3,Solo_titulos,sostenible,2.589235205116581
3,Solo_titulos,superior,3.2823823856765264
3,Solo_titulos,sólida,2.4939250253122562
3,Solo_titulos,sólida formación,2.589235205116581
3,Solo_titulos,tecnología,2.6945957207744073
3,Solo_titulos,tecnologías,1.2809023854664021
3,Solo_titulos,tecnologías información,1.6337237600891445
3,Solo_titulos,tecnológica,2.1837700970084164
3,Solo_titulos,tecnológicas,2.252762968495368
3,Solo_titulos,tecnológico,2.4939250253122562
3,Solo_titulos,tecnológicos,2.1192315758708453
3,Solo_titulos,telecomunicaciones,3.2823823856765264
3,Solo_titulos,tic,2.9459101490553135
3,Solo_titulos,titulado,3.1000608288825715
3,Solo_titulos,toma,2.4939250253122562
3,Solo_titulos,toma decisiones,2.4939250253122562
3,Solo_titulos,trabajar,2.8123787564307907
3,Solo_titulos,trabajo,1.8007778447523106
3,Solo_titulos,transformación,2.406913648322626
3,Solo_titulos,transformación digital,2.6945957207744073
3,Solo_titulos,través,2.1837700970084164
3,Solo_titulos,trayectoria,3.2823823856765264
3,Solo_titulos,técnicas,3.1000608288825715
3,Solo_titulos,técnico,3.1000608288825715
3,Solo_titulos,técnicos,3.1000608288825715
3,Solo_titulos,universidad,1.4260843953109001
3,Solo_titulos,universidad católica,2.6945957207744073
3,Solo_titulos,universitario,3.505525936990736
3,Solo_titulos,uso,2.4939250253122562
3,Solo_titulos,utilizando,3.1000608288825715
3,Solo_titulos,valor,2.6945957207744073
3,Solo_titulos,valores,3.2823823856765264
3,Solo_titulos,vanguardia,3.505525936990736
3,Solo_titulos,vida,2.589235205116581
3,Solo_titulos,vida según,3.2823823856765264
3,Solo_titulos,visión,2.3268709406490897
3,Solo_titulos,visión cristiana,3.2823823856765264
3,Solo_titulos,ámbito,2.4939250253122562
3,Solo_titulos,ámbitos,2.8123787564307907
3,Solo_titulos,área,2.8123787564307907
3,Solo_titulos,áreas,2.3268709406490897
3,Solo_titulos,énfasis,3.505525936990736
3,Solo_titulos,ética,2.406913648322626
3,Solo_titulos,ético,2.589235205116581
3,Solo_titulos,éticos,2.589235205116581
3,Agresivo,10,3.1000608288825715
3,Agresivo,2026,3.505525936990736
3,Agresivo,académico,3.1000608288825715
3,Agresivo,acciones,3.505525936990736
3,Agresivo,acciones contexto,3.793208009442517
3,Agresivo,acreditación,3.505525936990736
3,Agresivo,actitud,3.2823823856765264
3,Agresivo,acuerdo,3.2823823856765264
3,Agresivo,adaptarse,2.9459101490553135
3,Agresivo,además,2.4939250253122562
3,Agresivo,administración,3.1000608288825715
3,Agresivo,administrar,3.1000608288825715
3,Agresivo,admisión,3.505525936990736
3,Agresivo,alto,2.9459101490553135
3,Agresivo,ambiental,3.1000608288825715
3,Agresivo,ambiente,3.2823823856765264
3,Agresivo,amplio,3.2823823856765264
3,Agresivo,analista,3.1000608288825715
3,Agresivo,analista sistemas,3.505525936990736
3,Agresivo,analizar,2.6945957207744073
3,Agresivo,analizar diseñar,3.2823823856765264
3,Agresivo,analítica,3.1000608288825715
3,Agresivo,análisis,2.406913648322626
3,Agresivo,análisis datos,2.9459101490553135
3,Agresivo,aplica,3.1000608288825715
3,Agresivo,aplicaciones,2.9459101490553135
3,Agresivo,aplicación,2.8123787564307907
3,Agresivo,aplicada,2.589235205116581
3,Agresivo,aplicando,2.8123787564307907
3,Agresivo,aplicar,2.6945957207744073
3,Agresivo,apoyar,3.2823823856765264
3,Agresivo,aprendizaje,2.406913648322626
3,Agresivo,artificial,2.4939250253122562
3,Agresivo,asimismo,2.9459101490553135
3,Agresivo,así,2.406913648322626
3,Agresivo,automatización,3.2823823856765264
3,Agresivo,autónoma,3.2823823856765264
3,Agresivo,año,3.505525936990736
3,Agresivo,años,3.505525936990736
3,Agresivo,bajo,3.2823823856765264
3,Agresivo,basadas,3.505525936990736
3,Agresivo,base,2.589235205116581
3,Agresivo,bases,2.6945957207744073
3,Agresivo,bases datos,2.6945957207744073
3,Agresivo,bien,2.8123787564307907
3,Agresivo,bien común,2.9459101490553135
3,Agresivo,buenas,3.2823823856765264
3,Agresivo,buenas prácticas,3.2823823856765264
3,Agresivo,básicas,2.252762968495368
3,Agresivo,básicas ciencias,2.6945957207744073
3,Agresivo,calidad,2.0586069540544107
3,Agresivo,cambio,3.2823823856765264
3,Agresivo,campo,2.9459101490553135
3,Agresivo,campus,3.505525936990736
3,Agresivo,capaces,2.8123787564307907
3,Agresivo,capacidad,1.8960880245566356
3,Agresivo,capacitado,2.589235205116581
3,Agresivo,capaz,2.001448540214462
3,Agresivo,capaz concebir,3.505525936990736
3,Agresivo,carrera,1.8007778447523106
3,Agresivo,carrera universidad,2.9459101490553135
3,Agresivo,carreras,3.505525936990736
3,Agresivo,católica,2.6945957207744073
3,Agresivo,chile,2.9459101490553135
3,Agresivo,ciberseguridad,3.505525936990736
3,Agresivo,ciclo,3.2823823856765264
3,Agresivo,ciclo vida,3.505525936990736
3,Agresivo,ciencia,2.589235205116581
3,Agresivo,ciencia datos,3.2823823856765264
3,Agresivo,ciencias,1.756326082181477
3,Agresivo,ciencias básicas,2.252762968495368
3,Agresivo,ciencias computación,3.2823823856765264
3,Agresivo,ciencias ingeniería,2.406913648322626
3,Agresivo,competencias,2.001448540214462
3,Agresivo,complejos,2.589235205116581
3,Agresivo,comprometido,2.8123787564307907
3,Agresivo,compromiso,2.589235205116581
3,Agresivo,computacionales,2.4939250253122562
3,Agresivo,computación,2.0586069540544107
3,Agresivo,computación universidad,2.8123787564307907
3,Agresivo,comunicaciones,2.589235205116581
3,Agresivo,comunicación,1.8472978603872037
3,Agresivo,comunicación efectiva,2.9459101490553135
3,Agresivo,comunicarse,2.9459101490553135
3,Agresivo,común,2.6945957207744073
3,Agresivo,concebir,3.2823823856765264
3,Agresivo,concebir diseñar,3.505525936990736
3,Agresivo,concepción,3.2823823856765264
3,Agresivo,conocimiento,2.8123787564307907
3,Agresivo,conocimientos,1.672944473242426
3,Agresivo,considerando,2.406913648322626
3,Agresivo,constante,3.1000608288825715
3,Agresivo,construir,2.9459101490553135
3,Agresivo,consultor,2.9459101490553135
3,Agresivo,contexto,2.3268709406490897
3,Agresivo,contextos,2.4939250253122562
3,Agresivo,continua,2.8123787564307907
3,Agresivo,contribuir,2.8123787564307907
3,Agresivo,contribuyendo,2.8123787564307907
3,Agresivo,crear,2.9459101490553135
3,Agresivo,cristiana,3.1000608288825715
3,Agresivo,criterios,2.8123787564307907
3,Agresivo,crítico,2.8123787564307907
3,Agresivo,cuenta,2.6945957207744073
3,Agresivo,cultura,3.1000608288825715
3,Agresivo,datos,1.6337237600891445
3,Agresivo,decisiones,2.252762968495368
3,Agresivo,desafíos,2.6945957207744073
3,Agresivo,desarrolla,2.589235205116581
3,Agresivo,desarrollar,1.9473813189441862
3,Agresivo,desarrollar proyectos,3.1000608288825715
3,Agresivo,desarrollar soluciones,3.1000608288825715
3,Agresivo,desarrollo,1.5596157879354227
3,Agresivo,desarrollo software,2.589235205116581
3,Agresivo,desarrollo sostenible,3.2823823856765264
3,Agresivo,desempeña,3.2823823856765264
3,Agresivo,desempeñarse,2.406913648322626
3,Agresivo,desempeño,2.6945957207744073
3,Agresivo,diferentes,3.505525936990736
3,Agresivo,digital,2.6945957207744073
3,Agresivo,digitales,2.589235205116581
3,Agresivo,dirección,3.505525936990736
3,Agresivo,director,3.793208009442517
3,Agresivo,disciplina,2.9459101490553135
3,Agresivo,disciplinar,3.1000608288825715
3,Agresivo,diseña,3.1000608288825715
3,Agresivo,diseñar,1.9473813189441862
3,Agresivo,diseñar desarrollar,2.9459101490553135
3,Agresivo,diseñar implementar,2.8123787564307907
3,Agresivo,diseño,2.3268709406490897
3,Agresivo,distintos,2.8123787564307907
3,Agresivo,diversas,3.2823823856765264
3,Agresivo,diversidad,2.9459101490553135
3,Agresivo,diversos,2.6945957207744073
3,Agresivo,docente,3.505525936990736
3,Agresivo,económico,3.2823823856765264
3,Agresivo,educación,3.505525936990736
3,Agresivo,educación superior,3.793208009442517
3,Agresivo,efectiva,2.6945957207744073
3,Agresivo,eficiencia,2.406913648322626
3,Agresivo,eficiente,3.1000608288825715
3,Agresivo,eficientes,2.9459101490553135
3,Agresivo,egresado,2.589235205116581
3,Agresivo,egreso,2.4939250253122562
3,Agresivo,ejercicio,3.1000608288825715
3,Agresivo,ello,3.2823823856765264
3,Agresivo,emergentes,2.6945957207744073
3,Agresivo,emprendedora,3.2823823856765264
3,Agresivo,emprendimiento,2.589235205116581
3,Agresivo,emprendimientos,3.1000608288825715
3,Agresivo,empresarial,3.1000608288825715
3,Agresivo,empresariales,3.793208009442517
3,Agresivo,empresas,2.6945957207744073
3,Agresivo,encuentra,3.505525936990736
3,Agresivo,enfoque,2.8123787564307907
3,Agresivo,entorno,2.406913648322626
3,Agresivo,entornos,3.1000608288825715
3,Agresivo,entregar,3.505525936990736
3,Agresivo,equipo,3.2823823856765264
3,Agresivo,equipos,1.6337237600891445
3,Agresivo,equipos multidisciplinarios,2.406913648322626
3,Agresivo,equipos trabajo,2.6945957207744073
3,Agresivo,especialidad,3.1000608288825715
3,Agresivo,especialización,3.505525936990736
3,Agresivo,estudiantes,3.505525936990736
3,Agresivo,estudios,3.1000608288825715
3,Agresivo,está,2.9459101490553135
3,Agresivo,está capacitado,3.1000608288825715
3,Agresivo,estándares,2.6945957207744073
3,Agresivo,estándares calidad,3.2823823856765264
3,Agresivo,evaluación,3.2823823856765264
3,Agresivo,evaluar,2.8123787564307907
3,Agresivo,evaluar gestionar,3.2823823856765264
3,Agresivo,evolución,2.9459101490553135
3,Agresivo,experiencia,3.505525936990736
3,Agresivo,fin,3.2823823856765264
3,Agresivo,forma,2.1192315758708453
3,Agresivo,formación,1.5245244681241528
3,Agresivo,formación ciencias,2.6945957207744073
3,Agresivo,formación integral,3.1000608288825715
3,Agresivo,formación permite,3.1000608288825715
3,Agresivo,formar,2.9459101490553135
3,Agresivo,generar,2.9459101490553135
3,Agresivo,generar soluciones,3.2823823856765264
3,Agresivo,gestiona,3.2823823856765264
3,Agresivo,gestionar,1.8960880245566356
3,Agresivo,gestionar proyectos,2.589235205116581
3,Agresivo,gestión,1.756326082181477
3,Agresivo,gestión proyectos,2.8123787564307907
3,Agresivo,global,2.6945957207744073
3,Agresivo,habilidades,2.1837700970084164
3,Agresivo,hardware,3.1000608288825715
3,Agresivo,herramientas,2.252762968495368
3,Agresivo,humana,3.2823823856765264
3,Agresivo,idioma,3.2823823856765264
3,Agresivo,impacto,2.9459101490553135
3,Agresivo,implementa,3.2823823856765264
3,Agresivo,implementación,2.8123787564307907
3,Agresivo,implementar,2.1192315758708453
3,Agresivo,independiente,3.2823823856765264
3,Agresivo,industria,2.6945957207744073
3,Agresivo,información,1.3953127366441465
3,Agresivo,información comunicaciones,2.8123787564307907
3,Agresivo,información comunicación,2.9459101490553135
3,Agresivo,infraestructura,3.2823823856765264
3,Agresivo,ingeniero,1.5596157879354227
3,Agresivo,ingeniero computación,2.4939250253122562
3,Agresivo,ingeniero universidad,2.9459101490553135
3,Agresivo,ingenieros,3.2823823856765264
3,Agresivo,ingeniería,1.3654597734944653
3,Agresivo,ingeniería aplicada,3.2823823856765264
3,Agresivo,ingeniería ciencias,3.2823823856765264
3,Agresivo,ingeniería computación,3.2823823856765264
3,Agresivo,ingeniería software,2.406913648322626
3,Agresivo,inglés,2.8123787564307907
3,Agresivo,ingreso,3.793208009442517
3,Agresivo,innovación,1.8472978603872037
3,Agresivo,innovación emprendimiento,3.2823823856765264
3,Agresivo,innovación tecnológica,3.2823823856765264
3,Agresivo,innovador,3.793208009442517
3,Agresivo,innovadoras,2.406913648322626
3,Agresivo,institucionales,3.2823823856765264
3,Agresivo,instituciones,2.9459101490553135
3,Agresivo,instituciones públicas,3.2823823856765264
3,Agresivo,institución,3.505525936990736
3,Agresivo,instituto,3.505525936990736
3,Agresivo,integra,3.1000608288825715
3,Agresivo,integración,3.1000608288825715
3,Agresivo,integral,2.3268709406490897
3,Agresivo,integrar,2.8123787564307907
3,Agresivo,inteligencia,2.252762968495368
3,Agresivo,inteligencia artificial,2.4939250253122562
3,Agresivo,interdisciplinarios,2.9459101490553135
3,Agresivo,investigación,2.9459101490553135
3,Agresivo,jefe,3.1000608288825715
3,Agresivo,junto,2.9459101490553135
3,Agresivo,laboral,3.2823823856765264
3,Agresivo,lenguajes,2.9459101490553135
3,Agresivo,lenguajes programación,3.1000608288825715
3,Agresivo,liderar,2.589235205116581
3,Agresivo,liderar equipos,3.1000608288825715
3,Agresivo,liderazgo,2.406913648322626
3,Agresivo,manager,3.793208009442517
3,Agresivo,manera,2.252762968495368
3,Agresivo,mantención,3.1000608288825715
3,Agresivo,mediante,2.6945957207744073
3,Agresivo,medio,2.6945957207744073
3,Agresivo,medio ambiente,3.2823823856765264
3,Agresivo,mejora,2.4939250253122562
3,Agresivo,mejora continua,3.1000608288825715
3,Agresivo,metodologías,2.6945957207744073
3,Agresivo,modelos,3.505525936990736
3,Agresivo,multidisciplinarios,2.1837700970084164
3,Agresivo,mundo,2.589235205116581
3,Agresivo,mundo vida,3.505525936990736
3,Agresivo,nacional,3.2823823856765264
3,Agresivo,necesidades,2.252762968495368
3,Agresivo,negocio,3.1000608288825715
3,Agresivo,negocios,2.8123787564307907
3,Agresivo,nivel,2.4939250253122562
3,Agresivo,normas,3.1000608288825715
3,Agresivo,nuevas,2.9459101490553135
3,Agresivo,objetivos,3.2823823856765264
3,Agresivo,oportunidades,3.1000608288825715
3,Agresivo,organizacionales,2.589235205116581
3,Agresivo,organizaciones,1.756326082181477
3,Agresivo,organización,2.4939250253122562
3,Agresivo,país,3.1000608288825715
3,Agresivo,pensamiento,2.8123787564307907
3,Agresivo,pensamiento crítico,3.1000608288825715
3,Agresivo,perfil,2.0586069540544107
3,Agresivo,perfil egreso,2.589235205116581
3,Agresivo,perfil profesional,3.1000608288825715
3,Agresivo,permanente,2.589235205116581
3,Agresivo,permitan,2.8123787564307907
3,Agresivo,permite,1.8960880245566356
3,Agresivo,persona,2.9459101490553135
3,Agresivo,persona humana,3.2823823856765264
3,Agresivo,personas,2.406913648322626
3,Agresivo,plan,3.505525936990736
3,Agresivo,planificar,2.9459101490553135
3,Agresivo,planificar evaluar,3.793208009442517
3,Agresivo,plataformas,2.8123787564307907
3,Agresivo,posee,2.0586069540544107
3,Agresivo,principios,2.3268709406490897
3,Agresivo,principios éticos,3.2823823856765264
3,Agresivo,privadas,2.8123787564307907
3,Agresivo,problemas,1.756326082181477
3,Agresivo,problemas complejos,2.6945957207744073
3,Agresivo,problemáticas,3.1000608288825715
3,Agresivo,procesos,1.713766467762681
3,Agresivo,productos,2.4939250253122562
3,Agresivo,profesional,1.2282586519809802
3,Agresivo,profesional capaz,3.1000608288825715
3,Agresivo,profesional integral,3.1000608288825715
3,Agresivo,profesionales,2.3268709406490897
3,Agresivo,profesionales capaces,3.793208009442517
3,Agresivo,profesión,2.9459101490553135
3,Agresivo,programa,2.9459101490553135
3,Agresivo,programación,2.8123787564307907
3,Agresivo,programador,3.505525936990736
3,Agresivo,programas,3.505525936990736
3,Agresivo,promoción,3.2823823856765264
3,Agresivo,promoción bien,3.505525936990736
3,Agresivo,promueve,3.2823823856765264
3,Agresivo,propios,2.8123787564307907
3,Agresivo,proyectos,1.2809023854664021
3,Agresivo,proyectos ingeniería,3.1000608288825715
3,Agresivo,proyectos tecnológicos,3.2823823856765264
3,Agresivo,prácticas,2.9459101490553135
3,Agresivo,puede,2.8123787564307907
3,Agresivo,puede desempeñarse,3.2823823856765264
3,Agresivo,públicas,2.8123787564307907
3,Agresivo,públicas privadas,2.8123787564307907
3,Agresivo,quehacer,2.9459101490553135
3,Agresivo,quehacer profesional,3.2823823856765264
3,Agresivo,reconoce,3.505525936990736
3,Agresivo,recursos,2.406913648322626
3,Agresivo,redes,2.4939250253122562
3,Agresivo,relacionados,2.9459101490553135
3,Agresivo,requerimientos,2.8123787564307907
3,Agresivo,resolución,3.2823823856765264
3,Agresivo,resolver,1.8960880245566356
3,Agresivo,resolver problemas,2.1192315758708453
3,Agresivo,respeto,2.9459101490553135
3,Agresivo,respeto dignidad,3.505525936990736
3,Agresivo,responsabilidad,2.1192315758708453
3,Agresivo,responsabilidad social,2.3268709406490897
3,Agresivo,responsable,3.1000608288825715
3,Agresivo,resultados,3.505525936990736
3,Agresivo,riesgos,3.2823823856765264
3,Agresivo,rol,3.505525936990736
3,Agresivo,sector,3.2823823856765264
3,Agresivo,seguridad,2.1192315758708453
3,Agresivo,seguridad información,2.589235205116581
3,Agresivo,según,2.589235205116581
3,Agresivo,sello,2.8123787564307907
3,Agresivo,sentido,2.589235205116581
3,Agresivo,servicios,2.252762968495368
3,Agresivo,siendo,3.1000608288825715
3,Agresivo,siendo capaz,3.1000608288825715
3,Agresivo,sistemas,1.5245244681241528
3,Agresivo,sistemas computacionales,2.9459101490553135
3,Agresivo,sistemas información,2.406913648322626
3,Agresivo,situaciones,3.1000608288825715
3,Agresivo,social,1.8007778447523106
3,Agresivo,sociales,2.8123787564307907
3,Agresivo,sociedad,2.589235205116581
3,Agresivo,software,1.3953127366441465
3,Agresivo,soluciones,1.4260843953109001
3,Agresivo,soluciones eficientes,3.2823823856765264
3,Agresivo,soluciones software,3.1000608288825715
3,Agresivo,soluciones tecnológicas,2.4939250253122562
3,Agresivo,sostenible,2.589235205116581
3,Agresivo,superior,3.2823823856765264
3,Agresivo,sólida,2.4939250253122562
3,Agresivo,sólida formación,2.589235205116581
3,Agresivo,tecnología,2.6945957207744073
3,Agresivo,tecnologías,1.2809023854664021
3,Agresivo,tecnologías información,1.6337237600891445
3,Agresivo,tecnológica,2.1837700970084164
3,Agresivo,tecnológicas,2.252762968495368
3,Agresivo,tecnológico,2.4939250253122562
3,Agresivo,tecnológicos,2.1192315758708453
3,Agresivo,telecomunicaciones,3.2823823856765264
3,Agresivo,tic,2.9459101490553135
3,Agresivo,titulado,3.1000608288825715
3,Agresivo,toma,2.4939250253122562
3,Agresivo,toma decisiones,2.4939250253122562
3,Agresivo,trabajar,2.8123787564307907
3,Agresivo,trabajo,1.8007778447523106
3,Agresivo,transformación,2.406913648322626
3,Agresivo,transformación digital,2.6945957207744073
3,Agresivo,través,2.1837700970084164
3,Agresivo,trayectoria,3.2823823856765264
3,Agresivo,técnicas,3.1000608288825715
3,Agresivo,técnico,3.1000608288825715
3,Agresivo,técnicos,3.1000608288825715
3,Agresivo,título,3.505525936990736
3,Agresivo,universidad,1.4260843953109001
3,Agresivo,universidad católica,2.6945957207744073
3,Agresivo,universidad frontera,3.793208009442517
3,Agresivo,universitario,3.505525936990736
3,Agresivo,uso,2.4939250253122562
3,Agresivo,utilizando,3.1000608288825715
3,Agresivo,valor,2.6945957207744073
3,Agresivo,valores,3.2823823856765264
3,Agresivo,vanguardia,3.505525936990736
3,Agresivo,vida,2.589235205116581
3,Agresivo,vida según,3.2823823856765264
3,Agresivo,visión,2.3268709406490897
3,Agresivo,visión cristiana,3.2823823856765264
3,Agresivo,ámbito,2.4939250253122562
3,Agresivo,ámbitos,2.8123787564307907
3,Agresivo,área,2.8123787564307907
3,Agresivo,áreas,2.3268709406490897
3,Agresivo,énfasis,3.505525936990736
3,Agresivo,ética,2.406913648322626
3,Agresivo,ético,2.589235205116581
3,Agresivo,éticos,2.589235205116581
4,Original,000,3.505525936990736
4,Original,10,3.1000608288825715
4,Original,2026,3.505525936990736
4,Original,acciones,3.2823823856765264
4,Original,acreditación,3.793208009442517
4,Original,actualización,2.9459101490553135
4,Original,acuerdo,2.9459101490553135
4,Original,adaptarse,3.1000608288825715
4,Original,además,2.1837700970084164
4,Original,admisión,3.505525936990736
4,Original,ambiental,2.9459101490553135
4,Original,analista,3.2823823856765264
4,Original,analizar,2.8123787564307907
4,Original,analítica,2.9459101490553135
4,Original,análisis,2.8123787564307907
4,Original,análisis datos,3.2823823856765264
4,Original,aplica,3.1000608288825715
4,Original,aplicaciones,3.2823823856765264
4,Original,aplicación,2.6945957207744073
4,Original,aplicada,2.9459101490553135
4,Original,aplicando,2.589235205116581
4,Original,aplicando conocimientos,3.2823823856765264
4,Original,aplicar,2.8123787564307907
4,Original,apoyar,3.1000608288825715
4,Original,aprendizaje,2.406913648322626
4,Original,arancel,3.793208009442517
4,Original,artificial,2.589235205116581
4,Original,asimismo,2.9459101490553135
4,Original,asociados,3.1000608288825715
4,Original,así,2.589235205116581
4,Original,autónoma,2.9459101490553135
4,Original,año,3.2823823856765264
4,Original,años,3.793208009442517
4,Original,basadas,3.2823823856765264
4,Original,base,2.9459101490553135
4,Original,bases,2.6945957207744073
4,Original,bases datos,2.8123787564307907
4,Original,bien,2.8123787564307907
4,Original,bien común,2.9459101490553135
4,Original,buenas,3.1000608288825715
4,Original,buenas prácticas,3.1000608288825715
4,Original,básicas,2.3268709406490897
4,Original,básicas ciencias,3.1000608288825715
4,Original,básicas ingeniería,3.1000608288825715
4,Original,calidad,2.252762968495368
4,Original,calidad seguridad,3.1000608288825715
4,Original,cambio,3.2823823856765264
4,Original,campo,3.1000608288825715
4,Original,campus,3.505525936990736
4,Original,capaces,2.589235205116581
4,Original,capacidad,1.8472978603872037
4,Original,capacidad trabajar,2.9459101490553135
4,Original,capacidades,2.9459101490553135
4,Original,capacitado,3.1000608288825715
4,Original,capaz,2.001448540214462
4,Original,capaz concebir,3.505525936990736
4,Original,carrera,1.9473813189441862
4,Original,carrera ingeniería,2.6945957207744073
4,Original,carreras,3.505525936990736
4,Original,católica,2.6945957207744073
4,Original,ciberseguridad,3.505525936990736
4,Original,ciclo,3.2823823856765264
4,Original,ciclo vida,3.505525936990736
4,Original,ciencia,2.6945957207744073
4,Original,ciencia datos,3.1000608288825715
4,Original,ciencias,1.713766467762681
4,Original,ciencias básicas,2.3268709406490897
4,Original,ciencias ingeniería,2.406913648322626
4,Original,civil,1.756326082181477
4,Original,civil computación,2.9459101490553135
4,Original,civil informática,2.252762968495368
4,Original,civil informático,2.9459101490553135
4,Original,competencias,2.0586069540544107
4,Original,complejos,2.589235205116581
4,Original,comprometido,2.8123787564307907
4,Original,compromiso,2.3268709406490897
4,Original,compromiso ético,3.1000608288825715
4,Original,computacionales,2.9459101490553135
4,Original,computación,2.1192315758708453
4,Original,computación informática,2.6945957207744073
4,Original,computadores,3.505525936990736
4,Original,comunicaciones,2.8123787564307907
4,Original,comunicación,2.001448540214462
4,Original,comunicación efectiva,2.8123787564307907
4,Original,comunicarse,2.8123787564307907
4,Original,común,2.6945957207744073
4,Original,concebir,3.2823823856765264
4,Original,concebir diseñar,3.2823823856765264
4,Original,concepción,3.2823823856765264
4,Original,conocimiento,2.9459101490553135
4,Original,conocimientos,1.756326082181477
4,Original,considerando,2.6945957207744073
4,Original,constante,3.1000608288825715
4,Original,consultor,3.1000608288825715
4,Original,contexto,2.406913648322626
4,Original,contextos,2.3268709406490897
4,Original,continua,2.589235205116581
4,Original,contribuir,3.1000608288825715
4,Original,contribuyendo,2.9459101490553135
4,Original,cristiana,3.1000608288825715
4,Original,criterios,3.2823823856765264
4,Original,crítico,2.6945957207744073
4,Original,cualquier,3.1000608288825715
4,Original,datos,1.5959834321062976
4,Original,decisiones,2.252762968495368
4,Original,desafíos,2.9459101490553135
4,Original,desarrolla,2.589235205116581
4,Original,desarrollar,2.001448540214462
4,Original,desarrollar soluciones,2.9459101490553135
4,Original,desarrollo,1.5245244681241528
4,Original,desarrollo software,2.6945957207744073
4,Original,desempeña,3.2823823856765264
4,Original,desempeñarse,2.3268709406490897
4,Original,desempeño,2.8123787564307907
4,Original,desenvolverse,2.9459101490553135
4,Original,diferentes,3.1000608288825715
4,Original,digital,2.589235205116581
4,Original,digitales,2.589235205116581
4,Original,director,3.793208009442517
4,Original,disciplina,2.8123787564307907
4,Original,disciplinar,3.2823823856765264
4,Original,diseña,2.9459101490553135
4,Original,diseñar,2.0586069540544107
4,Original,diseñar implementar,2.589235205116581
4,Original,diseño,2.3268709406490897
4,Original,distintas,2.8123787564307907
4,Original,diversa,3.1000608288825715
4,Original,diversa índole,3.2823823856765264
4,Original,diversas,3.1000608288825715
4,Original,diversidad,3.1000608288825715
4,Original,diversos,2.589235205116581
4,Original,económico,3.2823823856765264
4,Original,educación,3.793208009442517
4,Original,efectiva,2.406913648322626
4,Original,efectivamente,3.1000608288825715
4,Original,eficiencia,2.4939250253122562
4,Original,egresado,2.1837700970084164
4,Original,egresado ingeniería,3.1000608288825715
4,Original,egreso,2.406913648322626
4,Original,egreso ingeniero,3.1000608288825715
4,Original,ejecución,3.1000608288825715
4,Original,ello,3.2823823856765264
4,Original,emergentes,2.9459101490553135
4,Original,emprendimiento,2.8123787564307907
4,Original,emprendimientos,2.9459101490553135
4,Original,empresarial,3.505525936990736
4,Original,empresariales,3.793208009442517
4,Original,empresas,2.9459101490553135
4,Original,entorno,2.6945957207744073
4,Original,equipo,2.9459101490553135
4,Original,equipos,1.5959834321062976
4,Original,equipos multidisciplinarios,2.3268709406490897
4,Original,equipos trabajo,2.406913648322626
4,Original,especialidad,3.1000608288825715
4,Original,especialización,3.2823823856765264
4,Original,estrategias,3.2823823856765264
4,Original,está,3.2823823856765264
4,Original,estándares,2.4939250253122562
4,Original,estándares calidad,3.505525936990736
4,Original,evaluación,2.6945957207744073
4,Original,evaluar,2.4939250253122562
4,Original,evaluar gestionar,3.1000608288825715
4,Original,evolución,2.8123787564307907
4,Original,experiencia,3.793208009442517
4,Original,fin,3.505525936990736
4,Original,forma,1.9473813189441862
4,Original,formación,1.5959834321062976
4,Original,formación ciencias,2.9459101490553135
4,Original,formación permite,2.9459101490553135
4,Original,función,3.505525936990736
4,Original,generación,3.1000608288825715
4,Original,generando,3.1000608288825715
4,Original,generar,2.6945957207744073
4,Original,generar soluciones,3.1000608288825715
4,Original,gestiona,3.2823823856765264
4,Original,gestionar,2.001448540214462
4,Original,gestionar proyectos,2.589235205116581
4,Original,gestión,1.9473813189441862
4,Original,gestión información,3.505525936990736
4,Original,gestión proyectos,2.6945957207744073
4,Original,global,2.8123787564307907
4,Original,habilidades,2.406913648322626
4,Original,hardware,2.6945957207744073
4,Original,herramientas,2.252762968495368
4,Original,humana,3.2823823856765264
4,Original,identificar,3.1000608288825715
4,Original,idioma,3.1000608288825715
4,Original,idioma inglés,3.1000608288825715
4,Original,impacto,3.1000608288825715
4,Original,implementa,3.1000608288825715
4,Original,implementación,2.589235205116581
4,Original,implementar,2.1192315758708453
4,Original,implementar soluciones,3.1000608288825715
4,Original,industria,2.589235205116581
4,Original,información,1.3083013596545165
4,Original,información comunicaciones,2.9459101490553135
4,Original,información comunicación,2.9459101490553135
4,Original,informática,1.1541506798272583
4,Original,informática universidad,2.0586069540544107
4,Original,informáticas,2.3268709406490897
4,Original,informático,2.589235205116581
4,Original,informático universidad,3.1000608288825715
4,Original,informáticos,1.5596157879354227
4,Original,ingeniera,3.2823823856765264
4,Original,ingeniero,1.4578330936254802
4,Original,ingeniero civil,2.1837700970084164
4,Original,ingeniero ejecución,3.2823823856765264
4,Original,ingeniero informática,2.8123787564307907
4,Original,ingeniería,1.2029408439966904
4,Original,ingeniería civil,2.406913648322626
4,Original,ingeniería informática,2.001448540214462
4,Original,ingeniería software,2.3268709406490897
4,Original,inglés,2.8123787564307907
4,Original,innovación,1.756326082181477
4,Original,innovación emprendimiento,3.1000608288825715
4,Original,innovador,3.505525936990736
4,Original,innovadoras,2.406913648322626
4,Original,instituciones,2.9459101490553135
4,Original,instituciones públicas,3.1000608288825715
4,Original,instituto,3.1000608288825715
4,Original,integración,2.9459101490553135
4,Original,integral,2.589235205116581
4,Original,integrales,3.2823823856765264
4,Original,inteligencia,2.3268709406490897
4,Original,inteligencia artificial,2.589235205116581
4,Original,interdisciplinarios,3.1000608288825715
4,Original,internacionales,3.505525936990736
4,Original,investigación,2.8123787564307907
4,Original,jefe,3.2823823856765264
4,Original,junto,3.2823823856765264
4,Original,laboral,3.2823823856765264
4,Original,legal,3.505525936990736
4,Original,legal vigente,3.505525936990736
4,Original,lenguajes,2.9459101490553135
4,Original,lenguajes programación,3.1000608288825715
4,Original,liderando,3.505525936990736
4,Original,liderar,2.3268709406490897
4,Original,liderar equipos,2.589235205116581
4,Original,liderazgo,2.6945957207744073
4,Original,manager,3.793208009442517
4,Original,manejo,3.2823823856765264
4,Original,manera,2.6945957207744073
4,Original,mantención,3.1000608288825715
4,Original,marco,3.1000608288825715
4,Original,marcos,3.793208009442517
4,Original,mediante,2.9459101490553135
4,Original,medio,2.589235205116581
4,Original,mejora,2.4939250253122562
4,Original,mejora continua,3.1000608288825715
4,Original,metodologías,2.4939250253122562
4,Original,modelos,3.2823823856765264
4,Original,multidisciplinarios,1.9473813189441862
4,Original,mundo,2.6945957207744073
4,Original,nacional,3.1000608288825715
4,Original,necesidades,2.1837700970084164
4,Original,negocios,2.6945957207744073
4,Original,nivel,2.406913648322626
4,Original,normativa,3.2823823856765264
4,Original,normativa legal,3.505525936990736
4,Original,nuevas,2.9459101490553135
4,Original,objetivos,2.9459101490553135
4,Original,organizacionales,2.589235205116581
4,Original,organizaciones,1.756326082181477
4,Original,organización,2.252762968495368
4,Original,partir,2.9459101490553135
4,Original,país,2.8123787564307907
4,Original,pensamiento,2.8123787564307907
4,Original,pensamiento crítico,2.9459101490553135
4,Original,perfil,2.1192315758708453
4,Original,perfil egreso,2.406913648322626
4,Original,permanente,2.589235205116581
4,Original,permitan,2.8123787564307907
4,Original,permite,2.0586069540544107
4,Original,persona,2.8123787564307907
4,Original,personas,2.4939250253122562
4,Original,plan,3.1000608288825715
4,Original,planificar,3.1000608288825715
4,Original,plataformas,2.9459101490553135
4,Original,podrá,3.505525936990736
4,Original,posee,2.252762968495368
4,Original,presencial,3.2823823856765264
4,Original,principios,2.252762968495368
4,Original,principios éticos,3.2823823856765264
4,Original,privadas,2.9459101490553135
4,Original,privado,3.1000608288825715
4,Original,problemas,1.8472978603872037
4,Original,problemas complejos,2.9459101490553135
4,Original,problemáticas,2.9459101490553135
4,Original,procesos,1.8472978603872037
4,Original,productivo,3.793208009442517
4,Original,profesional,1.1782482314063187
4,Original,profesional capaz,3.1000608288825715
4,Original,profesionales,2.252762968495368
4,Original,profesionales capaces,3.2823823856765264
4,Original,profesión,3.1000608288825715
4,Original,programa,2.6945957207744073
4,Original,programación,2.6945957207744073
4,Original,promoción,3.2823823856765264
4,Original,promoción bien,3.2823823856765264
4,Original,propios,3.1000608288825715
4,Original,proyectos,1.336472236621213
4,Original,proyectos informáticos,2.1837700970084164
4,Original,proyectos tecnologías,3.2823823856765264
4,Original,proyectos tecnológicos,2.8123787564307907
4,Original,prácticas,2.9459101490553135
4,Original,prácticas industria,3.505525936990736
4,Original,públicas,2.9459101490553135
4,Original,públicas privadas,2.9459101490553135
4,Original,público,3.2823823856765264
4,Original,quehacer,3.2823823856765264
4,Original,quehacer profesional,3.2823823856765264
4,Original,recursos,2.4939250253122562
4,Original,redes,2.6945957207744073
4,Original,región,3.505525936990736
4,Original,relacionados,3.1000608288825715
4,Original,requerimientos,2.9459101490553135
4,Original,resolución,3.2823823856765264
4,Original,resolver,2.0586069540544107
4,Original,resolver problemas,2.3268709406490897
4,Original,respetando,3.1000608288825715
4,Original,respeto,3.1000608288825715
4,Original,responsabilidad,2.252762968495368
4,Original,responsabilidad social,2.406913648322626
4,Original,responsable,3.1000608288825715
4,Original,resultados,3.505525936990736
4,Original,rol,3.505525936990736
4,Original,sector,3.1000608288825715
4,Original,sector público,3.2823823856765264
4,Original,sede,3.505525936990736
4,Original,seguridad,2.1192315758708453
4,Original,seguridad información,3.1000608288825715
4,Original,según,2.6945957207744073
4,Original,sello,2.589235205116581
4,Original,semestres,3.2823823856765264
4,Original,sentido,3.1000608288825715
4,Original,servicios,2.3268709406490897
4,Original,siendo,2.9459101490553135
4,Original,siendo capaz,3.1000608288825715
4,Original,sistemas,1.4578330936254802
4,Original,sistemas computacionales,3.2823823856765264
4,Original,sistemas información,2.589235205116581
4,Original,sistemas informáticos,2.4939250253122562
4,Original,sistemas redes,3.1000608288825715
4,Original,social,1.8472978603872037
4,Original,sociales,3.2823823856765264
4,Original,sociedad,2.4939250253122562
4,Original,software,1.4578330936254802
4,Original,software hardware,3.1000608288825715
4,Original,soluciones,1.3654597734944653
4,Original,soluciones informáticas,2.589235205116581
4,Original,soluciones innovadoras,3.2823823856765264
4,Original,soluciones tecnológicas,2.589235205116581
4,Original,sostenible,3.1000608288825715
4,Original,superior,3.2823823856765264
4,Original,sólida,2.589235205116581
4,Original,sólida formación,2.589235205116581
4,Original,sólidos,3.1000608288825715
4,Original,tecnología,2.8123787564307907
4,Original,tecnologías,1.2809023854664021
4,Original,tecnologías información,1.5596157879354227
4,Original,tecnológica,2.406913648322626
4,Original,tecnológicas,2.252762968495368
4,Original,tecnológico,2.9459101490553135
4,Original,tecnológicos,2.1837700970084164
4,Original,telecomunicaciones,3.1000608288825715
4,Original,tic,2.9459101490553135
4,Original,toma,2.406913648322626
4,Original,toma decisiones,2.406913648322626
4,Original,trabajar,2.6945957207744073
4,Original,trabajo,1.672944473242426
4,Original,transformación,2.3268709406490897
4,Original,transformación digital,2.589235205116581
4,Original,través,2.1192315758708453
4,Original,trayectoria,3.2823823856765264
4,Original,técnicas,3.1000608288825715
4,Original,técnico,3.1000608288825715
4,Original,técnicos,3.2823823856765264
4,Original,título,3.1000608288825715
4,Original,título profesional,3.2823823856765264
4,Original,universidad,1.4578330936254802
4,Original,universidad católica,2.6945957207744073
4,Original,universitario,3.505525936990736
4,Original,uso,2.6945957207744073
4,Original,utilizando,2.9459101490553135
4,Original,utilizando herramientas,3.505525936990736
4,Original,valor,2.589235205116581
4,Original,vida,2.8123787564307907
4,Original,vida según,3.2823823856765264
4,Original,vigente,3.1000608288825715
4,Original,visión,2.4939250253122562
4,Original,visión cristiana,3.2823823856765264
4,Original,ámbito,2.589235205116581
4,Original,ámbitos,2.8123787564307907
4,Original,área,2.6945957207744073
4,Original,áreas,2.4939250253122562
4,Original,énfasis,3.2823823856765264
4,Original,ética,2.1837700970084164
4,Original,ético,2.4939250253122562
4,Original,éticos,2.9459101490553135
4,Original,índole,3.2823823856765264
4,Solo_titulos,000,3.505525936990736
4,Solo_titulos,000 arancel,3.793208009442517
4,Solo_titulos,10,3.1000608288825715
4,Solo_titulos,2026,3.505525936990736
4,Solo_titulos,25,3.793208009442517
4,Solo_titulos,acciones,3.2823823856765264
4,Solo_titulos,acreditación,3.793208009442517
4,Solo_titulos,actualización,2.9459101490553135
4,Solo_titulos,acuerdo,2.9459101490553135
4,Solo_titulos,adaptarse,3.1000608288825715
4,Solo_titulos,además,2.1837700970084164
4,Solo_titulos,admisión,3.505525936990736
4,Solo_titulos,ambiental,2.9459101490553135
4,Solo_titulos,analista,3.2823823856765264
4,Solo_titulos,analizar,2.8123787564307907
4,Solo_titulos,analítica,2.9459101490553135
4,Solo_titulos,análisis,2.8123787564307907
4,Solo_titulos,análisis datos,3.2823823856765264
4,Solo_titulos,aplica,3.1000608288825715
4,Solo_titulos,aplicaciones,3.2823823856765264
4,Solo_titulos,aplicación,2.6945957207744073
4,Solo_titulos,aplicada,2.9459101490553135
4,Solo_titulos,aplicando,2.589235205116581
4,Solo_titulos,aplicando conocimientos,3.2823823856765264
4,Solo_titulos,aplicar,2.8123787564307907
4,Solo_titulos,apoyar,3.1000608288825715
4,Solo_titulos,aprendizaje,2.406913648322626
4,Solo_titulos,arancel,3.793208009442517
4,Solo_titulos,artificial,2.589235205116581
4,Solo_titulos,asimismo,2.9459101490553135
4,Solo_titulos,asociados,3.1000608288825715
4,Solo_titulos,así,2.589235205116581
4,Solo_titulos,autónoma,2.9459101490553135
4,Solo_titulos,año,3.2823823856765264
4,Solo_titulos,años,3.793208009442517
4,Solo_titulos,basadas,3.2823823856765264
4,Solo_titulos,base,2.9459101490553135
4,Solo_titulos,bases,2.6945957207744073
4,Solo_titulos,bases datos,2.8123787564307907
4,Solo_titulos,bien,2.8123787564307907
4,Solo_titulos,bien común,2.9459101490553135
4,Solo_titulos,buenas,3.1000608288825715
4,Solo_titulos,buenas prácticas,3.1000608288825715
4,Solo_titulos,básicas,2.3268709406490897
4,Solo_titulos,básicas ciencias,3.1000608288825715
4,Solo_titulos,básicas ingeniería,3.1000608288825715
4,Solo_titulos,calidad,2.252762968495368
4,Solo_titulos,calidad seguridad,3.1000608288825715
4,Solo_titulos,cambio,3.2823823856765264
4,Solo_titulos,campo,3.1000608288825715
4,Solo_titulos,campus,3.505525936990736
4,Solo_titulos,capaces,2.589235205116581
4,Solo_titulos,capacidad,1.8472978603872037
4,Solo_titulos,capacidad trabajar,2.9459101490553135
4,Solo_titulos,capacidades,2.9459101490553135
4,Solo_titulos,capacitado,3.1000608288825715
4,Solo_titulos,capaz,2.001448540214462
4,Solo_titulos,capaz concebir,3.505525936990736
4,Solo_titulos,carrera,1.9473813189441862
4,Solo_titulos,carrera universidad,2.9459101490553135
4,Solo_titulos,carreras,3.505525936990736
4,Solo_titulos,católica,2.6945957207744073
4,Solo_titulos,chile,3.2823823856765264
4,Solo_titulos,ciberseguridad,3.505525936990736
4,Solo_titulos,ciclo,3.2823823856765264
4,Solo_titulos,ciclo vida,3.505525936990736
4,Solo_titulos,ciencia,2.6945957207744073
4,Solo_titulos,ciencia datos,3.1000608288825715
4,Solo_titulos,ciencias,1.713766467762681
4,Solo_titulos,ciencias básicas,2.3268709406490897
4,Solo_titulos,ciencias ingeniería,2.4939250253122562
4,Solo_titulos,civil,2.589235205116581
4,Solo_titulos,civil computación,3.2823823856765264
4,Solo_titulos,competencias,2.0586069540544107
4,Solo_titulos,complejos,2.589235205116581
4,Solo_titulos,comprometido,2.8123787564307907
4,Solo_titulos,compromiso,2.3268709406490897
4,Solo_titulos,compromiso ético,3.1000608288825715
4,Solo_titulos,computacionales,2.9459101490553135
4,Solo_titulos,computación,2.1837700970084164
4,Solo_titulos,computación informática,2.8123787564307907
4,Solo_titulos,computadores,3.505525936990736
4,Solo_titulos,comunicaciones,2.8123787564307907
4,Solo_titulos,comunicación,2.001448540214462
4,Solo_titulos,comunicación efectiva,2.8123787564307907
4,Solo_titulos,comunicarse,2.8123787564307907
4,Solo_titulos,común,2.6945957207744073
4,Solo_titulos,concebir,3.2823823856765264
4,Solo_titulos,concebir diseñar,3.2823823856765264
4,Solo_titulos,concepción,3.2823823856765264
4,Solo_titulos,conocimiento,2.9459101490553135
4,Solo_titulos,conocimientos,1.756326082181477
4,Solo_titulos,considerando,2.6945957207744073
4,Solo_titulos,constante,3.1000608288825715
4,Solo_titulos,consultor,3.1000608288825715
4,Solo_titulos,contexto,2.406913648322626
4,Solo_titulos,contexto global,3.505525936990736
4,Solo_titulos,contextos,2.3268709406490897
4,Solo_titulos,continua,2.589235205116581
4,Solo_titulos,contribuir,3.1000608288825715
4,Solo_titulos,contribuyendo,2.9459101490553135
4,Solo_titulos,cristiana,3.1000608288825715
4,Solo_titulos,criterios,3.2823823856765264
4,Solo_titulos,crítico,2.6945957207744073
4,Solo_titulos,cualquier,3.1000608288825715
4,Solo_titulos,datos,1.5959834321062976
4,Solo_titulos,decisiones,2.252762968495368
4,Solo_titulos,desafíos,2.9459101490553135
4,Solo_titulos,desarrolla,2.589235205116581
4,Solo_titulos,desarrollar,2.001448540214462
4,Solo_titulos,desarrollar soluciones,2.9459101490553135
4,Solo_titulos,desarrollo,1.5245244681241528
4,Solo_titulos,desarrollo software,2.6945957207744073
4,Solo_titulos,desempeña,3.2823823856765264
4,Solo_titulos,desempeñarse,2.3268709406490897
4,Solo_titulos,desempeño,2.8123787564307907
4,Solo_titulos,desenvolverse,2.9459101490553135
4,Solo_titulos,diferentes,3.1000608288825715
4,Solo_titulos,digital,2.589235205116581
4,Solo_titulos,digitales,2.589235205116581
4,Solo_titulos,director,3.793208009442517
4,Solo_titulos,disciplina,2.8123787564307907
4,Solo_titulos,disciplinar,3.2823823856765264
4,Solo_titulos,diseña,2.9459101490553135
4,Solo_titulos,diseñar,2.0586069540544107
4,Solo_titulos,diseñar implementar,2.589235205116581
4,Solo_titulos,diseño,2.3268709406490897
4,Solo_titulos,distintas,2.8123787564307907
4,Solo_titulos,diversa,3.1000608288825715
4,Solo_titulos,diversa índole,3.2823823856765264
4,Solo_titulos,diversas,3.1000608288825715
4,Solo_titulos,diversidad,3.1000608288825715
4,Solo_titulos,diversos,2.589235205116581
4,Solo_titulos,económico,3.2823823856765264
4,Solo_titulos,educación,3.793208009442517
4,Solo_titulos,efectiva,2.406913648322626
4,Solo_titulos,efectivamente,3.1000608288825715
4,Solo_titulos,eficiencia,2.4939250253122562
4,Solo_titulos,egresado,2.1837700970084164
4,Solo_titulos,egreso,2.406913648322626
4,Solo_titulos,ejecución,3.2823823856765264
4,Solo_titulos,ello,3.2823823856765264
4,Solo_titulos,emergentes,2.9459101490553135
4,Solo_titulos,emprendimiento,2.8123787564307907
4,Solo_titulos,emprendimientos,2.9459101490553135
4,Solo_titulos,empresarial,3.505525936990736
4,Solo_titulos,empresariales,3.793208009442517
4,Solo_titulos,empresas,2.9459101490553135
4,Solo_titulos,entorno,2.6945957207744073
4,Solo_titulos,equipo,2.9459101490553135
4,Solo_titulos,equipos,1.5959834321062976
4,Solo_titulos,equipos multidisciplinarios,2.3268709406490897
4,Solo_titulos,equipos trabajo,2.406913648322626
4,Solo_titulos,especialidad,3.1000608288825715
4,Solo_titulos,especialización,3.2823823856765264
4,Solo_titulos,estrategias,3.2823823856765264
4,Solo_titulos,está,3.2823823856765264
4,Solo_titulos,estándares,2.4939250253122562
4,Solo_titulos,estándares calidad,3.505525936990736
4,Solo_titulos,evaluación,2.6945957207744073
4,Solo_titulos,evaluar,2.4939250253122562
4,Solo_titulos,evaluar gestionar,3.1000608288825715
4,Solo_titulos,evolución,2.8123787564307907
4,Solo_titulos,experiencia,3.793208009442517
4,Solo_titulos,fin,3.505525936990736
4,Solo_titulos,forma,1.9473813189441862
4,Solo_titulos,formación,1.5959834321062976
4,Solo_titulos,formación ciencias,2.9459101490553135
4,Solo_titulos,formación permite,2.9459101490553135
4,Solo_titulos,formular,3.2823823856765264
4,Solo_titulos,función,3.505525936990736
4,Solo_titulos,generación,3.1000608288825715
4,Solo_titulos,generando,3.1000608288825715
4,Solo_titulos,generar,2.6945957207744073
4,Solo_titulos,generar soluciones,3.1000608288825715
4,Solo_titulos,gestiona,3.2823823856765264
4,Solo_titulos,gestionar,2.001448540214462
4,Solo_titulos,gestionar proyectos,2.589235205116581
4,Solo_titulos,gestión,1.9473813189441862
4,Solo_titulos,gestión información,3.505525936990736
4,Solo_titulos,gestión proyectos,2.6945957207744073
4,Solo_titulos,global,2.8123787564307907
4,Solo_titulos,habilidades,2.406913648322626
4,Solo_titulos,hardware,2.6945957207744073
4,Solo_titulos,herramientas,2.252762968495368
4,Solo_titulos,humana,3.2823823856765264
4,Solo_titulos,identificar,3.1000608288825715
4,Solo_titulos,idioma,3.1000608288825715
4,Solo_titulos,idioma inglés,3.1000608288825715
4,Solo_titulos,impacto,3.1000608288825715
4,Solo_titulos,implementa,3.1000608288825715
4,Solo_titulos,implementación,2.589235205116581
4,Solo_titulos,implementar,2.1192315758708453
4,Solo_titulos,implementar soluciones,3.1000608288825715
4,Solo_titulos,industria,2.589235205116581
4,Solo_titulos,información,1.3083013596545165
4,Solo_titulos,información comunicaciones,2.9459101490553135
4,Solo_titulos,información comunicación,2.9459101490553135
4,Solo_titulos,informática,1.5959834321062976
4,Solo_titulos,informática universidad,2.6945957207744073
4,Solo_titulos,informáticas,2.3268709406490897
4,Solo_titulos,informático,2.8123787564307907
4,Solo_titulos,informáticos,1.5596157879354227
4,Solo_titulos,ingeniero,1.672944473242426
4,Solo_titulos,ingeniero civil,2.589235205116581
4,Solo_titulos,ingeniero ejecución,3.2823823856765264
4,Solo_titulos,ingeniero informática,3.2823823856765264
4,Solo_titulos,ingeniería,1.5245244681241528
4,Solo_titulos,ingeniería software,2.3268709406490897
4,Solo_titulos,inglés,2.8123787564307907
4,Solo_titulos,innovación,1.756326082181477
4,Solo_titulos,innovación emprendimiento,3.1000608288825715
4,Solo_titulos,innovador,3.505525936990736
4,Solo_titulos,innovadoras,2.406913648322626
4,Solo_titulos,instituciones,2.9459101490553135
4,Solo_titulos,instituciones públicas,3.1000608288825715
4,Solo_titulos,instituto,3.1000608288825715
4,Solo_titulos,integración,2.9459101490553135
4,Solo_titulos,integral,2.589235205116581
4,Solo_titulos,integrales,3.2823823856765264
4,Solo_titulos,inteligencia,2.3268709406490897
4,Solo_titulos,inteligencia artificial,2.589235205116581
4,Solo_titulos,interdisciplinarios,3.1000608288825715
4,Solo_titulos,internacionales,3.505525936990736
4,Solo_titulos,investigación,2.8123787564307907
4,Solo_titulos,jefe,3.2823823856765264
4,Solo_titulos,junto,3.2823823856765264
4,Solo_titulos,laboral,3.2823823856765264
4,Solo_titulos,legal,3.505525936990736
4,Solo_titulos,legal vigente,3.505525936990736
4,Solo_titulos,lenguajes,2.9459101490553135
4,Solo_titulos,lenguajes programación,3.1000608288825715
4,Solo_titulos,liderando,3.505525936990736
4,Solo_titulos,liderar,2.3268709406490897
4,Solo_titulos,liderar equipos,2.589235205116581
4,Solo_titulos,liderazgo,2.6945957207744073
4,Solo_titulos,manager,3.793208009442517
4,Solo_titulos,manejo,3.2823823856765264
4,Solo_titulos,manera,2.6945957207744073
4,Solo_titulos,mantención,3.1000608288825715
4,Solo_titulos,marco,3.1000608288825715
4,Solo_titulos,marcos,3.793208009442517
4,Solo_titulos,mediante,2.9459101490553135
4,Solo_titulos,medio,2.589235205116581
4,Solo_titulos,mejora,2.4939250253122562
4,Solo_titulos,mejora continua,3.1000608288825715
4,Solo_titulos,metodologías,2.4939250253122562
4,Solo_titulos,modelos,3.2823823856765264
4,Solo_titulos,multidisciplinarios,1.9473813189441862
4,Solo_titulos,mundo,2.6945957207744073
4,Solo_titulos,nacional,3.1000608288825715
4,Solo_titulos,necesidades,2.1837700970084164
4,Solo_titulos,negocios,2.6945957207744073
4,Solo_titulos,nivel,2.406913648322626
4,Solo_titulos,normativa,3.2823823856765264
4,Solo_titulos,normativa legal,3.505525936990736
4,Solo_titulos,nuevas,2.9459101490553135
4,Solo_titulos,objetivos,2.9459101490553135
4,Solo_titulos,organizacionales,2.589235205116581
4,Solo_titulos,organizaciones,1.756326082181477
4,Solo_titulos,organización,2.252762968495368
4,Solo_titulos,partir,2.9459101490553135
4,Solo_titulos,país,2.8123787564307907
4,Solo_titulos,pensamiento,2.8123787564307907
4,Solo_titulos,pensamiento crítico,2.9459101490553135
4,Solo_titulos,perfil,2.1192315758708453
4,Solo_titulos,perfil egreso,2.406913648322626
4,Solo_titulos,permanente,2.589235205116581
4,Solo_titulos,permitan,2.8123787564307907
4,Solo_titulos,permite,2.0586069540544107
4,Solo_titulos,persona,2.8123787564307907
4,Solo_titulos,persona humana,3.505525936990736
4,Solo_titulos,personas,2.4939250253122562
4,Solo_titulos,plan,3.1000608288825715
4,Solo_titulos,planificar,3.1000608288825715
4,Solo_titulos,plataformas,2.9459101490553135
4,Solo_titulos,podrá,3.505525936990736
4,Solo_titulos,posee,2.252762968495368
4,Solo_titulos,presencial,3.2823823856765264
4,Solo_titulos,principios,2.252762968495368
4,Solo_titulos,principios éticos,3.2823823856765264
4,Solo_titulos,privadas,2.9459101490553135
4,Solo_titulos,privado,3.1000608288825715
4,Solo_titulos,problemas,1.8472978603872037
4,Solo_titulos,problemas complejos,2.9459101490553135
4,Solo_titulos,problemáticas,2.9459101490553135
4,Solo_titulos,procesos,1.8472978603872037
4,Solo_titulos,productivo,3.793208009442517
4,Solo_titulos,profesional,1.1782482314063187
4,Solo_titulos,profesional capaz,3.1000608288825715
4,Solo_titulos,profesionales,2.252762968495368
4,Solo_titulos,profesionales capaces,3.2823823856765264
4,Solo_titulos,profesión,3.1000608288825715
4,Solo_titulos,programa,2.6945957207744073
4,Solo_titulos,programación,2.6945957207744073
4,Solo_titulos,promoción,3.2823823856765264
4,Solo_titulos,promoción bien,3.2823823856765264
4,Solo_titulos,propios,3.1000608288825715
4,Solo_titulos,proyectos,1.336472236621213
4,Solo_titulos,proyectos informáticos,2.1837700970084164
4,Solo_titulos,proyectos tecnologías,3.2823823856765264
4,Solo_titulos,proyectos tecnológicos,2.8123787564307907
4,Solo_titulos,prácticas,2.9459101490553135
4,Solo_titulos,prácticas industria,3.505525936990736
4,Solo_titulos,públicas,2.9459101490553135
4,Solo_titulos,públicas privadas,2.9459101490553135
4,Solo_titulos,público,3.2823823856765264
4,Solo_titulos,quehacer,3.2823823856765264
4,Solo_titulos,quehacer profesional,3.2823823856765264
4,Solo_titulos,recursos,2.4939250253122562
4,Solo_titulos,redes,2.6945957207744073
4,Solo_titulos,región,3.505525936990736
4,Solo_titulos,relacionados,3.1000608288825715
4,Solo_titulos,requerimientos,2.9459101490553135
4,Solo_titulos,resolución,3.2823823856765264
4,Solo_titulos,resolver,2.0586069540544107
4,Solo_titulos,resolver problemas,2.3268709406490897
4,Solo_titulos,respetando,3.1000608288825715
4,Solo_titulos,respeto,3.1000608288825715
4,Solo_titulos,responsabilidad,2.252762968495368
4,Solo_titulos,responsabilidad social,2.406913648322626
4,Solo_titulos,responsable,3.1000608288825715
4,Solo_titulos,resultados,3.505525936990736
4,Solo_titulos,rol,3.505525936990736
4,Solo_titulos,sector,3.1000608288825715
4,Solo_titulos,sector público,3.2823823856765264
4,Solo_titulos,sede,3.505525936990736
4,Solo_titulos,seguridad,2.1192315758708453
4,Solo_titulos,seguridad información,3.1000608288825715
4,Solo_titulos,según,2.6945957207744073
4,Solo_titulos,sello,2.589235205116581
4,Solo_titulos,semestres,3.2823823856765264
4,Solo_titulos,sentido,3.1000608288825715
4,Solo_titulos,servicios,2.3268709406490897
4,Solo_titulos,siendo,2.9459101490553135
4,Solo_titulos,siendo capaz,3.1000608288825715
4,Solo_titulos,sistemas,1.4578330936254802
4,Solo_titulos,sistemas computacionales,3.2823823856765264
4,Solo_titulos,sistemas información,2.589235205116581
4,Solo_titulos,sistemas informáticos,2.4939250253122562
4,Solo_titulos,sistemas redes,3.1000608288825715
4,Solo_titulos,social,1.8472978603872037
4,Solo_titulos,sociales,3.2823823856765264
4,Solo_titulos,sociedad,2.4939250253122562
4,Solo_titulos,software,1.4578330936254802
4,Solo_titulos,software hardware,3.1000608288825715
4,Solo_titulos,soluciones,1.3654597734944653
4,Solo_titulos,soluciones informáticas,2.589235205116581
4,Solo_titulos,soluciones innovadoras,3.2823823856765264
4,Solo_titulos,soluciones tecnológicas,2.589235205116581
4,Solo_titulos,sostenible,3.1000608288825715
4,Solo_titulos,superior,3.2823823856765264
4,Solo_titulos,sólida,2.589235205116581
4,Solo_titulos,sólida formación,2.589235205116581
4,Solo_titulos,sólidos,3.1000608288825715
4,Solo_titulos,tecnología,2.8123787564307907
4,Solo_titulos,tecnologías,1.2809023854664021
4,Solo_titulos,tecnologías información,1.5596157879354227
4,Solo_titulos,tecnológica,2.406913648322626
4,Solo_titulos,tecnológicas,2.252762968495368
4,Solo_titulos,tecnológico,2.9459101490553135
4,Solo_titulos,tecnológicos,2.1837700970084164
4,Solo_titulos,telecomunicaciones,3.1000608288825715
4,Solo_titulos,tic,2.9459101490553135
4,Solo_titulos,toma,2.406913648322626
4,Solo_titulos,toma decisiones,2.406913648322626
4,Solo_titulos,trabajar,2.6945957207744073
4,Solo_titulos,trabajar equipos,3.2823823856765264
4,Solo_titulos,trabajo,1.672944473242426
4,Solo_titulos,trabajo equipo,3.2823823856765264
4,Solo_titulos,transformación,2.3268709406490897
4,Solo_titulos,transformación digital,2.589235205116581
4,Solo_titulos,través,2.1192315758708453
4,Solo_titulos,trayectoria,3.2823823856765264
4,Solo_titulos,técnicas,3.1000608288825715
4,Solo_titulos,técnico,3.1000608288825715
4,Solo_titulos,técnicos,3.2823823856765264
4,Solo_titulos,título,3.1000608288825715
4,Solo_titulos,título profesional,3.2823823856765264
4,Solo_titulos,universidad,1.4578330936254802
4,Solo_titulos,universidad católica,2.6945957207744073
4,Solo_titulos,universitario,3.505525936990736
4,Solo_titulos,uso,2.6945957207744073
4,Solo_titulos,utilizando,2.9459101490553135
4,Solo_titulos,utilizando herramientas,3.505525936990736
4,Solo_titulos,valor,2.589235205116581
4,Solo_titulos,vida,2.8123787564307907
4,Solo_titulos,vida según,3.2823823856765264
4,Solo_titulos,vigente,3.1000608288825715
4,Solo_titulos,visión,2.4939250253122562
4,Solo_titulos,visión cristiana,3.2823823856765264
4,Solo_titulos,ámbito,2.589235205116581
4,Solo_titulos,ámbitos,2.8123787564307907
4,Solo_titulos,área,2.6945957207744073
4,Solo_titulos,áreas,2.4939250253122562
4,Solo_titulos,énfasis,3.2823823856765264
4,Solo_titulos,ética,2.1837700970084164
4,Solo_titulos,ético,2.4939250253122562
4,Solo_titulos,éticos,2.9459101490553135
4,Solo_titulos,índole,3.2823823856765264
4,Agresivo,000,3.505525936990736
4,Agresivo,000 arancel,3.793208009442517
4,Agresivo,10,3.1000608288825715
4,Agresivo,2026,3.505525936990736
4,Agresivo,25,3.793208009442517
4,Agresivo,acciones,3.2823823856765264
4,Agresivo,acreditación,3.793208009442517
4,Agresivo,actualización,2.9459101490553135
4,Agresivo,acuerdo,2.9459101490553135
4,Agresivo,adaptarse,3.1000608288825715
4,Agresivo,además,2.1837700970084164
4,Agresivo,admisión,3.505525936990736
4,Agresivo,ambiental,2.9459101490553135
4,Agresivo,ambientes,3.2823823856765264
4,Agresivo,analista,3.2823823856765264
4,Agresivo,analista sistemas,3.505525936990736
4,Agresivo,analizar,2.8123787564307907
4,Agresivo,analítica,2.9459101490553135
4,Agresivo,análisis,2.8123787564307907
4,Agresivo,análisis datos,3.2823823856765264
4,Agresivo,aplica,3.1000608288825715
4,Agresivo,aplicaciones,3.2823823856765264
4,Agresivo,aplicación,2.6945957207744073
4,Agresivo,aplicada,2.9459101490553135
4,Agresivo,aplicando,2.589235205116581
4,Agresivo,aplicando conocimientos,3.2823823856765264
4,Agresivo,aplicar,2.8123787564307907
4,Agresivo,apoyar,3.1000608288825715
4,Agresivo,aprendizaje,2.406913648322626
4,Agresivo,arancel,3.793208009442517
4,Agresivo,artificial,2.589235205116581
4,Agresivo,asimismo,2.9459101490553135
4,Agresivo,asociados,3.1000608288825715
4,Agresivo,así,2.589235205116581
4,Agresivo,autónoma,2.9459101490553135
4,Agresivo,año,3.2823823856765264
4,Agresivo,años,3.793208009442517
4,Agresivo,basadas,3.2823823856765264
4,Agresivo,base,2.9459101490553135
4,Agresivo,bases,2.6945957207744073
4,Agresivo,bases datos,2.8123787564307907
4,Agresivo,bien,2.8123787564307907
4,Agresivo,bien común,2.9459101490553135
4,Agresivo,buenas,3.1000608288825715
4,Agresivo,buenas prácticas,3.1000608288825715
4,Agresivo,básicas,2.3268709406490897
4,Agresivo,básicas ciencias,3.1000608288825715
4,Agresivo,básicas ingeniería,3.1000608288825715
4,Agresivo,calidad,2.252762968495368
4,Agresivo,calidad seguridad,3.1000608288825715
4,Agresivo,cambio,3.2823823856765264
4,Agresivo,campo,3.1000608288825715
4,Agresivo,campus,3.505525936990736
4,Agresivo,capaces,2.589235205116581
4,Agresivo,capacidad,1.8472978603872037
4,Agresivo,capacidad trabajar,2.9459101490553135
4,Agresivo,capacidades,2.9459101490553135
4,Agresivo,capacitado,3.1000608288825715
4,Agresivo,capaz,2.001448540214462
4,Agresivo,capaz concebir,3.505525936990736
4,Agresivo,carrera,1.9473813189441862
4,Agresivo,carrera universidad,2.9459101490553135
4,Agresivo,carreras,3.505525936990736
4,Agresivo,católica,2.6945957207744073
4,Agresivo,chile,3.2823823856765264
4,Agresivo,ciberseguridad,3.505525936990736
4,Agresivo,ciclo,3.2823823856765264
4,Agresivo,ciclo vida,3.505525936990736
4,Agresivo,ciencia,2.6945957207744073
4,Agresivo,ciencia datos,3.1000608288825715
4,Agresivo,ciencias,1.713766467762681
4,Agresivo,ciencias básicas,2.3268709406490897
4,Agresivo,ciencias ingeniería,2.4939250253122562
4,Agresivo,competencias,2.0586069540544107
4,Agresivo,complejos,2.589235205116581
4,Agresivo,comprometido,2.8123787564307907
4,Agresivo,compromiso,2.3268709406490897
4,Agresivo,compromiso ético,3.1000608288825715
4,Agresivo,computacionales,2.9459101490553135
4,Agresivo,computación,2.1837700970084164
4,Agresivo,computación universidad,3.1000608288825715
4,Agresivo,computadores,3.505525936990736
4,Agresivo,comunicaciones,2.8123787564307907
4,Agresivo,comunicación,2.001448540214462
4,Agresivo,comunicación efectiva,2.8123787564307907
4,Agresivo,comunicarse,2.8123787564307907
4,Agresivo,comunicarse efectivamente,3.2823823856765264
4,Agresivo,común,2.6945957207744073
4,Agresivo,común partir,3.505525936990736
4,Agresivo,concebir,3.2823823856765264
4,Agresivo,concebir diseñar,3.2823823856765264
4,Agresivo,concepción,3.2823823856765264
4,Agresivo,conocimiento,2.9459101490553135
4,Agresivo,conocimientos,1.756326082181477
4,Agresivo,considerando,2.6945957207744073
4,Agresivo,considerando impacto,3.793208009442517
4,Agresivo,constante,3.1000608288825715
4,Agresivo,consultor,3.1000608288825715
4,Agresivo,contexto,2.406913648322626
4,Agresivo,contexto global,3.505525936990736
4,Agresivo,contextos,2.3268709406490897
4,Agresivo,continua,2.589235205116581
4,Agresivo,contribuir,3.1000608288825715
4,Agresivo,contribuyendo,2.9459101490553135
4,Agresivo,cristiana,3.1000608288825715
4,Agresivo,criterios,3.2823823856765264
4,Agresivo,crítico,2.6945957207744073
4,Agresivo,cualquier,3.1000608288825715
4,Agresivo,datos,1.5959834321062976
4,Agresivo,decisiones,2.252762968495368
4,Agresivo,desafíos,2.9459101490553135
4,Agresivo,desarrolla,2.589235205116581
4,Agresivo,desarrollar,2.001448540214462
4,Agresivo,desarrollar soluciones,2.9459101490553135
4,Agresivo,desarrollo,1.5245244681241528
4,Agresivo,desarrollo software,2.6945957207744073
4,Agresivo,desempeña,3.2823823856765264
4,Agresivo,desempeñarse,2.3268709406490897
4,Agresivo,desempeño,2.8123787564307907
4,Agresivo,desenvolverse,2.9459101490553135
4,Agresivo,diferentes,3.1000608288825715
4,Agresivo,digital,2.589235205116581
4,Agresivo,digitales,2.589235205116581
4,Agresivo,director,3.793208009442517
4,Agresivo,disciplina,2.8123787564307907
4,Agresivo,disciplinar,3.2823823856765264
4,Agresivo,diseña,2.9459101490553135
4,Agresivo,diseñar,2.0586069540544107
4,Agresivo,diseñar implementar,2.589235205116581
4,Agresivo,diseño,2.3268709406490897
4,Agresivo,distintas,2.8123787564307907
4,Agresivo,diversa,3.1000608288825715
4,Agresivo,diversa índole,3.2823823856765264
4,Agresivo,diversas,3.1000608288825715
4,Agresivo,diversidad,3.1000608288825715
4,Agresivo,diversos,2.589235205116581
4,Agresivo,económico,3.2823823856765264
4,Agresivo,educación,3.793208009442517
4,Agresivo,efectiva,2.406913648322626
4,Agresivo,efectivamente,3.1000608288825715
4,Agresivo,eficiencia,2.4939250253122562
4,Agresivo,egresado,2.1837700970084164
4,Agresivo,egreso,2.406913648322626
4,Agresivo,ello,3.2823823856765264
4,Agresivo,emergentes,2.9459101490553135
4,Agresivo,emprendimiento,2.8123787564307907
4,Agresivo,emprendimientos,2.9459101490553135
4,Agresivo,empresarial,3.505525936990736
4,Agresivo,empresariales,3.793208009442517
4,Agresivo,empresas,2.9459101490553135
4,Agresivo,entorno,2.6945957207744073
4,Agresivo,equipo,2.9459101490553135
4,Agresivo,equipos,1.5959834321062976
4,Agresivo,equipos multidisciplinarios,2.3268709406490897
4,Agresivo,equipos trabajo,2.406913648322626
4,Agresivo,especialidad,3.1000608288825715
4,Agresivo,especialización,3.2823823856765264
4,Agresivo,estrategias,3.2823823856765264
4,Agresivo,está,3.2823823856765264
4,Agresivo,estándares,2.4939250253122562
4,Agresivo,estándares calidad,3.505525936990736
4,Agresivo,evaluación,2.6945957207744073
4,Agresivo,evaluar,2.4939250253122562
4,Agresivo,evaluar gestionar,3.1000608288825715
4,Agresivo,evolución,2.8123787564307907
4,Agresivo,experiencia,3.793208009442517
4,Agresivo,fin,3.505525936990736
4,Agresivo,forma,1.9473813189441862
4,Agresivo,formación,1.5959834321062976
4,Agresivo,formación ciencias,2.9459101490553135
4,Agresivo,formación permite,2.9459101490553135
4,Agresivo,función,3.505525936990736
4,Agresivo,generación,3.1000608288825715
4,Agresivo,generando,3.1000608288825715
4,Agresivo,generar,2.6945957207744073
4,Agresivo,generar soluciones,3.1000608288825715
4,Agresivo,gestiona,3.2823823856765264
4,Agresivo,gestionar,2.001448540214462
4,Agresivo,gestionar proyectos,2.589235205116581
4,Agresivo,gestión,1.9473813189441862
4,Agresivo,gestión información,3.505525936990736
4,Agresivo,gestión proyectos,2.6945957207744073
4,Agresivo,global,2.8123787564307907
4,Agresivo,habilidades,2.406913648322626
4,Agresivo,hardware,2.6945957207744073
4,Agresivo,herramientas,2.252762968495368
4,Agresivo,humana,3.2823823856765264
4,Agresivo,identificar,3.1000608288825715
4,Agresivo,idioma,3.1000608288825715
4,Agresivo,idioma inglés,3.1000608288825715
4,Agresivo,impacto,3.1000608288825715
4,Agresivo,implementa,3.1000608288825715
4,Agresivo,implementación,2.589235205116581
4,Agresivo,implementando,3.505525936990736
4,Agresivo,implementar,2.1192315758708453
4,Agresivo,implementar sistemas,3.2823823856765264
4,Agresivo,implementar soluciones,3.1000608288825715
4,Agresivo,incorporando,3.2823823856765264
4,Agresivo,independiente,3.505525936990736
4,Agresivo,industria,2.589235205116581
4,Agresivo,información,1.3083013596545165
4,Agresivo,información comunicaciones,2.9459101490553135
4,Agresivo,información comunicación,2.9459101490553135
4,Agresivo,infraestructura,3.2823823856765264
4,Agresivo,ingeniero,1.672944473242426
4,Agresivo,ingeniero computación,2.6945957207744073
4,Agresivo,ingeniero universidad,3.1000608288825715
4,Agresivo,ingeniería,1.5245244681241528
4,Agresivo,ingeniería software,2.3268709406490897
4,Agresivo,inglés,2.8123787564307907
4,Agresivo,iniciativas,3.2823823856765264
4,Agresivo,innovación,1.756326082181477
4,Agresivo,innovación emprendimiento,3.1000608288825715
4,Agresivo,innovador,3.505525936990736
4,Agresivo,innovadoras,2.406913648322626
4,Agresivo,instituciones,2.9459101490553135
4,Agresivo,instituciones públicas,3.1000608288825715
4,Agresivo,institución,3.505525936990736
4,Agresivo,instituto,3.1000608288825715
4,Agresivo,instituto profesional,3.505525936990736
4,Agresivo,integración,2.9459101490553135
4,Agresivo,integral,2.589235205116581
4,Agresivo,integrales,3.2823823856765264
4,Agresivo,inteligencia,2.3268709406490897
4,Agresivo,inteligencia artificial,2.589235205116581
4,Agresivo,interdisciplinarios,3.1000608288825715
4,Agresivo,internacionales,3.505525936990736
4,Agresivo,investigación,2.8123787564307907
4,Agresivo,jefe,3.2823823856765264
4,Agresivo,junto,3.2823823856765264
4,Agresivo,laboral,3.2823823856765264
4,Agresivo,legal,3.505525936990736
4,Agresivo,legal vigente,3.505525936990736
4,Agresivo,lenguajes,2.9459101490553135
4,Agresivo,lenguajes programación,3.1000608288825715
4,Agresivo,liderando,3.505525936990736
4,Agresivo,liderar,2.3268709406490897
4,Agresivo,liderar equipos,2.589235205116581
4,Agresivo,liderazgo,2.6945957207744073
4,Agresivo,manager,3.793208009442517
4,Agresivo,manejo,3.2823823856765264
4,Agresivo,manera,2.6945957207744073
4,Agresivo,mantención,3.1000608288825715
4,Agresivo,marco,3.1000608288825715
4,Agresivo,marcos,3.793208009442517
4,Agresivo,mediante,2.9459101490553135
4,Agresivo,medio,2.589235205116581
4,Agresivo,mejora,2.4939250253122562
4,Agresivo,mejora continua,3.1000608288825715
4,Agresivo,metodologías,2.4939250253122562
4,Agresivo,modelos,3.2823823856765264
4,Agresivo,multidisciplinarios,1.9473813189441862
4,Agresivo,mundo,2.6945957207744073
4,Agresivo,nacional,3.1000608288825715
4,Agresivo,necesidades,2.1837700970084164
4,Agresivo,negocios,2.6945957207744073
4,Agresivo,nivel,2.406913648322626
4,Agresivo,normativa,3.2823823856765264
4,Agresivo,normativa legal,3.505525936990736
4,Agresivo,nuevas,2.9459101490553135
4,Agresivo,objetivos,2.9459101490553135
4,Agresivo,organizacionales,2.589235205116581
4,Agresivo,organizaciones,1.756326082181477
4,Agresivo,organización,2.252762968495368
4,Agresivo,partir,2.9459101490553135
4,Agresivo,país,2.8123787564307907
4,Agresivo,pensamiento,2.8123787564307907
4,Agresivo,pensamiento crítico,2.9459101490553135
4,Agresivo,perfil,2.1192315758708453
4,Agresivo,perfil egreso,2.406913648322626
4,Agresivo,permanente,2.589235205116581
4,Agresivo,permitan,2.8123787564307907
4,Agresivo,permite,2.0586069540544107
4,Agresivo,persona,2.8123787564307907
4,Agresivo,personas,2.4939250253122562
4,Agresivo,plan,3.1000608288825715
4,Agresivo,planificar,3.1000608288825715
4,Agresivo,plataformas,2.9459101490553135
4,Agresivo,podrá,3.505525936990736
4,Agresivo,posee,2.252762968495368
4,Agresivo,presencial,3.2823823856765264
4,Agresivo,principios,2.252762968495368
4,Agresivo,principios éticos,3.2823823856765264
4,Agresivo,privadas,2.9459101490553135
4,Agresivo,privado,3.1000608288825715
4,Agresivo,problemas,1.8472978603872037
4,Agresivo,problemas complejos,2.9459101490553135
4,Agresivo,problemáticas,2.9459101490553135
4,Agresivo,procesos,1.8472978603872037
4,Agresivo,productivo,3.793208009442517
4,Agresivo,profesional,1.1782482314063187
4,Agresivo,profesional capaz,3.1000608288825715
4,Agresivo,profesionales,2.252762968495368
4,Agresivo,profesionales capaces,3.2823823856765264
4,Agresivo,profesión,3.1000608288825715
4,Agresivo,programa,2.6945957207744073
4,Agresivo,programación,2.6945957207744073
4,Agresivo,promoción,3.2823823856765264
4,Agresivo,promoción bien,3.2823823856765264
4,Agresivo,propios,3.1000608288825715
4,Agresivo,proyectos,1.336472236621213
4,Agresivo,proyectos tecnologías,3.1000608288825715
4,Agresivo,proyectos tecnológicos,2.8123787564307907
4,Agresivo,prácticas,2.9459101490553135
4,Agresivo,prácticas industria,3.505525936990736
4,Agresivo,públicas,2.9459101490553135
4,Agresivo,públicas privadas,2.9459101490553135
4,Agresivo,público,3.2823823856765264
4,Agresivo,quehacer,3.2823823856765264
4,Agresivo,quehacer profesional,3.2823823856765264
4,Agresivo,recursos,2.4939250253122562
4,Agresivo,redes,2.6945957207744073
4,Agresivo,región,3.505525936990736
4,Agresivo,relacionados,3.1000608288825715
4,Agresivo,requerimientos,2.9459101490553135
4,Agresivo,resolución,3.2823823856765264
4,Agresivo,resolver,2.0586069540544107
4,Agresivo,resolver problemas,2.3268709406490897
4,Agresivo,respetando,3.1000608288825715
4,Agresivo,respeto,3.1000608288825715
4,Agresivo,responsabilidad,2.252762968495368
4,Agresivo,responsabilidad social,2.406913648322626
4,Agresivo,responsable,3.1000608288825715
4,Agresivo,resultados,3.505525936990736
4,Agresivo,rol,3.505525936990736
4,Agresivo,sector,3.1000608288825715
4,Agresivo,sector público,3.2823823856765264
4,Agresivo,sede,3.505525936990736
4,Agresivo,seguridad,2.1192315758708453
4,Agresivo,seguridad información,2.9459101490553135
4,Agresivo,según,2.6945957207744073
4,Agresivo,sello,2.589235205116581
4,Agresivo,semestres,3.2823823856765264
4,Agresivo,sentido,3.1000608288825715
4,Agresivo,servicios,2.3268709406490897
4,Agresivo,siendo,2.9459101490553135
4,Agresivo,siendo capaz,3.1000608288825715
4,Agresivo,sistemas,1.4578330936254802
4,Agresivo,sistemas computacionales,3.2823823856765264
4,Agresivo,sistemas información,2.589235205116581
4,Agresivo,sistemas redes,3.1000608288825715
4,Agresivo,social,1.8472978603872037
4,Agresivo,social económico,3.793208009442517
4,Agresivo,sociales,3.2823823856765264
4,Agresivo,sociedad,2.4939250253122562
4,Agresivo,software,1.4578330936254802
4,Agresivo,software hardware,3.1000608288825715
4,Agresivo,soluciones,1.3654597734944653
4,Agresivo,soluciones innovadoras,3.2823823856765264
4,Agresivo,soluciones integrales,3.2823823856765264
4,Agresivo,soluciones software,3.505525936990736
4,Agresivo,soluciones tecnológicas,2.589235205116581
4,Agresivo,sostenible,3.1000608288825715
4,Agresivo,superior,3.2823823856765264
4,Agresivo,sólida,2.589235205116581
4,Agresivo,sólida formación,2.589235205116581
4,Agresivo,sólidos,3.1000608288825715
4,Agresivo,tecnología,2.8123787564307907
4,Agresivo,tecnologías,1.2809023854664021
4,Agresivo,tecnologías información,1.5596157879354227
4,Agresivo,tecnológica,2.406913648322626
4,Agresivo,tecnológicas,2.252762968495368
4,Agresivo,tecnológico,2.9459101490553135
4,Agresivo,tecnológicos,2.1837700970084164
4,Agresivo,telecomunicaciones,3.1000608288825715
4,Agresivo,tic,2.9459101490553135
4,Agresivo,toma,2.406913648322626
4,Agresivo,toma decisiones,2.406913648322626
4,Agresivo,trabajar,2.6945957207744073
4,Agresivo,trabajo,1.672944473242426
4,Agresivo,transformación,2.3268709406490897
4,Agresivo,transformación digital,2.589235205116581
4,Agresivo,través,2.1192315758708453
4,Agresivo,trayectoria,3.2823823856765264
4,Agresivo,técnicas,3.1000608288825715
4,Agresivo,técnico,3.1000608288825715
4,Agresivo,técnicos,3.2823823856765264
4,Agresivo,título,3.1000608288825715
4,Agresivo,título profesional,3.2823823856765264
4,Agresivo,universidad,1.4578330936254802
4,Agresivo,universidad católica,2.6945957207744073
4,Agresivo,universitario,3.505525936990736
4,Agresivo,uso,2.6945957207744073
4,Agresivo,utilizando,2.9459101490553135
4,Agresivo,utilizando herramientas,3.505525936990736
4,Agresivo,valor,2.589235205116581
4,Agresivo,vida,2.8123787564307907
4,Agresivo,vida según,3.2823823856765264
4,Agresivo,vigente,3.1000608288825715
4,Agresivo,visión,2.4939250253122562
4,Agresivo,visión cristiana,3.2823823856765264
4,Agresivo,ámbito,2.589235205116581
4,Agresivo,ámbitos,2.8123787564307907
4,Agresivo,área,2.6945957207744073
4,Agresivo,áreas,2.4939250253122562
4,Agresivo,énfasis,3.2823823856765264
4,Agresivo,ética,2.1837700970084164
4,Agresivo,ético,2.4939250253122562
4,Agresivo,éticos,2.9459101490553135
4,Agresivo,índole,3.2823823856765264
